:020000040000fa
:080000000002040000000000f2
:020000040000fa
:040008006806000086
:020000040000fa
:04000c005406000096
:020000040000fa
:04001000580600008e
:020000040000fa
:040014005a06000088
:020000040000fa
:040018005e06000080
:020000040000fa
:04001c006206000078
:020000040000fa
:04002000680600006e
:020000040000fa
:04002400680600006a
:020000040000fa
:040028006806000066
:020000040000fa
:04002c006806000062
:020000040000fa
:04003000680600005e
:020000040000fa
:04003400680600005a
:020000040000fa
:04003800fa020000c8
:020000040000fa
:04003c006806000052
:020000040000fa
:04004000680600004e
:020000040000fa
:040044008004000034
:020000040000fa
:040048009804000018
:020000040000fa
:04004c006806000042
:020000040000fa
:04005000680600003e
:020000040000fa
:040054001e05000085
:020000040000fa
:04005800f4050000ab
:020000040000fa
:04005c006806000032
:020000040000fa
:04006000cc030000cd
:020000040000fa
:04006400680600002a
:020000040000fa
:040068006806000026
:020000040000fa
:04006c006806000022
:020000040000fa
:04007000680600001e
:020000040000fa
:04007400680600001a
:020000040000fa
:040078006806000016
:020000040000fa
:04007c006806000012
:020000040000fa
:04008000680600000e
:020000040000fa
:04008400680600000a
:020000040000fa
:040088006804000008
:020000040000fa
:04008c006806000002
:020000040000fa
:0400900068060000fe
:020000040000fa
:0400940068060000fa
:020000040000fa
:0400980068060000f6
:020000040000fa
:04009c0068060000f2
:020000040000fa
:0400a000dc0500007b
:020000040000fa
:0400a4000c06000046
:020000040000fa
:0400a80068060000e6
:020000040000fa
:0400ac0068060000e2
:020000040000fa
:0400b00068060000de
:020000040000fa
:0400b40068060000da
:020000040000fa
:0400b80068060000d6
:020000040000fa
:0400bc0068060000d2
:020000040000fa
:0400c00068060000ce
:020000040000fa
:0400c40068060000ca
:020000040000fa
:0400c80068060000c6
:020000040000fa
:0400cc0068060000c2
:020000040000fa
:0400d00068060000be
:020000040000fa
:0400d40068060000ba
:020000040000fa
:0400d80068060000b6
:020000040000fa
:0400dc0068060000b2
:020000040000fa
:0400e00068060000ae
:020000040000fa
:0400e40068060000aa
:020000040000fa
:0400e80068060000a6
:020000040000fa
:0400ec0068060000a2
:020000040000fa
:0400f000680600009e
:020000040000fa
:0400f400680600009a
:020000040000fa
:0400f8006806000096
:020000040000fa
:0400fc006806000092
:020000040000fa
:04010000680600008d
:020000040000fa
:040104006806000089
:020000040000fa
:040108006806000085
:020000040000fa
:04010c006806000081
:020000040000fa
:04011000680600007d
:020000040000fa
:040114006806000079
:020000040000fa
:040118006806000075
:020000040000fa
:04011c006806000071
:020000040000fa
:04012000680600006d
:020000040000fa
:040124006806000069
:020000040000fa
:040128006806000065
:020000040000fa
:04012c0024060000a5
:020000040000fa
:040130003c06000089
:020000040000fa
:040134006806000059
:020000040000fa
:040138006806000055
:020000040000fa
:04013c006806000051
:020000040000fa
:04014000680600004d
:020000040000fa
:040144006806000049
:020000040000fa
:040148006806000045
:020000040000fa
:04014c006806000041
:020000040000fa
:04015000680600003d
:020000040000fa
:040154006806000039
:020000040000fa
:040158006806000035
:020000040000fa
:04015c006806000031
:020000040000fa
:04016000680600002d
:020000040000fa
:040164006806000029
:020000040000fa
:040168006806000025
:020000040000fa
:04016c006806000021
:020000040000fa
:04017000680600001d
:020000040000fa
:040174006806000019
:020000040000fa
:040178006806000015
:020000040000fa
:04017c006806000011
:020000040000fa
:04018000680600000d
:020000040000fa
:040184006806000009
:020000040000fa
:040188006806000005
:020000040000fa
:04018c006806000001
:020000040000fa
:0401900068060000fd
:020000040000fa
:0401940068060000f9
:020000040000fa
:0401980068060000f5
:020000040000fa
:04019c0068060000f1
:020000040000fa
:0401a00068060000ed
:020000040000fa
:0401a40068060000e9
:020000040000fa
:0401a80068060000e5
:020000040000fa
:0401ac0068060000e1
:020000040000fa
:0401b00068060000dd
:020000040000fa
:0401b40068060000d9
:020000040000fa
:0401b80068060000d5
:020000040000fa
:0401bc0068060000d1
:020000040000fa
:0401c00068060000cd
:020000040000fa
:0401c40068060000c9
:020000040000fa
:0401c80068060000c5
:020000040000fa
:0401cc0068060000c1
:020000040000fa
:0401d00068060000bd
:020000040000fa
:0401d40068060000b9
:020000040000fa
:0401d80068060000b5
:020000040000fa
:0401dc0068060000b1
:020000040000fa
:0401e00068060000ad
:020000040000fa
:0401e40068060000a9
:020000040000fa
:0401e80068060000a5
:020000040000fa
:0401ec0068060000a1
:020000040000fa
:0401f000680600009d
:020000040000fa
:0401f4006806000099
:020000040000fa
:0401f8006806000095
:020000040000fa
:0401fc006806000091
:020000040000fa
:04020000680600008c
:020000040000fa
:040204006806000088
:020000040000fa
:040208006806000084
:020000040000fa
:04020c006806000080
:020000040000fa
:04021000680600007c
:020000040000fa
:040214006806000078
:020000040000fa
:040218006806000074
:020000040000fa
:04021c006806000070
:020000040000fa
:04022000680600006c
:020000040000fa
:040224006806000068
:020000040000fa
:040228006806000064
:020000040000fa
:04022c006806000060
:020000040000fa
:04023000680600005c
:020000040000fa
:040234006806000058
:020000040000fa
:040238006806000054
:020000040000fa
:04023c006806000050
:020000040000fa
:04024000680600004c
:020000040000fa
:040244006806000048
:020000040000fa
:040248006806000044
:020000040000fa
:04024c006806000040
:020000040000fa
:04025000680600003c
:020000040000fa
:040254006806000038
:020000040000fa
:040258006806000034
:020000040000fa
:04025c006806000030
:020000040000fa
:04026000680600002c
:020000040000fa
:040264006806000028
:020000040000fa
:040268006806000024
:020000040000fa
:04026c006806000020
:020000040000fa
:04027000680600001c
:020000040000fa
:040274006806000018
:020000040000fa
:040278006806000014
:020000040000fa
:04027c006806000010
:020000040000fa
:04028000680600000c
:020000040000fa
:100400000f5a25000eff27000e0188000000000093
:10041000000020000000e000020032000001200087
:1004200020028800140007002b0207000000e000f3
:1004300003003a00e0342a001100200002003700d7
:100440000000200001002000810f70000100320038
:100450000f000700000020000000e0000200320052
:100460000000020000000000086e02000000000012
:100470000040da000000fe00200020000000e00044
:1004800002003200100020009001880000000600e9
:10049000a1028800800478000000eb001f003700f4
:1004a000e284440054a0b4009905ba00e2844400f8
:1004b00054a0b4009906ba00e284440054a0b400e9
:1004c0000006eb00476fde00fd07b200ae018800ba
:1004d000636ce10003003a000ad801000000eb0061
:1004e0000e003700606ce10008003a00004deb00a0
:1004f0000a05e800020039003420ec000af0a000f0
:100500008b05e900f9ff3e00040037006168e10057
:10051000010032000086eb000b00070019c7ba008b
:100520000e04e0001905ba0003003a000a00e000da
:10053000dbff3a0000000600fe07b200ae028800b2
:100540008a047800f5ff37000cd0a300e20f4d00bd
:100550001c003b0089027800354dba000a05e8000e
:10056000020039003420ec000af0a0008b05e900fd
:100570000f003200254dba000a05e80002003900dc
:100580003420ec000af0a0008b05e90008003200de
:100590000c00e0000600320015cdba000a05e800a4
:1005a000020039003420ec000af0a0008b05e900bd
:1005b0008984e80054a0b4000b00e000e2ff3a0098
:1005c000000006009902ba00055d78008b05e9007d
:1005d000f7ff3200c82ade00055d78008b05e900d0
:1005e000f3ff32000c00e000f1ff320019ddba0029
:1005f000eeff37003600f800809fbe00829fbe00ed
:10060000849fbe00869fbe008e1f78003200f800d7
:100610003400f80010002000a00188001000200025
:1006200000d0fe00ee8747000088a9000210ab0052
:10063000250032000080800080f3890051f38100a2
:1006400062f3810073f381000002780095f381006a
:10065000a6f3810020d323003e9802000100000091
:10066000f0e781000000e0001400340061cf2300b7
:100670006c8057009a960200010000006c875700ba
:100680003e007800be00780050f3890061f38900d5
:100690003e007800be00780070f3890081f3890085
:1006a0001e0078009e00900090f38900a1f389005d
:1006b00051f381004158880027003700e05f210096
:1006c0001008e800240037000080800020f3890033
:1006d000f1f2810002f3810013f38100000278003f
:1006e00035f3810046f3810020d323003e980200b9
:1006f00001000000f0e781000000e0001400340079
:1007000061cf23006c8057009a9602000100000020
:100710006c8757003e007800be007800f0f2890038
:1007200001f389003e007800be00780010f38900d4
:1007300021f389001e0078009e00900030f38900ac
:1007400041f38900f1f2810021588800020037004e
:10075000e05f21001008e800108080008080ea003f
:10076000e18060000000a10000807000108088001f
:10077000ef00b1003400f9003200f9004f077800b3
:100780004f03be004f02be004f01be004f00be002f
:100790003600f900004006003600f800809fbe00d9
:1007a000829fbe00849fbe00869fbe00881f780087
:1007b0003200f8003400f80010002000a00188008a
:1007c0001000200000d0fe0001c8a900a0e78100b1
:1007d0000008a3001c003a000028a3000d0032000e
:1007e000a7512100064e2100e565210024eb2300de
:1007f0008368210062cd2300a1cc230020cb2300fd
:100800002eff02000000000040cf23001020a100b6
:1008100026003700a7512100064e2100e565210082
:1008200024eb23008368210062cd2300e1cb230069
:1008300060ca23002eff02000000000040cf23000a
:100840001020a0001900370048cf23001800a10095
:10085000102bef00202bef000629ef0013002000e3
:10086000023020004190200060902000c8d4020097
:10087000010000001810a100b0ab8000c1ab8000e7
:10088000e25d21004406200005002000041940001c
:100890000591480083a88000e258210000824100b1
:1008a000e08248000489be0021c8a9003400f90094
:1008b0003200f9004f0478004f03be004f02be0023
:1008c0004f01be004f00be003600f9000040060098
:1008d0003200f8003400f800881f7800180020006b
:1008e000a80188001800200008d0fe004f047800fe
:1008f0000308a9003400f9003200f90000400600a6
:100900003200f8003400f800881f7800180020003a
:10091000a80188001800200008d0fe004f047800cd
:1009200000e8a9003400f9003200f9000040060098
:10093000809fbe00829fbe003200f8003400f800a5
:1009400010002000a00188001000200000d0fe0050
:100950000108a90090b0800070088800a0b0800055
:1009600081612100910f500001003e000e21ec003a
:1009700061612100910f500002003a0040612100a6
:100980000008eb00406121001008e800a06521008c
:1009900010007800610060000a003200a1612100af
:1009a0001100e80080087800a1632100910f500039
:1009b00004003900c06521001000a000a0612100e2
:1009c0000008eb00a06521001000780062006000c4
:1009d0000a003200c16121001100e800800878009f
:1009e000c1632100910f500004003900c06521004f
:1009f0001010a000c06121000008eb00e0b28000f0
:100a00000008a30008003200c16521000000a10019
:100a100080087800a0572100120020000300200069
:100a200010084100509049003400f9003200f900ec
:100a30004f01be004f00be0000400600809fbe0078
:100a4000829fbe00849fbe00869fbe00889fbe001e
:100a50008a9fbe008c9fbe008e1f78003200f80077
:100a60003400f80010002000a001880010002000d1
:100a700000d0fe000168a90061682100060c20007a
:100a8000c26621008567210083662100cd672100b1
:100a9000e4672100ee652100ec6621003600370096
:100aa0003711800011047800700064002c003a00b7
:100ab00012007800950f500025003d0013047800c7
:100ac0006145b9008a8fd2008b85d2000af0a1005f
:100ad0008a04d0003e00d000008544004220a800d7
:100ae000ae854d004200a9004220ae004200a800a1
:100af0000a85d300a00180008b047800a90188003a
:100b0000074d7800a00188000804e80088097800f3
:100b10001200e800000978009c0f5000010034002a
:100b2000000e7800950f540002003a000004eb001c
:100b300088097800140ae800868f53000e003a00f6
:100b4000930e78008004eb00090a78000a00370051
:100b50009d097800140950001140a00006003700dc
:100b6000868f530004003a00110078000050a00066
:100b70000040a100800878002202ab00c8ff3a00c4
:100b80002222ab00010032002222a9003400f90029
:100b90003200f9004f0778004f06be004f05be0037
:100ba0004f04be004f03be004f02be004f01be0007
:100bb0004f00be00004006003200f8003400f8008c
:100bc000881f780018002000a80188001800200065
:100bd00008d0fe004f04780003c8a9003400f900d3
:100be0003200f900004006003200f8003400f8003e
:100bf000881f780018002000a80188001800200035
:100c000008d0fe004f0478000188a9003400f900e4
:100c10003200f900004006003200f8003400f8000d
:100c2000881f780018002000a80188001800200004
:100c300008d0fe004f04780003e8a9003400f90052
:100c40003200f900004006003200f8003400f800dd
:100c5000881f780018002000a801880018002000d4
:100c600008d0fe004f0478000828a9003400f900dd
:100c70003200f900004006003200f8003400f800ad
:100c8000881f780018002000a801880018002000a4
:100c900008d0fe004f0478000848a9003400f9008d
:100ca0003200f90000400600c068a90000400600bc
:100cb00000400600c048a90000400600c088a90006
:100cc00000400600c0a8a900f02bef00004006007d
:100cd0000040da000000fe0000000500839f68006d
:100ce0000100e00002003d0060001000e0801800fc
:100cf0000300e00002003d0060011100e0811900e6
:100d0000050007004f00e00002003b0060001000fb
:100d1000e0801800000006006022b80006022000f3
:100d20000000d0008180d2000482d2008582d200ef
:100d30000000a0000202520083825a00030031002a
:100d40000202420083824a000000a1000603e9007b
:100d5000f3ff3a0000000600889fbe008a9fbe0095
:100d600030044200b0844a0030054b0090854b00af
:100d70006000b1000898be000a90be000440e10087
:100d800005c8e10006d0e10007d8e100020031000b
:100d9000680040001008e8004f05be004f04be0088
:100da00000000600889fbe008a9fbe0010047800e5
:100db0009004900020059000b005900004185400a5
:100dc00005985c0006185d0007985d001100200082
:100dd0000440e10005c8e10006d0e10007d8e100c9
:100de000010039008000eb00108810004f05be00a4
:100df0004f04be0000000600f4874700889fbe0035
:100e00008a9fbe008c9fbe008e1f7800d0b79f00c7
:100e1000e1b79f00f2b79f0083bf9f000605be00a9
:100e20000404be00cfae97000000eb00c0b79f00e7
:100e3000b0b79f00a0b79f0090b79f0080b79f00fa
:100e4000000678004fb09700000140000000e0006d
:100e500006003d003c0007000f0747004500070063
:100e60000f004000bcff07000500370036000700f8
:100e70000f0747003f0007000f004000c9ff0700b1
:100e80004fb797000e00e0000c0035005fb29700ee
:100e9000efb297007fb397008fbb97001000200040
:100ea000010020006011b80000027200818272000f
:100eb00002037300838373001c0007000c06e80024
:100ec00001042000810f5600deff3a000e00e00012
:100ed00005003d000802be000a03be0000fe2f0010
:100ee0000f0040009cff07000d00e00005003a00e5
:100ef0000fb297009fb297002fb39700bfb3970030
:100f00000a0007005fb09700efb097007fb197002d
:100f10008fb997004f0778004f06be004f05be00ff
:100f20004f04be004f01b1000000060001000700a1
:100f30000000060094b79f00a5b79f00b6b79f00ba
:100f4000c7b79f00000006009fb097004f08de0063
:100f500002017000a2b79f000fb097004f01de00a2
:100f6000818040008100710091b79f000efe2f002c
:100f700000000600de0078004f09de00000040009f
:100f80000000710080b79f006fa897004f01de003e
:100f900081804000010f71000e0007004f3ade0013
:100fa0000000400004007000e0af9f00090007004f
:100fb0000402420085824a0006034b0087834b00ef
:100fc000dcff07000802be000a03be0000fe2f007f
:100fd000000006001fb29700afb297003fb3970022
:100fe000cfb3970000000600881f7800180020008b
:100ff000881f780080ff07008f87e9004f04780082
:1010000000000600801feb007bff07008f87e900d0
:1010100000000600889fbe008a9fbe00e00f5000bf
:10102000e08f5800e00f5900e08f59000c003d00a0
:101030006044b8006055b8000000540081805c0036
:1010400002015d0083815d0018002000150007008b
:1010500008003d00180007000004eb000500370001
:101060000004eb000f00070002003d001200070023
:1010700018002000dcff07000800e0000600320036
:101080006022b8006033b8000000520081805a002e
:1010900002015b0083815b004f05be004f04be0070
:1010a00000000600e00f5200e08f5a00e00f5b00e6
:1010b000e08f5b00000006006044b8006055b80097
:1010c0000402540085825c0006035d0087835d0096
:1010d00000000600889fbe008a9fbe008c1f78001b
:1010e000e00f5000e08f5800e00f5900e08f5900ea
:1010f0000d003d006044b8006055b8000000540089
:1011000081805c0002015d0083815d001c00200085
:101110000820e10009a8e1000ab0e1000bb8e100f5
:101120000d003d00080037000006eb00e00f520004
:10113000e08f5a00e00f5b00e08f5b0006003d008f
:101140006044b8006055b8000402540085825c0019
:1011500006035d0087835d00aaff07000c00e00026
:10116000060032006022b8006033b8000000520070
:1011700081805a0002015b0083815b004f0678008a
:0c1180004f05be004f04be00000006003a
:020000040000fa
:10118c003a300000323000003030000030300000c7
:10119c00343000003030000061660000300a00007e
:1011ac003a31000030380000383000003030000098
:1011bc003032000066300000386200003030000031
:1011cc0030380000383900006662000065300000dd
:1011dc0030380000613900006662000065300000a4
:1011ec003038000063390000666200006530000092
:1011fc0030630000630a00003a3100003038000010
:10120c00383100003030000030380000653100000b
:10121c006637000038300000306300003365000092
:10122c0038610000393000003032000031360000e7
:10123c0038610000393000003032000031380000d5
:10124c00386100003930000030350000620a0000bf
:10125c003a310000303800003832000030300000e5
:10126c0030300000313600003861000039300000a9
:10127c003030000031380000386100003930000097
:10128c00306300003032000038650000663000002a
:10129c003034000034320000376500006630000046
:1012ac0030640000330a00003a310000303800008e
:1012bc003833000030300000303600003030000091
:1012cc003432000030300000303300003033000086
:1012dc0061380000383000003066000030660000d5
:1012ec0065320000663000003030000030370000fe
:1012fc00303800003830000030610000640a000013
:10130c003a31000030380000383400003030000032
:10131c0030650000306200003232000038300000ce
:10132c003038000030370000303800003830000012
:10133c00303000003432000065650000663000007b
:10134c00303000003030000035320000303000000a
:10135c0030620000300a00003a31000030380000e2
:10136c0038350000303000003061000030370000ac
:10137c0030380000383000003031000030300000d0
:10138c0030320000303000003037000030370000c1
:10139c003038000038300000303100006532000079
:1013ac00656500006630000030610000640a0000d2
:1013bc003a31000030380000383600003030000080
:1013cc0030300000633200006565000066300000bc
:1013dc0030310000633200006565000066300000ab
:1013ec00303000006132000065650000663000009e
:1013fc00303100006132000065650000663000008d
:10140c0030340000380a00003a3100003038000057
:10141c0038370000303000003030000030660000fb
:10142c0063320000663000003032000032330000be
:10143c00343800003030000030380000323000000a
:10144c003036000030300000303000003130000009
:10145c00306100003030000030370000340a0000ea
:10146c003a310000303800003838000030300000cd
:10147c0030320000313300003438000038300000c6
:10148c003030000031660000383200006630000059
:10149c0030320000333300003638000030300000aa
:1014ac003038000033380000303600003030000097
:1014bc0030610000370a00003a310000303800007b
:1014cc003839000030300000303500003130000079
:1014dc003262000033300000303200003133000043
:1014ec003638000038300000303000003433000053
:1014fc003438000030300000303800003430000048
:10150c00303600003030000030350000370a000063
:10151c003a310000303800003861000030300000f3
:10152c0030330000313000003062000033300000f6
:10153c003030000031330000343800003830000007
:10154c0030380000383000003662000036300000c1
:10155c0030300000303400003061000030300000ca
:10156c0030300000330a00003a31000030380000ff
:10157c00386200003030000030340000303300009e
:10158c003438000038300000303000006132000088
:10159c00656100003830000030310000613200001d
:1015ac00656100003830000030320000303200003d
:1015bc00326500006630000030620000620a0000f4
:1015cc003a31000030380000386300003030000041
:1015dc003066000030310000313200003030000045
:1015ec003034000030310000313800003830000059
:1015fc00303800003030000030320000383000004d
:10160c00303000003031000031380000383000003c
:10161c0030360000640a00003a3100003038000017
:10162c0038640000303000003030000030350000ed
:10163c003132000030300000303100003031000019
:10164c0031380000383000003038000030300000f5
:10165c0034300000393000003030000030300000f1
:10166c00303000003030000030660000310a0000dd
:10167c003a3100003038000038650000303000008e
:10168c003031000035610000656100003830000029
:10169c003031000034650000656100003830000016
:1016ac003031000035380000656100003830000032
:1016bc0030310000356300006561000038300000f7
:1016cc0030390000640a00003a3100003038000064
:1016dc003866000030300000303000003030000040
:1016ec003032000032300000303000003130000069
:1016fc00303200003030000030300000323000005a
:10170c003032000033300000303000003330000045
:10171c00303200003030000030650000640a0000f8
:10172c003a31000030380000393000003030000011
:10173c0030300000303000003865000062300000ae
:10174c003036000032300000303400003030000001
:10175c0030650000303800003034000038300000b4
:10176c0030380000323000006635000030300000a8
:10177c0030340000390a00003a31000030380000e3
:10178c0039310000303000003038000033380000b0
:10179c0066350000383000003066000061660000dd
:1017ac00663300006130000030360000303300003a
:1017bc0033620000383000003065000036610000f4
:1017cc00373900006630000030340000330a000066
:1017dc003a3100003038000039320000303000005f
:1017ec0030660000376100003739000066300000b9
:1017fc003031000034300000303200003030000056
:10180c0030390000343900006639000066300000c1
:10181c0030300000303000003465000062300000d1
:10182c0030310000350a00003a3100003038000039
:10183c0039330000303000003061000038390000ce
:10184c00663900006630000030360000303500008c
:10185c003562000038300000306200006161000029
:10186c003739000066300000306300006261000010
:10187c00373900006630000030640000330a000085
:10188c003a310000303800003934000030300000ac
:10189c003066000061390000373900006630000006
:1018ac0030380000623900006639000066300000f4
:1018bc003038000038300000353700003830000078
:1018cc0030640000626100003739000066300000af
:1018dc0030300000380a00003a3100003038000087
:1018ec003935000030300000303600003031000057
:1018fc0031620000383000003038000062300000e7
:10190c0032370000383000003063000035390000f9
:10191c006639000066300000306200003539000086
:10192c00663900006630000030660000330a0000a3
:10193c003a310000303800003936000030300000f9
:10194c003064000035390000663900006630000054
:10195c003066000035390000663900006630000042
:10196c003065000035390000663900006630000033
:10197c00303600003030000030620000383000009b
:10198c0030380000360a00003a31000030380000d0
:10199c003937000030300000303000006330000078
:1019ac00303200003230000030380000636100003b
:1019bc0037390000663000003063000064660000b8
:1019cc003932000066300000303800006438000006
:1019dc00363400003730000030610000380a000057
:1019ec003a31000030380000393800003030000047
:1019fc0030650000643900003739000066300000a3
:101a0c0030300000643800003365000038300000ce
:101a1c0030360000313300003462000038300000f2
:101a2c0030620000383900003739000066300000a1
:101a3c0030310000310a00003a310000303800002b
:101a4c0039390000303000003063000039390000b3
:101a5c003739000066300000303400003966000071
:101a6c003932000066300000303800003938000090
:101a7c003434000037300000306400003939000085
:101a8c00373900006630000030300000340a0000a6
:101a9c003a3100003038000039610000303000006d
:101aac003030000039380000356500003830000057
:101abc0030610000613900003739000066300000e9
:101acc00303000003630000030330000373000007a
:101adc0030360000666100003639000037300000f7
:101aec0030380000380a00003a310000303800006d
:101afc003962000030300000306600006661000082
:101b0c00363900003730000030360000313000002c
:101b1c0036340000363000003065000030380000ec
:101b2c003634000065300000306500006361000051
:101b3c00373900006630000030650000380a0000bc
:101b4c003a310000303800003963000030300000ba
:101b5c003066000064610000373900006630000018
:101b6c0030300000343000003065000030300000b0
:101b7c0030310000323000003033000032300000d1
:101b8c0030300000363200003432000034300000b7
:101b9c0030650000650a00003a3100003038000062
:101bac00396400003030000030660000373000002f
:101bbc00303200003030000030360000666100002a
:101bcc0034390000373000003066000066610000d8
:101bdc003439000037300000303800003630000057
:101bec00663500003430000030620000330a00001b
:101bfc003a31000030380000396500003030000008
:101c0c0030380000373800006635000063300000c3
:101c1c0030300000623000003033000061300000d2
:101c2c00303000003731000030320000303000001e
:101c3c0030300000303000003462000065300000ad
:101c4c0030640000370a00003a31000030380000e0
:101c5c003966000030300000303100006131000086
:101c6c00313800003030000030380000613800009e
:101c7c00303600003330000030660000646600002f
:101c8c006633000032300000303000003830000085
:101c9c00306200006530000030360000620a00003f
:101cac003a31000030380000613000003030000064
:101cbc00306200003630000034320000303000005a
:101ccc00303200003631000031380000383000006e
:101cdc00303600003036000036620000383000002c
:101cec003065000063610000373900006630000089
:101cfc0030310000640a00003a3100003038000036
:101d0c00613100003030000030660000646100007a
:101d1c0037390000663000003030000030360000eb
:101d2c0030660000653000003032000032300000b8
:101d3c003261000062300000306500003366000044
:101d4c00663300003230000030640000320a0000bc
:101d5c003a310000303800006132000030300000b1
:101d6c0030330000343100003138000030300000d6
:101d7c0030320000363000003532000030300000c8
:101d8c00303800003630000066350000323000007c
:101d9c003030000032300000303300006130000081
:101dac0030310000330a00003a31000030380000b6
:101dbc006133000030300000303000003030000063
:101dcc003066000065300000303100003330000018
:101ddc003033000037300000303600003630000061
:101dec003532000030300000303800003630000052
:101dfc00663500003230000030370000630a000006
:101e0c003a310000303800006134000030300000fe
:101e1c003031000030300000303300006130000001
:101e2c00303000003631000030320000303000001d
:101e3c0030380000353000003337000038300000f7
:101e4c00303000003030000032620000653000009d
:101e5c0030650000360a00003a31000030380000ce
:101e6c0061350000303000003030000037300000a9
:101e7c003037000038300000303100006431000091
:101e8c003138000030300000303800006430000081
:101e9c00303600003330000030660000646600000d
:101eac00663300003230000030630000620a00002c
:101ebc003a3100003038000061360000303000004c
:101ecc003030000030300000333700003830000074
:101edc00303000003430000030620000653000000b
:101eec003038000036300000323700003830000047
:101efc003034000034300000343200003030000048
:101f0c0030360000310a00003a3100003038000051
:101f1c0061370000303000003032000034310000f6
:101f2c0031380000383000003031000035630000db
:101f3c0065610000393000003030000030300000a6
:101f4c003265000062300000306400003461000033
:101f5c00373900006630000030610000360a00009e
:101f6c003a31000030380000613800003030000099
:101f7c003036000062300000313300003730000092
:101f8c003035000066610000343900003730000045
:101f9c00303600003134000033620000393000006c
:101fac003065000061300000663500003330000001
:101fbc0030300000300a00003a31000030380000a8
:101fcc00613900003030000030650000303800000e
:101fdc0066350000623000003036000036300000fc
:101fec003133000065300000303000003630000026
:101ffc00363000003130000030300000613000001d
:10200c00303300003730000030310000390a000056
:10201c003a310000303800006161000030300000bf
:10202c0030340000643000003033000037300000e2
:10203c003036000033300000303300003730000001
:10204c0030370000643000003033000037300000bf
:10205c0030390000323000003033000037300000df
:10206c0030320000620a00003a31000030380000c3
:10207c006162000030300000306100003930000037
:10208c003033000037300000306300003030000087
:10209c003033000037300000306400006330000043
:1020ac003033000037300000306600003130000063
:1020bc00303300003730000030610000340a00007b
:1020cc003a3100003038000061630000303000000d
:1020dc003030000063300000313300003730000036
:1020ec003033000062300000313300003730000024
:1020fc0030310000356300006561000039300000ac
:10210c003061000036300000333200003030000007
:10211c0030390000610a00003a310000303800000c
:10212c0061640000303000003038000036300000b0
:10213c0066350000323000003035000036300000cb
:10214c003133000061300000303900006639000086
:10215c0063390000373000003030000039300000a7
:10216c00306500003030000030360000330a0000cb
:10217c003a3100003038000061650000303000005a
:10218c0030330000353000003033000032300000b6
:10219c00303200006332000037650000663000000a
:1021ac0030320000613200003765000066300000fc
:1021bc00303300003030000030320000343000008a
:1021cc0030340000390a00003a3100003038000089
:1021dc006166000030300000303400003033000005
:1021ec003938000038300000303000003630000044
:1021fc0030660000633000003035000030300000e5
:10220c003532000030300000303700003033000031
:10221c00393800003830000030630000640a0000d8
:10222c003a310000303800006230000030300000dd
:10223c0030610000303000006132000030300000ae
:10224c0030370000303300003938000038300000df
:10225c003032000039650000376100003830000072
:10226c0030300000303000003030000030300000e2
:10227c0030620000320a00003a31000030380000b1
:10228c00623100003030000030300000303000008f
:10229c0030300000303000003032000038300000a8
:1022ac0037650000323000003066000065660000c3
:1022bc006633000035300000303000003030000054
:1022cc00356500006230000030320000320a000038
:1022dc003a3100003038000062320000303000002b
:1022ec003064000061380000663900006630000080
:1022fc0030610000303000006632000030300000e9
:10230c0030610000303000003238000038300000fe
:10231c003030000031340000303200003430000026
:10232c0030640000660a00003a31000030380000ca
:10233c0062330000303000003030000031300000db
:10234c006462000062300000303200003030000067
:10235c0030320000303000003030000030380000e7
:10236c006462000062300000303500003130000043
:10237c00303200003030000030370000330a0000eb
:10238c003a31000030380000623400003030000078
:10239c003030000031300000386200006230000044
:1023ac003038000061300000303700003830000059
:1023bc00303000003138000038620000623000001c
:1023cc0030320000633200003765000066300000d8
:1023dc0030640000390a00003a3100003038000047
:1023ec0062350000303000003032000061320000f5
:1023fc0037650000663000003031000030300000de
:10240c003032000034300000303400003033000033
:10241c003938000038300000303000003630000011
:10242c00306600006330000030390000650a00009f
:10243c003a310000303800006236000030300000c5
:10244c0030350000303000003532000030300000f4
:10245c0030370000303300003938000038300000cd
:10246c00306100003030000061320000303000007c
:10247c0030370000303300003938000038300000ad
:10248c0030360000340a00003a31000030380000c9
:10249c006237000030300000303200003965000037
:1024ac003761000038300000303000003030000060
:1024bc003030000030300000303000003030000090
:1024cc003030000030300000303200003830000076
:1024dc00376500003230000030320000630a000023
:1024ec003a31000030380000623800003030000013
:1024fc003066000065660000663300003530000071
:10250c0030300000303000003065000062300000d8
:10251c003061000030380000663900006630000081
:10252c003062000030380000663900006630000070
:10253c0030310000630a00003a31000030380000ee
:10254c006239000030300000306300003038000089
:10255c006639000066300000303900003039000068
:10256c006639000066300000306600006330000001
:10257c003032000030300000303000006430000099
:10258c00303200003030000030640000300a0000af
:10259c003a31000030380000626100003030000039
:1025ac0030620000636100003739000066300000c3
:1025bc0030630000646100003739000066300000b1
:1025cc003030000032380000303200003030000073
:1025dc00303000003330000030320000303000006a
:1025ec0030650000620a00003a310000303800000b
:1025fc0062620000303000003034000030300000e7
:10260c00303200003030000030300000313000003b
:10261c003032000030300000306400006661000091
:10262c0036390000373000003038000064300000cc
:10263c00366500003830000030390000640a0000b4
:10264c003a31000030380000626300003030000086
:10265c00306400006461000037390000663000000f
:10266c00303800003030000032650000623000006d
:10267c003063000035390000663900006630000018
:10268c003062000035390000663900006630000009
:10269c0030310000660a00003a310000303800008a
:1026ac0062640000303000003064000035390000f6
:1026bc00663900006630000030340000383000000d
:1026cc003333000037300000303100003538000063
:1026dc0065610000393000003030000036660000c3
:1026ec00643200006630000030380000320a00000e
:1026fc003a310000303800006265000030300000d4
:10270c00303000003430000033340000333000002f
:10271c0030650000393000006635000033300000b1
:10272c0030300000643000003033000036300000e0
:10273c00306600003666000039320000663000005a
:10274c0030380000660a00003a31000030380000d2
:10275c006266000030300000303000003430000081
:10276c003334000033300000306500003530000099
:10277c00663500003330000030300000333000008c
:10278c003033000065300000303900003666000040
:10279c00613200006630000030650000340a000031
:1027ac003a31000030380000633000003030000057
:1027bc00303000003430000033340000333000007f
:1027cc00303000003630000030330000373000006d
:1027dc003066000036660000623200006630000091
:1027ec00303000003430000033340000333000004f
:1027fc0030370000330a00003a3100003038000056
:10280c0063310000303000003065000035300000ce
:10281c0066350000333000003035000033300000e6
:10282c00333300006530000030390000366600009c
:10283c00633200006630000030300000343000009d
:10284c00333400003330000030360000650a0000dd
:10285c003a310000303800006332000030300000a4
:10286c003034000034330000336400006430000066
:10287c003062000036390000663900006630000016
:10288c0030320000343000003032000030300000b4
:10289c0030640000346100003739000066300000fd
:1028ac0030390000650a00003a3100003038000071
:1028bc0063330000303000003066000066300000ea
:1028cc003033000037300000303100003465000038
:1028dc0065610000393000003030000036660000c1
:1028ec0064320000663000003030000034300000ec
:1028fc00333400003330000030640000370a00002d
:10290c003a310000303800006334000030300000f1
:10291c0030650000393000006635000033300000af
:10292c0030300000643000003033000036300000de
:10293c003066000036660000393200006630000058
:10294c0030300000343000003334000033300000ed
:10295c0030320000650a00003a31000030380000c7
:10296c006335000030300000306500003530000069
:10297c00663500003330000030300000333000008a
:10298c00303300006530000030390000366600003e
:10299c00613200006630000030300000343000003e
:1029ac00333400003330000030380000330a0000ac
:1029bc003a3100003038000063360000303000003f
:1029cc00303000003630000030330000373000006b
:1029dc00306600003666000062320000663000008f
:1029ec00303000003430000033340000333000004d
:1029fc0030650000353000006635000033300000d3
:102a0c0030310000360a00003a3100003038000046
:102a1c0063370000303000003034000034300000e8
:102a2c00333300006530000030390000366600009a
:102a3c00633200006630000030300000343000009b
:102a4c00333400003330000030620000663900007f
:102a5c00623900003730000030370000330a0000c4
:102a6c003a3100003038000063380000303000008c
:102a7c0030380000373000003337000033300000ae
:102a8c003062000037390000663900006630000003
:102a9c003035000066390000633900003730000023
:102aac003030000037300000343400003430000087
:102abc0030310000310a00003a310000303800009b
:102acc0063390000303000003064000038390000f9
:102adc0066390000663000003033000039300000e9
:102aec0030320000303000003064000039610000ea
:102afc0037390000663000003065000034300000cb
:102b0c00303300003730000030320000620a000021
:102b1c003a310000303800006361000030300000b2
:102b2c003030000036660000643200006630000071
:102b3c0030300000343000003334000033300000fb
:102b4c00306500003930000066350000333000007d
:102b5c0030300000643000003033000036300000ac
:102b6c0030620000610a00003a3100003038000089
:102b7c0063620000303000003066000036660000f2
:102b8c003932000066300000303000003430000074
:102b9c003334000033300000306500003530000065
:102bac006635000033300000303000003330000058
:102bbc00303300006530000030630000340a000040
:102bcc003a31000030380000636300003030000000
:102bdc0030390000366600006132000066300000bb
:102bec00303000003430000033340000333000004b
:102bfc003030000036300000303300003730000039
:102c0c00306600003666000062320000663000005c
:102c1c0030330000650a00003a3100003038000003
:102c2c0063640000303000003030000034300000ad
:102c3c0033340000333000003065000035300000c4
:102c4c0066350000333000003033000032300000b5
:102c5c003333000065300000303900003666000068
:102c6c00633200006630000030630000660a00002a
:102c7c003a3100003038000063650000303000004d
:102c8c0030300000343000003334000033300000aa
:102c9c003034000063330000336400006430000003
:102cac0030650000363900006639000066300000df
:102cbc003034000061300000303200003030000051
:102ccc0030350000300a00003a3100003038000086
:102cdc006366000030300000306400006161000069
:102cec0037390000663000003063000065300000aa
:102cfc003033000037300000303000003666000002
:102d0c0064320000663000003030000034300000c7
:102d1c00333400003330000030640000330a00000c
:102d2c003a310000303800006430000030300000d0
:102d3c00306500003930000066350000333000008b
:102d4c0030300000643000003033000036300000ba
:102d5c003066000036660000393200006630000034
:102d6c0030300000343000003334000033300000c9
:102d7c0030360000640a00003a31000030380000a0
:102d8c006431000030300000306500003530000048
:102d9c006635000033300000303000003330000066
:102dac00303300006530000030390000366600001a
:102dbc00613200006630000030300000343000001a
:102dcc00333400003330000030630000320a00005e
:102ddc003a3100003038000064320000303000001e
:102dec003030000036300000303300003730000047
:102dfc00306600003666000062320000663000006b
:102e0c003030000034300000333400003330000028
:102e1c0030650000353000006635000033300000ae
:102e2c0030350000350a00003a310000303800001f
:102e3c0064330000303000003032000034300000c9
:102e4c003333000065300000303900003666000076
:102e5c006332000066300000303000003430000077
:102e6c0033340000333000003034000038330000bd
:102e7c00336400006430000030360000620a000049
:102e8c003a3100003038000064340000303000006b
:102e9c0030650000663900006439000037300000ee
:102eac00303800006230000035370000333000004d
:102ebc0030650000623900006639000066300000a1
:102ecc00303500006330000030320000303000003c
:102edc0030350000380a00003a310000303800006c
:102eec006435000030300000306400006361000085
:102efc0037390000663000003062000036300000c8
:102f0c0030330000373000003030000036660000ef
:102f1c0064320000663000003030000034300000b5
:102f2c00333400003330000030380000380a000021
:102f3c003a310000303800006436000030300000b8
:102f4c003065000039300000663500003330000079
:102f5c0030300000643000003033000036300000a8
:102f6c003066000036660000393200006630000022
:102f7c0030300000343000003334000033300000b7
:102f8c0030300000640a00003a3100003038000094
:102f9c006437000030300000306500003530000030
:102fac006635000033300000303000003330000054
:102fbc003033000065300000303900003666000008
:102fcc006132000066300000303000003430000008
:102fdc00333400003330000030360000320a000079
:102fec003a31000030380000643800003030000006
:102ffc003030000036300000303300003730000035
:10300c003066000036660000623200006630000058
:10301c003030000034300000333400003330000016
:10302c00306500003530000066350000333000009c
:10303c0030660000350a00003a31000030380000dc
:10304c0064390000303000003031000034300000b2
:10305c003333000065300000303900003666000064
:10306c006332000066300000303000003430000065
:10307c0033340000333000003034000034330000af
:10308c00336400006430000030310000660a000038
:10309c003a3100003038000064610000303000002c
:1030ac0030650000663900006539000037300000db
:1030bc003038000064300000363700003330000038
:1030cc00306500006439000066390000663000008d
:1030dc003036000034300000303200003030000058
:1030ec0030650000610a00003a3100003038000001
:1030fc006462000030300000306400003461000075
:10310c0037390000663000003039000065300000af
:10311c0030330000373000003030000036660000dd
:10312c0064320000663000003030000034300000a3
:10313c00333400003330000030340000380a000013
:10314c003a31000030380000646300003030000079
:10315c003065000039300000663500003330000067
:10316c003030000064300000303300003630000096
:10317c003066000036660000393200006630000010
:10318c0030300000343000003334000033300000a5
:10319c0030610000640a00003a3100003038000051
:1031ac0064640000303000003065000035300000f1
:1031bc006635000033300000303000003330000042
:1031cc0030330000653000003039000036660000f6
:1031dc0061320000663000003030000034300000f6
:1031ec00333400003330000030300000320a00006d
:1031fc003a310000303800006465000030300000c7
:10320c003030000036300000303300003730000022
:10321c003066000036660000623200006630000046
:10322c003030000034300000333400003330000004
:10323c00306500003530000066350000333000008a
:10324c0030390000350a00003a31000030380000f7
:10325c006466000030300000303000003430000074
:10326c003333000065300000303900003666000052
:10327c006332000066300000303000003430000053
:10328c003334000033300000306500006639000034
:10329c00623900003730000030300000320a000084
:1032ac003a3100003038000065300000303000004a
:1032bc003038000037300000333700003330000066
:1032cc0030650000373900006639000066300000b8
:1032dc0030340000383300006264000065300000b8
:1032ec0030300000373800003266000062300000d9
:1032fc0030350000620a00003a310000303800001e
:10330c0065310000303000003030000034300000f7
:10331c0032340000333000003035000066390000d4
:10332c0063390000373000003030000034300000ca
:10333c0034340000343000003064000038390000b0
:10334c00663900006630000030310000350a00009c
:10335c003a31000030380000653200003030000097
:10336c0030370000393000003032000030300000bf
:10337c00306400003961000037390000663000000d
:10338c00303800003130000030330000373000009e
:10339c0030300000366600006432000066300000f9
:1033ac0030610000300a00003a3100003038000073
:1033bc006533000030300000303000003430000045
:1033cc003334000033300000306500003930000029
:1033dc0066350000333000003030000064300000ef
:1033ec0030330000363000003066000036660000d6
:1033fc00393200006630000030330000630a0000f0
:10340c003a310000303800006534000030300000e4
:10341c003030000034300000333400003330000012
:10342c003065000035300000663500003330000098
:10343c0030300000333000003033000065300000c5
:10344c003039000036660000613200006630000042
:10345c0030390000310a00003a31000030380000e9
:10346c006535000030300000303000003430000092
:10347c0033340000333000003030000036300000b0
:10348c003033000037300000306600003666000034
:10349c006232000066300000303000003430000032
:1034ac00333400003330000030320000310a0000a9
:1034bc003a31000030380000653600003030000032
:1034cc0030650000353000006635000033300000f8
:1034dc0030650000663000003233000065300000bb
:1034ec0030390000366600006332000066300000a0
:1034fc003030000034300000333400003330000032
:10350c0030380000310a00003a3100003038000039
:10351c0065370000303000003034000034330000d8
:10352c00336400006430000030660000363900005f
:10353c006639000066300000303800006130000051
:10354c003032000030300000306400006161000057
:10355c00373900006630000030610000300a00008e
:10356c003a3100003038000065380000303000007f
:10357c00303600006230000030330000373000007d
:10358c003030000036660000643200006630000007
:10359c003030000034300000333400003330000091
:1035ac003065000039300000663500003330000013
:1035bc0030370000390a00003a3100003038000082
:1035cc0065390000303000003030000064300000fd
:1035dc0030330000363000003066000036660000e4
:1035ec00393200006630000030300000343000000a
:1035fc0033340000333000003065000035300000fb
:10360c00663500003330000030650000300a0000e1
:10361c003a310000303800006561000030300000a5
:10362c0030300000333000003033000065300000d3
:10363c003039000036660000613200006630000050
:10364c0030300000343000003334000033300000e0
:10365c0030300000363000003033000037300000ce
:10366c0030330000620a00003a31000030380000ac
:10367c0065620000303000003066000036660000e5
:10368c006232000066300000303000003430000040
:10369c00333400003330000030650000353000005a
:1036ac00663500003330000030650000313000001a
:1036bc00323300006530000030650000300a000035
:1036cc003a310000303800006563000030300000f3
:1036dc0030390000366600006332000066300000ae
:1036ec003030000034300000333400003330000040
:1036fc003066000066390000643900003730000085
:10370c0030380000623000003537000033300000e4
:10371c0030360000310a00003a3100003038000029
:10372c006564000030300000306600006239000033
:10373c006639000066300000303500006639000044
:10374c006539000037300000303000006230000076
:10375c00363400003630000030640000633900005d
:10376c00663900006630000030350000340a000075
:10377c003a31000030380000656500003030000040
:10378c00303900006430000030320000303000006e
:10379c0030640000646100003739000066300000be
:1037ac003030000030300000326500006230000024
:1037bc0030630000343900006639000066300000c8
:1037cc0030620000330a00003a310000303800004b
:1037dc0065660000303000003034000066300000b8
:1037ec0030330000373000003065000064300000da
:1037fc0066350000323000003030000032300000fe
:10380c0030330000323000003065000061300000c1
:10381c00663500003230000030310000660a0000ce
:10382c003a310000303800006630000030300000c3
:10383c003030000063300000303300006130000095
:10384c0030310000353000003032000030300000e4
:10385c00303200006637000062390000373000005b
:10386c00303000003630000034650000303000008d
:10387c0030620000620a00003a310000303800006b
:10388c006631000030300000303000003130000074
:10389c003033000032300000303200003530000090
:1038ac003032000030300000303100003561000053
:1038bc0065610000383000003031000034650000d4
:1038cc00656100003830000030630000340a0000ed
:1038dc003a31000030380000663200003030000011
:1038ec0030310000353800006561000038300000d0
:1038fc003031000035630000656100003830000095
:10390c0030380000303000003365000062300000b9
:10391c003064000037610000373900006630000069
:10392c0030650000300a00003a31000030380000e9
:10393c006633000030300000303300006630000089
:10394c00303300003730000030340000663900009e
:10395c006339000037300000303000003830000090
:10396c003364000030300000303200003966000053
:10397c00373200006630000030300000660a00006c
:10398c003a3100003038000066340000303000005e
:10399c003038000066380000343400003430000049
:1039ac003030000036380000333400003430000072
:1039bc0030300000303000006265000062300000e2
:1039cc0030300000366600006432000066300000c3
:1039dc0030640000350a00003a3100003038000035
:1039ec00663500003030000030300000343000000c
:1039fc0033340000333000003065000039300000f3
:103a0c0066350000333000003030000064300000b8
:103a1c00303300003630000030660000366600009f
:103a2c00393200006630000030310000620a0000bc
:103a3c003a310000303800006636000030300000ab
:103a4c0030300000343000003334000033300000dc
:103a5c003065000035300000663500003330000062
:103a6c00303000003330000030330000653000008f
:103a7c00303900003666000061320000663000000c
:103a8c0030370000300a00003a31000030380000b6
:103a9c006637000030300000303000003430000059
:103aac00333400003330000030300000363000007a
:103abc0030330000373000003066000036660000fe
:103acc0062320000663000003030000034300000fc
:103adc00333400003330000030300000300a000076
:103aec003a310000303800006638000030300000f9
:103afc0030650000353000006635000033300000c2
:103b0c0030620000373000003233000065300000b6
:103b1c003039000036660000633200006630000069
:103b2c0030300000343000003334000033300000fb
:103b3c0030390000380a00003a31000030380000fb
:103b4c006639000030300000303400006639000067
:103b5c006439000037300000303000006130000064
:103b6c003264000030300000303400003433000088
:103b7c003364000064300000303800003630000040
:103b8c00353700003830000030310000620a000088
:103b9c003a3100003038000066610000303000001f
:103bac003065000034300000386200003130000015
:103bbc0030380000623300003737000061300000fd
:103bcc003061000063300000303200003030000003
:103bdc00306400006361000037390000663000007b
:103bec0030660000610a00003a31000030380000f5
:103bfc00666200003030000030310000663000009a
:103c0c0030330000373000003030000036660000e2
:103c1c0064320000663000003030000034300000a8
:103c2c0033340000333000003065000039300000c0
:103c3c00663500003330000030390000340a0000d3
:103c4c003a3100003038000066630000303000006c
:103c5c00303000006430000030330000363000009b
:103c6c003066000036660000393200006630000015
:103c7c0030300000343000003334000033300000aa
:103c8c003065000035300000663500003330000030
:103c9c0030610000660a00003a3100003038000044
:103cac00666400003030000030300000333000001b
:103cbc0030330000653000003039000036660000fb
:103ccc0061320000663000003030000034300000fb
:103cdc003334000033300000303000003630000048
:103cec00303300003730000030300000610a000033
:103cfc003a310000303800006665000030300000ba
:103d0c00306600003666000062320000663000004b
:103d1c003030000034300000333400003330000009
:103d2c00306500003530000066350000333000008f
:103d3c003061000035300000323300006530000087
:103d4c0030650000620a00003a3100003038000093
:103d5c006666000030300000303900003666000026
:103d6c006332000066300000303000003430000058
:103d7c00333400003330000030630000663900003b
:103d8c00653900003730000030300000643000002e
:103d9c00326400003030000030380000330a00007c
:103dac003a31000030390000303000003030000073
:103dbc0030320000376600003732000066300000f9
:103dcc003038000066380000333400003330000017
:103ddc003030000034380000323400003330000042
:103dec003031000034300000333700003330000035
:103dfc0030360000620a00003a3100003039000011
:103e0c00303100003030000030300000363000001f
:103e1c006137000038300000303500006639000092
:103e2c0063390000373000003030000036300000bd
:103e3c0034340000343000003064000038390000a5
:103e4c00663900006630000030640000320a000061
:103e5c003a310000303900003032000030300000c0
:103e6c003038000064300000366500003830000047
:103e7c0030630000643900006639000066300000d1
:103e8c003039000039300000303200003030000092
:103e9c0030640000396100003739000066300000e2
:103eac0030650000320a00003a3100003039000061
:103ebc003033000030300000306500003138000035
:103ecc006635000032300000303300003030000026
:103edc0032330000613000003037000066390000da
:103eec0064390000373000003065000031300000cc
:103efc00663500003530000030300000610a0000eb
:103f0c003a3100003039000030340000303000000d
:103f1c0030650000633000003033000032300000a8
:103f2c0030300000333000003033000039300000f6
:103f3c00306500003430000066350000353000007c
:103f4c003030000066300000323300006130000079
:103f5c0030330000330a00003a31000030390000e1
:103f6c0030350000303000003030000039300000b7
:103f7c003233000037300000306200006639000038
:103f8c006539000037300000303600003136000053
:103f9c006562000038300000306100006362000090
:103fac00373900006630000030350000310a00005f
:103fbc003a3100003039000030360000303000005b
:103fcc003062000064620000373900006630000087
:103fdc0030650000303000006635000036300000df
:103fec003065000030380000663500006530000098
:103ffc0030300000633000003233000032300000fb
:10400c0030390000620a00003a31000030390000fb
:10401c0030370000303000003037000066390000c7
:10402c0033390000373000003038000066390000aa
:10403c00623900003730000030630000303300007c
:10404c003264000064300000303000003430000076
:10405c00303200003030000030390000330a0000ec
:10406c003a310000303900003038000030300000a8
:10407c0030650000663900006239000037300000fe
:10408c00303000003438000032340000333000008f
:10409c003065000030380000323400006130000020
:1040ac003030000030300000346500006230000019
:1040bc0030350000620a00003a310000303900004f
:1040cc003039000030300000303600003033000052
:1040dc00336200003830000030310000393000000d
:1040ec0030320000303000003063000039610000d5
:1040fc006639000066300000303200006266000055
:10410c00373200006630000030650000340a0000d1
:10411c003a310000303900003061000030300000ce
:10412c0030380000663800003534000035300000af
:10413c003036000031350000646200003830000079
:10414c003038000061620000373900006630000032
:10415c003039000062620000373900006630000020
:10416c0030320000300a00003a31000030390000d3
:10417c003062000030300000303300006661000017
:10418c0036390000373000003063000066610000f3
:10419c003639000037300000303800006330000042
:1041ac006635000032300000303800006438000002
:1041bc00663500006130000030630000350a0000f5
:1041cc003a3100003039000030630000303000001c
:1041dc003038000030300000303300003630000042
:1041ec003036000033300000353400003030000031
:1041fc0030650000303800003534000038300000e5
:10420c003065000061610000663900006630000016
:10421c0030350000640a00003a31000030390000eb
:10422c003064000030300000306600006261000035
:10423c006639000066300000306600006333000011
:10424c00663200003430000030350000643000006d
:10425c003032000030300000303800006330000095
:10426c00663500003530000030370000620a00006f
:10427c003a31000030390000306500003030000069
:10428c0030380000643800006635000064300000ef
:10429c00303700003730000030330000653000004c
:1042ac00303800003230000066350000303000003d
:1042bc00303800003338000066350000383000001c
:1042cc0030300000370a00003a310000303900006d
:1042dc0030660000303000003031000064300000e7
:1042ec0030330000393000003030000061380000fd
:1042fc0030320000663000003033000039300000ee
:10430c0030320000343000003065000036610000af
:10431c00663900006630000030640000300a00008e
:10432c003a310000303900003130000030300000ec
:10433c00306600003761000066390000663000000e
:10434c003030000034300000336200006530000073
:10435c0030360000333300003938000038300000ac
:10436c0030380000323000003636000035300000a6
:10437c0030340000340a00003a31000030390000bb
:10438c003131000030300000303500006433000063
:10439c003938000038300000303400003933000068
:1043ac003938000038300000303000003630000062
:1043bc0030660000633000003035000035300000fe
:1043cc00353200003030000030610000620a00001d
:1043dc003a3100003039000031320000303000003a
:1043ec003037000035330000393800003830000019
:1043fc0030610000353000006132000030300000c8
:10440c0030370000353300003938000038300000f8
:10441c003032000039650000376100003830000090
:10442c0030340000630a00003a31000030390000db
:10443c0031330000303000003030000030300000ec
:10444c0030300000303000003030000030300000e0
:10445c0030300000303000003032000038300000c6
:10446c0037650000323000003066000065660000e1
:10447c00663300003530000030650000630a000030
:10448c003a31000030390000313400003030000087
:10449c003030000034380000303200003030000082
:1044ac003030000035300000303200003030000079
:1044bc003030000032300000313400003230000067
:1044cc003038000033380000313400006130000017
:1044dc0030630000330a00003a310000303900002c
:1044ec003135000030300000303800003030000032
:1044fc0066350000313000003038000031380000e3
:10450c00663500003930000030650000626600003e
:10451c0066330000363000003030000036300000ca
:10452c00326200006530000030650000300a000087
:10453c003a310000303900003136000030300000d4
:10454c003036000066610000623900003730000030
:10455c0030660000666100006239000037300000f0
:10456c00306100003930000066320000303000004d
:10457c003061000039300000323800003830000063
:10458c0030300000320a00003a31000030390000af
:10459c00313700003030000030380000303000007f
:1045ac0034650000623000003032000066380000d4
:1045bc0064390000373000003038000061300000f2
:1045cc006362000062300000306200006638000058
:1045dc00643900003730000030660000390a0000f2
:1045ec003a31000030390000313800003030000022
:1045fc003038000062380000636200006230000056
:10460c003032000039300000303200003030000011
:10461c003034000066380000653900003730000087
:10462c00303800006330000063620000623000002c
:10463c0030660000640a00003a3100003039000096
:10464c003139000030300000306400006638000062
:10465c006539000037300000303800006438000045
:10466c006362000062300000303400003030000023
:10467c0064640000653000003030000062300000df
:10468c00303200003030000030610000310a000090
:10469c003a31000030390000316100003030000048
:1046ac003030000061300000373700003830000037
:1046bc00303600006133000039380000383000001b
:1046cc003038000030300000343700003830000043
:1046dc00303500003033000039380000383000002d
:1046ec0030660000650a00003a31000030390000e5
:1046fc0031620000303000003031000061300000c9
:10470c0030320000343000003034000061330000df
:10471c0039380000383000003030000036300000ee
:10472c00306600006330000030350000613000005e
:10473c00353200003030000030650000350a0000d2
:10474c003a31000030390000316300003030000095
:10475c003037000061330000393800003830000079
:10476c003061000061300000613200003030000028
:10477c003037000061330000393800003830000059
:10478c00303200003965000037610000383000001d
:10479c0030390000640a00003a3100003039000062
:1047ac003164000030300000303000003030000048
:1047bc00303000003030000030300000303000006d
:1047cc003030000030300000303200003830000053
:1047dc00376500003230000030660000656600006e
:1047ec00663300003530000030340000630a0000ee
:1047fc003a310000303900003165000030300000e3
:10480c0030610000653000003238000038300000a4
:10481c00303100003930000035620000613000009a
:10482c003065000061380000663900006630000019
:10483c00303900003938000035620000613000006a
:10484c0030370000660a00003a31000030390000b1
:10485c003166000030300000306600006238000025
:10486c006639000066300000303200006638000007
:10487c00653900003730000030380000633000002c
:10488c006635000035300000303000003430000058
:10489c00303300006130000030630000340a000047
:1048ac003a31000030390000323000003030000066
:1048bc0030620000663800006539000037300000b7
:1048cc0030380000623800006635000036300000d9
:1048dc003030000034300000303300006130000014
:1048ec00303000003530000030330000373000002d
:1048fc0030390000300a00003a3100003039000035
:10490c003231000030300000303000003030000018
:10491c00356500006230000030630000616100000a
:10492c006639000066300000303000003230000084
:10493c0030330000373000003038000030300000d9
:10494c00356500006230000030390000640a000058
:10495c003a310000303900003232000030300000b3
:10496c0030630000626100006639000066300000b0
:10497c00303600003230000030340000303000009f
:10498c003065000030380000303400003830000052
:10499c003061000031300000323800003830000047
:1049ac0030620000300a00003a310000303900005b
:1049bc00323300003030000030380000393800004d
:1049cc003465000038300000303100003930000010
:1049dc0030620000613000003038000030390000d7
:1049ec0037390000663000003039000039380000db
:1049fc00346200006130000030640000390a0000ad
:104a0c003a31000030390000323400003030000000
:104a1c0030390000393900003739000066300000a9
:104a2c003034000066380000653900003730000073
:104a3c003038000063300000663500003030000074
:104a4c0030300000343000003033000061300000a2
:104a5c0030620000320a00003a31000030390000a8
:104a6c003235000030300000306400006638000041
:104a7c006539000037300000303800006438000021
:104a8c006635000034300000303000003430000057
:104a9c003033000061300000303000003530000051
:104aac00303300003730000030320000300a000094
:104abc003a3100003039000032360000303000004e
:104acc0030300000303000003065000062300000f3
:104adc003063000030610000663900006630000071
:104aec00303000003230000030330000373000002e
:104afc0030380000303000003065000062300000bb
:104b0c0030360000310a00003a3100003039000024
:104b1c00323700003030000030630000316100009b
:104b2c006639000066300000303800003530000077
:104b3c0030640000313000003030000034380000a8
:104b4c003064000033300000303800003130000099
:104b5c00343700003830000030330000350a0000d4
:104b6c003a3100003039000032380000303000009b
:104b7c0030610000396100003739000066300000f8
:104b8c0030630000396600006632000066300000b9
:104b9c00303800003038000034360000343000006b
:104bac0030390000396100003739000066300000f0
:104bbc0030620000310a00003a3100003039000048
:104bcc0032390000303000003031000066610000e6
:104bdc0030390000373000003061000066610000a1
:104bec003039000037300000303000003030000029
:104bfc00353400003030000030380000313800000f
:104c0c00353400003830000030660000660a0000c1
:104c1c003a310000303900003261000030300000c1
:104c2c0030360000373000003634000035300000dc
:104c3c00306500003038000036340000643000006d
:104c4c0030620000636100003739000066300000fc
:104c5c0030630000646100003739000066300000ea
:104c6c0030340000340a00003a31000030390000c2
:104c7c00326200003030000030380000303000006c
:104c8c0034650000623000003061000039380000eb
:104c9c0066390000663000003062000039380000d0
:104cac0066390000663000003063000039380000bf
:104cbc00663900006630000030380000610a0000e0
:104ccc003a3100003039000032630000303000000f
:104cdc00306400003938000066390000663000008e
:104cec003066000064660000663200003030000060
:104cfc0030380000643000006635000032300000af
:104d0c00306500003038000066350000613000006e
:104d1c0030630000340a00003a31000030390000e2
:104d2c0032640000303000003031000039300000b7
:104d3c0030330000363000003038000035300000d1
:104d4c003564000031300000303000003438000091
:104d5c003564000033300000306500003330000053
:104d6c00343600003530000030330000630a000098
:104d7c003a3100003039000032650000303000005c
:104d8c003030000034300000386100003330000057
:104d9c00303000006330000030330000323000004f
:104dac00303800003930000034640000303000002e
:104dbc003032000039300000326200003030000028
:104dcc0030350000390a00003a310000303900005b
:104ddc0032660000303000003032000061660000a6
:104dec0037320000663000003030000066300000c2
:104dfc003534000035300000303800003930000008
:104e0c003434000035300000303000003830000001
:104e1c00356400003030000030310000360a0000ec
:104e2c003a310000303900003330000030300000df
:104e3c003038000066620000353900003730000061
:104e4c003030000062300000353400003530000096
:104e5c003031000061300000353700003830000080
:104e6c003034000038350000356400006430000038
:104e7c0030310000630a00003a3100003039000084
:104e8c003331000030300000303900003930000080
:104e9c006337000035300000303200006130000014
:104eac00303300003730000030380000393000005b
:104ebc003464000030300000303000003830000026
:104ecc00356400003030000030390000380a000032
:104edc003a3100003039000033320000303000002d
:104eec0030300000666200003639000037300000b8
:104efc0030300000633000003534000035300000e5
:104f0c0030390000613000003637000038300000c6
:104f1c003063000039300000366200003130000090
:104f2c0030660000330a00003a31000030390000ce
:104f3c003333000030300000303800006462000071
:104f4c003737000063300000303200003230000090
:104f5c0030330000373000003038000035300000ae
:104f6c00356400003130000030300000343800006f
:104f7c00356400003330000030350000640a000056
:104f8c003a3100003039000033340000303000007a
:104f9c00306500003330000034360000353000003e
:104fac003030000034300000386100003330000035
:104fbc00303100003130000030330000323000005e
:104fcc003030000038300000376400003030000012
:104fdc0030300000300a00003a3100003039000057
:104fec0033350000303000003030000066620000c5
:104ffc0036390000373000003030000063300000dc
:10500c0037340000373000003031000065300000cc
:10501c0037370000383000003034000038370000db
:10502c00376400006430000030310000650a000075
:10503c003a310000303900003336000030300000c7
:10504c00303800003930000034640000303000008b
:10505c003032000039300000326200003030000085
:10506c003032000064660000373200006630000009
:10507c00303800006638000036340000363000004e
:10508c0030310000370a00003a310000303900009e
:10509c003337000030300000303800003938000061
:1050ac003434000036300000303900003930000054
:1050bc0063370000373000003030000061300000f2
:1050cc003534000035300000303800006238000004
:1050dc00353400006430000030630000640a0000c6
:1050ec003a31000030390000333800003030000015
:1050fc0030380000666100003439000037300000a1
:10510c0030300000613800003534000034300000cd
:10511c00303100006130000064370000373000008f
:10512c0030300000633000003033000037300000b6
:10513c0030350000660a00003a31000030390000ba
:10514c0033390000303000003030000038300000bf
:10515c003764000030300000303000006662000020
:10516c00363900003730000030300000633000006a
:10517c00373400003730000030310000653000005b
:10518c00373700003830000030390000620a000068
:10519c003a3100003039000033610000303000003b
:1051ac00303800003930000034640000303000002a
:1051bc0030630000393000003662000031300000ee
:1051cc0030380000656200003737000063300000a3
:1051dc003030000061300000353400003530000004
:1051ec0030630000620a00003a31000030390000e0
:1051fc0033620000303000003038000062380000ac
:10520c003534000064300000303800006661000066
:10521c0034390000373000003030000061380000b5
:10522c0035340000343000003030000065300000b0
:10523c00643700003830000030320000300a0000c3
:10524c003a31000030390000336300003030000088
:10525c0030360000313000003334000033300000b1
:10526c00306500003038000033340000623000003c
:10527c003030000038300000346500003830000059
:10528c003036000031300000323400003230000083
:10529c0030610000660a00003a310000303900002d
:1052ac0033640000303000003065000030380000fe
:1052bc0032340000613000003032000066620000c1
:1052cc0035390000373000003062000066620000a3
:1052dc00353900003730000030380000363000001f
:1052ec00663500003530000030370000310a000010
:1052fc003a310000303900003365000030300000d6
:10530c00303800003738000066350000643000008b
:10531c003033000032660000663300006530000058
:10532c0030310000623000003032000030300000bc
:10533c003061000062390000663900006630000000
:10534c0030370000370a00003a31000030390000d5
:10535c00336600003030000030320000383000007e
:10536c003133000037300000303100006230000073
:10537c00303200003030000030320000663900005e
:10538c006539000037300000303000006330000019
:10539c00306500003030000030380000320a000068
:1053ac003a31000030390000343000003030000059
:1053bc003036000065300000303300003230000021
:1053cc0030380000303000003665000062300000dc
:1053dc00306100006439000066390000663000005e
:1053ec0030660000343300006632000034300000b8
:1053fc0030300000390a00003a310000303900002a
:10540c003431000030300000303500003530000001
:10541c0030320000303000003038000034300000f2
:10542c0066350000303000003038000035380000a0
:10543c006635000038300000303600003730000090
:10544c00303300006530000030650000330a000086
:10545c003a310000303900003432000030300000a6
:10546c00303800003230000066350000303000006b
:10547c00303800003338000066350000383000004a
:10548c00303100003730000030330000393000007c
:10549c00303000003538000030320000663000003b
:1054ac0030650000640a00003a3100003039000019
:1054bc00343300003030000030330000383000004e
:1054cc00303200003430000030300000363800003c
:1054dc003032000030300000303000003730000037
:1054ec003032000030300000303600003333000022
:1054fc00393800003830000030640000660a0000c3
:10550c003a310000303900003434000030300000f3
:10551c0030300000323800003236000032300000eb
:10552c0030350000343300003938000038300000ca
:10553c0030340000383300003938000038300000b7
:10554c003030000036300000306600006330000060
:10555c0030310000360a00003a31000030390000ca
:10556c00343500003030000030350000343000009d
:10557c00353200003030000030370000343300008a
:10558c003938000038300000306100003430000041
:10559c00613200003030000030370000343300003e
:1055ac00393800003830000030350000620a000045
:1055bc003a31000030390000343600003030000041
:1055cc0030320000396500003761000038300000cf
:1055dc00303000003030000030300000303000003f
:1055ec00303000003030000030300000303000002f
:1055fc0030320000383000003765000032300000d7
:10560c0030330000330a00003a310000303900001a
:10561c003437000030300000306600006566000052
:10562c0066330000353000003030000032300000ae
:10563c0031340000333000003038000033380000c3
:10564c00313400006230000030380000323000008d
:10565c00663500003030000030340000340a0000a1
:10566c003a3100003039000034380000303000008e
:10567c003038000033380000663500003830000048
:10568c0030650000646600006633000031300000b5
:10569c003061000032300000663200003030000013
:1056ac003061000032300000323800003830000029
:1056bc0030350000380a00003a3100003039000063
:1056cc003439000030300000303000003030000041
:1056dc003165000062300000306100006638000067
:1056ec0061390000373000003030000035300000e8
:1056fc003962000062300000306200006638000041
:10570c00393900003730000030360000380a00000c
:10571c003a310000303900003461000030300000b4
:10572c003030000033380000396200006230000075
:10573c0030320000323000003032000030300000d7
:10574c003063000066380000393900003730000043
:10575c00303000003330000039620000623000004d
:10576c0030370000640a00003a3100003039000084
:10577c0034620000303000003064000066380000f5
:10578c003939000037300000303000003338000069
:10579c003962000062300000303600003133000006
:1057ac00393800003830000030350000303300004c
:1057bc00393800003830000030330000330a000064
:1057cc003a31000030390000346300003030000002
:1057dc003031000032300000303200003430000034
:1057ec00303400003233000039380000383000000b
:1057fc0030300000363000003066000063300000ae
:10580c0030350000323000003532000030300000fe
:10581c0030650000610a00003a31000030390000a8
:10582c0034640000303000003037000032330000a8
:10583c003938000038300000306100003230000090
:10584c00613200003030000030370000323300008d
:10585c003938000038300000303200003965000063
:10586c00376100003830000030610000320a00005f
:10587c003a3100003039000034650000303000004f
:10588c00303000003030000030300000303000008c
:10589c00303000003030000030300000303000007c
:1058ac003032000038300000376500003230000024
:1058bc00306600006566000066330000353000007d
:1058cc0030330000390a00003a3100003039000052
:1058dc003466000030300000303000003030000002
:1058ec00336500006230000030310000623000008f
:1058fc0030320000303000003065000066390000a6
:10590c0033390000373000003036000031330000ee
:10591c00656200003830000030640000330a00007b
:10592c003a310000303900003530000030300000d2
:10593c003064000066390000343900003730000054
:10594c003036000031340000636200003830000053
:10595c003038000038620000373900006630000033
:10596c003039000039620000373900006630000021
:10597c0030310000660a00003a3100003039000076
:10598c00353100003030000030300000363000007f
:10599c0034370000383000003061000066390000f8
:1059ac003139000037300000303600003131000052
:1059bc0039620000383000003065000032610000b0
:1059cc00663900006630000030390000300a0000f3
:1059dc003a31000030390000353200003030000020
:1059ec00306600003361000066390000663000004c
:1059fc00306300006361000066390000663000000f
:105a0c0030640000646100006639000066300000fc
:105a1c0030610000313000003238000038300000b6
:105a2c0030380000610a00003a31000030390000c3
:105a3c0035330000303000003039000030300000c9
:105a4c00336200006130000030360000313300005a
:105a5c0036620000383000003061000063620000e4
:105a6c0037390000663000003062000064620000cc
:105a7c00373900006630000030370000610a000042
:105a8c003a3100003039000035340000303000006d
:105a9c0030340000323600003964000064300000fd
:105aac003063000065360000316400006530000092
:105abc003038000033300000313700003130000046
:105acc0030340000323600003164000064300000d5
:105adc0030310000310a00003a310000303900004a
:105aec003535000030300000306300006661000086
:105afc006539000037300000303800006430000099
:105b0c0032340000313000003038000037300000f3
:105b1c0061370000383000003031000030380000b0
:105b2c00326200006130000030640000320a000074
:105b3c003a310000303900003536000030300000ba
:105b4c003062000066390000343900003730000044
:105b5c0030380000393000003334000031300000a0
:105b6c00303800003430000062370000383000005c
:105b7c00303000006662000035390000373000001c
:105b8c0030650000320a00003a3100003039000064
:105b9c003537000030300000303800006130000034
:105bac003334000031300000303900003530000053
:105bbc003237000038300000303900003738000030
:105bcc006635000032300000303000003530000007
:105bdc00303300006130000030350000370a00001f
:105bec003a31000030390000353800003030000008
:105bfc003036000066610000653900003730000067
:105c0c0030300000633000003134000031300000cf
:105c1c0030390000323000006635000032300000b0
:105c2c0030300000333000003033000061300000b1
:105c3c0030610000390a00003a31000030390000b0
:105c4c0035390000303000003030000033300000b7
:105c5c00303300003730000030380000383000009e
:105c6c003537000038300000303000003130000093
:105c7c00303300003730000030380000383000007e
:105c8c00353700003830000030340000660a000060
:105c9c003a3100003039000035610000303000002e
:105cac003030000036300000336500003830000022
:105cbc00303600003230000030340000303000004c
:105ccc0030650000303800003034000038300000ff
:105cdc0030650000323000006635000033300000c3
:105cec0030330000630a00003a3100003039000004
:105cfc003562000030300000306400006566000042
:105d0c006633000061300000303800003030000095
:105d1c00366500006230000030610000643900001c
:105d2c00663900006630000030320000633200003b
:105d3c00376500006630000030660000360a00004f
:105d4c003a3100003039000035630000303000007b
:105d5c003032000061320000376500006630000010
:105d6c00303300003030000030320000343000009e
:105d7c003034000030330000393800003830000077
:105d8c003030000036300000306600006330000018
:105d9c0030300000340a00003a3100003039000085
:105dac003564000030300000303500003030000029
:105dbc003532000030300000303700003033000046
:105dcc0039380000383000003061000030300000fd
:105ddc0061320000303000003037000030330000fa
:105dec00393800003830000030650000610a0000ce
:105dfc003a310000303900003565000030300000c9
:105e0c003032000039650000376100003830000086
:105e1c0030300000303000003030000030300000f6
:105e2c0030300000303000003030000030300000e6
:105e3c00303200003830000037650000323000008e
:105e4c0030620000320a00003a31000030390000a4
:105e5c0035660000303000003066000065660000da
:105e6c006633000035300000303200003230000064
:105e7c003032000030300000303000003330000091
:105e8c003032000030300000303000003030000084
:105e9c00326500006230000030650000370a0000f7
:105eac003a3100003039000036300000303000004c
:105ebc003036000030300000306200003830000016
:105ecc0030380000666100003239000037300000c5
:105edc003065000035610000663900006630000056
:105eec00303000003530000033370000383000000f
:105efc0030630000370a00003a31000030390000ee
:105f0c0036310000303000003038000036380000e8
:105f1c0032650000383000003036000031320000ad
:105f2c00636200003830000030630000386100000c
:105f3c0066390000663000003064000039610000f2
:105f4c00663900006630000030640000380a00003a
:105f5c003a31000030390000363200003030000099
:105f6c003065000034300000323400003330000063
:105f7c00303600003132000065620000383000001d
:105f8c00306100006361000066390000663000007b
:105f9c003062000064610000663900006630000069
:105fac0030630000350a00003a310000303900003f
:105fbc003633000030300000306500003630000011
:105fcc003234000033300000303600003132000033
:105fdc00626200003830000030380000366100008a
:105fec00663900006630000030390000376100006f
:105ffc00663900006630000030300000320a0000c4
:10600c003a310000303900003634000030300000e6
:10601c003065000062620000373900006630000015
:10602c003061000035300000663200003030000076
:10603c00306100003530000032380000383000008c
:10604c00303600003132000033620000383000007e
:10605c0030390000610a00003a310000303900008c
:10606c00363500003030000030340000333300008f
:10607c00636400006430000030630000643300008f
:10608c003464000065300000303800003930000006
:10609c00343700003430000030340000333300005b
:1060ac00346400006430000030370000610a0000e6
:1060bc003a31000030390000363600003030000034
:1060cc003061000038620000373900006630000093
:1060dc003062000039620000373900006630000081
:1060ec003036000066610000653900003730000072
:1060fc0030300000383000003562000065300000a0
:10610c0030360000650a00003a31000030390000da
:10611c0036370000303000003030000038300000de
:10612c003434000036300000306500003038000098
:10613c003434000063300000303800003030000090
:10614c003265000062300000303900003830000049
:10615c00616200006230000030310000650a00000e
:10616c003a31000030390000363800003030000081
:10617c0030340000666100006239000037300000e6
:10618c0030640000666100006239000037300000a6
:10619c003030000061300000333400003330000038
:1061ac0030380000623800003334000062300000e8
:1061bc0030370000660a00003a3100003039000028
:1061cc0036390000303000003063000036620000c9
:1061dc003739000066300000306400003762000080
:1061ec0037390000663000003039000036380000c6
:1061fc006162000062300000303200006661000015
:10620c00653900003730000030330000320a0000de
:10621c003a310000303900003661000030300000a7
:10622c003062000066610000653900003730000004
:10623c003030000061300000333400003630000094
:10624c003038000062380000333400006530000044
:10625c00303200006430000030320000303000007a
:10626c0030620000610a00003a3100003039000051
:10627c00366200003030000030390000363000004b
:10628c006562000062300000303000006661000082
:10629c0065390000373000003039000066610000bd
:1062ac0065390000373000003030000061300000ec
:1062bc00353400003630000030620000650a000002
:1062cc003a310000303900003663000030300000f5
:1062dc0030380000623800003534000065300000b2
:1062ec003038000061620000373900006630000071
:1062fc00303900006262000037390000663000005f
:10630c0030320000643000003032000030300000c9
:10631c0030310000650a00003a31000030390000cd
:10632c003664000030300000303900006138000065
:10633c006562000062300000303400003030000034
:10634c0065640000653000003030000064300000ef
:10635c003032000030300000303800006330000074
:10636c00323700003830000030340000380a0000aa
:10637c003a31000030390000366500003030000042
:10638c00303600006333000039380000383000002c
:10639c00303000003030000035370000383000005d
:1063ac003035000030330000393800003830000040
:1063bc003031000065300000303200003430000015
:1063cc0030370000640a00003a3100003039000018
:1063dc0036660000303000003034000065330000b9
:1063ec003938000038300000303000003630000002
:1063fc00306600006330000030350000653000006e
:10640c0035320000303000003037000065330000ba
:10641c00393800003830000030390000370a0000ed
:10642c003a310000303900003730000030300000c5
:10643c003061000065300000613200003030000037
:10644c003037000065330000393800003830000068
:10645c003032000039650000376100003830000030
:10646c0030300000303000003030000030300000a0
:10647c0030380000610a00003a3100003039000069
:10648c003731000030300000303000003030000078
:10649c0030300000303000003065000066620000d3
:1064ac0035390000373000003066000032620000e1
:1064bc0037390000663000003038000033620000cd
:1064cc00663900006630000030650000350a0000b7
:1064dc003a31000030390000373200003030000013
:1064ec00303400006662000036390000373000009e
:1064fc00306400006662000036390000373000005e
:10650c003061000036620000373900006630000050
:10651c00306200003762000037390000663000003e
:10652c0030360000380a00003a31000030390000e3
:10653c0037330000303000003032000038300000bb
:10654c0037650000323000003066000065660000e0
:10655c0066330000353000003065000062620000d8
:10656c0037390000663000003037000066620000ea
:10657c00313900003730000030640000650a00003b
:10658c003a31000030390000373400003030000060
:10659c0030380000666200003939000037300000e6
:1065ac003063000063620000373900006630000081
:1065bc00306400006462000037390000663000006f
:1065cc0030320000666200003339000037300000c2
:1065dc0030360000630a00003a3100003039000008
:1065ec003735000030300000306200006662000079
:1065fc0033390000373000003061000035300000c6
:10660c0032380000383000003039000061300000b2
:10661c003262000061300000306500003538000047
:10662c00663900006630000030360000380a000081
:10663c003a310000303900003736000030300000ad
:10664c00303100006138000035620000613000001c
:10665c0030660000613800006639000066300000ca
:10666c003039000038380000663500003230000048
:10667c003030000034300000303300006130000056
:10668c0030630000310a00003a310000303900005c
:10669c0037370000303000003034000066620000f4
:1066ac00363900003730000030390000633000000c
:1066bc00663500003530000030300000343000000a
:1066cc003033000061300000303000003530000005
:1066dc00303300003730000030640000330a000013
:1066ec003a310000303900003738000030300000fb
:1066fc0030300000303000003465000062300000a3
:10670c003065000038620000373900006630000048
:10671c0030300000323000003033000037300000e1
:10672c00303800003030000034650000623000006a
:10673c0030300000340a00003a31000030390000db
:10674c00373900003030000030650000396200003d
:10675c003739000066300000306100003330000033
:10676c003238000038300000303900003230000080
:10677c003262000061300000303800003539000012
:10678c00373900006630000030350000340a000054
:10679c003a31000030390000376100003030000021
:1067ac0030310000323800003462000061300000eb
:1067bc0030390000383900003739000066300000ed
:1067cc0030390000363800006635000032300000e9
:1067dc0030300000343000003033000061300000f5
:1067ec0030650000360a00003a31000030390000f4
:1067fc003762000030300000303800006662000064
:10680c0032390000373000003039000035300000dc
:10681c0066350000343000003030000034300000a9
:10682c0030330000613000003030000035300000a3
:10683c00303300003730000030350000660a0000ad
:10684c003a3100003039000037630000303000006e
:10685c003030000030300000356500006230000040
:10686c0030650000616200003739000066300000be
:10687c003030000032300000303300003730000080
:10688c003038000030300000356500006230000008
:10689c0030630000300a00003a310000303900004b
:1068ac003764000030300000306500006262000088
:1068bc0037390000663000003036000034300000fc
:1068cc0030340000303000003065000030380000fb
:1068dc00303400003830000030300000343000001c
:1068ec00326500003830000030300000650a0000ce
:1068fc003a310000303900003765000030300000bc
:10690c0030360000343000003134000031300000eb
:10691c0030650000303800003134000039300000a0
:10692c00303000006338000030320000303000009e
:10693c003038000063300000663500003030000055
:10694c0030390000320a00003a31000030390000c2
:10695c003766000030300000306500003038000031
:10696c006635000038300000303900003366000016
:10697c006633000061300000306500006662000084
:10698c003539000037300000303000003230000064
:10699c00303200003130000030370000380a00007f
:1069ac003a3100003039000038300000303000003f
:1069bc0030380000666100003639000037300000c6
:1069cc003038000032380000363400003630000019
:1069dc003038000064610000373900006630000078
:1069ec003030000032310000303200003030000016
:1069fc0030330000390a00003a3100003039000011
:106a0c0038310000303000003065000031380000b3
:106a1c006635000035300000303000006630000074
:106a2c00303300006130000030380000323000009c
:106a3c0031370000383000003030000030300000ba
:106a4c00326200006530000030370000660a00003a
:106a5c003a3100003039000038320000303000008c
:106a6c00303100003031000031380000303000008f
:106a7c003038000030380000303600003130000073
:106a8c00306600006466000066330000323000009f
:106a9c003061000032300000353200003030000030
:106aac0030340000310a00003a3100003039000067
:106abc00383300003030000030320000323100003a
:106acc003138000038300000303000003331000025
:106adc003032000030300000303100003231000024
:106aec0031380000303000003038000032380000ff
:106afc00303600003130000030330000340a000022
:106b0c003a310000303900003834000030300000d9
:106b1c00306600006466000066330000323000000e
:106b2c00303000003430000030620000653000006e
:106b3c00303000003030000030660000653000005e
:106b4c003036000030310000316200003830000077
:106b5c0030300000310a00003a31000030390000ba
:106b6c003835000030300000303100003330000088
:106b7c00303300003730000030300000303000007f
:106b8c00326200006530000030310000333100000b
:106b9c003138000030300000303800003330000055
:106bac00303600003130000030370000360a00006b
:106bbc003a31000030390000383600003030000027
:106bcc00306600006466000066330000323000005e
:106bdc0030300000343000003062000065300000be
:106bec00303600003230000034320000303000000b
:106bfc0030320000323100003138000038300000f3
:106c0c0030630000370a00003a31000030390000d0
:106c1c0038370000303000003036000030310000d2
:106c2c003162000038300000303100003530000097
:106c3c003033000037300000303200006633000083
:106c4c00613900003730000030360000313200006e
:106c5c00336200003830000030330000370a000087
:106c6c003a31000030390000383800003030000074
:106c7c0030660000363900003739000066300000fd
:106c8c0030380000373900006639000066300000eb
:106c9c003030000035300000303300003730000059
:106cac00303100003730000030320000303000004e
:106cbc0030370000340a00003a310000303900004f
:106ccc0038390000303000003063000037610000bc
:106cdc006639000066300000303400006661000048
:106cec00633900003730000030650000313000009f
:106cfc006635000034300000303000006230000097
:106d0c00303300006130000030390000380a0000d8
:106d1c003a3100003039000038610000303000009a
:106d2c0030300000353100003032000030300000cf
:106d3c00303000003030000033620000653000005d
:106d4c0030310000393100003138000030300000a3
:106d5c003038000039380000303600003230000086
:106d6c0030610000640a00003a3100003039000044
:106d7c0038620000303000003066000064660000ad
:106d8c006633000032300000303000003630000036
:106d9c0030620000653000003062000034300000ca
:106dac00343200003030000030320000343100004a
:106dbc00313800003830000030320000310a000059
:106dcc003a310000303900003863000030300000e8
:106ddc0030300000303000003265000062300000be
:106dec0030380000343000003237000038300000fa
:106dfc003033000038660000633300003730000089
:106e0c0030300000353100003032000030300000ee
:106e1c0030300000640a00003a31000030390000c4
:106e2c00386400003030000030300000303000009a
:106e3c003362000065300000303100006131000029
:106e4c00313800003030000030380000613800006c
:106e5c0030360000323000003066000064660000fe
:106e6c00663300003230000030380000320a000077
:106e7c003a31000030390000386500003030000035
:106e8c003030000036300000306200006530000009
:106e9c003036000034300000343200003030000056
:106eac00303200003431000031380000383000003e
:106ebc0030300000303000003265000062300000dd
:106ecc0030380000320a00003a310000303900003e
:106edc0038660000303000003038000034300000dc
:106eec003237000038300000303200006466000099
:106efc00633300003730000030650000323800008a
:106f0c006635000032300000303000006230000086
:106f1c00303300006130000030300000320a0000d5
:106f2c003a310000303900003930000030300000b8
:106f3c0030300000353100003032000030300000bd
:106f4c00303000003030000033620000653000004b
:106f5c003031000062310000313800003030000068
:106f6c00303800006238000030360000323000004b
:106f7c0030340000380a00003a310000303900008b
:106f8c0039310000303000003066000064660000cb
:106f9c006633000032300000303000003630000024
:106fac0030620000653000003065000034300000b5
:106fbc003432000030300000303200003431000038
:106fcc00313800003830000030390000300a000041
:106fdc003a31000030390000393200003030000006
:106fec0030300000303000003265000062300000ac
:106ffc0030380000343000003237000038300000e8
:10700c00303200003066000063330000373000007f
:10701c00303000003030000032650000623000007b
:10702c0030300000630a00003a31000030390000b3
:10703c003933000030300000306500003338000078
:10704c00663500003230000030310000646600000c
:10705c006333000061300000303000003531000037
:10706c003032000030300000303000003030000092
:10707c00336200006530000030310000610a00000e
:10708c003a31000030390000393400003030000053
:10709c003031000063310000313800003030000026
:1070ac003038000063380000303600003230000009
:1070bc003066000064660000663300003230000069
:1070cc0030300000363000003062000065300000c7
:1070dc0030300000610a00003a3100003039000005
:1070ec0039350000303000003038000034300000fa
:1070fc0035320000303000003032000034310000f6
:10710c0031380000383000003030000030300000e2
:10711c00326500006230000030380000343000006e
:10712c00323700003830000030620000360a0000b0
:10713c003a310000303900003936000030300000a0
:10714c00303100003266000063330000373000003d
:10715c0030310000356100006561000038300000fe
:10716c0030310000346500006561000038300000eb
:10717c003031000035380000656100003830000007
:10718c0030350000320a00003a310000303900007e
:10719c00393700003030000030310000356300001a
:1071ac0065610000383000003038000030300000dd
:1071bc00366500006230000030640000646100003d
:1071cc0037390000663000003033000035300000e5
:1071dc00303200003030000030370000330a00003d
:1071ec003a310000303900003938000030300000ee
:1071fc003064000064660000663300003730000025
:10720c00303100003561000065610000383000004d
:10721c00303100003465000065610000383000003a
:10722c003031000035380000656100003830000056
:10723c0030360000340a00003a31000030390000ca
:10724c003939000030300000303100003563000067
:10725c006561000038300000303000003030000034
:10726c0032650000623000003064000034610000c0
:10727c003739000066300000303300003530000034
:10728c00303200003030000030650000300a000061
:10729c003a31000030390000396100003030000014
:1072ac0030640000356600006633000037300000a3
:1072bc00303100003561000065610000383000009d
:1072cc00303100003465000065610000383000008a
:1072dc0030310000353800006561000038300000a6
:1072ec0030340000630a00003a31000030390000ed
:1072fc00396200003030000030310000356300008e
:10730c00656100003830000030380000303000007b
:10731c00326500006230000030640000356100000e
:10732c003739000066300000303300003530000083
:10733c00303200003030000030330000660a0000ac
:10734c003a31000030390000396300003030000061
:10735c0030630000646600006633000037300000c4
:10736c0030310000356100006561000038300000ec
:10737c0030310000346500006561000038300000d9
:10738c0030310000353800006561000038300000f5
:10739c0030330000340a00003a310000303900006c
:1073ac0039640000303000003031000035630000db
:1073bc0065610000383000003030000030300000d3
:1073cc00336500006230000030640000366100005c
:1073dc0037390000663000003033000035300000d3
:1073ec00303200003030000030390000640a0000f8
:1073fc003a310000303900003965000030300000af
:10740c003063000035660000663300003730000042
:10741c00303100003561000065610000383000003b
:10742c003031000034650000656100003830000028
:10743c003031000035380000656100003830000044
:10744c0030310000630a00003a310000303900008e
:10745c003966000030300000303100003563000028
:10746c00656100003830000030380000303000001a
:10747c0033650000623000003064000037610000aa
:10748c003739000066300000303300003530000022
:10749c00303200003030000030660000630a00001b
:1074ac003a3100003039000061300000303000000b
:1074bc003062000064660000663300003730000064
:1074cc00303100003561000065610000383000008b
:1074dc003031000034650000656100003830000078
:1074ec003031000035380000656100003830000094
:1074fc0030300000330a00003a310000303900000f
:10750c006131000030300000303100003563000084
:10751c006561000038300000303000003030000071
:10752c0034650000623000003064000038610000f7
:10753c003739000066300000303300003530000071
:10754c00303200003030000030350000390a0000c5
:10755c003a31000030390000613200003030000058
:10756c0030620000356600006633000037300000e2
:10757c0030310000356100006561000038300000da
:10758c0030310000346500006561000038300000c7
:10759c0030310000353800006561000038300000e3
:1075ac0030650000620a00003a31000030390000fa
:1075bc0061330000303000003031000035630000d2
:1075cc0065610000383000003038000030300000b9
:1075dc003465000062300000306400003961000046
:1075ec0037390000663000003033000035300000c1
:1075fc00303200003030000030620000380a0000e9
:10760c003a310000303900006134000030300000a5
:10761c003061000064660000663300003730000003
:10762c003031000035610000656100003830000029
:10763c003031000034650000656100003830000016
:10764c003031000035380000656100003830000032
:10765c0030640000330a00003a3100003039000079
:10766c00613500003030000030310000356300001f
:10767c006561000038300000303000003030000010
:10768c00356500006230000030640000616100006c
:10769c003739000066300000303300003530000010
:1076ac00303200003030000030310000360a00006b
:1076bc003a310000303900006136000030300000f3
:1076cc003061000035660000663300003730000082
:1076dc003031000035610000656100003830000079
:1076ec003031000034650000656100003830000066
:1076fc003031000035380000656100003830000082
:10770c0030620000620a00003a310000303900009b
:10771c00613700003030000030310000356300006c
:10772c006561000038300000303800003030000057
:10773c0035650000623000003064000062610000ba
:10774c00373900006630000030330000353000005f
:10775c00303200003030000030370000350a0000b5
:10776c003a31000030390000613800003030000040
:10777c0030390000646600006633000037300000ca
:10778c0030310000356100006561000038300000c8
:10779c0030310000346500006561000038300000b5
:1077ac0030310000353800006561000038300000d1
:1077bc0030610000330a00003a310000303900001b
:1077cc0061390000303000003031000035630000ba
:1077dc0065610000383000003030000030300000af
:1077ec003665000062300000306400006361000008
:1077fc0037390000663000003032000035300000b0
:10780c00303200003030000030650000330a0000d8
:10781c003a31000030390000616100003030000066
:10782c003039000035660000663300003730000048
:10783c0030300000303000003030000030300000bc
:10784c0030300000303000003030000030300000ac
:10785c00303000003030000030300000303000009c
:10786c0030650000620a00003a3000003030000041
:10787c00303000003030000031460000460000007f
:020000040000fa
:10788c003805fa00889fbe008a9fbe008c9fbe0000
:10789c008004eb002b5120000b05470064014500d0
:1078ac008052200002377800e8024500c3522000c5
:1078bc0005b77900614eb9007660b8006479240090
:1078cc0000044200a10f24000a0078002896020050
:1078dc00010000008b0247000a000900351c7800eb
:1078ec006801b1006c66b800c8fc24000c044400ac
:1078fc0061cf23000a0078009a9602000100000074
:10790c001a0078009a009000009cbe008352200060
:10791c006e8279001401780094019000029cbe00e4
:10792c00c5522000ee867a003d1c78002d1478009c
:10793c008904e800e38f5400deff3a006000210068
:10794c00a0758a0060182100b0758a00602421009f
:10795c00c0758a00a0382100d0758a00e0e72c00a1
:10796c0011002000e0758a00f1758a00c0db2c0044
:10797c001100200040768a0051768a00a0cf2c009e
:10798c001100200060768a0071768a0080c32c007a
:10799c001100200000768a0011768a0060b72c0056
:1079ac001100200020768a0031768a0040ab2c0032
:1079bc001100200080768a0091768a00209f2c008e
:1079cc0011002000a0768a00b1768a0000932c006a
:1079dc0011002000c0768a00d1768a00e0862c0047
:1079ec0011002000e0768a00f1768a00c07a2c0023
:1079fc001100200000778a0011778a00e04c2100ea
:107a0c0040b68800a0712c001100200050b68800f0
:107a1c0061b688000006200000808800300f20002e
:107a2c00e14f210011006000e20f5000060032000f
:107a3c0011032000810f50002c0032000000e000e8
:107a4c00610032008d00370010002000707c8a002d
:107a5c00c0b688000090200020808800c000200064
:107a6c0010418a00d0448a00e08424001000a10058
:107a7c00608c24001000a100020c20000e014100bb
:107a8c0030002000010020009a8402000100000058
:107a9c007eb890000010a00070bf98000e01780016
:107aac0030002000010020009a8402000100000038
:107abc00020420000e0141003000200001002000d3
:107acc009a84020001000000fe1890000110a00032
:107adc00711f98007e3990000210a000723f980030
:107aec006009200080af880064003700400020004f
:107afc00707c8a00c0b6880000202100208088009d
:107b0c00020c20000e01410030002000010020007a
:107b1c009a84020001000000feb990000310a0003e
:107b2c0073bf9800c0af80000000e0002300340059
:107b3c000004eb00897d24008c5f21006140b900ba
:107b4c0082072000828bb9000202b8008502430034
:107b5c00a404b0000580b00004824400c3002000df
:107b6c00030a7800060278000201b8008301420083
:107b7c006207b0000380b000028144001200a10033
:107b8c00460ddd00ca05de008b0575004605dd00df
:107b9c000a01470030002000010020009a840200f6
:107bac0001000000ea03b0000a0047001010a0001a
:107bbc000804e8009c0f1400e0ff3c00803e20000d
:107bcc0080af88002d0037000000eb00707c8a002d
:107bdc00c0b688000048200020808800c00020002b
:107bec0010418a00d0448a00e08424001000a100d7
:107bfc00608c24001000a100020c20000e0141003a
:107c0c0030002300610020009a8402000100000073
:107c1c007eba90000410a00074bf98000e0178008a
:107c2c0030002300610020009a8402000100000053
:107c3c00020420000e0141003000230061002000ee
:107c4c009a84020001000000fe1a90000510a000aa
:107c5c00751f98007e3b90000610a000763f9800a0
:107c6c0000808000cf00de00008040000080d1004a
:107c7c0000808800803e200080af8800c0af80006c
:107c8c000000e000150034000004eb004915200052
:107c9c00ac4f21008d7d24006145b9000950b8001e
:107cac00021020000e01410000004100be540200f1
:107cbc0001000000800720000050b8000d004000bb
:107ccc009c007800e0370200010000000804e80086
:107cdc00835f2100930f1400efff3c002080800095
:107cec002ee002000100000040eb2400b2a50200cf
:107cfc000000000080682100b02602000100000096
:107d0c008000eb000030200010d5020001000000c4
:107d1c000c1020000e0646008c0678006c00460005
:107d2c006102b800c65220000e034300041b780009
:107d3c000513780023eb2300e2652100014e21009e
:107d4c00a05121008eac02000100000050af800059
:107d5c00cf80de0012022000820f5000e08f58000e
:107d6c00a8093e0000060100210037006900370019
:107d7c009a003700af0137009c02370048033700e8
:107d8c006e033700be033700da0337007204370086
:107d9c00e50437009b0937005d053700740937008f
:107dac00840937008d09370094093700950937008d
:107dbc003b0237002e01370004063700a1043700c0
:107dcc0080063700a4063700d80637001e08370097
:107ddc006e073700d0073700fc073700450837001f
:107dec0088093700f80637003c0737004b07370087
:107dfc001000200060af880000802000c1602100ce
:107e0c0011006000040032000100780010b0a100e5
:107e1c00c000200060af880000802000e1602100dd
:107e2c0011006000040032000100780010b0a100c5
:107e3c009001200060af880000402000e16021002c
:107e4c0011006000040032000100780010a0a100b5
:107e5c00a001200060af880070b080000098a300e3
:107e6c00020032006101200061af8800010820008f
:107e7c00c260210092806000040032008200780011
:107e8c001170a100f100200061af880001102000ea
:107e9c00c2602100928060000400320082007800f1
:107eac001180a1000101200061af88000038a300ff
:107ebc0011003200d0ae8000e1ae8000e00f500027
:107ecc00e08f580008003200625721003202100087
:107edc00a2821800027c220093002000820f520024
:107eec00838f5a0004003600e06021001030a1009e
:107efc00d000200060af880000202000c16021006d
:107f0c00110060008bff3200d000200060af8800b1
:107f1c0088ff370090af80000000e00003003400c1
:107f2c00004e210054b8020001000000b0f28100a4
:107f3c000000e00010003400c84f20000804470087
:107f4c002ad3230069502000890447006be52300e5
:107f5c008a00780008007800a49902000100000053
:107f6c0098007800190078009a9702000100000030
:107f7c001b00e000f6ff3c000210a900028080000c
:107f8c0051f38100f0f28100f2dd020001000000eb
:107f9c00b4dd020001000000208080002ee0020011
:107fac000100000000082000e160210011006000c9
:107fbc0005003200010078001070a1004001200083
:107fcc0060af88005bff37002000200060af8800a6
:107fdc00006121001020a10056ff37000000220094
:107fec00c160210011006000140032000100780013
:107ffc0010d0a10040c3b300c34f20008301470041
:10800c0080497800e2c2b300d14f200002f778001b
:10801c00e14f200000f7780031c3b300f04f20008f
:10802c0001777800440020000041eb00e1c0b30070
:10803c00e0652100de8c020001000000e2652100f9
:10804c00014e2100a051210050fe02000000000052
:10805c00300f2000e14f210011006000e20f5000b2
:10806c001e00320011032000810f5000030032006b
:10807c000000e0003100320042003700c0fc240058
:10808c00801f780040eb2400801f7800a70f24008d
:10809c00261424006579240024d32300837d240036
:1080ac0062132400014e2100a0512100aaec020011
:1080bc00000000008c027800e46521000394240089
:1080cc00221424008e007800a05121007cf60200be
:1080dc0000000000e48757002a003700c0fc240091
:1080ec00801f780040eb2400801f7800a70f24002d
:1080fc00261424006579240024d32300837d2400d6
:10810c0062132400014e2100a0512100c0eb02009b
:10811c00000000008c027800e46521000394240028
:10812c00221424008e007800a05121007cf602005d
:10813c0000000000e487570012003700a70f24004e
:10814c00261424006579240024d32300837d240085
:10815c006213240041eb2400a05121008aee02009e
:10816c00000000008c027800e465210003942400d8
:10817c00221424008e007800a05121007cf602000d
:10818c000000000063952400a2512100014e210043
:10819c00e065210090fb020000000000136eab00b4
:1081ac0009003200615f21001100e80080087800ae
:1081bc0081af8000810f500003003400b1af880004
:1081cc00e06021001080a00000022000e16021008e
:1081dc00110060000d003200010078009000780062
:1081ec000150a10004a62e000500200063572100b9
:1081fc00e25a21003319420023914a000100a000e9
:10820c00010878003001200060af8800e060210098
:10821c00100078007000600004003200e060210063
:10822c001040a100c05e21000008eb0000102000ef
:10823c00e1602100110060000400320001007800b0
:10824c001080a1008000200060af88000000220098
:10825c00e160210011006000b6fe320001007800e0
:10826c0010d0a100f001200060af8800b1fe3700f3
:10827c00300f2000e14f210011006000e20f500090
:10828c001e00320011032000810f50000300320049
:10829c000000e0003100320042003700c0fc240036
:1082ac00801f780040eb2400801f7800a70f24006b
:1082bc00261424006579240024d32300837d240014
:1082cc0062132400014e2100a0512100aaec0200ef
:1082dc00000000008c027800e46521000394240067
:1082ec00221424008e007800a05121007cf602009c
:1082fc0000000000e48757002a003700c0fc24006f
:10830c00801f780040eb2400801f7800a70f24000a
:10831c00261424006579240024d32300837d2400b3
:10832c0062132400014e2100a0512100c0eb020079
:10833c00000000008c027800e46521000394240006
:10834c00221424008e007800a05121007cf602003b
:10835c0000000000e487570012003700a70f24002c
:10836c00261424006579240024d32300837d240063
:10837c006213240041eb2400a05121008aee02007c
:10838c00000000008c027800e465210003942400b6
:10839c00221424008e007800a05121007cf60200eb
:1083ac0000000000f0f38100e10f50001b003400ce
:1083bc002851200061e723000e004400289602009b
:1083cc0001000000e50c2400080347000a00090026
:1083dc00b61a7800b4a78000d3a78000c2a780008b
:1083ec00010c20008e804000e00c2400865d020011
:1083fc0001000000f687470076845700e00c24004b
:10840c000a000900301c78006801b10020eb230041
:10841c00fe970200010000008807780030068200f9
:10842c000000e00043fe34003000200060af880004
:10843c0040fe3700300f2000e14f2100110060009a
:10844c00e20f50001e00320011032000810f50007b
:10845c00030032000000e00031003200420037001f
:10846c00c0fc2400801f780040eb2400801f7800a3
:10847c00a70f2400261424006579240024d323009c
:10848c00837d240062132400014e2100a0512100a1
:10849c00aaec0200000000008c027800e4652100c8
:1084ac0003942400221424008e007800a051210093
:1084bc007cf6020000000000e48757002a00370019
:1084cc00c0fc2400801f780040eb2400801f780043
:1084dc00a70f2400261424006579240024d323003c
:1084ec00837d240062132400014e2100a051210041
:1084fc00c0eb0200000000008c027800e465210053
:10850c0003942400221424008e007800a051210032
:10851c007cf6020000000000e487570012003700d0
:10852c00a70f2400261424006579240024d32300eb
:10853c00837d24006213240041eb2400a051210010
:10854c008aee0200000000008c027800e465210035
:10855c0003942400221424008e007800a0512100e2
:10856c007cf6020000000000f0f381000000e00047
:10857c0045003400e06021001060a000285120006c
:10858c0061e723000e004400289602000100000061
:10859c00e10c2400080147000a000900b218780019
:1085ac0010d82400c3c0b30090cf11001d003a00b6
:1085bc00000e24001010a000a1952400e00d240052
:1085cc0011487800b1952400f00d24001148780072
:1085dc00809524001082e90004087800000d240026
:1085ec000008eb004240a9000e0034000000eb0034
:1085fc0061952400648440008004eb006683400095
:10860c008003eb006101b9008800410006014100c4
:10861c00924878000000e800800f5200f9ff3c00ff
:10862c0084068a00d4a78000c3a78000020c200017
:10863c000e01410061952400e00c2400145d020041
:10864c0001000000a05c2100c14a82004f8ade00bc
:10865c001098400010104a00f687470076845700a7
:10866c00e50c24000a000900351c78006801b100f3
:10867c0020eb2300fe9702000100000020d824000c
:10868c0010a0a1008807780030068200e10f50008e
:10869c00a8fd34002001200060af8800a5fd370044
:1086ac00300f2000e14f210011006000e20f50005c
:1086bc001e00320011032000810f50000300320015
:1086cc000000e0003100320042003700c0fc240002
:1086dc00801f780040eb2400801f7800a70f240037
:1086ec00261424006579240024d32300837d2400e0
:1086fc0062132400014e2100a0512100aaec0200bb
:10870c00000000008c027800e46521000394240032
:10871c00221424008e007800a05121007cf6020067
:10872c0000000000e48757002a003700c0fc24003a
:10873c00801f780040eb2400801f7800a70f2400d6
:10874c00261424006579240024d32300837d24007f
:10875c0062132400014e2100a0512100c0eb020045
:10876c00000000008c027800e465210003942400d2
:10877c00221424008e007800a05121007cf6020007
:10878c0000000000e487570012003700a70f2400f8
:10879c00261424006579240024d32300837d24002f
:1087ac006213240041eb2400a05121008aee020048
:1087bc00000000008c027800e46521000394240082
:1087cc00221424008e007800a05121007cf60200b7
:1087dc0000000000b0f281000000e00055fd3a00fe
:1087ec004000200060af880052fd3700300f2000a1
:1087fc00e14f210011006000e20f50001e0032001a
:10880c0011032000810f5000030032000000e00033
:10881c003100320042003700c0fc2400801f780079
:10882c0040eb2400801f7800a70f2400261424009e
:10883c006579240024d32300837d24006213240053
:10884c00014e2100a0512100aaec02000000000002
:10885c008c027800e4652100039424002214240087
:10886c008e007800a05121007cf602000000000070
:10887c00e48757002a003700c0fc2400801f7800d2
:10888c0040eb2400801f7800a70f2400261424003e
:10889c006579240024d32300837d240062132400f3
:1088ac00014e2100a0512100c0eb0200000000008d
:1088bc008c027800e4652100039424002214240027
:1088cc008e007800a05121007cf602000000000010
:1088dc00e487570012003700a70f24002614240049
:1088ec006579240024d32300837d240062132400a3
:1088fc0041eb2400a05121008aee02000000000090
:10890c008c027800e46521000394240022142400d6
:10891c008e007800a05121007cf6020000000000bf
:10892c0060b08000f100600056003a000058a300cf
:10893c001100320000612100900078000101d1008b
:10894c000281ea0061016100020141000110a100f5
:10895c0002887000c06021001040a0006157210007
:10896c0052a88000205e2100311841000003eb006a
:10897c0021104b0043003700006121001010a100b2
:10898c00ecdd020001000000114ea900b0ab80002c
:10899c00c1ab8000d0ac8800e1ac8800044c2d0049
:1089ac0015002000225b21000419400005914800ad
:1089bc00e060210010f0a000140ea8002851200047
:1089cc0021eb23000e0044005a9902000100000024
:1089dc0060cd2300880047000a0009003118780098
:1089ec008168210060cd2300dafe02000000000047
:1089fc0040cf2300900078000120a1000110a000be
:108a0c000100a10001087800a7512100064e2100a9
:108a1c00e565210024eb23008368210062cd23004f
:108a2c00e1cb230060ca23002eff020000000000ef
:108a3c00a7512100064e2100e565210024eb2300ff
:108a4c008368210062cd2300a1cc230020cb23001e
:108a5c002eff0200000000000409200053e68100f4
:108a6c00f2e5810091e5810030e581008ad40200b5
:108a7c00010000008000eb000030200010d5020047
:108a8c000100000040cf230010007800620060005d
:108a9c00a8fc32005000200060af8800a5fc370015
:108aac00f0f381000000e000060034006395240020
:108abc00a2512100014e2100e065210090fb020033
:108acc000000000000022000e160210011006000a5
:108adc000d00320001007800900078000150a100d8
:108aec0004a62e000500200063572100e25a210045
:108afc003319420023914a000100a00001087800bc
:108b0c006000200060af880040cf23001000780088
:108b1c006200600087fc3a00b2ab8000c3ab8000ff
:108b2c00e0582100b00f5100a08f590081fc360095
:108b3c007000200060af88007efc3700f0f38100ed
:108b4c000000e00045003400e06021001060a0004f
:108b5c002851200061e723000e00440028960200f3
:108b6c0001000000e20c2400880147000a00090003
:108b7c003319780010d82400c4c0b300904f1200f1
:108b8c001d003a00000e24001010a000a195240036
:108b9c00e00d240011487800b1952400f00d24005c
:108bac0011487800809524001082e90004087800b0
:108bbc00000d24000008eb004240a9000e00340018
:108bcc000000eb0061952400648440008004eb00fd
:108bdc00668340008003eb006101b9008200440011
:108bec0006014100924878000000e800800f520016
:108bfc00f9ff3c0084068a00d4a78000c3a780003c
:108c0c00020c20000e01410061952400e00c2400b0
:108c1c00145d020001000000a05c2100c14a82002a
:108c2c00cf8ade001098400010904a00f68747006b
:108c3c0076845700e60c24000a000900361c7800e4
:108c4c006801b10020eb2300fe9702000100000038
:108c5c0020d8240010a0a100880778000004200070
:108c6c00e16021001100600032fc3200010078004c
:108c7c001060a1005000200060af88002dfc370070
:108c8c00140ea900b0ab8000c1ab8000a3a880007b
:108c9c00225e210000824100e08248000489be006f
:108cac00c26021001240a000225c21003202400070
:108cbc00a2824800a35921003319520023915a0073
:108ccc0090ac8800a1ac8800e0602100e1ff270097
:108cdc0010886000300682000000e00002003400c2
:108cec00e06021001070a000c05e21000008eb00c5
:108cfc0010fc370040cf23001000780062006000a9
:108d0c003c003a0040cf2300900078000130a000d6
:108d1c000140a1000120a1000110a0000100a10050
:108d2c0001087800a7512100064e2100e5652100bd
:108d3c0024eb23008368210062cd2300e1cb2300c8
:108d4c0060ca23002eff020000000000a751210082
:108d5c00064e2100e565210024eb230083682100e9
:108d6c0062cd2300a1cc230020cb23002eff0200d8
:108d7c0000000000ecdd02000100000004092000ee
:108d8c0053e68100f2e5810091e5810030e5810038
:108d9c008ad40200010000008000eb0000302000ab
:108dac0010d5020001000000114ea900b2ab8000ea
:108dbc00c3ab8000d2ac8800e3ac8800044c2d001f
:108dcc0015002000205b210004184100059049008b
:108ddc00e06021009000780001f0a000010878000c
:108dec00140ea800f2ab880003ac88000110a1009f
:108dfc0001087800c060210051ff2f00108860002e
:108e0c0015aea90014eea900158ea90015cea90067
:108e1c00e057210061572100110278009102900067
:108e2c0030015200a0815a000200be0005712200e0
:108e3c00850f5100e08f59000100360015aea800d7
:108e4c0086af2200860f5000e08f580001003600dc
:108e5c0014eea80002ee2200820f5000e08f5800a2
:108e6c0001003600158ea800832c2300830f5000c0
:108e7c00e08f58000100360015cea80004532700df
:108e8c00840f5000e08f5800010036000000fe00f7
:108e9c00136eab002a003a00635f21001301e90056
:108eac00820978004240a90025003c0003017800ab
:108ebc000009eb0042cf23001240a000c2a78000a3
:108ecc00e10f51000f003a0085af2200850f5000d2
:108edc00e08f580002003600e260210012b0a000c2
:108eec0006ee2200860f5000e08f58000500360079
:108efc00e06021009000780001b0a10001a0a0006a
:108f0c0001087800e0572100615721001102780018
:108f1c009102900030015200a0815a00852c230050
:108f2c00850f5100e08f590005003600e0602100ec
:108f3c009000780001a0a1000190a0000108780029
:108f4c00b0af80000000e0007afb3a0090002000f7
:108f5c0060af880077fb37008c1f7800e765210035
:108f6c0066952400e50c240024eb2300030c200060
:108f7c008e81410062e72300014e2100a0512100a7
:108f8c00bef9020000000000e060210010e0a0002b
:108f9c008051210010007800680060008f87e90084
:108fac000000e00024003a0090af80000000e000d8
:108fbc0003003400004e210054b8020001000000f0
:108fcc00b0f281000000e00010003400c84f200017
:108fdc00080447002ad32300695020008904470065
:108fec006be523008a00780008007800a499020041
:108ffc000100000098007800190078009a97020090
:10900c00010000001b00e000f6ff3c000210a9006c
:10901c000280800051f38100f0f28100f2dd020049
:10902c0001000000b4dd020001000000208080007f
:10903c002ee00200010000005001200060af88000b
:10904c003cfb370040cf230010007800620060002a
:10905c0038fb3a002851200021eb23000e0044007d
:10906c005a9902000100000066cd23000800470059
:10907c000a000900301b78008168210060cd2300b4
:10908c00dafe02000000000040cf230090007800c0
:10909c000120a1000110a0000100a100010878002e
:1090ac00a7512100064e2100e565210024eb230089
:1090bc008368210062cd2300e1cb230060ca23002a
:1090cc002eff020000000000a7512100064e2100d7
:1090dc00e565210024eb23008368210062cd230089
:1090ec00a1cc230020cb23002eff020000000000a7
:1090fc000409200053e68100f2e5810091e581002e
:10910c0030e581008ad40200010000008000eb00f1
:10911c000030200010d5020001000000a00020004b
:10912c0060af880003fb3700a0fa240090007800a1
:10913c00617d8a00825f210092017800d3af8800a4
:10914c00110020000109780001087800300f200080
:10915c00e14f210011006000e20f50001e003200b0
:10916c0011032000810f5000030032000000e000ca
:10917c003100320042003700c0fc2400801f780010
:10918c0040eb2400801f7800a70f24002614240035
:10919c006579240024d32300837d240062132400ea
:1091ac00014e2100a0512100aaec02000000000099
:1091bc008c027800e465210003942400221424001e
:1091cc008e007800a05121007cf602000000000007
:1091dc00e48757002a003700c0fc2400801f780069
:1091ec0040eb2400801f7800a70f240026142400d5
:1091fc006579240024d32300837d2400621324008a
:10920c00014e2100a0512100c0eb02000000000023
:10921c008c027800e46521000394240022142400bd
:10922c008e007800a05121007cf6020000000000a6
:10923c00e487570012003700a70f240026142400df
:10924c006579240024d32300837d24006213240039
:10925c0041eb2400a05121008aee02000000000026
:10926c008c027800e465210003942400221424006d
:10927c008e007800a05121007cf602000000000056
:10928c0040cf23001000780062006000a9fa3a0079
:10929c00b0ab8000c1ab8000e25d2100b20f50008a
:1092ac00a28f5800a3fa3600647d8200547d8a0098
:1092bc00d5af8000c5af8800140ea900a3a880000c
:1092cc00225e210000824100e08248000489be0039
:1092dc00c26021001240a000225c2100320240003a
:1092ec00a2824800a35921003319520023915a003d
:1092fc0090ac8800a1ac8800e0602100e1ff270061
:10930c0010886000c05e21000008eb0089fa37006d
:10931c00300f2000e14f210011006000e20f5000df
:10932c001e00320011032000810f50000300320098
:10933c000000e0003100320042003700c0fc240085
:10934c00801f780040eb2400801f7800a70f2400ba
:10935c00261424006579240024d32300837d240063
:10936c0062132400014e2100a0512100aaec02003e
:10937c00000000008c027800e465210003942400b6
:10938c00221424008e007800a05121007cf60200eb
:10939c0000000000e48757002a003700c0fc2400be
:1093ac00801f780040eb2400801f7800a70f24005a
:1093bc00261424006579240024d32300837d240003
:1093cc0062132400014e2100a0512100c0eb0200c9
:1093dc00000000008c027800e46521000394240056
:1093ec00221424008e007800a05121007cf602008b
:1093fc0000000000e487570012003700a70f24007c
:10940c00261424006579240024d32300837d2400b2
:10941c006213240041eb2400a05121008aee0200cb
:10942c00000000008c027800e46521000394240005
:10943c00221424008e007800a05121007cf602003a
:10944c0000000000c060210010b0a100b0ab800093
:10945c00c1ab800030ad880041ad8800e20f400008
:10946c00e08f58000c0036000001eb002553200063
:10947c0002b77a0015a980000353200005b77900c4
:10948c00625a21000303470036027800a6027800d6
:10949c0004195000059158002851200061e7230061
:1094ac000e0044002896020001000000e40c240089
:1094bc00880247000a000900351a78006051210023
:1094cc0010407800e14f500003003200e24f500092
:1094dc0031003a000600370062002000c14e210026
:1094ec00e00c24007ac50200010000002a003700bd
:1094fc00840020001300200003017800010c2000e0
:10950c008e804000e00c2400865d0200010000000b
:10951c00f6874700f6845700e60c24000a00090081
:10952c00b61c78006901b10020eb2300fe97020005
:10953c00010000002851200061e723000e004400c8
:10954c002896020001000000e00c2400880047006f
:10955c000a00090031187800014e2100a095240062
:10956c00145a02000100000088952400000c7800b9
:10957c001400200084017800020c20000e01410030
:10958c0061952400e00c2400145d02000100000031
:10959c00000ceb0089077800f687470076845700ab
:1095ac00e20c24000a000900321c78006801b100aa
:1095bc0020eb2300fe970200010000004000200079
:1095cc0060af880088077800daf93700300f200088
:1095dc00e14f210011006000e20f50001e0032002c
:1095ec0011032000810f5000030032000000e00046
:1095fc003100320042003700c0fc2400801f78008c
:10960c0040eb2400801f7800a70f240026142400b0
:10961c006579240024d32300837d24006213240065
:10962c00014e2100a0512100aaec02000000000014
:10963c008c027800e4652100039424002214240099
:10964c008e007800a05121007cf602000000000082
:10965c00e48757002a003700c0fc2400801f7800e4
:10966c0040eb2400801f7800a70f24002614240050
:10967c006579240024d32300837d24006213240005
:10968c00014e2100a0512100c0eb0200000000009f
:10969c008c027800e4652100039424002214240039
:1096ac008e007800a05121007cf602000000000022
:1096bc00e487570012003700a70f2400261424005b
:1096cc006579240024d32300837d240062132400b5
:1096dc0041eb2400a05121008aee020000000000a2
:1096ec008c027800e46521000394240022142400e9
:1096fc008e007800a05121007cf6020000000000d2
:10970c0021eb2300c04f2000000047005a990200b3
:10971c0001000000f0f38100e10f50001b00340049
:10972c002851200061e723000e0044002896020017
:10973c0001000000e30c2400080247000a000900a5
:10974c00b4197800b4a78000d3a78000c2a780000a
:10975c00010c20008e804000e00c2400865d02008d
:10976c0001000000f687470076845700e50c2400c2
:10977c000a000900351c78006801b10020eb2300b9
:10978c00fe9702000100000088077800f68747006a
:10979c0076845700c04f2000000347000a000900e0
:1097ac00361c78006801b10020eb2300fe97020004
:1097bc00010000002001200060af880088077800bd
:1097cc005cf93700b0ab8000c1ab8000225921009e
:1097dc0032025000a28258000401be00853e2000d7
:1097ec00850f5100e08f590052f93600114ea90037
:1097fc00d0ac8800e1ac8800044c2d001500200092
:10980c00225b21000419400005914800e060210012
:10981c0010f0a000140ea8008c1f7800e765210042
:10982c0066952400e50c240024eb2300030c200097
:10983c008e81410062e72300014e2100a0512100de
:10984c00bef90200000000007001200060af88002b
:10985c008f87e90037f937002851200021eb2300ce
:10986c000e0044005a9902000100000066cd23004e
:10987c00080047000a000900301b780081682100ad
:10988c0060cd2300dafe02000000000040cf230070
:10989c00900078000120a1000110a0000100a1009f
:1098ac0001087800a7512100064e2100e565210032
:1098bc0024eb23008368210062cd2300e1cb23003d
:1098cc0060ca23002eff020000000000a7512100f7
:1098dc00064e2100e565210024eb2300836821005e
:1098ec0062cd2300a1cc230020cb23002eff02004d
:1098fc00000000000409200053e68100f2e581001d
:10990c0091e5810030e581008ad40200010000005d
:10991c008000eb000030200010d502000100000098
:10992c008001200060af880002f93700136eab0095
:10993c0002003200e06021001090a100300682008d
:10994c000000e000fbf83a0040cf23001000780044
:10995c0062006000f7f83a00b0ab8000c1ab800049
:10996c00e2582100b20f5000a28f5800f1f83600d7
:10997c00140ea900a3a88000225e210000824100e1
:10998c00e08248000489be00c26021001240a000a1
:10999c00225c210032024000a2824800a35921001f
:1099ac003319520023915a0090ac8800a1ac880066
:1099bc00e0602100e1ff270010886000c05e2100fc
:1099cc000008eb00dbf8370040cf230010007800d4
:1099dc00620060003e003a0040cf23009000780007
:1099ec000130a0000140a100821b2000e2b68800db
:1099fc000120a1000110a0000100a10001087800c5
:109a0c00a7512100064e2100e565210024eb23001f
:109a1c008368210062cd2300e1cb230060ca2300c0
:109a2c002eff020000000000a7512100064e21006d
:109a3c00e565210024eb23008368210062cd23001f
:109a4c00a1cc230020cb23002eff0200000000003d
:109a5c00ecdd0200010000000409200053e6810047
:109a6c00f2e5810091e5810030e581008ad40200a5
:109a7c00010000008000eb000030200010d5020037
:109a8c0001000000114ea900b2ab8000c3ab8000f6
:109a9c00d2ac8800e3ac8800044c2d0015002000eb
:109aac00205b21000418410005904900e060210072
:109abc009000780001f0a00001087800140ea800b6
:109acc00f2ab880003ac88000110a10001087800fb
:109adc000002200060af880096f83700e0572100a4
:109aec006157210011027800910290003001520060
:109afc00a0815a0050b080008000eb00800f510014
:109b0c00818f59008bf8360040cf23001040a00005
:109b1c001002200060af880086f8370040cf230089
:109b2c00100078006200600082f83a00140ea90060
:109b3c00b0ab8000c1ab8000a3a88000225e2100e6
:109b4c0000824100e08248000489be00c26021000e
:109b5c001240a000225c210032024000a282480088
:109b6c00a35921003319520023915a0090ac88005c
:109b7c00a1ac8800e0602100e1ff270010886000a4
:109b8c00c05e21000008eb006af83700b0ab800023
:109b9c00c1ab80002259210032025000a282580031
:109bac000401be00853e2000850f5100e08f590056
:109bbc0060f83600114ea900d0ac8800e1ac8800ea
:109bcc00044c2d0015002000225b210004194000dc
:109bdc0005914800e060210010f0a000140ea800d0
:109bec002851200061e723000e0044002896020053
:109bfc0001000000e60c2400080047000a000900e0
:109c0c00301b7800d3a78000c2a78000010c200075
:109c1c008e804000e00c2400525d02000100000028
:109c2c00f6874700f6845700e10c24000a0009006f
:109c3c00b11c78006901b10020eb2300fe970200f3
:109c4c000100000021eb23000e0044005a99020091
:109c5c000100000062cd2300880147000a000900c2
:109c6c00331978008168210060cd2300dafe0200f0
:109c7c000000000040cf2300900078000120a100dc
:109c8c000110a0000100a10001087800a7512100db
:109c9c00064e2100e565210024eb2300836821009a
:109cac0062cd2300e1cb230060ca23002eff02000b
:109cbc0000000000a7512100064e2100e56521009f
:109ccc0024eb23008368210062cd2300a1cc230068
:109cdc0020cb23002eff020000000000040920000e
:109cec0053e68100f2e5810091e5810030e58100c9
:109cfc008ad40200010000008000eb00003020003c
:109d0c0010d5020001000000b001200060af8800f7
:109d1c008907780007f83700f0f381000000e000b5
:109d2c001a0034002851200061e723000e00440083
:109d3c002896020001000000e40c24008802470071
:109d4c000a000900351a7800d3a78000c2a780004a
:109d5c00010c20008e804000e00c2400525d0200bb
:109d6c0001000000f687470076845700e60c2400bb
:109d7c000a000900361c78006801b10020eb2300b2
:109d8c00fe9702000100000088077800a05921000e
:109d9c0061572100110278009102900030015200ad
:109dac00a0815a0000982a0031002000800f510039
:109dbc00818f590002003e00136eab00ddf73200bc
:109dcc00c001200060af8800daf73700300682004f
:109ddc000000e000d7f73a0040cf230010007800d5
:109dec0062006000d3f73a00140ea900b0ab8000fb
:109dfc00c1ab8000a3a88000225e2100008241003c
:109e0c00e08248000489be00c26021001240a0001c
:109e1c00225c210032024000a2824800a35921009a
:109e2c003319520023915a0090ac8800a1ac8800e1
:109e3c00e0602100e1ff270010886000c05e210077
:109e4c000008eb00bbf7370090af80000000e0008b
:109e5c0003003400004e210054b802000100000041
:109e6c00b0f281000000e00010003400c84f200068
:109e7c00080447002ad323006950200089044700b6
:109e8c006be523008a00780008007800a499020092
:109e9c000100000098007800190078009a970200e1
:109eac00010000001b00e000f6ff3c000210a900be
:109ebc000280800051f38100f0f28100f2dd02009b
:109ecc0001000000b4dd02000100000020808000d1
:109edc002ee0020001000000b0ab8000c1ab80009e
:109eec0030ac880041ac8800d001200060af880005
:109efc0090f73700300f2000e14f21001100600077
:109f0c00e20f50001e00320011032000810f5000a0
:109f1c00030032000000e000310032004200370044
:109f2c00c0fc2400801f780040eb2400801f7800c8
:109f3c00a70f2400261424006579240024d32300c1
:109f4c00837d240062132400014e2100a0512100c6
:109f5c00aaec0200000000008c027800e4652100ed
:109f6c0003942400221424008e007800a0512100b8
:109f7c007cf6020000000000e48757002a0037003e
:109f8c00c0fc2400801f780040eb2400801f780068
:109f9c00a70f2400261424006579240024d3230061
:109fac00837d240062132400014e2100a051210066
:109fbc00c0eb0200000000008c027800e465210078
:109fcc0003942400221424008e007800a051210058
:109fdc007cf6020000000000e487570012003700f6
:109fec00a70f2400261424006579240024d3230011
:109ffc00837d24006213240041eb2400a051210036
:10a00c008aee0200000000008c027800e46521005a
:10a01c0003942400221424008e007800a051210007
:10a02c007cf6020000000000415f21001100e800f6
:10a03c0080087800815f2100910f500002003900e8
:10a04c00405f21000008eb00a4af80006121b80044
:10a05c00c02120000010b80062352400020040002e
:10a06c001000e00048003400285120008002eb0072
:10a07c00c02120000022b8002114240081004200dd
:10a08c000e0044005a9902000100000001942400c3
:10a09c00080147000a000900b2187800495f210046
:10a0ac0099017800c619dd000a9424008301470049
:10a0bc0002012000414a82001a0078002c8902001b
:10a0cc0001000000190078006102b80086522000df
:10a0dc000e034300041b780005137800481520007c
:10a0ec00960178000818b800000047006002910043
:10a0fc00f0029100465320000e034300041b78002d
:10a10c00051378000a007800a05602000100000038
:10a11c0086522000ee017b00081ab800c410b00073
:10a12c0084004700445320000e02420034017800a2
:10a13c00a40178004f83de000202400083024b0032
:10a14c008488be00190078008000eb000801b8007c
:10a15c008210b00002014700334a8200c419dd00ae
:10a16c000800b8008010b00000004700cf98de0057
:10a17c0030994100209148009a007800a04a820052
:10a18c006897020001000000b0ab8000c1ab8000fa
:10a19c00a258210032025000a28258000401be00d5
:10a1ac00853e2000850f5100e08f59005d00360080
:10a1bc0050ac880061ac880062582100320250001b
:10a1cc00a28258000400be00b55d2000850f50002f
:10a1dc00e08f580005003e00c6af80000000eb0089
:10a1ec000600e00006003c00430037000004eb00d2
:10a1fc00c0af80000000e00018003c003e003700bb
:10a20c0047152000688446008004eb006022b800eb
:10a21c008d0178008152200003b77800cd522000c8
:10a22c008e8646003d017800ad0178000205be0027
:10a23c000781b900880041008488be000a014100f2
:10a24c000489be000000e800860f5000f8ff3a00b9
:10a25c0082522000ee067900e4ff37006880460049
:10a26c006101b800845220000e024200021a7800ec
:10a27c00031278002a4f21008995240042152000f2
:10a28c0002c1b900c65220006e027b00840041005e
:10a29c00855220006e827a0002004200880178000c
:10a2ac001103780091039000100278009002900046
:10a2bc001a417800c14e2100a0952400a458020038
:10a2cc0001000000800c780000027800a3952400a7
:10a2dc000041eb0082407800e0652100de8c02003a
:10a2ec0001000000800ceb000804e800c0af800007
:10a2fc00880f5000e1ff3c00027d2000030020008d
:10a30c0061572100605b2100311841002190490008
:10a31c00158eab0002003200158ea900010037002b
:10a32c00158ea80060582100615721001102780099
:10a33c009102900030015200a0815a00007c220052
:10a34c0091002000800f5100818f590002003e00c7
:10a35c00136eab0077f63200ecdd0200010000005a
:10a36c00158ea900c05e21000008eb0071f63700c5
:10a37c00ecdd02000100000082702100014e210082
:10a38c00a051210050ea0200000000000030200023
:10a39c00c1602100110060000300320000012000a8
:10a3ac0060af880063f63700c05e21000008eb0048
:10a3bc0060f63700ecdd0200010000008270210025
:10a3cc00014e2100a051210030eb020000000000e2
:10a3dc00c05e21000008eb0056f63700e065210056
:10a3ec006e770200010000004f06be004f05be0054
:10a3fc004f04be000080fa00000006000000fe00c2
:10a40c004cf637000000fe004af63700841afa00ba
:10a41c00889fbe008a9fbe008c9fbe0060002100fa
:10a42c00206c8a0060182100306c8a0060242100a6
:10a43c00406c8a00a0382100506c8a00e0e72c00a8
:10a44c0011002000606c8a00716c8a00c0db2c004b
:10a45c0011002000c06c8a00d16c8a00a0cf2c00a7
:10a46c0011002000e06c8a00f16c8a0080c32c0083
:10a47c0011002000806c8a00916c8a0060b72c005f
:10a48c0011002000a06c8a00b16c8a0040ab2c003b
:10a49c0011002000006d8a00116d8a00209f2c0095
:10a4ac0011002000206d8a00316d8a0000932c0071
:10a4bc0011002000406d8a00516d8a00e0862c004e
:10a4cc0011002000606d8a00716d8a00c07a2c002a
:10a4dc0011002000806d8a00916d8a00e04c2100f3
:10a4ec0040b68800a0712c001100200050b68800e6
:10a4fc0061b6880042a12100020147003000200013
:10a50c00010020009a8402000100000020a5210017
:10a51c00000047001010a000429d210002014700de
:10a52c0030002000010020009a840200010000008d
:10a53c0020a12100000047001010a000a8a62100b7
:10a54c00a10f24000e004400289602000100000018
:10a55c0060792400880047000a000900311878004f
:10a56c00a10f24000e0044002896020001000000f8
:10a57c00c27a2400880147000a00090033197800c8
:10a58c0061cf23000e0044009a96020001000000e7
:10a59c000e00440030027800b0027800e4748a00a7
:10a5ac00f5748a0030017800b001780002758a00d9
:10a5bc0013758a00100278009002900024758a00ae
:10a5cc0035758a0061cf23000e0044009a96020074
:10a5dc0001000000080078000e00400030017800f7
:10a5ec00b001780042758a0053758a0030027800f9
:10a5fc00b002780064758a0075758a0010017800c5
:10a60c009001900082758a0093758a00c16c2100bc
:10a61c008e8040000e0078004e0102000100000008
:10a62c00c16c21008e80400060b620000000470005
:10a63c004e0102000100000000b0800081b5200036
:10a64c0000b77800e16b210000b7780040b620001d
:10a65c00000047001070a100a06c21000000470012
:10a66c001070a1000006200000808800300f200030
:10a67c00e14f21001100600021082000810f5000e3
:10a68c006400320022003c0031022000810f500097
:10a69c00440032000c003c00e30f5000da003200a2
:10a6ac0003003c00e10f500049013a00eb00370079
:10a6bc00f10f50000001320021022000810f5000e8
:10a6cc0043013a003d00370011042000810f500077
:10a6dc002501320007003c0001032000810f5000cf
:10a6ec00b400320001042000810f500038013a0000
:10a6fc000201370001082000810f50005a0032007f
:10a70c0011082000810f500031013a006a00370017
:10a71c0031092000810f5000b50032000f003c00c1
:10a72c0001092000810f50009c00320004003c0005
:10a73c0031082000810f500025013a0088003700b5
:10a74c0011092000810f50002c003200210920003b
:10a75c00810f50001e013a007b003700310a2000a7
:10a76c00810f5000ce00320007003c00010a20008f
:10a77c00810f500036003200210a2000810f50005a
:10a78c0013013a0046003700010b2000810f5000e6
:10a79c00ac003200110f2000810f50000c013a0068
:10a7ac005400370040b62000000047001060a000a5
:10a7bc00a06c2100000047001060a00030012000b8
:10a7cc00f0728a0040002000c0b6880000202100f2
:10a7dc0020808800c000200010418a00d0448a00ec
:10a7ec00e08424001000a100608c24001000a00064
:10a7fc00803e200080af8800f500370040b6200076
:10a80c00000047001060a000a06c21000000470071
:10a81c001060a00080002000f0728a00c0b6880092
:10a82c000020210020808800c000200010418a00f8
:10a83c00d0448a00e08424001000a100608c240025
:10a84c001000a100803e200080af8800e00037009f
:10a85c0040b62000000047001060a000a06c210052
:10a86c00000047001060a000c0002000f0728a00b9
:10a87c00c0b68800019020002180880010418a0019
:10a88c00d0448a00e08424001000a100608c2400d5
:10a89c001000a100803e200080af8800cc00370063
:10a8ac0040b62000000047001060a000a06c210002
:10a8bc00000047001060a000d0002000f0728a0059
:10a8cc00c0b6880000902000208088006000200026
:10a8dc0010418a00d0448a00e08424001000a100ba
:10a8ec00608c24001000a100803e200080af880006
:10a8fc00b700370040b62000000047001060a000f1
:10a90c00a06c2100000047001060a000e0002000b7
:10a91c00f0728a00c0b68800009020002080880069
:10a92c008000200010418a00d0448a00e08424007a
:10a93c001000a100608c24001000a100803e2000bb
:10a94c0080af8800a200370040b62000000047000e
:10a95c001060a000a06c2100000047001060a00057
:10a96c0090002000f0728a00c0b688000020210000
:10a97c0020808800c000200010418a00d0448a004a
:10a98c00e08424001000a100608c24001000a100c1
:10a99c00803e200080af88008d00370040b620003c
:10a9ac00000047001060a000a06c210000004700d0
:10a9bc001060a00040002000f0728a00c0b6880031
:10a9cc000020210020808800c000200010418a0057
:10a9dc00d0448a00e08424001000a100608c240084
:10a9ec001000a100803e200080af88007800370066
:10a9fc0040b62000000047001060a000a06c2100b1
:10aa0c00000047001060a00010002000f0728a00c7
:10aa1c00c0b688000090200020808800c000200074
:10aa2c0010418a00d0448a00e08424001000a10068
:10aa3c00608c24001000a1006009200080af880009
:10aa4c006300370040b62000000047001060a000f3
:10aa5c00a06c2100000047001060a0000000eb007b
:10aa6c00f0728a00c0b68800004820002080880060
:10aa7c00c000200010418a00d0448a00e0842400e9
:10aa8c001000a100608c24001000a0000003200026
:10aa9c0000808800803e200080af88004c0037008a
:10aaac0040b62000000047001060a000a06c210000
:10aabc00000047001060a00030002000f0728a00f7
:10aacc00c0b688000048200020808800800120004b
:10aadc0010418a00d0448a00e08424001000a100b8
:10aaec00608c24001000a00000032000008088006f
:10aafc00803e200080af88003500370041b6200032
:10ab0c0081004700a06c2100000047001001780074
:10ab1c000260a000910178000360a0000370a00007
:10ab2c00830878000270a00002087800f000200072
:10ab3c00f0728a00c0b68800006020002080880077
:10ab4c009000200010418a00d0448a00e084240048
:10ab5c001000a100608c24001000a000803e20009a
:10ab6c0080af88001a00370041b6200081004700f2
:10ab7c00a06c210000004700100178000260a000ca
:10ab8c00910178000360a0000370a0008308780096
:10ab9c000270a0000208780000012000f0728a0008
:10abac00c0b688000048200020808800600020008b
:10abbc0010418a00d0448a00e08424001000a100d7
:10abcc00608c24001000a000803e200080af880024
:10abdc0040d82400b2a502000000000080682100cb
:10abec00b026020001000000a84f21009800780058
:10abfc00807d2400e03702000100000098007800fe
:10ac0c0000852400e0370200010000008000eb000a
:10ac1c000030200010d502000100000020808000d0
:10ac2c002ee0020001000000aca621008c064700bb
:10ac3c0043a521008304470023eb2300e265210098
:10ac4c00014e2100a05121008eac02000100000039
:10ac5c0050af8000cf80de0014022000840f500023
:10ac6c00e08f5800800b3e000006010021003700e9
:10ac7c006900370098003700c20237008c04370097
:10ac8c00c5053700eb053700fc0537001806370003
:10ac9c00b00637001c073700730b3700220837004b
:10acac004c0b37005c0b3700650b37006c0b370017
:10acbc006d0b37009d033700b9013700550937007c
:10accc00d9063700550a3700760a3700a90a37002b
:10acdc00650b3700640b3700630b3700620b3700d2
:10acec00610b3700600b3700c90a37000d0b3700ba
:10acfc001c0b37001000200060af88000080200083
:10ad0c00c1602100110060000400320001007800d5
:10ad1c0010b0a100c000200060af880000802000af
:10ad2c00e160210011006000040032000100780095
:10ad3c0010b0a1009001200060af880000402000fe
:10ad4c00e160210011006000040032000100780075
:10ad5c0010a0a100a001200060af880070b080009e
:10ad6c000098a300020032006101200061af88004e
:10ad7c0001082000c26021009280600004003200b3
:10ad8c00820078001170a100f100200061af8800f2
:10ad9c0001102000c260210092806000040032008b
:10adac00820078001180a1000101200061af8800b1
:10adbc000038a30011003200d0ae8000e1ae80005c
:10adcc00e00f5000e08f580008003200625721005d
:10addc0032021000a2821800027c22009300200094
:10adec00820f5200838f5a0004003600e06021006d
:10adfc001030a100d000200060af8800002020009f
:10ae0c00c1602100110060008bff3200d0002000d7
:10ae1c0060af880088ff370090af80000000e00032
:10ae2c0003003400004e210054b802000100000061
:10ae3c00b0f281000000e0000e0034002ad32300a1
:10ae4c00e8a52100080447006be523008a00780080
:10ae5c0009007800a4990200010000009900780014
:10ae6c00180078009a970200010000001b00e00017
:10ae7c00f6ff3c000210a9000280800051f3810013
:10ae8c00f0f28100f2dd020001000000b4dd0200ee
:10ae9c0001000000208080002ee002000100000074
:10aeac0000082000e1602100110060000500320064
:10aebc00010078001070a1004001200060af8800f4
:10aecc005dff37002000200060af8800006121008a
:10aedc001020a10058ff370000002200c1602100a3
:10aeec0011006000130032000100780010d0a100a6
:10aefc0040c3b300804c7800e2c2b30051a52100de
:10af0c0002f7780061a5210000f7780031c3b30087
:10af1c0070a5210001777800440020008901780099
:10af2c000041eb00e1c0b300e0652100de8c0200c3
:10af3c0001000000e2652100014e2100a05121001a
:10af4c0050fe020000000000300f2000e14f2100f5
:10af5c001100600021082000810f500044003200d5
:10af6c001e003c0031022000810f50000a003c0002
:10af7c0021022000810f50006d003d00e30f5000b6
:10af8c0080003200f10f500095003200e10f5000ac
:10af9c00c8003a00a400370011042000810f5000b3
:10afac0007003c0001042000810f5000b0003d0060
:10afbc0001032000810f5000be003a0071003700e1
:10afcc0001082000810f50002900320011082000d8
:10afdc00810f5000b7003a003e00370031092000c5
:10afec00810f5000670032000f003c000109200067
:10affc00810f50006300320004003c003108200037
:10b00c00810f5000ab003a003200370011092000cc
:10b01c00810f50001600320021092000810f5000d2
:10b02c00a4003a002b003700310a2000810f500099
:10b03c006b00320007003c00010a2000810f500019
:10b04c000b003200210a2000810f500099003a00b9
:10b05c0020003700010b2000810f500072003200dd
:10b06c00110f2000810f500092003a001900370098
:10b07c00c0e92400801f780040d82400801f78008d
:10b08c00a70f2400261424006579240024d3230060
:10b09c00837d240062132400014e2100a051210065
:10b0ac00e6e80200000000008e027800e465210052
:10b0bc000394240022142400419d210081004700a8
:10b0cc00a051210072f3020000000000e487570039
:10b0dc0078003700c0e92400801f780040d8240095
:10b0ec00801f7800a70f2400261424006579240003
:10b0fc0024d32300837d240062132400014e2100fd
:10b10c00a051210092e90200000000000e0278001c
:10b11c00e36521000294240021142400a051210095
:10b12c007ef0020000000000e48757006100370049
:10b13c0040d82400801f7800a70f24002614240078
:10b14c006579240024d32300837d2400621324001a
:10b15c00014e2100a0512100b0ed020000000000c2
:10b16c000e027800e36521000294240021142400cf
:10b17c00a05121007ef00200000000008f87e90042
:10b18c004c003700c0e92400801f780040d8240010
:10b19c00801f7800a70f2400261424006579240052
:10b1ac0024d32300837d240062132400014e21004c
:10b1bc00a0512100c0eb0200000000000e0278003c
:10b1cc00e36521000294240021142400a0512100e5
:10b1dc007ef0020000000000e487570035003700c5
:10b1ec00a70f2400261424006579240024d32300ff
:10b1fc00837d24006213240041d82400a051210037
:10b20c008aee0200000000000e027800e3652100c7
:10b21c000294240021142400a05121007ef002008d
:10b22c000000000023003700a70f24002614240080
:10b23c006579240024d32300837d24006213240029
:10b24c0041d82400a05121008aee02000000000029
:10b25c000e027800e36521000294240021142400de
:10b26c00a05121007ef00200000000001100370008
:10b27c00a70f2400261424006579240024d323006e
:10b28c00837d24006213240041d82400a0512100a6
:10b29c005cef0200000000000e027800e365210064
:10b2ac000294240021142400a05121007ef00200fd
:10b2bc000000000063952400a2512100014e2100e2
:10b2cc00e065210090fb020000000000136eab0053
:10b2dc0009003200615f21001100e800800878004d
:10b2ec0081af8000810f500003003400b1af8800a3
:10b2fc00e06021001080a00000022000e16021002d
:10b30c00110060000d003200010078009000780000
:10b31c000150a10004a62e00050020006357210057
:10b32c00e25a21003319420023914a000100a00087
:10b33c00010878003001200060af8800e060210037
:10b34c00100078007000600004003200e060210002
:10b35c001040a100c05e21000008eb00001020008e
:10b36c00e16021001100600004003200010078004f
:10b37c001080a1008000200060af88000000220037
:10b38c00e1602100110060002bfe3200010078000a
:10b39c0010d0a100f001200060af880026fe37001d
:10b3ac00300f2000e14f2100110060002108200027
:10b3bc00810f5000440032001e003c00310220007e
:10b3cc00810f50000a003c0021022000810f500028
:10b3dc006d003d00e30f500080003200f10f500073
:10b3ec0095003200e10f5000c8003a00a40037006d
:10b3fc0011042000810f500007003c0001042000c4
:10b40c00810f5000b0003d0001032000810f50005f
:10b41c00be003a007100370001082000810f500077
:10b42c002900320011082000810f5000b7003a00ab
:10b43c003e00370031092000810f500067003200b8
:10b44c000f003c0001092000810f50006300320006
:10b45c0004003c0031082000810f5000ab003a0082
:10b46c003200370011092000810f50001600320005
:10b47c0021092000810f5000a4003a002b00370056
:10b48c00310a2000810f50006b00320007003c0095
:10b49c00010a2000810f50000b003200210a20000d
:10b4ac00810f500099003a0020003700010b20005a
:10b4bc00810f500072003200110f2000810f5000dc
:10b4cc0092003a0019003700c0e92400801f780070
:10b4dc0040d82400801f7800a70f240026142400d5
:10b4ec006579240024d32300837d24006213240077
:10b4fc00014e2100a0512100e6e8020000000000ee
:10b50c008e027800e46521000394240022142400a8
:10b51c00419d210081004700a051210072f30200df
:10b52c0000000000e487570078003700c0e92400d1
:10b53c00801f780040d82400801f7800a70f2400bb
:10b54c00261424006579240024d32300837d240051
:10b55c0062132400014e2100a051210092e9020047
:10b56c00000000000e027800e36521000294240024
:10b57c0021142400a05121007ef0020000000000e4
:10b58c00e48757006100370040d82400801f780002
:10b59c00a70f2400261424006579240024d323004b
:10b5ac00837d240062132400014e2100a051210050
:10b5bc00b0ed0200000000000e027800e3652100ef
:10b5cc000294240021142400a05121007ef00200da
:10b5dc00000000008f87e9004c003700c0e9240010
:10b5ec00801f780040d82400801f7800a70f24000b
:10b5fc00261424006579240024d32300837d2400a1
:10b60c0062132400014e2100a0512100c0eb020066
:10b61c00000000000e027800e36521000294240073
:10b62c0021142400a05121007ef002000000000033
:10b63c00e487570035003700a70f24002614240098
:10b64c006579240024d32300837d24006213240015
:10b65c0041d82400a05121008aee02000000000015
:10b66c000e027800e36521000294240021142400ca
:10b67c00a05121007ef002000000000023003700e2
:10b68c00a70f2400261424006579240024d323005a
:10b69c00837d24006213240041d82400a051210092
:10b6ac008aee0200000000000e027800e365210023
:10b6bc000294240021142400a05121007ef00200e9
:10b6cc000000000011003700a70f240026142400ee
:10b6dc006579240024d32300837d24006213240085
:10b6ec0041d82400a05121005cef020000000000b2
:10b6fc000e027800e365210002942400211424003a
:10b70c00a05121007ef002000000000061e7230040
:10b71c000d0078002896020001000000e50c2400c2
:10b72c000c0347000a000900b61a7800b3a7800082
:10b73c00d2a78000c1a78000e00c24009a5e020012
:10b74c0001000000f687470076845700e00c2400c7
:10b75c000a000900301c78006801b10020eb2300be
:10b76c00fe97020001000000880778003006820076
:10b77c000000e00030fd34003000200060af880095
:10b78c002dfd3700300f2000e14f2100110060002b
:10b79c0021082000810f5000440032001e003c00a4
:10b7ac0031022000810f50000a003c0021022000d1
:10b7bc00810f50006d003d00e30f500080003200ff
:10b7cc00f10f500095003200e10f5000c8003a0014
:10b7dc00a400370011042000810f500007003c002a
:10b7ec0001042000810f5000b0003d000103200037
:10b7fc00810f5000be003a00710037000108200094
:10b80c00810f50002900320011082000810f5000d8
:10b81c00b7003a003e00370031092000810f50007c
:10b82c00670032000f003c0001092000810f50001e
:10b83c006300320004003c0031082000810f5000ee
:10b84c00ab003a003200370011092000810f500084
:10b85c001600320021092000810f5000a4003a008c
:10b86c002b003700310a2000810f50006b00320092
:10b87c0007003c00010a2000810f50000b00320031
:10b88c00210a2000810f500099003a002000370057
:10b89c00010b2000810f500072003200110f2000ac
:10b8ac00810f500092003a0019003700c0e92400c3
:10b8bc00801f780040d82400801f7800a70f240038
:10b8cc00261424006579240024d32300837d2400ce
:10b8dc0062132400014e2100a0512100e6e8020071
:10b8ec00000000008e027800e4652100039424001f
:10b8fc0022142400419d210081004700a051210009
:10b90c0072f3020000000000e48757007800370053
:10b91c00c0e92400801f780040d82400801f7800e4
:10b92c00a70f2400261424006579240024d32300b7
:10b93c00837d240062132400014e2100a0512100bc
:10b94c0092e90200000000000e027800e36521007d
:10b95c000294240021142400a05121007ef0020046
:10b96c0000000000e48757006100370040d8240035
:10b97c00801f7800a70f240026142400657924006a
:10b98c0024d32300837d240062132400014e210064
:10b99c00a0512100b0ed0200000000000e02780062
:10b9ac00e36521000294240021142400a0512100fd
:10b9bc007ef00200000000008f87e9004c00370089
:10b9cc00c0e92400801f780040d82400801f780034
:10b9dc00a70f2400261424006579240024d3230007
:10b9ec00837d240062132400014e2100a05121000c
:10b9fc00c0eb0200000000000e027800e36521009d
:10ba0c000294240021142400a05121007ef0020095
:10ba1c0000000000e487570035003700a70f240012
:10ba2c00261424006579240024d32300837d24006c
:10ba3c006213240041d82400a05121008aee020098
:10ba4c00000000000e027800e3652100029424003f
:10ba5c0021142400a05121007ef0020000000000ff
:10ba6c0023003700a70f2400261424006579240036
:10ba7c0024d32300837d24006213240041d82400a6
:10ba8c00a05121008aee0200000000000e02780096
:10ba9c00e36521000294240021142400a05121000c
:10baac007ef002000000000011003700a70f2400f8
:10babc00261424006579240024d32300837d2400dc
:10bacc006213240041d82400a05121005cef020035
:10badc00000000000e027800e365210002942400af
:10baec0021142400a05121007ef00200000000006f
:10bafc000e03780025eb230064e72300e30c2400fd
:10bb0c0062952400014e2100a05121004ce8020056
:10bb1c000000000030068200e10f500046fc3400ab
:10bb2c002001200060af880043fc3700300f20005c
:10bb3c00e14f21001100600021082000810f50000e
:10bb4c00440032001e003c0031022000810f5000e6
:10bb5c000a003c0021022000810f50006d003d00c6
:10bb6c00e30f500080003200f10f500095003200be
:10bb7c00e10f5000c8003a00a40037001104200067
:10bb8c00810f500007003c0001042000810f500081
:10bb9c00b0003d0001032000810f5000be003a00b0
:10bbac007100370001082000810f5000290032007d
:10bbbc0011082000810f5000b7003a003e003700fa
:10bbcc0031092000810f5000670032000f003c004b
:10bbdc0001092000810f50006300320004003c007a
:10bbec0031082000810f5000ab003a0032003700c2
:10bbfc0011092000810f500016003200210920008d
:10bc0c00810f5000a4003a002b003700310a2000ad
:10bc1c00810f50006b00320007003c00010a20002d
:10bc2c00810f50000b003200210a2000810f5000c0
:10bc3c0099003a0020003700010b2000810f5000c2
:10bc4c0072003200110f2000810f500092003a0058
:10bc5c0019003700c0e92400801f780040d8240068
:10bc6c00801f7800a70f2400261424006579240077
:10bc7c0024d32300837d240062132400014e210071
:10bc8c00a0512100e6e80200000000008e027800be
:10bc9c00e46521000394240022142400419d21001a
:10bcac0081004700a051210072f302000000000047
:10bcbc00e487570078003700c0e92400801f780023
:10bccc0040d82400801f7800a70f240026142400dd
:10bcdc006579240024d32300837d2400621324007f
:10bcec00014e2100a051210092e902000000000049
:10bcfc000e027800e3652100029424002114240034
:10bd0c00a05121007ef0020000000000e4875700e3
:10bd1c006100370040d82400801f7800a70f240052
:10bd2c00261424006579240024d32300837d240069
:10bd3c0062132400014e2100a0512100b0ed02003d
:10bd4c00000000000e027800e3652100029424003c
:10bd5c0021142400a05121007ef0020000000000fc
:10bd6c008f87e9004c003700c0e92400801f780061
:10bd7c0040d82400801f7800a70f2400261424002c
:10bd8c006579240024d32300837d240062132400ce
:10bd9c00014e2100a0512100c0eb02000000000068
:10bdac000e027800e3652100029424002114240083
:10bdbc00a05121007ef0020000000000e487570033
:10bdcc0035003700a70f24002614240065792400c1
:10bddc0024d32300837d24006213240041d8240043
:10bdec00a05121008aee0200000000000e02780033
:10bdfc00e36521000294240021142400a0512100a9
:10be0c007ef002000000000023003700a70f240082
:10be1c00261424006579240024d32300837d240078
:10be2c006213240041d82400a05121008aee0200a4
:10be3c00000000000e027800e3652100029424004b
:10be4c0021142400a05121007ef00200000000000b
:10be5c0011003700a70f2400261424006579240054
:10be6c0024d32300837d24006213240041d82400b2
:10be7c00a05121005cef0200000000000e027800cf
:10be8c00e36521000294240021142400a051210018
:10be9c007ef0020000000000b0f281000000e00023
:10beac0065fb3a004000200060af880062fb370061
:10bebc00300f2000e14f210011006000210820000c
:10becc00810f5000440032001e003c003102200063
:10bedc00810f50000a003c0021022000810f50000d
:10beec006d003d00e30f500080003200f10f500058
:10befc0095003200e10f5000c8003a00a400370052
:10bf0c0011042000810f500007003c0001042000a8
:10bf1c00810f5000b0003d0001032000810f500044
:10bf2c00be003a007100370001082000810f50005c
:10bf3c002900320011082000810f5000b7003a0090
:10bf4c003e00370031092000810f5000670032009d
:10bf5c000f003c0001092000810f500063003200eb
:10bf6c0004003c0031082000810f5000ab003a0067
:10bf7c003200370011092000810f500016003200ea
:10bf8c0021092000810f5000a4003a002b0037003b
:10bf9c00310a2000810f50006b00320007003c007a
:10bfac00010a2000810f50000b003200210a2000f2
:10bfbc00810f500099003a0020003700010b20003f
:10bfcc00810f500072003200110f2000810f5000c1
:10bfdc0092003a0019003700c0e92400801f780055
:10bfec0040d82400801f7800a70f240026142400ba
:10bffc006579240024d32300837d2400621324005c
:10c00c00014e2100a0512100e6e8020000000000d2
:10c01c008e027800e465210003942400221424008d
:10c02c00419d210081004700a051210072f30200c4
:10c03c0000000000e487570078003700c0e92400b6
:10c04c00801f780040d82400801f7800a70f2400a0
:10c05c00261424006579240024d32300837d240036
:10c06c0062132400014e2100a051210092e902002c
:10c07c00000000000e027800e36521000294240009
:10c08c0021142400a05121007ef0020000000000c9
:10c09c00e48757006100370040d82400801f7800e7
:10c0ac00a70f2400261424006579240024d3230030
:10c0bc00837d240062132400014e2100a051210035
:10c0cc00b0ed0200000000000e027800e3652100d4
:10c0dc000294240021142400a05121007ef00200bf
:10c0ec00000000008f87e9004c003700c0e92400f5
:10c0fc00801f780040d82400801f7800a70f2400f0
:10c10c00261424006579240024d32300837d240085
:10c11c0062132400014e2100a0512100c0eb02004b
:10c12c00000000000e027800e36521000294240058
:10c13c0021142400a05121007ef002000000000018
:10c14c00e487570035003700a70f2400261424007d
:10c15c006579240024d32300837d240062132400fa
:10c16c0041d82400a05121008aee020000000000fa
:10c17c000e027800e36521000294240021142400af
:10c18c00a05121007ef002000000000023003700c7
:10c19c00a70f2400261424006579240024d323003f
:10c1ac00837d24006213240041d82400a051210077
:10c1bc008aee0200000000000e027800e365210008
:10c1cc000294240021142400a05121007ef00200ce
:10c1dc000000000011003700a70f240026142400d3
:10c1ec006579240024d32300837d2400621324006a
:10c1fc0041d82400a05121005cef02000000000097
:10c20c000e027800e365210002942400211424001e
:10c21c00a05121007ef002000000000060b0800000
:10c22c00f100600055003a000058a30011003200e4
:10c23c0000612100900078000101d1000281ea0028
:10c24c0061016100020141000110a100028870002f
:10c25c00c06021001040a0006157210052a880004e
:10c26c00205e2100311841008001eb002190490033
:10c27c0042003700006121001010a100ecdd02002b
:10c28c0001000000114ea900b0ab8000c1ab8000d2
:10c29c00d0ac8800e1ac8800225b2100044c2d005e
:10c2ac00150020000419400005914800e0602100b1
:10c2bc0010f0a000140ea80021eb23000d00780054
:10c2cc005a9902000100000065cd23000c034700c1
:10c2dc000a000900b61a78008168210060cd23009d
:10c2ec00dafe02000000000040cf2300900078002e
:10c2fc000120a1000110a0000100a100010878009c
:10c30c00a7512100064e2100e565210024eb2300f6
:10c31c008368210062cd2300e1cb230060ca230097
:10c32c002eff020000000000a7512100064e210044
:10c33c00e565210024eb23008368210062cd2300f6
:10c34c00a1cc230020cb23002eff02000000000014
:10c35c000409200053e68100f2e5810091e581009b
:10c36c0030e581008ad40200010000008000eb005f
:10c37c000030200010d502000100000040cf230047
:10c38c0010007800620060002bfa32005000200090
:10c39c0060af880028fa3700f0f381000000e0005d
:10c3ac000600340063952400a2512100014e2100a7
:10c3bc00e065210090fb020000000000000220005c
:10c3cc00e1602100110060000d00320001007800d6
:10c3dc00900078000150a10004a62e00050020005a
:10c3ec0063572100e25a21003319420023914a007d
:10c3fc000100a000010878006000200060af8800f8
:10c40c0040cf230010007800620060000afa3a0066
:10c41c00b2ab8000c3ab8000e0582100b00f5100dc
:10c42c00a08f590004fa36007000200060af88001d
:10c43c0001fa37000e03780025eb230064e7230094
:10c44c00e30c240062952400014e2100a051210030
:10c45c004ce802000000000000042000e160210014
:10c46c0011006000f4f93200010078001060a100a6
:10c47c005000200060af8800eff93700140ea900bf
:10c48c00b0ab8000c1ab8000a3a88000225e21006d
:10c49c0000824100e08248000489be00c260210095
:10c4ac001240a000225c210032024000a28248000f
:10c4bc00a35921003319520023915a0090ac8800e3
:10c4cc00a1ac8800e0602100e1ff2700108860002b
:10c4dc00300682000000e00002003400e060210021
:10c4ec001070a000c05e21000008eb00d2f93700ec
:10c4fc0040cf230010007800620060003c003a003e
:10c50c0040cf2300900078000130a0000140a10032
:10c51c000120a1000110a0000100a1000108780079
:10c52c00a7512100064e2100e565210024eb2300d4
:10c53c008368210062cd2300e1cb230060ca230075
:10c54c002eff020000000000a7512100064e210022
:10c55c00e565210024eb23008368210062cd2300d4
:10c56c00a1cc230020cb23002eff020000000000f2
:10c57c00ecdd0200010000000409200053e68100fc
:10c58c00f2e5810091e5810030e581008ad402005a
:10c59c00010000008000eb000030200010d50200ec
:10c5ac0001000000114ea900b2ab8000c3ab8000ab
:10c5bc00d2ac8800e3ac8800205b2100044c2d0039
:10c5cc00150020000418410005904900e06021008e
:10c5dc009000780001f0a00001087800140ea8006b
:10c5ec00f2ab880003ac88000110a10001087800b0
:10c5fc00c060210051ff2f001088600015aea9000b
:10c60c0014eea900158ea90015cea900e057210043
:10c61c006157210011027800910290003001520004
:10c62c00a0815a000200be0005712200850f510046
:10c63c00e08f59000100360015aea80086af22002d
:10c64c00860f5000e08f58000100360014eea80051
:10c65c0002ee2200820f5000e08f580001003600dd
:10c66c00158ea800832c2300830f5000e08f5800f8
:10c67c000100360015cea80004532700840f50008b
:10c68c00e08f5800010036000000fe00136eab0076
:10c69c002a003a00635f21001301e9008209780047
:10c6ac004240a90025003c00030178000009eb0082
:10c6bc0042cf23001240a000c2a78000e10f51001e
:10c6cc000f003a0085af2200850f5000e08f580014
:10c6dc0002003600e260210012b0a00006ee22003b
:10c6ec00860f5000e08f580005003600e0602100f6
:10c6fc009000780001b0a10001a0a0000108780012
:10c70c00e05721006157210011027800910290003e
:10c71c0030015200a0815a00852c2300850f510056
:10c72c00e08f590005003600e06021009000780091
:10c73c0001a0a1000190a00001087800b0af80001a
:10c74c000000e0003cf93a009000200060af880047
:10c75c0039f937008e037800e665210065952400d1
:10c76c00e40c240023eb230062e72300014e21009c
:10c77c00a0512100aafa020000000000e060210094
:10c78c0010e0a000805121001000780068006000cb
:10c79c0022003a0090af80000000e000030034005b
:10c7ac00004e210054b8020001000000b0f28100dc
:10c7bc000000e0000e0034002ad32300e8a521007d
:10c7cc00080447006be523008a0078000900780014
:10c7dc00a49902000100000099007800180078006c
:10c7ec009a970200010000001b00e000f6ff3c00dd
:10c7fc000210a9000280800051f38100f0f2810048
:10c80c00f2dd020001000000b4dd020001000000b6
:10c81c00208080002ee0020001000000500120006a
:10c82c0060af880004f9370040cf23001000780077
:10c83c006200600000f93a0021eb23000d00780043
:10c84c005a9902000100000066cd23000c0047003d
:10c85c000a000900301b78008168210060cd23009c
:10c86c00dafe02000000000040cf230090007800a8
:10c87c000120a1000110a0000100a1000108780016
:10c88c00a7512100064e2100e565210024eb230071
:10c89c008368210062cd2300e1cb230060ca230012
:10c8ac002eff020000000000a7512100064e2100bf
:10c8bc00e565210024eb23008368210062cd230071
:10c8cc00a1cc230020cb23002eff0200000000008f
:10c8dc000409200053e68100f2e5810091e5810016
:10c8ec0030e581008ad40200010000008000eb00da
:10c8fc000030200010d5020001000000a000200034
:10c90c0060af8800ccf83700a2e7240092007800d2
:10c91c00e1738a00805f210090017800d3af88001a
:10c92c00110020000109780001087800300f200068
:10c93c00e14f21001100600021082000810f500000
:10c94c00440032001e003c0031022000810f5000d8
:10c95c000a003c0021022000810f50006d003d00b8
:10c96c00e30f500080003200f10f500095003200b0
:10c97c00e10f5000c8003a00a40037001104200059
:10c98c00810f500007003c0001042000810f500073
:10c99c00b0003d0001032000810f5000be003a00a2
:10c9ac007100370001082000810f5000290032006f
:10c9bc0011082000810f5000b7003a003e003700ec
:10c9cc0031092000810f5000670032000f003c003d
:10c9dc0001092000810f50006300320004003c006c
:10c9ec0031082000810f5000ab003a0032003700b4
:10c9fc0011092000810f500016003200210920007f
:10ca0c00810f5000a4003a002b003700310a20009f
:10ca1c00810f50006b00320007003c00010a20001f
:10ca2c00810f50000b003200210a2000810f5000b2
:10ca3c0099003a0020003700010b2000810f5000b4
:10ca4c0072003200110f2000810f500092003a004a
:10ca5c0019003700c0e92400801f780040d824005a
:10ca6c00801f7800a70f2400261424006579240069
:10ca7c0024d32300837d240062132400014e210063
:10ca8c00a0512100e6e80200000000008e027800b0
:10ca9c00e46521000394240022142400419d21000c
:10caac0081004700a051210072f302000000000039
:10cabc00e487570078003700c0e92400801f780015
:10cacc0040d82400801f7800a70f240026142400cf
:10cadc006579240024d32300837d24006213240071
:10caec00014e2100a051210092e90200000000003b
:10cafc000e027800e3652100029424002114240026
:10cb0c00a05121007ef0020000000000e4875700d5
:10cb1c006100370040d82400801f7800a70f240044
:10cb2c00261424006579240024d32300837d24005b
:10cb3c0062132400014e2100a0512100b0ed02002f
:10cb4c00000000000e027800e3652100029424002e
:10cb5c0021142400a05121007ef0020000000000ee
:10cb6c008f87e9004c003700c0e92400801f780053
:10cb7c0040d82400801f7800a70f2400261424001e
:10cb8c006579240024d32300837d240062132400c0
:10cb9c00014e2100a0512100c0eb0200000000005a
:10cbac000e027800e3652100029424002114240075
:10cbbc00a05121007ef0020000000000e487570025
:10cbcc0035003700a70f24002614240065792400b3
:10cbdc0024d32300837d24006213240041d8240035
:10cbec00a05121008aee0200000000000e02780025
:10cbfc00e36521000294240021142400a05121009b
:10cc0c007ef002000000000023003700a70f240074
:10cc1c00261424006579240024d32300837d24006a
:10cc2c006213240041d82400a05121008aee020096
:10cc3c00000000000e027800e3652100029424003d
:10cc4c0021142400a05121007ef0020000000000fd
:10cc5c0011003700a70f2400261424006579240046
:10cc6c0024d32300837d24006213240041d82400a4
:10cc7c00a05121005cef0200000000000e027800c1
:10cc8c00e36521000294240021142400a05121000a
:10cc9c007ef002000000000040cf2300100078005e
:10ccac0062006000e4f73a00b0ab8000c1ab8000da
:10ccbc00e25d2100b20f5000a28f5800def7360063
:10cccc00e4738200d4738a00d5af8000c5af8800ae
:10ccdc00140ea900a3a88000225e2100008241004e
:10ccec00e08248000489be00c26021001240a0000e
:10ccfc00225c210032024000a2824800a35921008c
:10cd0c003319520023915a0090ac8800a1ac8800d2
:10cd1c00e0602100e1ff270010886000c05e210068
:10cd2c000008eb00c4f73700300f2000e14f210062
:10cd3c001100600021082000810f500044003200d7
:10cd4c001e003c0031022000810f50000a003c0004
:10cd5c0021022000810f50006d003d00e30f5000b8
:10cd6c0080003200f10f500095003200e10f5000ae
:10cd7c00c8003a00a400370011042000810f5000b5
:10cd8c0007003c0001042000810f5000b0003d0062
:10cd9c0001032000810f5000be003a0071003700e3
:10cdac0001082000810f50002900320011082000da
:10cdbc00810f5000b7003a003e00370031092000c7
:10cdcc00810f5000670032000f003c000109200069
:10cddc00810f50006300320004003c003108200039
:10cdec00810f5000ab003a003200370011092000cf
:10cdfc00810f50001600320021092000810f5000d5
:10ce0c00a4003a002b003700310a2000810f50009b
:10ce1c006b00320007003c00010a2000810f50001b
:10ce2c000b003200210a2000810f500099003a00bb
:10ce3c0020003700010b2000810f500072003200df
:10ce4c00110f2000810f500092003a00190037009a
:10ce5c00c0e92400801f780040d82400801f78008f
:10ce6c00a70f2400261424006579240024d3230062
:10ce7c00837d240062132400014e2100a051210067
:10ce8c00e6e80200000000008e027800e465210054
:10ce9c000394240022142400419d210081004700aa
:10ceac00a051210072f3020000000000e48757003b
:10cebc0078003700c0e92400801f780040d8240097
:10cecc00801f7800a70f2400261424006579240005
:10cedc0024d32300837d240062132400014e2100ff
:10ceec00a051210092e90200000000000e0278001f
:10cefc00e36521000294240021142400a051210098
:10cf0c007ef0020000000000e4875700610037004b
:10cf1c0040d82400801f7800a70f2400261424007a
:10cf2c006579240024d32300837d2400621324001c
:10cf3c00014e2100a0512100b0ed020000000000c4
:10cf4c000e027800e36521000294240021142400d1
:10cf5c00a05121007ef00200000000008f87e90044
:10cf6c004c003700c0e92400801f780040d8240012
:10cf7c00801f7800a70f2400261424006579240054
:10cf8c0024d32300837d240062132400014e21004e
:10cf9c00a0512100c0eb0200000000000e0278003e
:10cfac00e36521000294240021142400a0512100e7
:10cfbc007ef0020000000000e487570035003700c7
:10cfcc00a70f2400261424006579240024d3230001
:10cfdc00837d24006213240041d82400a051210039
:10cfec008aee0200000000000e027800e3652100ca
:10cffc000294240021142400a05121007ef0020090
:10d00c000000000023003700a70f24002614240082
:10d01c006579240024d32300837d2400621324002b
:10d02c0041d82400a05121008aee0200000000002b
:10d03c000e027800e36521000294240021142400e0
:10d04c00a05121007ef0020000000000110037000a
:10d05c00a70f2400261424006579240024d3230070
:10d06c00837d24006213240041d82400a0512100a8
:10d07c005cef0200000000000e027800e365210066
:10d08c000294240021142400a05121007ef00200ff
:10d09c0000000000c060210010b0a100b0ab800007
:10d0ac00c1ab800030ad880041ad8800e20f40007c
:10d0bc00e08f58000c0036000001eb0025a8210081
:10d0cc0002b77a0015a9800003a8210005b77900e2
:10d0dc00625a21000303470036027800a60278004a
:10d0ec00041950000591580061e723000d007800e9
:10d0fc002896020001000000e40c24008c0247007a
:10d10c000a000900351a780060512100104078009f
:10d11c00e14f500003003200e24f500030003a0063
:10d12c000600370062002000c14e2100e00c2400f4
:10d13c007ac502000100000029003700840020009d
:10d14c00130020000301780041a121008e804000d3
:10d15c00e00c2400865d020001000000f687470009
:10d16c0076855700e60c24000a000900361d78006d
:10d17c006a01b10020eb2300fe97020001000000c1
:10d18c0061e723000d0078002896020001000000e2
:10d19c00e00c24008c0047000a00090031187800cc
:10d1ac00014e2100a0952400145a02000100000039
:10d1bc0088952400000c780014002000840178006d
:10d1cc0042a121000e01410061952400e00c2400d5
:10d1dc00145d020001000000000ceb008a077800cf
:10d1ec00f687470076845700e20c24000a000900f9
:10d1fc00321c78006801b10020eb2300fe9702007e
:10d20c00010000004000200060af88008807780013
:10d21c0089f63700300f2000e14f2100110060002b
:10d22c0021082000810f5000440032001e003c00f9
:10d23c0031022000810f50000a003c002102200026
:10d24c00810f50006d003d00e30f50008000320054
:10d25c00f10f500095003200e10f5000c8003a0069
:10d26c00a400370011042000810f500007003c007f
:10d27c0001042000810f5000b0003d00010320008c
:10d28c00810f5000be003a007100370001082000e9
:10d29c00810f50002900320011082000810f50002e
:10d2ac00b7003a003e00370031092000810f5000d2
:10d2bc00670032000f003c0001092000810f500074
:10d2cc006300320004003c0031082000810f500044
:10d2dc00ab003a003200370011092000810f5000da
:10d2ec001600320021092000810f5000a4003a00e2
:10d2fc002b003700310a2000810f50006b003200e8
:10d30c0007003c00010a2000810f50000b00320086
:10d31c00210a2000810f500099003a0020003700ac
:10d32c00010b2000810f500072003200110f200001
:10d33c00810f500092003a0019003700c0e9240018
:10d34c00801f780040d82400801f7800a70f24008d
:10d35c00261424006579240024d32300837d240023
:10d36c0062132400014e2100a0512100e6e80200c6
:10d37c00000000008e027800e46521000394240074
:10d38c0022142400419d210081004700a05121005e
:10d39c0072f3020000000000e487570078003700a9
:10d3ac00c0e92400801f780040d82400801f78003a
:10d3bc00a70f2400261424006579240024d323000d
:10d3cc00837d240062132400014e2100a051210012
:10d3dc0092e90200000000000e027800e3652100d3
:10d3ec000294240021142400a05121007ef002009c
:10d3fc0000000000e48757006100370040d824008b
:10d40c00801f7800a70f24002614240065792400bf
:10d41c0024d32300837d240062132400014e2100b9
:10d42c00a0512100b0ed0200000000000e027800b7
:10d43c00e36521000294240021142400a051210052
:10d44c007ef00200000000008f87e9004c003700de
:10d45c00c0e92400801f780040d82400801f780089
:10d46c00a70f2400261424006579240024d323005c
:10d47c00837d240062132400014e2100a051210061
:10d48c00c0eb0200000000000e027800e3652100f2
:10d49c000294240021142400a05121007ef00200eb
:10d4ac0000000000e487570035003700a70f240068
:10d4bc00261424006579240024d32300837d2400c2
:10d4cc006213240041d82400a05121008aee0200ee
:10d4dc00000000000e027800e36521000294240095
:10d4ec0021142400a05121007ef002000000000055
:10d4fc0023003700a70f240026142400657924008c
:10d50c0024d32300837d24006213240041d82400fb
:10d51c00a05121008aee0200000000000e027800eb
:10d52c00e36521000294240021142400a051210061
:10d53c007ef002000000000011003700a70f24004d
:10d54c00261424006579240024d32300837d240031
:10d55c006213240041d82400a05121005cef02008a
:10d56c00000000000e027800e36521000294240004
:10d57c0021142400a05121007ef0020000000000c4
:10d58c0021eb2300090078005a99020001000000e9
:10d59c0061e723000d0078002896020001000000ce
:10d5ac00e30c24000c0247000a000900b4197800af
:10d5bc00b3a78000d2a78000c1a78000e00c240094
:10d5cc009a5e020001000000f6874700f6825700c1
:10d5dc00e60c24000a000900b61a780020eb2300a0
:10d5ec00fe97020001000000f687470040a52100cd
:10d5fc00f6805700000147000a000900b2187800b5
:10d60c0020eb2300fe970200010000002001200007
:10d61c0060af8800cf02b10087f53700b0ab800057
:10d62c00c1ab80002259210032025000a282580066
:10d63c000401be00853e2000850f5100e08f59008b
:10d64c007df53600114ea900d0ac8800e1ac880005
:10d65c00225b2100044c2d00150020000419400011
:10d66c0005914800e060210010f0a000140ea80005
:10d67c008e037800e665210065952400e40c2400f7
:10d68c0023eb230062e72300014e2100a05121006f
:10d69c00aafa0200000000007001200060af8800b0
:10d6ac0065f5370021eb23000d0078005a99020034
:10d6bc000100000065cd23000c0347000a0009009f
:10d6cc00b61a78008168210060cd2300dafe0200d2
:10d6dc000000000040cf2300900078000120a10042
:10d6ec000110a0000100a10001087800a751210041
:10d6fc00064e2100e565210024eb23008368210000
:10d70c0062cd2300e1cb230060ca23002eff020070
:10d71c0000000000a7512100064e2100e565210004
:10d72c0024eb23008368210062cd2300a1cc2300cd
:10d73c0020cb23002eff0200000000000409200073
:10d74c0053e68100f2e5810091e5810030e581002e
:10d75c008ad40200010000008000eb0000302000a1
:10d76c0010d50200010000008001200060af88008d
:10d77c0031f53700136eab0002003200e06021007f
:10d78c001090a100300682000000e0002af53a005b
:10d79c0040cf2300100078006200600026f53a00ac
:10d7ac00b0ab8000c1ab8000e2582100b20f50003a
:10d7bc00a28f580020f53600140ea900a3a88000f3
:10d7cc00225e210000824100e08248000489be00f4
:10d7dc00c26021001240a000225c210032024000f5
:10d7ec00a2824800a35921003319520023915a00f8
:10d7fc0090ac8800a1ac8800e0602100e1ff27001c
:10d80c0010886000c05e21000008eb000af53700ac
:10d81c0040cf230010007800620060003e003a0008
:10d82c0040cf2300900078000130a0000140a100ff
:10d83c00821b2000e2b688000120a1000110a0008c
:10d84c000100a10001087800a7512100064e21001b
:10d85c00e565210024eb23008368210062cd2300c1
:10d86c00e1cb230060ca23002eff02000000000061
:10d87c00a7512100064e2100e565210024eb230071
:10d88c008368210062cd2300a1cc230020cb230090
:10d89c002eff020000000000ecdd02000100000081
:10d8ac000409200053e68100f2e5810091e5810036
:10d8bc0030e581008ad40200010000008000eb00fa
:10d8cc000030200010d5020001000000114ea9000c
:10d8dc00b2ab8000c3ab8000d2ac8800e3ac880054
:10d8ec00205b2100044c2d00150020000418410081
:10d8fc0005904900e06021009000780001f0a00044
:10d90c0001087800140ea800f2ab880003ac880064
:10d91c000110a100010878000002200060af88000f
:10d92c00c5f43700e057210061572100110278003f
:10d93c009102900030015200a0815a0050b080003a
:10d94c008000eb00800f5100818f5900baf4360033
:10d95c0040cf23001040a0001002200060af8800d0
:10d96c00b5f4370040cf230010007800620060004f
:10d97c00b1f43a00140ea900b0ab8000c1ab80002a
:10d98c00a3a88000225e210000824100e0824800b2
:10d99c000489be00c26021001240a000225c21005c
:10d9ac0032024000a2824800a359210033195200d0
:10d9bc0023915a0090ac8800a1ac8800e060210053
:10d9cc00e1ff270010886000c05e21000008eb001a
:10d9dc0099f43700ecdd0200010000008270210098
:10d9ec00014e2100a051210050ea0200000000006d
:10d9fc0000302000c16021001100600003003200e3
:10da0c000001200060af88008bf43700c05e21005d
:10da1c000008eb0088f43700ecdd02000100000088
:10da2c0082702100014e2100a051210030eb020038
:10da3c0000000000c05e21000008eb007ef43700ff
:10da4c00e06521006e770200010000004f06be0069
:10da5c004f05be004f04be000080fa000000060017
:10da6c000000fe0074f437000000fe0072f4370072
:10da7c000001fa00889fbe008a9fbe000005780056
:10da8c0081047800820578006155250080ef2f0015
:10da9c000f00400028720200010000000004780012
:10daac0081ef2f008f804000088040008a007800b2
:10dabc00a0730200010000000804400082ef2f0058
:10dacc000f01410008004100515625002872020048
:10dadc00010000000004440081ef2f008f80400003
:10daec000880400089007800a0730200010000004b
:10dafc000004440082ef2f000f0141000800410098
:10db0c009157250028720200010000000004440017
:10db1c008addb90089844400110009000905d80088
:10db2c008000fd0082ef2f000f0141000800410032
:10db3c00a0730200010000000002440083ef2f00dc
:10db4c008f8141000041eb00e1c0b300e065210092
:10db5c00de8c0200010000004f05be004f04be0029
:10db6c000080fa0000000600889fbe0072002000b2
:10db7c00c12b200001007800bdff070072002000bf
:10db8c00c12b200090252000b9ff07007200200057
:10db9c00c12b200080252000b5ff0700720020005b
:10dbac00c12b200070252000b1ff0700720020005f
:10dbbc00c12b2000700c2000adff0700720020006c
:10dbcc00c12b200010002000a9ff070072002000cc
:10dbdc00c12b20000000eb00a5ff070028eb230061
:10dbec00e96521008801780009017800014e2100c7
:10dbfc00a05121008eac0200010000000060fe006c
:10dc0c00f8ff3700f6874700889fbe008a9fbe004a
:10dc1c008c9fbe008e1f7800a0512100f8ab020033
:10dc2c0001000000c6b602000100000090af8800a1
:10dc3c00d0db020001000000140ea900a20320009a
:10dc4c008000eb00004e2100dabb02000100000056
:10dc5c0061032000404e210052c40200010000006c
:10dc6c000001be00014e2100b10f5100a18f5900df
:10dc7c000500320001007800fc9902000100000050
:10dc8c00e04f21000008eb006d6621001e00200013
:10dc9c007a865700c06021001070a1008000eb0054
:10dcac0061af880012002000820e780002102e0056
:10dcbc0003002000006821000288be00080022003a
:10dccc00c8b38800e0652100a2712a00f2b79f005a
:10dcdc001300200083bf9f007fb197008fb997007e
:10dcec000288be0061b38800c2442000a3672100f3
:10dcfc0082097800e32c2a00d3b79f001200200081
:10dd0c00e2b79f005fb19700efb1970012b38800a4
:10dd1c0023b38800a1b3880002002800433f2000f1
:10dd2c00007002000100000060512100100464002a
:10dd3c000f00320010d0a10061032000404e2100e2
:10dd4c0052c4020001000000044e2100008abe00f3
:10dd5c0083702100a20320008000eb0004007800f7
:10dd6c00eebc0200010000000044020005000000af
:10dd7c0000002400615121001100600031003200cc
:10dd8c00c27e020001000000800578006051210075
:10dd9c0010e0a10061032000404e210052c402009b
:10ddac0001000000044e2100008abe008370210097
:10ddbc00a20320008000eb0004007800eebc0200ff
:10ddcc00010000004a012000280320000900200067
:10dddc00e18f55000f003a000a0478002a03200056
:10ddec000b0020000060fe00158ea8000a00be008b
:10ddfc004edc020001000000158ea9000a00be00d6
:10de0c004edc0200010000000804e900f5ff3a00b6
:10de1c000b0037000060fe0015aea8000800be0025
:10de2c004edc02000100000015aea9000800be0087
:10de3c004edc0200010000000a05e900f5ff3a0083
:10de4c000000fe001d007800c670020001000000fa
:10de5c00606821001000a0006106220091b08800cb
:10de6c00a0002000b0b0880040002000c0b08800a6
:10de7c000000eb00a0b08800e0b2880071088800b8
:10de8c000108a9002108a8000a21ef0001012800bf
:10de9c0091088800deb18800d0b08800deb288001e
:10deac003000200020b8020001000000ef0f5000ed
:10debc000f003a0015cea800158ea80014eea8008d
:10decc0015aea8000060fe00a0002000010020009c
:10dedc004edc0200010000000060fe0015cea9001f
:10deec00158ea90014eea90015aea9003c00370050
:10defc0015cea80040062000010020004edc0200d8
:10df0c000100000015cea900158ea80040062000c7
:10df1c00010020004edc020001000000158ea9005b
:10df2c0090af80000000e00006003c00142ea8001a
:10df3c0040062000010020004edc02000100000021
:10df4c00142ea90014eea8004006200001002000a9
:10df5c004edc02000100000014eea90015aea80072
:10df6c0040062000010020004edc020001000000f1
:10df7c0015aea90014eea8004006200001002000f8
:10df8c004edc02000100000014eea90090af8000ee
:10df9c000000e00006003c00142ea8004006200003
:10dfac00010020004edc020001000000142ea9002c
:10dfbc00158ea80040062000010020004edc020057
:10dfcc0001000000158ea90015cea8004006200007
:10dfdc00010020004edc02000100000015cea9005b
:10dfec00605121001000e00024003d00136eab00d6
:10dffc0022003a00b04e21001080fb000003b1005b
:10e00c000008a3000100320015cea8000018a300e0
:10e01c0001003200158ea8000028a3000100320078
:10e02c0014eea8008a02200028032000090020001a
:10e03c000060fe00a07080004d00de000080ea0051
:10e04c00610060004d00dd00a170800001d0a100d6
:10e05c0081007000a17088000800be004edc020038
:10e06c00010000000a05e900f1ff3a0015aea90015
:10e07c0014eea900158ea90015cea9000004eb0022
:10e08c00136eab0016003200098020002a0320001a
:10e09c000060fe00a07080004d00de000080ea00f1
:10e0ac00610060004d00dd00a170800001d0a10076
:10e0bc0081007000a1708800400620000100200043
:10e0cc004edc0200010000000804e80093708000a0
:10e0dc0003806400020032008a0f5400ecff3a0007
:10e0ec00136eab003200320020032000800f54006e
:10e0fc002f003a0014eea900158ea90015cea90028
:10e10c000040eb00126eab000200320015cea800ee
:10e11c0010c0b300124eab00020032000014a0007d
:10e12c00158ea800122eab00020032000024a000b5
:10e13c0014eea800b14e210002c3b3008248400087
:10e14c00404e21008240780001487800524e210058
:10e15c0001497800624e210001497800724e21007d
:10e16c0001497800824e210001497800924e21002d
:10e17c0001497800a24e210001497800615121002b
:10e18c0011f0a0006103200052c402000100000045
:10e19c00044e2100008abe0083702100a2032000df
:10e1ac008000eb0004007800eebc020001000000cf
:10e1bc00136eab001300320028032000090020006e
:10e1cc000a8020000060fe00a07080004d00de0080
:10e1dc000080ea00610060004d00dd00a17080004d
:10e1ec0001d0a10081007000a17088000800be0061
:10e1fc004edc0200010000009370800003006500fb
:10e20c00f0ff3a0015aea90014eea900158ea90076
:10e21c0015cea90090af800020b8020001000000cc
:10e22c0040b08800a1512100004e2100acb7020083
:10e23c0001000000004e21005e9a02000100000067
:10e24c008051210010007800620060003c00320018
:10e25c0015aea800158ea80015cea90014eea900c5
:10e26c0040062000010020004edc020001000000ee
:10e27c0015aea900158ea90015cea80014eea800a5
:10e28c0040062000010020004edc020001000000ce
:10e29c0015aea800158ea80015cea90014eea90085
:10e2ac0040062000010020004edc020001000000ae
:10e2bc0015aea900158ea90015cea80014eea80065
:10e2cc0040062000010020004edc0200010000008e
:10e2dc0015aea800158ea80015cea90014eea90045
:10e2ec0040062000010020004edc0200010000006e
:10e2fc0015aea900158ea90015cea80014eea80025
:10e30c0040062000010020004edc0200010000004d
:10e31c0015aea800158ea80015cea90014eea90004
:10e32c0040062000010020004edc0200010000002d
:10e33c0015aea900158ea90015cea90014eea900e2
:10e34c008300200082042000e1aa2300a00f2400f7
:10e35c00149502000100000020142400d495020042
:10e36c0001000000e0352400d495020001000000fb
:10e37c00a0572400d49502000100000003092000de
:10e38c000224200081702100e0b323005495020088
:10e39c0001000000a0b72300f4950200010000006a
:10e3ac00030620000290200081b8210060cf2300da
:10e3bc00549502000100000020d32300f4950200c4
:10e3cc0001000000132320003269200081d82200b4
:10e3dc0060e72300149502000100000020eb2300ed
:10e3ec00d49502000100000061cf2300e0fd2f0056
:10e3fc000f0040009a960200010000007fa89700d1
:10e40c008fb09700f0f2890001f389001fb19700db
:10e41c00afb1970012f3890023f389001c00780038
:10e42c009c00900030f3890041f3890061cf2300f8
:10e43c00e0fd2f000f0040009a9602000100000042
:10e44c007fa997008fb1970052f3890063f389007d
:10e45c001fb09700afb0970070f3890081f389006b
:10e46c001c0178009c01900092f38900a3f38900b1
:10e47c00e1b32300e0fd2f000f0040009a9602004c
:10e48c00010000007fa897008fb0970030e589004d
:10e49c0041e589001fb19700afb1970052e58900a3
:10e4ac0063e589001c0078009c00900070e58900f1
:10e4bc0081e58900e1b32300e0fd2f000f0040004f
:10e4cc009a960200010000007fa997008fb1970077
:10e4dc0092e58900a3e589001fb09700afb09700c3
:10e4ec00b0e58900c1e589001c0178009c01900011
:10e4fc00d2e58900e3e58900e1b32300e0fd2f00bc
:10e50c000f0040009a960200010000007fa89700bf
:10e51c008fb09700f0e5890001e689001fb19700e4
:10e52c00afb1970012e6890023e689001c00780041
:10e53c009c00900030e6890041e68900e1b323009d
:10e54c00e0fd2f000f0040009a9602000100000031
:10e55c007fa997008fb1970052e6890063e6890086
:10e56c001fb09700afb0970070e6890081e6890074
:10e57c001c0178009c01900092e68900a3e68900ba
:10e58c002252210010002000210120009a84020058
:10e59c0001000000609524003a8a0200010000008e
:10e5ac00300f2000e14f210011006000cf80de0011
:10e5bc00230f2000830f5000e08f580044013e00d1
:10e5cc0000060100fe00370002013700f60037009c
:10e5dc000c0137003e0137003d0137003c0137008c
:10e5ec003b0137003a013700390137003801370059
:10e5fc003701370036013700350137003401370059
:10e60c003301370032013700100137003001370079
:10e61c002f0137002e0137002d0137002c01370058
:10e62c002b0137002a013700290137002801370058
:10e63c002701370026013700250137002401370058
:10e64c00230137002201370021013700e700370092
:10e65c00e60037001e0137001d0137001c01370092
:10e66c001b0137001a013700190137001801370058
:10e67c001701370016013700150137001401370058
:10e68c0013013700d9003700c100370010013700e3
:10e69c000f0137000e0137000d0137000c01370058
:10e6ac000b0137000a013700090137000801370058
:10e6bc000701370006013700050137000401370058
:10e6cc0003013700d5003700da00370000013700ae
:10e6dc00ff003700fe003700fd003700fc0037005c
:10e6ec00fb003700fa003700f9003700f80037005c
:10e6fc00f7003700f6003700f5003700f40037005c
:10e70c00f3003700f2003700f1003700f00037005b
:10e71c00ef003700ee003700ed003700ec0037005b
:10e72c00eb003700ea003700e9003700e80037005b
:10e73c00e7003700e6003700e5003700e40037005b
:10e74c00e3003700e2003700e1003700e00037005b
:10e75c00df003700de003700dd003700dc0037005b
:10e76c00db003700da003700d9003700d80037005b
:10e77c00d7003700d6003700d5003700d40037005b
:10e78c00d3003700d2003700d1003700d00037005b
:10e79c00cf003700ce003700cd003700cc0037005b
:10e7ac00cb003700ca003700c9003700c80037005b
:10e7bc00c7003700c6003700c5003700c40037005b
:10e7cc00c3003700b1003700b5003700a500370093
:10e7dc00a9003700be003700bd003700bc00370071
:10e7ec00bb003700ba003700b9003700b80037005b
:10e7fc00b7003700b6003700b5003700b40037005b
:10e80c00b300370079003700960037009a003700c4
:10e81c007c003700ae003700ad003700ac0037008d
:10e82c00ab003700aa003700a9003700a80037005a
:10e83c00a7003700a6003700a5003700a40037005a
:10e84c00a300370091003700a10037009400370077
:10e85c007e0037009e0037009d0037009c0037007b
:10e86c009b0037009a00370099003700980037005a
:10e87c00970037009600370095003700940037005a
:10e88c009300370053003700910037009000370099
:10e89c008f0037008e0037008d0037008c0037005a
:10e8ac008b0037008a00370089003700880037005a
:10e8bc00870037008600370085003700840037005a
:10e8cc00830037008200370081003700800037005a
:10e8dc007f0037007e0037007d0037007c0037005a
:10e8ec007b0037007a00370079003700780037005a
:10e8fc00770037007600370075003700740037005a
:10e90c007300370072003700710037007000370059
:10e91c006f0037006e0037006d0037006c00370059
:10e92c006b0037006a003700690037006800370059
:10e93c006700370066003700650037006400370059
:10e94c006300370062003700610037006000370059
:10e95c005f0037005e0037005d0037005c00370059
:10e96c005b0037005a003700590037005800370059
:10e97c005700370056003700550037005400370059
:10e98c0053003700520037004a0037004e00370062
:10e99c0030002000c0af8800f00f200000b08800cd
:10e9ac00b7e307004b00370020002000c0af880001
:10e9bc00f03f200000b08800b1e3070045003700ad
:10e9cc00ceaf8800f03f200000b08800ace3070019
:10e9dc004000370020002000c0af8800f03f20002e
:10e9ec0000b0880089ee07003a00370020002000b4
:10e9fc00c0af8800f03f200000b0880083ee070015
:10ea0c003400370020002000c0af8800f03f200009
:10ea1c0000b088007dee07002e003700200020009b
:10ea2c00c0af8800f03f200000b0880077ee0700f0
:10ea3c002800370020002000c0af8800f03f2000e5
:10ea4c0000b0880071ee0700220037002000200083
:10ea5c00c0af8800f03f200000b088006bee0700cc
:10ea6c001c003700ceaf8800f03f200000b08800bb
:10ea7c0066ee070017003700ceaf8800f03f20008d
:10ea8c0000b0880061ee070012003700ceaf88009e
:10ea9c00f03f200000b088005cee07000d0037004e
:10eaac00ceaf8800f03f200000b0880057ee070082
:10eabc0008003700ceaf8800f03f200000b088007f
:10eacc0052ee07000300370027fc07000100370057
:0ceadc000000fe000060fe006efc370031
:020000040000fa
:10eae80084b3000078b3000053b300001bb30000e8
:10eaf800d5b2000088b200003cb2000062b200004b
:10eb080068b2000072b2000080b2000094b2000047
:10eb1800d2b1000015b2000072b20000e2b20000eb
:10eb280057b30000c3b3000014b40000a4b400003d
:10eb3800cdb40000a7b400002eb4000067b30000f5
:10eb48003cb30000edb1000080b0000021af000030
:10eb5800fead000045ad00001cad000004ae000095
:10eb680071af000079b10000fcb30000cab6000024
:10eb78008bb100008ab000009faf0000e8ae000033
:10eb880081ae000080ae0000f3ae000046b0000089
:10eb9800d6b10000aeb30000a9b500009eb70000d2
:10eba8007cba0000f0bc0000bfbe0000a2bf00009d
:10ebb80063bf0000dbbd000000bb00004ab70000d7
:10ebc80054b200008cac00005ca6000047a0000016
:10ebd800cab800008ebb0000debd000069bf00009f
:10ebe800e5bf000016bf0000d7bc00008cb90000cc
:10ebf800b9b40000c1ae000009a800001ba10000c4
:10ec080035ba000066bb0000ecbb0000a8bb0000e2
:10ec18008cba000098b80000dfb50000ecb2000024
:10ec28005daf000093ab0000d7a700007ea40000f2
:10ec380083b8000003ba00000bbb000070bb0000e3
:10ec48000fbb0000d3b90000b7b700002eb5000015
:10ec5800c2b10000c8ad000085a9000051a50000a0
:10ec6800bc9b00007d97000008950000ee94000012
:10ec7800a49700007d9d0000a0a6000065b30000d9
:10ec8800f2c20000ecd40000a6e800004cfd000031
:10ec98000a9a00001a96000028940000b594000013
:10eca80027980000b89e000077a80000a7b50000cc
:10ecb80057c5000021d7000053ea000020fe0000dd
:10ecc800749b0000f295000035920000f49000005b
:10ecd800ce9200003b9800007fa1000008af000022
:10ece800fcbf0000f3d3000021ea0000820100000d
:10ecf800c39900008f94000054910000bb9000005d
:10ed0800519300007699000057a3000049b1000014
:10ed180061c2000028d60000cfeb000056020000b8
:10ed2800b4a20000f5a0000074a0000075a10000c6
:10ed380032a40000d0a8000063af00004db8000066
:10ed4800dec2000006cf000081dc000000eb0000fe
:10ed580002a10000939f0000939f00003da10000c6
:10ed6800b5a400000baa00003ab100008fba000059
:10ed780043c500003bd100002fde0000d3eb0000ac
:10ed88006da200006b9f0000a19d00007c9d00000b
:10ed98005c9f00008ea3000042aa0000f0b30000b0
:10eda800e7bf00000dce0000fddd000036ef0000db
:10edb800bba00000089e0000c09c0000439d00000e
:10edc800df9f0000c9a400001aac000031b60000a3
:10edd8004cc2000042d00000aadf00000af0000088
:10ede800c91200004a260000bc3700003f46000058
:10edf80016510000b3570000c05900008e5700009c
:10ee0800aa50000096450000e9360000662500007b
:10ee180018110000e7240000db3600000746000058
:10ee280099510000ee580000985b0000cf5900008f
:10ee38000f530000cb470000973800003a26000027
:10ee480082120000bf240000e9340000454200009f
:10ee5800404c000071520000a054000030530000e4
:10ee6800b34d00009d440000653800009c29000057
:10ee7800d01000005d230000083400000d4200009f
:10ee8800c34c0000ac5300007756000071550000d9
:10ee980018500000d2460000123a0000702a000004
:10eea800c2190000c32f000028430000c752000009
:10eeb800a45d00000663000084620000765c000028
:10eec80096500000b03f0000c52a00001a13000049
:10eed80010180000602e0000474200008e5200000b
:10eee800275e0000416400005b640000b75e00001c
:10eef800fb520000e5410000722c0000ee130000f8
:10ef08007a190000382e000054400000cd4e000051
:10ef1800ce580000c45d0000635d00001858000072
:10ef28009f4d0000b73e0000402c00005017000025
:10ef3800c8170000d52c0000743f0000944e000054
:10ef480051590000ff5e00003b5f0000595a000065
:10ef580004500000ec400000ee2d000024180000d2
:10ef680001fb00004f0a000071190000132800007f
:10ef7800e6350000a9420000244e00009158000028
:10ef880034610000116800000f6d00001e70000061
:10ef98004ff90000ec08000091180000da27000083
:10efa80068360000e4430000fb4f0000d25a00001e
:10efb80099630000466a0000bc6e0000f270000011
:10efc800bafa0000c40800009e16000019240000c8
:10efd80010310000663d0000034900003354000072
:10efe8003d5e0000176700008a6e0000557400003f
:10eff80008f9000062070000bd150000e0230000ca
:10f0080092310000a13e0000db4a00007556000066
:10f01800a26000004d6900003870000028750000eb
:10f02800f9010000c8130000dd2400009a34000034
:10f0380074420000fc4d0000e7560000795d0000b6
:10f04800206100002a620000ea600000d25d000032
:10f058004800000065120000fc2300006134000035
:10f06800f6420000374f0000bf580000ba5f0000aa
:10f07800856300005f64000097620000a65e0000e0
:10f08800b20100003d1200000a220000a03000007a
:10f098009e3d0000b9480000c65100001b59000001
:10f0a800295e00003161000065620000086200000e
:10f0b80000000000da10000029210000673000007d
:10f0c800203e0000f44900009e5300005d5b0000f4
:10f0d8008e6000006663000013640000dc620000bc
:10f0e800c912000030fe000079e9000095d5000043
:10f0f8005fc300008bb30000a0a60000589d00006d
:10f108003897000045940000369400009996000056
:10f1180018110000cdfc000098e800005cd5000044
:10f12800e2c30000c6b4000077a80000999f000061
:10f138009d9900007a960000e39500006c97000006
:10f1480082120000a5fc0000a5e600009bd100008b
:10f1580089be000048ae00007fa10000fa980000b8
:10f16800419400004c930000b1950000cf9a000034
:10f17800d010000042fb0000c5e5000063d100008c
:10f188000bbf000083af000057a300003c9b0000aa
:10f19800a6960000819500005f970000a39b0000e1
:10f1a800c2190000a9070000e4f400001ce20000f6
:10f1b800edcf0000debe000063af000040a20000fb
:10f1c800239700005f8e0000118800004c84000027
:10f1d800101800004606000003f40000e4e10000f7
:10f1e8006fd0000019c000003ab1000081a40000ef
:10f1f8008899000094900000be89000020850000d6
:10f208007a1900001e06000011f2000023de00003b
:10f2180017cb00009bb9000042aa0000e29d000045
:10f228002d940000668d00008c8900008388000002
:10f23800c8170000bb04000030f10000eadd000040
:10f2480099cb0000d6ba00001aac000024a0000038
:10f25800929600009b8f00003a8b000056890000b0
:10f2680001fb000035e200002ecb000068b700006b
:10f278002fa80000809e0000039b00005b9e0000fa
:10f28800c2a70000bfb600005bca000051e1000041
:10f298004ff90000d2e000004dca000030b700006e
:10f2a800b1a80000bb9f0000db9c00009da00000ef
:10f2b80027aa0000f4b8000008cc000025e20000ee
:10f2c800bafa0000aae000005bc800006eb30000b4
:10f2d80058a300003e990000e2950000fd99000047
:10f2e800cba40000c6b50000d6cb000087e500001f
:10f2f80008f9000047df00007ac7000036b30000b5
:10f30800dba30000799a0000ba9700003f9c000038
:10f3180030a70000fbb7000084cd00005be60000ca
:10f32800f9010000aeeb000099d60000f0c3000020
:10f33800bcb40000d4a90000c6a3000043a3000089
:10f34800aea70000d9b0000036be000005cf00000f
:10f35800480000004bea0000b8d50000b7c3000021
:10f368003fb500000eab00009ea5000085a500007b
:10f3780013aa00000eb30000e4bf0000d8cf0000bd
:10f38800b201000023ea0000c6d30000f6bf000067
:10f39800e6af000091a40000a69e0000e59e0000d4
:10f3a800b7a40000e0af0000b2bf00003bd30000ec
:10f3b80000000000c0e80000e5d20000bdbf00006a
:10f3c80069b00000cca500007da0000027a10000c6
:10f3d8001ca7000015b200005fc100000fd4000098
:10f3e8000f72000002710000e26d0000ba680000b0
:10f3f800a1610000b6580000244e000083420000be
:10f40800793500006a2700009f1800006b0900008a
:10f418005d7000009f6f0000016d000081680000b2
:10f4280023620000f1590000fb4f0000c5440000b2
:10f43800de3700009f2900004c1a00003f0a000038
:10f44800c7710000786f00000e6b0000c0640000f8
:10f45800ca5c00007453000003490000263e000007
:10f4680082320000702600001a1a0000a10d000068
:10f4780015700000156e00002e6a000087640000f9
:10f488004d5d0000af540000db4a000067400000fb
:10f49800e8340000a6280000c81b0000750e000014
:10f4a800077900007b7a00004d7900004175000063
:10f4b8002f6e000009640000e75600006b4700004b
:10f4c80065350000832100007a0c00001ff700005a
:10f4d80055770000187900006c7800000875000066
:10f4e800b16e000044650000bf580000ad4900003f
:10f4f800ca370000b8230000270e0000f3f7000009
:10f50800bf780000f07800007a76000047710000ac
:10f5180058690000c75e0000c65100000e43000095
:10f528006e3200008a200000f50d000055fb000037
:10f538000d7700008e770000997500000e710000ad
:10f54800db690000026000009e5300004f45000088
:10f55800d3340000bf220000a30f000029fc0000e4
:10f56800465a000007550000974f00008d4a0000da
:10f5780070460000ac43000087420000874300004b
:10f5880004460000e4490000c44e00002354000073
:10f5980095580000a5530000b64e0000544a0000dc
:10f5a800f3460000e74400005f440000c84500003f
:10f5b80069480000194c000071500000f754000021
:10f5c800ff5900007d530000c34c00009346000023
:10f5d8009a410000693e0000663d0000293f000096
:10f5e8000d430000eb4800003f5000005a5800004f
:10f5f8004d5800001a520000e34b00005a46000024
:10f608001d420000a43f00003e3f00006a41000088
:10f6180072450000204b0000ed5100002d590000fc
:10f628003f610000805e0000025b0000145700008c
:10f63800fe520000ff4e00004a4b00006f480000d9
:10f64800ef450000fd4300009f420000d741000045
:10f658008d5f00001d5d0000215a0000db56000090
:10f66800815300003a500000224d0000b04a0000cb
:10f6780054480000334600004d440000ab420000ef
:10f68800f7600000f55c00002f5800001a530000d6
:10f69800284e0000bd4900002a4600001144000021
:10f6a800f9420000044300001b4400000d4600001e
:10f6b800455f0000935b00004e570000e1520000d8
:10f6c800ab4e0000f74a0000014800005246000017
:10f6d8005e45000039450000c8450000e1460000cd
:10f6e800bc9b00002ba100002fa7000035ad000037
:10f6f800c0b2000070b7000000bb0000b5bd00003c
:10f70800f6be0000f9be0000ecbd00000cbc000015
:10f718000a9a0000c89f00004ea60000fcac00003a
:10f7280043b30000abb80000d7bc0000f7bf00002f
:10f738005bc100002ec1000099bf0000e0bc0000c2
:10f74800749b0000a19f00005ba400003ba900007f
:10f75800eaad00002db20000dfb5000058b9000086
:10f76800ffbb000000be000067bf000043c00000f0
:10f77800c39900003e9e00007ba3000002a9000080
:10f788006dae000068b30000b7b7000099bb000079
:10f7980064be000035c0000015c1000016c100009d
:10f7a800b4a20000a4aa00009ab20000bcb90000ec
:10f7b8004ebf0000c3c20000c3c300009dc20000ca
:10f7c800e2be000013b90000c7b10000c0a90000e4
:10f7d80002a1000041a90000b9b1000083b90000ee
:10f7e800d1bf0000fec300009ac50000dfc40000be
:10f7f80047c1000048bb000075b3000094aa000090
:10f808006da2000019a90000c7af0000c2b5000032
:10f8180078ba000080bd0000a2be000040be000013
:10f82800ebbb00001ab8000043b30000f6ad0000bf
:10f83800bba00000b7a70000e6ae000089b5000035
:10f84800fbba0000bbbe00007ac0000081c0000007
:10f8580050be00004fba0000f0b40000caae00006d
:10f86800f483000030850000e4880000088f000061
:10f878009097000065a2000063af0000b8be0000ca
:10f8880080cf000073e1000011f40000c5060000fd
:10f8980042820000ce83000003880000cf8e000063
:10f8a80013980000a0a300003ab10000fac00000bd
:10f8b800e5d10000a9e30000bff5000098070000ab
:10f8c800ac830000a6830000108600000e8b0000a9
:10f8d800ba920000239d000042aa00005bba000013
:10f8e80089cc00007ae000008df50000fb0a0000da
:10f8f800fa8100004382000030850000d58a0000ac
:10f908003c9300005e9e00001aac00009cbc000006
:10f91800eece0000afe200003af70000cf0b000087
:10f92800ec8a0000a98e00004f9400008f9b000015
:10f938001ea40000b9ad000026b80000a1c3000055
:10f948006ccf00008ddb0000ece7000078f40000cd
:10f958003a890000468d00006e930000569b000017
:10f96800a1a40000f3ae0000feb90000e2c500004b
:10f97800d1d10000c2dd00009ae900004cf500007a
:10f98800a48a00001e8d00007c910000959700005d
:10f99800489f000076a8000006b3000043bf00009f
:10f9a80075cc000094da000068e90000aef80000a9
:10f9b800f3880000bc8b00009b9000005c9700005f
:10f9c800ca9f0000b1a90000ddb4000084c1000096
:10f9d800dace0000c9dc000015eb000082f9000057
:10f9e80001fb0000fe130000972b000059400000a7
:10f9f800025100009b5c000084620000e16200008c
:10fa0800385d00001e52000055420000df2e000045
:10fa18004ff900009b120000b72a000020400000a8
:10fa280085510000d65d00005b640000226500007f
:10fa38009d5f00005354000002440000b32f0000f3
:10fa4800bafa000073120000c42800005f3c0000ee
:10fa58002c4c000059570000635d0000835e0000d5
:10fa6800415a000025510000d04300001533000022
:10fa780008f9000010110000e3270000263c0000f0
:10fa8800af4c0000945800003b5f0000c5600000c8
:10fa9800a65c00005a5300007e450000e9330000d0
:10faa800f9010000761d000003370000e04c00005b
:10fab800905d0000ee670000476b0000c96700001a
:10fac800235d0000374c000030360000921c000017
:10fad80048000000141c000022360000a74c00005b
:10fae800135e0000296900001e6d00000a6a00000c
:10faf800885f00006c4e0000dd370000661d0000c6
:10fb0800b2010000ec1b000030340000e6480000a1
:10fb1800ba580000ac620000266600006b63000063
:10fb28002d5a00003e4b0000ac370000c9200000f1
:10fb380000000000891a00004f330000ae480000a2
:10fb48003c590000e7630000fe670000ad65000057
:10fb5800925c0000734d0000593900009c210000a0
:10fb680039e3000003f800004d0d00002c220000ce
:10fb7800d235000091470000e7560000e46300001a
:10fb8800c26d0000987400007a7800009779000030
:10fb980087e10000a0f600006c0c0000f3210000d3
:10fba80054360000cc480000bf580000256600000d
:10fbb80027700000cd760000287a00006b7a0000dc
:10fbc800f2e2000078f60000790a0000321e000018
:10fbd800fc3000004e420000c6510000865f000065
:10fbe800cb6a00009f730000f6790000cd7d00000d
:10fbf80040e1000015f5000099090000fa1d000019
:10fc08007e310000894300009e530000c861000057
:10fc1800306d0000d4750000a37b0000a17e0000b9
:10fc280031ea00007b010000b8180000b32e000084
:10fc380060420000e4520000aa5f0000cc680000a7
:10fc4800ae6d0000b16e0000556c00004b670000ff
:10fc580080e8000019000000d71700007b2e000084
:10fc6800e24200001f540000826100000d6b00009a
:10fc780013700000e7700000036e00001e680000ab
:10fc8800eae90000f1ff0000e5150000ba2a0000cb
:10fc9800893d0000a24d00008a5a00006e640000f1
:10fca800b76a0000b86d0000d16d0000816b0000dc
:10fcb80038e800008efe000004150000812a0000cc
:10fcc8000c3e0000dc4e0000615c0000b0660000e5
:10fcd8001c6d0000ee6f00007e6f0000556c000088
:10fce80001fb0000e3eb000054dd0000afcf000093
:10fcf8004bc3000073b8000063af0000aba800005e
:10fd0800c5a30000cca00000a19f000011a0000026
:10fd18004ff9000081ea000073dc000076cf000094
:10fd2800cdc30000aeb900003ab10000edaa000052
:10fd38002ba6000002a300004ea10000e5a00000d1
:10fd4800bafa000059ea000081da0000b5cb0000d9
:10fd580075be000030b3000042aa00004da40000a8
:10fd6800cfa00000d39f00001da1000048a4000000
:10fd780008f90000f6e80000a0d900007ccb0000dc
:10fd8800f7be00006bb400001aac00008fa600009c
:10fd980034a3000008a20000caa200001ba50000ae
:10fda800f90100005cf50000bfe8000036dc000047
:10fdb800d9cf0000c6c3000026b8000093ad0000ec
:10fdc800b1a30000e69a00007c930000c58d0000f6
:10fdd80048000000f9f30000dee70000fddb00004a
:10fde8005bd0000001c50000feb90000d5af0000df
:10fdf80016a600001b9d00002a950000998e0000a1
:10fe0800b2010000d1f30000ece500003cd800008e
:10fe180002cb000083be000006b3000035a9000035
:10fe2800bba00000ed990000f8940000fb910000d1
:10fe3800000000006ff200000be5000003d800008e
:10fe480085cb0000bebf0000ddb4000077ab00002a
:10fe580020a30000229c0000a5960000cf9200007d
:10fe680039e30000e9cf000009bf000082b10000bb
:10fe78001aa8000069a30000c6a30000aea90000ec
:10fe880050b4000047c30000c6d50000caea00000d
:10fe980087e1000086ce000028be000049b10000be
:10fea8009da80000a3a400009ea50000f0ab0000e0
:10feb800b5b600007cc5000074d700009deb0000bb
:10fec800f2e200005ece000036bc000088ad000003
:10fed80044a30000269e0000a69e000050a5000036
:10fee80059b100004ec2000042d7000000ef0000e8
:10fef80040e10000fbcc000055bb00004fad000006
:10ff0800c7a30000619f00007da0000092a7000029
:10ff1800beb3000083c40000efd80000d4ef000097
:10ff280031ea000061d9000074ca000009be00006f
:10ff3800a8b40000bcae000089ac000096ae00007a
:10ff48003cb4000060bd0000a2c900007dd80000dc
:10ff580080e80000fed7000094c90000d0bd000072
:10ff68002bb50000f6af000061ae0000d8b000006d
:10ff7800a1b6000095bf00004fcb000051d900008a
:10ff8800eae90000d7d70000a1c700000fba0000b7
:10ff9800d2af000079a9000069a7000038aa0000c4
:10ffa80045b1000067bc00001dcb0000b4dc0000b8
:10ffb80038e8000074d60000c0c60000d7b90000b9
:10ffc80055b00000b4aa000040a900007aac0000b7
:10ffd800aab300009cbe0000cbcc000087dd000067
:10ffe800465a0000b65e0000bd610000d362000002
:10fff8008c6100009e5d0000e7560000d74d0000b0
:020000040001f9
:1000080007420000f13300000a240000e412000057
:1000180095580000535d0000dc6000009a62000003
:100028000f620000d95e0000bf58000018500000a1
:100038006c44000026360000b7250000b813000005
:10004800ff5900002b5d0000ea5e0000d95e000049
:10005800b65c00005c580000c651000079490000f9
:10006800103f0000f8320000852500001a17000034
:100078004d580000c85b0000095e0000a15e00004a
:10008800395d0000975900009e530000ba4b0000ec
:10009800754100002d35000033270000ee170000e1
:1000a8003f6100002f680000286d00005a6f0000b3
:1000b8001a6e0000f1680000aa5f0000bf5200003d
:1000c800f34100000a2e0000e51700009700000029
:1000d8008d5f0000cc660000476c0000226f0000b6
:1000e8009d6e00002c6a000082610000005500002f
:1000f8005844000040300000931900006b010000d4
:10010800f7600000a4660000556a0000616b0000fb
:1001180044690000af6300008a5a0000614e000085
:10012800fc3e0000112d000061190000ce04000003
:10013800455f00004165000074690000286b0000fd
:10014800c7690000ea640000615c0000a25000007a
:1001580061410000462f00000e1b0000a2050000b0
:100168007e420000bb42000072430000a64400002b
:100178005c460000944800004a4b0000da4e00003c
:10018800915200006b5600002f5a00009c5d000041
:10019800cd40000058410000914200006e4400002c
:1001a800df460000cf490000224d00001b5100002f
:1001b800f6540000a0580000dd5b0000705e0000ef
:1001c80037420000304100009f400000ad40000071
:1001d80086410000524300002a4600007c4a000085
:1001e8009b4f000072550000ab5b0000d26100001d
:1001f80085400000ce3f0000be3f00007440000074
:10020800084200008c44000001480000bd4c00007a
:1002180000520000a7570000585d0000a6620000c9
:1002280077490000344c0000dd4e00002e510000dc
:10023800ea520000e75300000d540000c2530000ca
:100248007d520000855000000a4e0000504b00000f
:10025800c5470000d14a0000fc4d0000f5500000e1
:100268006c53000022550000e555000003560000bd
:10027800e2540000ba520000b84f0000244c0000bd
:100288002f490000a94a00000a4c0000344d000024
:10029800144e0000a54e0000ed4e0000644f000013
:1002a800874f00008c4f0000864f0000864f0000eb
:1002b8007d47000046490000294b0000fb4c000028
:1002c800964e0000df4f0000c4500000a55100000a
:1002d800ec510000c1510000335100005a50000099
:1002e8007cba0000aeb70000cfb4000022b2000014
:1002f800deaf00002aae00001cad000020ad0000fb
:1003080092ad000078ae0000adaf000009b100006a
:10031800cab800004bb60000eeb30000e9b1000017
:1003280061b0000065af0000f3ae000061af0000ef
:10033800f7af0000adb000005bb10000ddb1000018
:1003480035ba000023b60000fcb1000028ae00005a
:1003580008ab0000e7a80000fba70000c2a8000047
:100368009baa00007fad000029b100003fb5000046
:1003780083b80000c0b400001bb10000efad00005e
:100388008aab000022aa0000d3a9000003ab00003a
:1003980000ad0000b4af0000d6b2000013b60000f4
:1003a80075c1000027c100003ac00000a9be0000c6
:1003b8006cbc00007db90000dfb5000008b2000089
:1003c8007ead000092a8000089a30000bd9e000039
:1003d800c3bf0000c4bf000059bf000070be0000ca
:1003e800eebc0000b8ba0000b7b7000049b400007e
:1003f800e3af0000c7aa000036a50000909f0000e8
:100408002dc100009cbf000067bd0000afba00000e
:1004180096b700003bb40000beb00000aaad0000d3
:1004280087aa000099a7000004a50000f3a2000015
:100438007bbf000039be000086bc000076ba000011
:1004480018b8000075b5000096b20000ecaf0000c7
:10045800ecac0000cea90000b2a60000c7a30000c3
:10046800b4a20000b39b000084960000f59300003e
:10047800ad940000209900007fa1000023ae000089
:100488001cbe0000f2d00000d3e50000c1fb000054
:1004980002a10000509a0000a3950000bc93000040
:1004a800309500005a9a000057a3000064b000007d
:1004b80081c0000027d3000080e7000095fc000001
:1004c8006da20000289a0000b1930000fb8f000085
:1004d800d78f0000dd9300005f9c0000c5a90000d5
:1004e80025bb0000f9cf00004ee70000f7ff000031
:1004f800bba00000c5980000d0920000c28f000089
:100508005a90000018950000369e000007ac0000c5
:100518008abd00002ed20000fce80000cb000000dd
:10052800aca900002ca50000efa100007ca00000f1
:100538003ba1000073a4000042aa00000bb3000016
:1005480008be00000ccb0000aed9000075e9000021
:10055800fba70000c9a300000fa1000044a00000f1
:10056800bea10000aea500001aac00004cb500000a
:100578006dc0000041cd00005bdb000049ea0000cf
:1005880065a90000a1a300001c9f0000829c000038
:10059800659c0000309f000022a50000adae000061
:1005a80011bb000013ca000029db0000abed0000fe
:1005b800b3a700003ea200003b9e00004a9c00003a
:1005c800e89c00006ba00000f9a60000efb0000056
:1005d80076bd000048cc0000d7dc00007fee0000ac
:1005e800c2190000802a0000383900004645000082
:1005f800204e000055530000a05400004b5200004c
:10060800d44b00009c41000016340000db2300009e
:10061800101800001e290000573800000d45000082
:10062800a24e000090540000775600008d54000040
:10063800394e0000d2430000c4350000af2400004a
:100648007a190000f6280000653600004c410000c9
:1006580049490000134e00007f4f0000ed4d000097
:10066800dd480000a3400000923500001228000079
:10067800c8170000932700008435000014410000cb
:10068800cc4900004e4f0000575100002f50000089
:10069800424b0000d94200003f370000e528000027
:1006a800ba200000f9330000a3440000ce51000036
:1006b800ad5a0000a85e0000635d000033570000db
:1006c800bf4b0000b63b0000f12700008f1100006f
:1006d800081f000096320000c24300009551000038
:1006e800305b0000e35f00003b5f000075590000cd
:1006f800244e0000eb3d00009f290000631200001b
:10070800722000006e320000d0410000d44d00007d
:10071800d75500006659000043580000d552000024
:10072800c9480000bd3a00006d290000c515000049
:10073800c01e00000c310000ef4000009b4d00007f
:100748005a560000a15a00001a5a00001755000016
:100758002e4b0000f23c00001a2b000099160000f6
:10076800f9010000850e0000ed1a000019270000ad
:10077800ef3200004b3e0000034900004e530000da
:100788005e5c0000176400003c6a0000946e000084
:1007980048000000230d00000c1a0000e1260000ac
:1007a80072330000863f0000db4a000090550000cd
:1007b800c35e00004c660000e96b0000676f000034
:1007c800b2010000fb0c00001a18000020230000f2
:1007d800192e000009390000e3430000f14e000023
:1007e800675900001e630000b76b0000ca72000062
:1007f80000000000980b000039170000e7220000f5
:100808009c2e0000433a0000ba4500003251000017
:10081800cc5b000053650000656d00009e7300000e
:10082800f2080000fe17000058260000a13300005f
:100838007d3f00009e490000c65100003658000068
:100848004a5c0000305e0000175e0000475c000054
:10085800400700009b160000772500006833000061
:1008680000400000d94a00009e530000785a00005a
:10087800af5e000065600000c45f00001b5d000003
:10088800aa0800007316000085230000a72f0000a7
:10089800a73a00005c440000a64c0000d9530000b1
:1008a80053590000375d0000925f00007e60000031
:1008b800f806000011150000a42200006e2f0000a9
:1008c800293b0000964500007d4e00001a560000a6
:1008d800b85b00006c5f00004061000051610000df
:1008e800c219000066020000f4ea00009cd400006f
:1008f80068c000002daf00007fa10000159800001f
:10090800619200004b900000629100000e9500007b
:10091800101800000301000013ea000063d400006f
:10092800ebc0000068b0000057a30000579a000011
:10093800c69400008092000010930000e295000029
:100948007a190000db00000021e80000a2d00000b6
:1009580092bb0000eba900005f9c0000b893000068
:100968006b8f0000528f0000de9200004499000057
:10097800c817000079ff000040e7000069d00000b8
:1009880015bc000025ab0000369e0000f99500005c
:10099800d0910000879100008b940000189a000005
:1009a800ba200000df0b000060f6000023e1000021
:1009b800f6cc000080ba000042aa0000fe9c0000ad
:1009c8004d920000658a00003e850000c28200004a
:1009d800081f00007c0a00007ff50000ebe0000023
:1009e80079cd0000bbbb00001aac00003f9f00009f
:1009f800b29400009a8c0000eb86000095830000fa
:100a080072200000540a00008cf3000029dd000069
:100a180020c800003eb5000022a50000a0980000f4
:100a2800568f00006c890000b9860000f886000027
:100a3800c01e0000f1080000acf20000f1dc00006c
:100a4800a3c8000078b60000f9a60000e19a0000eb
:100a5800bb910000a18b000067880000cc870000d4
:100a6800f90100006be60000a9cc00006fb6000099
:100a780038a50000239a0000e295000019990000ab
:100a8800eca20000c5b2000088c70000c6df000065
:100a98004800000008e50000c8cb000036b600009a
:100aa800baa500005e9b0000ba9700005a9b0000a0
:100ab80051a50000fbb4000035c900009ae0000011
:100ac800b2010000e0e40000d6c9000075b20000e1
:100ad80062a00000e0940000c2900000bb940000f7
:100ae800f59f0000ccb1000003c90000fde3000041
:100af800000000007ee30000f5c800003db20000e1
:100b0800e4a000001b96000099920000fc960000eb
:100b18005aa2000002b40000b1ca0000d0e40000ec
:100b2800f2080000e4ef000015d80000f7c200004a
:100b3800c6b1000076a50000a69e0000019e000038
:100b4800d8a20000dfac000063bb00007acd000033
:100b58004007000081ee000034d70000bec200004c
:100b680048b20000b1a600007da0000042a000002d
:100b78003da5000014af000010bd00004ece0000df
:100b8800aa08000059ee000041d50000fdbe000093
:100b9800efac000033a0000085990000a399000085
:100ba800e19f0000e6ab0000dfbc0000b0d1000010
:100bb800f8060000f6ec000061d40000c4be000096
:100bc80072ad00006ea100005d9b0000e49b000078
:100bd80046a200001bae00008cbe000084d20000bc
:100be80007790000387500005d6f0000c1670000dc
:100bf800aa5e00005854000003490000413d00006f
:100c0800a330000070230000cb150000e0070000af
:100c180055770000d67300007c6e000088670000de
:100c28002c5f000093550000db4a0000823f000063
:100c380008330000a525000079170000b40800005b
:100c4800bf780000ae7300008a6c0000c763000024
:100c5800d4590000164f0000e3430000e3380000b9
:100c6800ac2d00007722000047170000170c000089
:100c78000d7700004b720000a96b00008e63000026
:100c8800565a000051500000ba450000253b0000ac
:100c980011300000ac240000f4180000eb0c000038
:100ca800ff7f0000b17e0000c87a00004874000091
:100cb800386b0000ac5f0000c651000029420000fc
:100cc8008f300000891d0000a709000094f500007e
:100cd8004d7e00004e7d0000e87900000f74000092
:100ce800ba6b0000e66000009e5300006a440000f2
:100cf800f4320000be1f0000540b000068f600002c
:100d0800b77f0000277d0000f57700004e700000d7
:100d180062660000695a0000a64c0000cb3d000046
:100d2800982d0000901c0000220b0000caf900005a
:100d3800067e0000c47b00001477000015700000d8
:100d4800e4660000a45b00007d4e00000d4000003a
:100d5800fd2f0000c51e0000d00c00009efa000008
:100d68003f6100003e590000125100009449000004
:100d7800794300004e3f0000663d0000443e0000fd
:100d88002d410000ea450000f14b00009952000097
:100d98008d5f0000db570000315000005b49000008
:100da800fc430000894000003e3f000086400000f0
:100db800924300001f4800009e4d00006c53000045
:100dc800f7600000b35700003f4e00009a4500004e
:100dd800a33e00000c3a000046380000e639000047
:100de800373e0000f14400006c4d0000cf56000073
:100df800455f0000505600005e4d00006145000050
:100e0800263f0000463b00001e3a0000283c000038
:100e18009c400000264700001a4f0000a35700001e
:100e280037680000b66200007e5c00001b560000b8
:100e380007500000a14a00002a4600002c43000089
:100e48001941000004400000cc3f00004c40000065
:100e580085660000546100009d5b0000e2550000bb
:100e68008a500000dc4b0000014800006e4500007d
:100e78007e43000039420000794100002041000013
:100e8800ef6700002c610000aa5900002152000001
:100e9800314b00005f45000009410000ce3e0000d4
:100ea800223e00000a3f0000474100008344000042
:100eb8003d660000c95f0000ca580000e851000004
:100ec800b44b00009a460000e142000010410000c7
:100ed8008740000040410000f542000056450000f0
:100ee800b4a2000061a50000aaa800003cac000064
:100ef800caaf000012b30000dfb5000073b80000ed
:100f080020ba0000ffba000019bb000082ba000036
:100f180002a10000ffa30000c9a7000003ac000065
:100f28004cb000004db40000b7b70000b4ba0000e0
:100f380085bc000034bd0000c6bc000055bb0000e5
:100f48006da20000d7a30000d7a5000042a80000aa
:100f5800f4aa0000cfad0000beb0000015b4000038
:100f680029b7000006ba000094bc0000b8be000013
:100f7800bba0000074a20000f6a4000009a80000ad
:100f880076ab00000aaf000096b2000057b600002a
:100f98008eb900003bbc000042be00008cbf0000c0
:100fa800aca90000daae000015b40000c3b8000018
:100fb80058bc000065be0000a2be00005bbd00007a
:100fc8000cba000019b50000f4ae000035a8000006
:100fd800fba7000077ad000035b300008ab8000019
:100fe800dabc0000a0bf00007ac000009cbf00006f
:100ff80071bc00004eb70000a1b0000009a90000b4
:1010080065a9000050ad000042b10000c9b400005d
:1010180081b7000023b9000082b90000fdb80000c4
:1010280015b7000020b400006fb000006cac0000e1
:10103800b3a70000edab000061b0000090b4000061
:1010480004b800005dba000059bb00003fbb0000b7
:101058007ab9000055b600001db200003fad00008f
:10106800ec8a0000678900005f8a00000f8e00008c
:1010780099940000089e000042aa000076b900007a
:10108800aaca00007add00003ef100003a0500001f
:101098003a890000048800007e890000d68d00008f
:1010a8001c950000429f00001aac0000b8bb00006d
:1010b8000fcd0000afdf0000ecf200000e060000cc
:1010c800a48a0000dc8700008c870000158a0000d5
:1010d800c38f0000c598000022a5000018b50000c5
:1010e800b3c7000080dc0000baf2000070090000fd
:1010f800f388000079860000ab860000dc890000d8
:1011080046900000009a0000f9a600005ab70000b7
:1011180018ca0000b6de000067f40000440a0000a8
:10112800e4910000df920000cb950000969a000041
:1011380027a100005ba9000006b300005ebe000006
:1011480096ca000093d7000019e50000eef20000ef
:10115800329000007d910000ea9400005d9a000042
:10116800aaa1000096aa0000ddb40000a0c00000fb
:10117800fbcc0000c8d90000c7e60000c1f300009e
:101188009d91000055910000f79200009c96000088
:10119800519c000018a40000e5ad000000ba000052
:1011a8009fc700009ad6000095e6000024f70000cb
:1011b800eb8f0000f28f000017920000639600008a
:1011c800d49c000053a50000bdaf000042bc000045
:1011d80004ca0000cfd8000042e80000f8f7000079
:1011e800f901000034180000132d0000603f0000d2
:1011f8000b4e00003d580000635d00009e5d00003e
:1012080061580000244e0000823f0000542d000069
:1012180048000000d1160000322c0000273f0000d3
:101228008e4e0000785900003b5f0000e05f000030
:10123800c65a0000595000002f410000282e000017
:10124800b2010000a9160000402a0000663b000019
:1012580035490000fb520000435800004159000086
:101268006b5500002b4d0000fd4000008a31000046
:1012780000000000471500005f2900002d3b00001a
:10128800b8490000365400001a5a0000825b00007a
:10129800d0570000604f0000ab4200005e320000f3
:1012a800f2080000ad2100007e380000e74b000086
:1012b800995a0000906300002666000086620000cc
:1012c8004d5800003d4800005d330000081b000039
:1012d800400700004a2000009e370000ae4b000087
:1012e8001c5b0000cb640000fe670000c8640000bf
:1012f800b25a0000734a00000a350000dc1b0000e7
:10130800aa08000022200000ab350000ed470000cd
:10131800c35500004e5e000006610000295e000013
:101328005655000044470000d83400003e1f000016
:10133800f8060000bf1e0000ca340000b5470000d0
:1013480046560000895f0000dd6200006a60000008
:10135800bb570000794900008636000012200000c3
:1013680031ea000039fc0000c80e000033210000fb
:10137800db32000033430000c6510000a15e0000cc
:10138800ec6800009e700000a77500000c78000053
:1013980080e80000d6fa0000e70d0000fa200000ff
:1013a8005e3300006e4400009e530000e3600000be
:1013b800516b0000d372000054770000e078000001
:1013c800eae90000aefa0000f50b0000391d000044
:1013d800052e0000f13d0000a64c0000445a000014
:1013e800f5650000a56f000022770000437c00002f
:1013f80038e800004cf90000140b0000001d000044
:10140800872e00002b3f00007d4e0000855c000009
:101418005a680000da710000d0780000167d0000dc
:101428002af10000b2050000331a0000ba2d0000ae
:10143800693f0000864e00008a5a00008a63000057
:10144800d8680000b86a000082690000c065000022
:1014580078ef00004f04000053190000822d0000af
:10146800eb3f0000c14f0000615c0000cb6500004d
:101478003d6b0000ed6c0000306b000094660000ce
:10148800e2f000002704000060170000c0290000f7
:10149800933a000044490000695500002c5f0000a1
:1014a800e1650000bf690000fe6a0000f6690000ff
:1014b80030ef0000c40200008016000088290000f8
:1014c800153b00007f4a0000415700006d61000095
:1014d80046680000f46b0000ab6c0000ca6a0000ac
:1014e800f90100001af00000cfde0000b6ce0000bf
:1014f80054c0000015b4000042aa000069a300000f
:10150800ef9e0000d39c0000ce9c0000879e000048
:1015180048000000b7ee0000efdd00007dce0000bf
:10152800d7c0000050b500001aac0000aaa5000002
:1015380054a10000089f00007b9e00005b9f0000f4
:10154800b20100008fee0000fcdb0000bcca000006
:101558007ebb0000d3ae000022a500000b9f000058
:10156800f99b0000d99b0000499e0000bda2000025
:10157800000000002ced00001bdb000083ca000007
:1015880000bc00000db00000f9a600004ca100004e
:101598005e9e00000f9e0000f79f000091a30000d0
:1015a800f208000092f900003bea00003ddb000071
:1015b800e2cc000068bf000006b3000051a800009c
:1015c800db9e0000ec960000a99000003a8c000019
:1015d8004007000030f800005ae9000004db000072
:1015e80065cd0000a3c00000ddb4000092aa000091
:1015f80040a1000021990000579200000e8d0000c4
:10160800aa08000008f8000068e7000043d70000b7
:101618000cc8000026ba0000e5ad0000f3a30000e6
:10162800e49b0000f39500002592000071900000f3
:10163800f8060000a5f6000087e600000ad70000bb
:101648008ec8000061bb0000bdaf000034a60000da
:10165800499e000028980000d293000044910000a1
:1016680031ea00001fd4000084c0000089b00000e7
:1016780024a500000b9f0000a69e00006ca400009b
:101688007aaf00004dbf0000f3d200003fe9000030
:1016980080e80000bcd20000a4bf000050b00000e9
:1016a800a6a5000046a000007da00000ada6000091
:1016b800dfb1000082c10000a1d4000013ea0000dd
:1016c800eae9000094d20000b1bd00008fac000030
:1016d8004da00000c8990000859900000ea00000e8
:1016e80083ac000054be00006fd4000075ed00000c
:1016f80038e8000031d10000d1bc000056ac000031
:10170800d0a00000039b00005d9b00004fa20000da
:10171800e8ae000089c000001cd6000049ee0000b9
:101728002af1000097dd0000f0cb000010bd00009a
:10173800b1b100005eaa000069a7000054a900002a
:1017480065af000066b90000cec60000f3d6000001
:1017580078ef000035dc00000fcb0000d7bc00009c
:1017680034b2000099ab000040a9000095ab00001e
:10177800cab100009cbb00007cc80000c6d70000ae
:10178800e2f000000ddc00001dc9000016b90000e1
:10179800dbac00001ba5000048a20000f6a4000076
:1017a8006fac00006db800004ac8000029db0000db
:1017b80030ef0000aada00003cc80000deb80000e4
:1017c8005ead000056a6000020a4000037a7000068
:1017d800d4ae0000a2ba0000f7c90000fddb00008b
:1017e8003f610000ec62000038630000da6100002d
:1017f800965e000040590000c65100009448000061
:10180800313d0000f72f000037210000591100007a
:101818008d5f00008961000057620000a16100002f
:10182800185f00007b5a00009e530000d64a000053
:10183800963f00002c320000e42200002d12000028
:10184800f76000006161000065600000e05d000075
:10185800c0590000fe530000a64c000036440000aa
:101868003a3a0000fe2e0000b22200008f15000058
:10187800455f0000ff5f0000845f0000a75d000077
:10188800425a0000395500007d4e0000784600009d
:101898009f3c000033310000602400006316000004
:1018a80037680000656c0000a46e0000616e0000df
:1018b800246b0000946400008a5a00007c4d0000ec
:1018c8001d3d0000112a0000121500000dff000048
:1018d80085660000026b0000c36d0000296e0000e1
:1018e800a66b0000ce650000615c0000be4f0000e2
:1018f800823f0000462c0000bf160000e1ff0000f8
:10190800ef670000da6a0000d06b0000686a000028
:101918004d660000515f0000695500001e49000037
:10192800263a0000172900008e1600004303000025
:101938003d66000077690000f06a00002f6a000029
:10194800d06600008c60000041570000604b00002a
:101958008b3c00004d2b00003b18000017040000d2
:1019680077490000f1460000ed440000ad43000057
:1019780065430000364400002a46000097490000ed
:10198800bb4d0000715200005c570000115c000064
:10199800c54700008e4500000d4400007543000057
:1019a800e84300007145000001480000d94b0000e1
:1019b80020500000a65400000a590000e55c000011
:1019c8002f490000674500001a420000b33f00009d
:1019d8008f3e0000f43e0000094100003945000038
:1019e800c54a000078510000d8580000486000003f
:1019f8007d47000004440000394100007b3f00009f
:101a0800123f00002f400000e14200007b47000029
:101a18002a4d0000ad530000855a00001b610000ec
:101a28006f5000006a500000595000003550000007
:101a3800f34f0000894f0000ed4e00007f4e00007c
:101a4800a74d00008b4c0000374b0000c549000033
:101a5800bd4e0000074f0000784f0000fc4f00000b
:101a680076500000c4500000c4500000c15000006f
:101a78000c500000c04e0000e54c0000994a0000e0
:101a880027500000df4e0000864d00003b4c000050
:101a98001d4b0000474a0000cc490000214a0000c5
:101aa800b04a0000924b0000b34c0000fb4d000010
:101ab800754e00007c4d0000a54c0000024c000053
:101ac800a04b0000824b0000a44b0000634c0000b8
:101ad800154d0000c74d0000604e0000cf4e0000bd
:101ae8003cb300004bb4000001b5000050b5000045
:101af8003ab50000c9b4000014b400009db300005a
:101b0800ebb2000039b20000a0b1000031b1000012
:101b18008bb10000e9b2000020b4000017b5000046
:101b2800bcb5000004b60000ecb50000dfb500004d
:101b380050b500006eb400004db3000005b20000bf
:101b4800f5b20000c1b200002eb2000056b100008c
:101b580064b0000087af0000f3ae00003faf0000a4
:101b6800f4af000040b100001bb3000067b50000ef
:101b780043b100005eb100004db100001db100008e
:101b8800e6b00000c2b00000cbb0000081b1000098
:101b980059b2000075b30000c9b400003bb600009c
:101ba80035ba0000c4bd00006cc00000d7c10000f9
:101bb800c8c100001cc00000d7bc000085b80000e8
:101bc800d6b2000053ac00007ba50000e59e0000e3
:101bd80083b8000061bc00008bbf00009fc10000fb
:101be8004ac2000057c10000afbe0000c7ba0000db
:101bf8003bb5000088ae000028a70000b89f000091
:101c0800edb9000039bc000099bd0000ddbd000041
:101c1800f1bc0000daba0000b7b7000027b4000032
:101c2800e0af00005aab0000f6a600001ba30000be
:101c38003bb80000d7ba0000b8bc0000a5bd000042
:101c480074bd000015bc00008eb9000069b6000024
:101c580045b200008fad0000a4a80000efa300006b
:101c6800749b000050980000b6960000239700006f
:101c7800099a0000bf9f000077a80000a0b40000e8
:101c880075c30000b3d40000c5e70000e9fb0000fd
:101c9800c3990000ee960000d5950000ea96000072
:101ca8008c9a0000faa000004faa0000e2b60000db
:101cb800dac50000e9d6000072e90000bdfc0000aa
:101cc8002d9b0000c6960000e393000029930000b6
:101cd800339500007c9a000057a3000042b0000032
:101ce8007ec00000bad3000041e900001f000000d8
:101cf8007b9900006395000002930000f1920000b8
:101d0800b6950000b79b00002ea5000084b2000025
:101d1800e3c20000efd50000eeea0000f300000087
:101d28006da20000c9a1000021a20000aba3000021
:101d380097a6000012ab00003ab1000088b9000075
:101d480061c30000cdce0000a0db00009de90000cb
:101d5800bba0000066a0000041a1000072a3000023
:101d68001aa700004dac000012b30000cabb000067
:101d7800c6c5000002d100004edd000071ea000077
:101d880025a200003ea000004e9f0000b19f000069
:101d9800c1a10000d0a500001aac00002ab50000bf
:101da8006ac00000d4cd00001cdd0000d3ed0000a7
:101db80073a00000dc9e00006d9e0000789f00006c
:101dc80044a200000aa70000f2ad00006cb70000b2
:101dd800cfc2000009d00000c9de0000a7ee000055
:101de800821200001e2700006a39000074480000b3
:101df8007b530000f5590000985b0000c9580000ab
:101e08002c5100005e450000093600000324000044
:101e1800d0100000bb250000893800003c480000b5
:101e2800fe530000305b0000705d00000a5b00009c
:101e38009153000093470000b6370000d7240000f4
:101e48003a12000093250000963600007b440000fb
:101e5800a54e0000b2540000775600006b540000f5
:101e6800364e000064440000843700003a28000021
:101e78008810000030240000b635000042440000fd
:101e8800284f0000ed5500004f580000ac560000e8
:101e98009b5000009a460000323900000d290000ce
:101ea8007a19000096300000d5440000fc54000068
:101eb80009600000486500005b640000b15d000037
:101ec80018510000773f0000e4290000b711000016
:101ed800c8170000342f0000f4430000c35400006a
:101ee8008c6000008366000033660000f25f00002b
:101ef8007d530000ac410000912b00008b120000c4
:101f0800321900000c2f00000242000002510000ac
:101f1800335b0000056000003b5f00005359000080
:101f2800214e00007e3e00005f2b0000ed150000f2
:101f380080170000a92d000021410000c9500000b1
:101f4800b65b00004061000012610000945b000075
:101f580086500000b34000000d2d0000c11600009f
:101f6800bafa0000230b00001f1b0000482a0000db
:101f78004b380000ea440000fb4f0000cc59000039
:101f8800b7610000d86700002e6c0000bc6e00002e
:101f980008f90000c00900003e1a00000f2a0000de
:101fa800ce38000025460000d35100000d5c00002b
:101fb8001c6400000d6a0000db6d00008f6f0000dc
:101fc80072fa0000980900004c1800004e26000024
:101fd80075330000a83f0000db4a00006e55000082
:101fe800c05e0000df660000a96d0000f27200000c
:101ff800c0f80000350800006b1700001526000027
:10200800f7330000e3400000b24c0000af57000077
:102018002561000014690000576f0000c6730000b6
:10202800b20100009c1400008a260000cf36000090
:10203800d94400003d500000bf580000b45e0000c5
:10204800a2610000f1610000096000006f5c0000ff
:102058000000000039130000a92500009636000092
:102068005b45000078510000965a0000f5600000ba
:102078000764000027640000b7610000435d0000aa
:102088006a01000011130000b7230000d5320000d8
:1020980003400000fb4a00009e530000565a00000f
:1020a800ac5e0000f860000085610000a5600000db
:1020b800b8ff0000ae110000d62200009c320000dc
:1020c80085400000364c000076550000975c000003
:1020d800116100002d630000326300007961000087
:1020e8008212000004ff000026eb0000cad700009f
:1020f800c4c50000ccb5000077a80000939e00007e
:10210800ba9700000c940000559300003695000023
:10211800d0100000a1fd000045ea000092d70000a1
:1021280047c6000007b700004faa0000d4a000006f
:102138001f9a000041960000029500000a960000d0
:102148003a12000079fd000053e80000d0d30000e7
:10215800eec000008ab0000057a30000359a0000c6
:10216800c394000013930000d09400006c99000001
:102178008810000016fc000072e7000098d30000e9
:1021880070c10000c5b100002ea50000769c0000bb
:1021980028970000489500007e960000409a0000ad
:1021a8007a1900007c08000091f6000052e4000053
:1021b80052d200001fc100003ab100007ba300000a
:1021c800a6970000268e000030870000ea820000f3
:1021d800c81700001a070000b1f5000019e4000054
:1021e800d4d200005ac2000012b30000bca50000ff
:1021f8000b9a00005b900000de880000bd830000a1
:1022080032190000f2060000bef3000058e000009a
:102218007ccd0000ddbb00001aac00001d9f000053
:10222800af9400002d8d0000ac88000020870000ce
:10223800801700008f050000def200001fe000009c
:10224800fecd000018bd0000f2ad00005fa1000047
:1022580014970000628f0000598a0000f48700007c
:10226800bafa000009e30000dbcc00009eb90000c8
:1022780094aa0000c2a00000db9c0000969f00000a
:1022880045a8000087b600007ac90000eedf00000c
:1022980008f90000a6e10000facb000065b90000cb
:1022a80016ab0000fda10000b29e0000d7a10000ff
:1022b800aaaa0000bcb8000028cb0000c2e00000b9
:1022c80072fa00007ee1000008ca0000a4b5000010
:1022d800bda50000809b0000ba970000389b000055
:1022e8004ea500008db50000f6ca000024e40000e9
:1022f800c0f800001be0000027c900006bb5000013
:1023080040a60000ba9c0000929900007a9d000047
:10231800b3a70000c3b70000a3cc0000f8e4000096
:10232800b201000081ec000047d8000025c600007b
:1023380021b7000015ac00009ea500007ea4000097
:1023480030a80000a0b0000055bd0000a2cd0000dc
:10235800000000001feb000066d70000ecc500007d
:10236800a4b7000050ad000075a70000bfa600008c
:1023780095aa0000d5b2000003bf000076ce000089
:102388006a010000f7ea000073d500002bc20000c4
:102398004bb20000d3a600007da0000020a00000e2
:1023a8003aa50000a7af0000d1be0000d8d10000b8
:1023b800b8ff000094e9000093d40000f2c10000c7
:1023c800ceb200000da8000055a2000062a20000d5
:1023d8009fa70000dcb100007ec00000acd2000066
:1023e800c7710000d67100008f6f0000ef6a00000f
:1023f80006640000f85a0000fb4f0000be430000ce
:10240800fc35000031270000be1700000808000056
:102418001570000073700000ae6e0000b66a000010
:1024280088640000335c0000d351000000460000bf
:1024380061380000662900006b190000dc08000004
:102448007f7100004b700000bc6c0000f566000056
:102458002f5f0000b5550000db4a0000603f000018
:102468000533000038260000391900003f0c000031
:10247800ce6f0000e96e0000db6b0000bc66000058
:10248800b25f0000f0560000b24c0000a24100000c
:102498006a3500006d280000e71a0000120d0000e0
:1024a800bf7800004f7b0000fa7a000076770000c2
:1024b800947000004b660000bf580000a64800005a
:1024c800e83500004a210000990b0000bcf5000027
:1024d8000d770000ec7900001a7a00003d770000c3
:1024e8001671000086670000965a0000e84a00004e
:1024f8004d38000080230000460d000090f60000d3
:1025080078780000c4790000277800007c73000008
:10251800bd6b0000086100009e53000048440000a5
:10252800f132000051200000140d0000f2f9000003
:10253800c67600006178000046770000437300000b
:10254800406c000043620000765500008a46000097
:102558005635000086220000c20e0000c6fa0000b0
:10256800ff590000db55000044510000c24c000038
:10257800d5480000ed4500005f440000c14400005c
:1025880086460000ab490000e34d0000c152000040
:102598004d5800007854000063500000894c00003a
:1025a800584900002847000036460000034700004d
:1025b800eb480000e04b0000914f000094530000ee
:1025c800b759000050540000714e0000c848000080
:1025d800ff430000ab4000003e3f000064400000a5
:1025e8008f430000b24800005f4f0000f75600001c
:1025f80005580000ee520000904d00008f48000082
:1026080082440000e641000016410000a542000097
:10261800f4450000e74a00000c510000cb570000c9
:10262800f7600000545f0000b05c000049590000ea
:102638006355000041510000224d0000a9490000e7
:1026480072460000c5430000be410000744000000f
:10265800455f0000f15d0000cf5b000010590000ed
:10266800e65500007b520000f94e0000eb4b0000dd
:10267800d7480000fa4500006c43000048410000bc
:10268800af600000c95d0000dc5900004f55000034
:102698008d500000fe4b0000014800004c45000032
:1026a8007b430000cc4200003a430000ab440000ea
:1026b800fe5e0000665c0000fc5800001655000035
:1026c80010510000394d0000d94900008d47000025
:1026d800e045000001450000e74400007e45000099
:1026e800749b0000ffa10000dca800006aaf000096
:1026f80025b50000b1b90000d7bc0000f0be00004d
:1027080079bf0000c0be00000bbd0000aaba0000df
:10271800c39900009ca00000fba7000031af000097
:10272800a8b50000ecba0000afbe000032c100003e
:10273800dec10000f6c00000b9be00007dbb00008d
:102748002d9b000074a0000009a6000070ab0000db
:102758004fb000006fb40000b7b7000092ba000095
:1027680082bc0000c7bd000087be0000e0be0000bc
:102778007b990000129f000028a5000037ab0000dd
:10278800d2b00000aab500008eb90000d4bc000089
:10279800e7be0000fcbf000034c00000b4bf00006a
:1027a8006da2000078ab000047b40000f1bb000048
:1027b800b3c1000004c500009ac50000d8c30000da
:1027c80064bf0000dab80000e6b000005da80000b1
:1027d800bba0000015aa000067b30000b8bb00004a
:1027e80036c200003fc6000072c700001ac60000cb
:1027f800c9c100000fbb000094b2000031a900005d
:1028080025a20000eda9000074b10000f7b7000090
:10281800ddbc0000c2bf00007ac000007abf000023
:102828006ebc0000e1b7000062b2000094ac00008a
:1028380073a000008aa8000093b00000beb7000093
:1028480060bd0000fdc0000051c20000bcc1000016
:10285800d3be000016ba00000fb4000067ad000038
:10286800ac83000004860000918a00003d910000be
:10287800f5990000a7a400003ab10000f3bf0000da
:1028880003d000003be1000030f3000062050000c7
:10289800fa810000a1840000b089000004910000c2
:1028a800789a0000e2a5000012b3000035c20000cb
:1028b80068d2000070e30000def400003606000075
:1028c8006583000079840000be870000438d000006
:1028d8001f950000649f00001aac000096bb000022
:1028e8000ccd000042e00000acf4000098090000a4
:1028f800b381000017830000dd8600000a8d000008
:10290800a19500009fa00000f2ad0000d7bd000017
:1029180071cf000077e2000059f600006c0a000051
:10292800a48a00007d8f0000fd950000c49d000072
:1029380083a60000faaf0000feb90000dbc4000067
:10294800efcf000054db00000ce7000015f3000097
:10295800f38800001a8e00001c9500008b9d000073
:1029680006a7000035b10000d5bb00001dc7000058
:1029780054d2000089dd0000b9e80000e9f3000046
:102988005d8a0000f28d000029930000ca990000ba
:10299800ada10000b8aa0000ddb400007ec00000b0
:1029a800f8cc00005bda000087e800004cf7000074
:1029b800ab8800008f8c00004992000092990000bb
:1029c8002fa20000f2ab0000b5b60000bfc20000a5
:1029d8005dcf000090dc000035ea000020f8000020
:1029e800bafa0000d1140000452d00008e42000004
:1029f80067530000dd5e00005b6400001c6400009b
:102a0800ba5d0000e5510000744100007c2d000013
:102a180008f900006f130000642c00005542000004
:102a2800ea53000018600000336600005d6600008d
:102a38001f6000001a54000021430000502e0000bf
:102a480072fa000047130000722a0000943e00004a
:102a5800914e00009a5900003b5f0000be5f0000e5
:102a6800c35a0000ec500000f0420000b2310000f0
:102a7800c0f80000e4110000912900005b3e00004e
:102a8800144f0000d55a000012610000ff610000d9
:102a9800285d0000215300009d440000863200009c
:102aa800b20100004a1e0000b0380000154f0000b7
:102ab800f55f0000306a00001e6d00000469000028
:102ac800a65d0000fe4b00004f350000301b0000e3
:102ad80000000000e71c0000cf370000dd4e0000ba
:102ae800786000006b6b0000f66e0000456b00001c
:102af8000b600000344e0000fd360000031c00008f
:102b08006a010000bf1c0000dd3500001c4b0000fe
:102b18001f5b0000ed640000fe670000a664000073
:102b2800af5a0000054b0000cb360000661f0000be
:102b3800b8ff00005d1b0000fc340000e34a000001
:102b4800a15b000028660000d5690000e766000068
:102b5800145d00003b4d0000783800003a2000006a
:102b6800f2e20000d7f80000fa0e0000612400002d
:102b780037380000d2490000bf5800001f65000028
:102b8800456e00005f7400009977000034780000fb
:102b980040e1000074f70000190e0000292400002d
:102ba800b93800000d4b0000965a0000606700001d
:102bb800aa700000947600004779000008790000a8
:102bc800aae200004cf70000270c00006720000074
:102bd80061330000904400009e530000c160000073
:102be8004e6b000066730000157900006b7c0000d6
:102bf800f8e00000e9f50000460b00002f20000077
:102c0800e3330000cb450000765500000263000066
:102c1800b36d00009b750000c27a00003e7d000085
:102c2800eae900004f020000651a0000e9300000e0
:102c3800c54400002555000082610000076a0000b5
:102c4800306e0000796e0000756b0000e8650000ca
:102c580038e80000ec00000085190000b0300000e2
:102c6800474500006056000059630000486c0000aa
:102c780095700000ae700000226d0000bc66000078
:102c8800a2e90000c500000092170000ef2c000028
:102c9800ee3f0000e34f0000615c0000a965000002
:102ca8003a6b0000806d0000f06c00001e6a0000a6
:102cb800f0e7000062ff0000b1160000b62c00002b
:102cc800714000001e510000395e0000eb670000f3
:102cd8009f6d0000b56f00009e6e0000f26a000054
:102ce800bafa0000b7ec000001df0000e4d10000f0
:102cf800b0c50000b4ba00003ab10000e6a900006f
:102d080048a4000094a00000c09e0000af9e0000f0
:102d180008f9000055eb000021de0000abd10000ef
:102d280032c60000efbb000012b3000027ac000061
:102d3800ada60000c9a200006ea00000829f00009e
:102d480072fa00002deb00002edc0000eacd000036
:102d5800dac0000072b500001aac000088a50000b7
:102d680051a100009b9f00003ca00000e5a20000cc
:102d7800c0f80000cae900004ddb0000b1cd00003a
:102d88005cc10000adb60000f2ad0000caa70000ab
:102d9800b6a30000d0a10000e9a10000b9a300007b
:102da800b201000030f600006dea00006bde0000a2
:102db8003ed2000007c60000feb90000ceae0000fb
:102dc80034a40000ad9a00009b920000628c0000c1
:102dd80000000000cdf400008ce9000032de0000a5
:102de800c0d2000042c70000d5bb00000fb10000f0
:102df80099a60000e29c000049940000368d00006e
:102e08006a010000a5f400009ae7000071da0000ea
:102e180068cd0000c5c00000ddb4000070aa000045
:102e28003da10000b499000017940000999000009b
:102e3800b8ff000043f30000b9e6000039da0000eb
:102e4800eacd000000c20000b5b60000b2ac000038
:102e5800a2a30000e99b0000c49500006c9100004b
:102e6800f2e20000bcd00000b6c00000b7b300001a
:102e78007faa0000aaa500009ea50000e9aa0000fc
:102e8800d2b400000ec30000e6d4000067e90000d9
:102e980040e100005acf0000d6bf00007eb300001a
:102ea80002ab0000e5a6000075a700002bad0000ee
:102eb80037b7000043c5000093d600003bea000086
:102ec800aae2000032cf0000e3bd0000bdaf000061
:102ed800a9a5000068a000007da000008ba6000046
:102ee800dcb1000015c2000061d600009ded0000b5
:102ef800f8e00000cfcd000002bd000084af000064
:102f08002ca60000a2a1000055a20000cda8000038
:102f180041b400004ac400000fd8000071ee000060
:102f2800eae9000035da000022cc00003ec00000cb
:102f38000db70000fdb0000061ae0000d1af000089
:102f4800beb4000027bd0000c1c800001bd70000a8
:102f580038e80000d2d8000041cb000006c00000cd
:102f680090b7000038b2000039b0000013b200007a
:102f780023b700005dbf00006eca0000eed7000056
:102f8800a2e90000aad800004fc9000045bc000013
:102f980037b20000bbab000040a9000073ab0000d3
:102fa800c7b100002ebc00003cca000051db000085
:102fb800f0e7000048d700006ec800000cbc000015
:102fc800bab20000f6ac000018ab0000b5ad0000c6
:102fd8002cb4000064be0000eacb000025dc000031
:102fe800ff5900008a5f00006a630000086500005e
:102ff800f1630000e05f0000bf580000114f0000bf
:103008008a420000b8330000292300008111000023
:103018004d580000275e000089620000d06400005f
:10302800746400001b610000965a000053510000b0
:10303800ef440000ed350000d724000055120000d1
:10304800b7590000ff5d0000976000000e610000a6
:103058001b5f00009d5a00009e530000b44a000008
:10306800933f0000bf320000a5240000b715000000
:10307800055800009c5c0000b65f0000d6600000a8
:103088009e5f0000d85b000076550000f54c0000fc
:10309800f8410000f4340000522600008b160000ae
:1030a800f760000002690000d66e00009071000011
:1030b8007f700000336b000082610000f95300004c
:1030c80076420000d22d00000417000035ff0000f2
:1030d800455f0000a0670000f56d00005771000013
:1030e800027100006e6c0000596300003b5600003e
:1030f800db44000007300000b2180000090000009f
:10310800af60000078670000026c0000966d000058
:10311800a96b0000f0650000615c00009c4f000096
:103128007f3f0000d92c0000801800006b030000ce
:10313800fe5e000015660000226b00005d6d000059
:103148002c6c00002b670000395e0000dd51000088
:10315800e44100000e2f00002d1a00003f0400007b
:10316800374200008f4300001f450000dc46000086
:10317800c1480000d54a0000224d0000145000004c
:1031880014530000325600004e590000395c00000c
:10319800854000002c4200003f440000a346000088
:1031a80044490000104c0000f94e0000565200003f
:1031b8007955000067580000fc5a00000d5d0000ba
:1031c800ef410000044200004c420000e2420000cf
:1031d800eb4300009345000001480000b74b000096
:1031e8001d50000039550000ca5a000070600000e8
:1031f8003d400000a14000006b410000a9420000d2
:103208006d440000ce460000d9490000f84d00008a
:10321800825200006e570000775c00004361000096
:103228002f490000074d00008b5000006353000039
:103238004f55000029560000e5550000fd540000d8
:10324800005300004c5000002a4d0000ed490000da
:103258007d470000a54b0000aa4f00002a5300003c
:10326800d255000063570000bd5700003e570000cc
:103278006555000081520000d74e0000c14a000089
:10328800e74800007d4b0000b84d0000694f000082
:1032980079500000e6500000c45000009f50000024
:1032a80009500000534f0000a54e0000234e0000b7
:1032b800364700001a4a0000d74c0000304f000083
:1032c800fb500000215200009c520000e052000018
:1032d8006e5200008851000053500000f74e000065
:1032e80035ba000082b800007cb6000057b4000070
:1032f80043b200006bb00000f3ae00005bae00000c
:1033080014ae00003fae0000cdae0000a6af000036
:1033180083b800001fb700009bb500001eb4000072
:10332800c6b20000a6b10000cbb000009cb00000ff
:1033380079b0000074b000007ab000007ab00000e4
:10334800edb90000f7b60000a9b300005db00000b9
:103358006dad000029ab0000d3a90000fda9000055
:103368001eab000046ad000048b00000dcb3000012
:103378003bb8000094b50000c8b2000024b00000bb
:10338800efad000064ac0000aaab00003eac00004a
:1033980083ad00007baf0000f6b10000b0b40000c0
:1033a8002dc10000fac10000e8c10000dec0000025
:1033b800d1be0000bebb0000b7b7000043b3000099
:1033c80000ae000059a80000a8a200005a9d000005
:1033d8007bbf000098c0000007c10000a5c0000026
:1033e80053bf0000f9bc00008eb9000084b500008e
:1033f80065b000008eaa000055a400002e9e0000b3
:10340800e5c0000070c0000015bf0000e4bc00006b
:10341800fbb900007cb6000096b20000e5ae0000e3
:103428000aab000060a7000023a4000090a10000e0
:1034380033bf00000dbf000034be0000acbc00006c
:103448007dba0000b7b700006eb4000026b10000d6
:103458006fad000095a90000d1a5000064a200008e
:103468006da20000879c0000319800002a96000099
:1034780012970000619b000057a300005eaf000098
:103488009fbe0000bad00000f2e400005efa00001f
:10349800bba00000249b000051970000f19500009c
:1034a800959700009c9c00002ea500009fb100008d
:1034b80004c10000efd200009fe6000032fb0000cc
:1034c80025a20000fc9a00005e95000030920000e2
:1034d8003c9200001f960000369e000000ab0000e2
:1034e800a8bb0000c0cf00006de6000095fe0000fc
:1034f80073a00000999900007d940000f8910000e5
:10350800bf920000599700000ea0000041ad0000d6
:103518000dbe0000f6d100001be8000069ff0000a6
:1035280065a90000ffa500009da30000b1a200004e
:10353800a0a30000b4a600001aac000046b4000026
:103548008bbe0000d3ca0000cdd8000012e80000ee
:10355800b3a700009da40000bca2000079a200004f
:1035680023a40000efa70000f2ad000087b600001a
:10357800f0c0000008cd00007bda0000e6e800009b
:103588001da9000075a40000caa00000b89e000094
:10359800ca9e000072a10000f9a60000e8af000072
:1035a80094bb0000dac9000049da000048ec0000ca
:1035b8006ba7000012a30000e99f00007f9e000097
:1035c8004d9f0000ada20000d1a8000029b2000064
:1035d800f9bd00000fcc0000f6db00001ced000078
:1035e8007a190000542b0000e53a00007b470000e0
:1035f800855000009755000077560000865300005c
:10360800564c000064410000353300007922000068
:10361800c8170000f1290000043a000043470000e1
:1036280007510000d25600004f580000c85500004e
:10363800bb4e000099430000e33400004c23000017
:1036480032190000c9290000123800008243000026
:10365800ae4b00005450000057510000284f0000a6
:103668005f4900006b400000b1340000af26000045
:103678008017000067280000313700004943000028
:10368800314c00008f5100002e5300006a51000099
:10369800c44b0000a04200005e36000083270000f3
:1036a80072200000cd340000514600000354000091
:1036b800125d0000ea6000003b5f00006e580000e9
:1036c800424c00007d3b0000112700002c10000038
:1036d800c01e00006a33000070450000ca53000095
:1036e800955d00002562000012610000b05a0000dc
:1036f800a74e0000b23d0000be28000000110000e7
:103708002b200000423300007d43000009500000d8
:103718003c580000a75b00001a5a00001054000033
:103728004b490000843a00008c2800006314000014
:10373800791e0000df3100009d420000d04f0000dc
:10374800bf580000e25c0000f25b00005256000027
:10375800b04b0000b93c00003a2a000036150000c2
:10376800b2010000590f00009a1c00004f29000008
:10377800543500008c400000db4a000089540000ea
:10378800e05c0000de6300005b690000316d000052
:1037980000000000f60d0000ba1b0000162900000a
:1037a800d7350000c7410000b24c0000cb560000de
:1037b800455f000013660000086b0000056e0000fe
:1037c8006a010000ce0d0000c71900005525000051
:1037d8007e3000004a3b0000ba4500002b50000034
:1037e800ea590000e5620000d66a0000677100002f
:1037f800b8ff00006c0c0000e61800001c25000053
:1038080001310000853c0000924700006d52000025
:103818004f5c00001a650000846c00003b720000d9
:10382800aa080000d218000006280000d6350000bb
:10383800e2410000e04b00009e5300007159000077
:10384800cc5c0000f85d0000365d0000e55a000021
:10385800f80600006f170000252700009d350000be
:10386800654200001a4d000076550000b35b000069
:10387800315f00002d600000e35e0000b85b0000cf
:10388800620800004717000033250000dc31000003
:103898000c3d00009d4600007d4e000013550000c1
:1038a800d5590000fe5c0000b25e00001b5f0000fe
:1038b800b1060000e415000052240000a331000006
:1038c8008e3d0000d84700005550000055570000b5
:1038d8003b5c0000345f00005f600000ef5f0000a9
:1038e8007a1900003a030000a2ec0000d1d60000cb
:1038f800cdc200006eb1000057a30000509900002f
:10390800e49200001290000082900000ab93000047
:10391800c8170000d7010000c1eb000098d60000ce
:1039280050c30000a9b200002ea50000929b000021
:1039380049950000489200002f9200007f940000f3
:1039480032190000af010000cee90000d7d2000014
:10395800f7bd00002cac0000369e0000f394000078
:10396800ed8f0000198f0000fd910000e297000024
:10397800801700004c000000eee800009fd2000015
:103988007abe000067ad00000ea00000349700006a
:10399800529200004f910000ab930000b5980000d0
:1039a80072200000b30c00000df8000059e300007d
:1039b8005bcf0000c2bc00001aac0000389e0000bb
:1039c800d09200002c8a00005d8400005f81000016
:1039d800c01e0000500b00002cf7000020e3000080
:1039e800decf0000fcbd0000f2ad00007aa00000b0
:1039f80035950000618c00000a86000033820000c3
:103a08002b200000280b00003af500005fdf0000c3
:103a180085ca00007fb70000f9a60000db99000006
:103a2800d98f000033890000d885000095850000f3
:103a3800791e0000c509000059f4000026df0000c7
:103a480008cb0000bab80000d1a800001c9c0000f8
:103a58003e920000688b000086870000698600009f
:103a6800b20100003fe7000057ce0000a4b80000f4
:103a78009da70000649c0000ba970000539a0000bc
:103a88006ea300008db20000a7c6000064de00002f
:103a980000000000dce5000076cd00006cb80000f6
:103aa8001fa800009f9d000092990000959c0000af
:103ab800d3a50000c2b4000054c8000037df0000de
:103ac8006a010000b4e5000084cb0000abb400003c
:103ad800c7a200002297000099920000f695000006
:103ae80078a0000094b1000023c800009ae200000a
:103af800b8ff000052e40000a3ca000072b400003e
:103b080049a300005d9800007194000037980000f8
:103b1800dda20000c9b30000d0c900006ee30000b8
:103b2800aa080000b8f00000c2d900002cc50000a7
:103b38002bb40000b7a700007da000003b9f000049
:103b48005aa30000a6ac000082ba000017cc0000ff
:103b5800f806000055ef0000e1d80000f3c40000ab
:103b6800adb40000f2a8000055a200007da100003d
:103b7800bfa50000dbae000030bc0000ebcc0000ad
:103b8800620800002def0000efd6000032c10000ef
:103b980054af000075a200005d9b0000de9a000093
:103ba80063a00000adab0000febb00004dd00000dc
:103bb800b1060000caed00000ed60000f9c00000f2
:103bc800d7af0000b0a30000349d00001f9d000087
:103bd800c8a20000e2ad0000abbd000021d100008a
:103be800bf7800000c7600000b710000f669000039
:103bf8000f6100009a560000db4a00007c3e00007e
:103c08002631000037230000eb1400007e06000078
:103c18000d770000aa7400002a700000bd6900003a
:103c280092610000d5570000b24c0000bd40000072
:103c38008b3300006c250000981600005207000026
:103c48007878000082740000376e0000fc65000080
:103c5800395c000057510000ba4500001e3a0000c8
:103c68002f2e00003e22000066160000b40a000055
:103c7800c67600001f730000576d0000c365000082
:103c8800bb5c000092520000924700005f3c0000bd
:103c9800943000007324000014180000880b000002
:103ca800b77f0000857f0000767c00007d760000ed
:103cb8009d6d0000ed6100009e530000644300000c
:103cc80012310000511d0000c608000031f4000048
:103cd800067e0000227e0000957b000044760000ee
:103ce8001f6e00002863000076550000a5450000ff
:103cf80077330000861f0000730a000005f50000f6
:103d0800707f0000fa7d0000a37900008372000034
:103d1800c7680000ab5c00007d4e0000063f000055
:103d28001b2e0000571c0000410a000068f8000024
:103d3800be7d0000987c0000c27800004a72000036
:103d480049690000e55d0000555000004841000049
:103d5800803000008d1e0000ef0b00003bf90000d2
:103d6800f7600000115a0000c0520000c94b000063
:103d7800de450000904100003e3f00007f3f00000c
:103d8800b0410000b1450000104b00003651000062
:103d9800455f0000af580000df510000904b000065
:103da80061460000ca42000016410000c041000000
:103db80015440000e6470000bd4c00000a52000010
:103dc800af60000087580000ec4f0000cf470000ac
:103dd800084100004d3c00001e3a0000213b000055
:103de800b93e0000b84400008b4c00006c55000040
:103df800fe5e0000245700000c4f000096470000ac
:103e08008b410000883d0000f53b0000633d000049
:103e18001e410000ed460000394e000040560000eb
:103e2800ef6700008a6300002b5e00005058000016
:103e38006c520000e34c0000014800006744000099
:103e48009c410000cb3f0000eb3e0000ea3e000032
:103e58003d660000276200004a5d00001758000018
:103e6800ef5200001e4e0000d9490000a84600008d
:103e7800014400000042000099400000bd3f0000de
:103e8800a8670000ff610000585b0000565400005e
:103e9800964d0000a0470000e142000009400000e4
:103ea800a53e0000d23e000067400000204300000d
:103eb800f66500009d600000775a00001d54000060
:103ec800194e0000db480000b84400004b420000d7
:103ed8000a4100000741000014420000f4430000ba
:103ee8006da2000035a6000058aa000071ae0000bf
:103ef8002fb2000053b50000b7b70000aeb90000fc
:103f0800a2ba0000c7ba000038ba00001fb9000002
:103f1800bba00000d3a4000077a9000038ae0000c1
:103f2800b1b200008eb600008eb90000efbb0000f1
:103f380007bd0000fcbc0000e5bb0000f3b90000b1
:103f480025a20000aba4000084a7000077aa000007
:103f580059ad000011b0000096b2000050b5000045
:103f6800acb70000cdb90000b3bb000055bd0000e0
:103f780073a0000048a30000a4a600003eaa000009
:103f8800dbad00004cb100006eb4000091b700003a
:103f980011ba000003bc000061bd000029be00008a
:103fa80065a90000aeaf0000c3b50000f8ba000074
:103fb800bdbe0000a7c000007ac0000096be000089
:103fc8008eba0000e0b4000013ae0000d3a60000d3
:103fd800b3a700004bae0000e2b40000bfba000077
:103fe8003fbf0000e1c1000051c20000d7c000007f
:103ff800f3bc000015b70000c1af0000a6a7000081
:104008001da9000023ae0000f0b20000feb60000bb
:10401800e6b9000064bb000059bb000038ba0000d4
:1040280097b70000e7b300008faf000009ab0000ae
:104038006ba70000c1ac00000fb20000c5b60000bd
:1040480069ba00009fbc000031bd000079bc0000c7
:10405800fcb900001cb600003cb10000ddab00005c
:10406800a48a00003a8a00000d8c000044900000e9
:10407800fe96000049a000001aac0000b1ba00008a
:104088002dcb000041dd00005df00000d7030000eb
:10409800f3880000d88800002c8b00000b900000eb
:1040a8008197000084a10000f2ad0000f2bc00007e
:1040b80092cd000076df00000bf20000ab04000098
:1040c8005d8a0000b0880000398900004a8c000031
:1040d80028920000079b0000f9a6000053b60000d4
:1040e80036c8000048dc0000d9f100000d080000c7
:1040f800ab8800004d87000059880000118c000033
:10410800ab920000419c0000d1a8000095b80000c7
:104118009bca00007dde000086f30000e108000075
:104128009d910000b393000078970000cb9c00009d
:104138008ca300009cab0000ddb4000099bf000018
:1041480018cb00005ad7000038e400008bf10000bb
:10415800eb8f00005092000097960000929c0000a0
:104168000fa40000d7ac0000b5b60000dac100000b
:104178007ecd000090d90000e6e500005ff2000067
:104188005591000028920000a5940000d1980000e5
:10419800b69e00005aa60000bdaf00003bbb000061
:1041a80022c8000061d60000b4e50000c1f5000097
:1041b800a38f0000c6900000c493000098980000e8
:1041c800399f000095a7000094b100007dbd000054
:1041d80087ca000096d8000061e7000095f6000045
:1041e800b201000008190000c02e0000954100002f
:1041f800705000007f5a00003b5f0000d95e00004d
:10420800e4580000eb4d0000a13e0000f12b000037
:1042180000000000a5170000e02d00005c41000030
:10422800f3500000ba5b0000126100001b6100003f
:10423800495b0000205000004e400000c52c0000e3
:104248006a0100007d170000ed2b00009b3d000077
:104258009a4b00003c5500001a5a00007b5a000097
:10426800ed550000f24c00001c4000002830000012
:10427800b8ff00001a1600000c2b0000623d000079
:104288001d4c000077560000f25b0000bd5c00008a
:1042980052580000274f0000ca410000fb300000c0
:1042a800aa080000802200002c3a00001c4e0000e2
:1042b800fe5c0000d2650000fe670000c1630000dc
:1042c800d0580000054800007c320000a519000005
:1042d800f80600001e2100004b390000e44d0000e4
:1042e800815d00000d670000d569000003660000cd
:1042f800355b00003a4a00002a340000791a0000b1
:1043080062080000f620000059370000224a000029
:10431800285800008f600000dd620000635f000025
:10432800d95500000c470000f8330000db1d0000e1
:10433800b1060000931f000078360000ea4900002b
:10434800ab580000ca610000b5640000a561000018
:104358003e58000041490000a5350000af1e00008e
:10436800eae900000dfd0000761000006823000057
:1043780040350000754500009e530000dc5f0000da
:104388006e69000065700000c6740000aa7600001f
:1043980038e80000aafb0000950f00002f2300005a
:1043a800c3350000af460000765500001e620000cd
:1043b800d36b00009a720000747600007d770000cd
:1043c800a2e9000082fb0000a20d00006e1f0000a1
:1043d8006a300000324000007d4e00007f5b000024
:1043e800786600006c6f000042760000e07a0000fa
:1043f800f0e700001ffa0000c20c0000361f0000a2
:10440800ec3000006d41000055500000c05d000018
:10441800dd680000a1710000ef770000b47b0000a8
:10442800e2f0000085060000e11b0000ef2f00000d
:10443800ce410000c8500000615c0000c464000068
:104448005a6900007f6a0000a16800005d640000ee
:1044580030ef000023050000001b0000b72f00000c
:104468005042000003520000395e00000667000059
:10447800bf6b0000b46c00004f6a0000316500009b
:104488009af00000fb0400000e190000f62b000053
:10449800f83c0000854b00004157000067600000b1
:1044a80063660000866900001d6a000094680000c9
:1044b800e8ee0000980300002d180000bd2b000056
:1044c8007a3d0000c04c000018590000a8620000a6
:1044d800c8680000bb6b0000ca6b00006769000079
:1044e800b2010000eef000007de00000ebd000001b
:1044f800b9c2000057b600001aac0000a3a400001f
:10450800729f00009a9c0000ed9b0000249d000013
:10451800000000008bef00009cdf0000b2d000001c
:104528003cc3000091b70000f2ad0000e5a6000012
:10453800d7a10000cf9e00009b9d0000f89d0000c1
:104548006a01000063ef0000aadd0000f1cc000062
:10455800e3bd000014b10000f9a6000046a0000069
:104568007b9c0000a19b0000699d00005aa10000ef
:10457800b8ff000000ee0000c9dc0000b8cc000065
:1045880065be00004fb20000d1a8000087a200005d
:10459800e09e0000d69d0000169f00002ea200009d
:1045a800aa08000066fa0000e8eb000072dd0000cf
:1045b80047cf0000aac10000ddb400008ba90000ad
:1045c8005e9f0000b3960000c88f0000d88a0000e4
:1045d800f806000003f9000007eb000039dd0000d1
:1045e800cacf0000e4c20000b5b60000cdab0000a1
:1045f800c3a10000e998000076910000ab8b000091
:1046080062080000dcf8000015e9000078d9000015
:1046180071ca000067bc0000bdaf00002ea50000f5
:10462800679c0000ba950000449100000e8f0000be
:10463800b106000079f7000034e800003fd9000017
:10464800f3ca0000a2bd000094b100006fa70000eb
:10465800cc9e0000ef970000f1920000e28f00006e
:10466800eae90000f3d4000032c20000beb2000044
:1046780089a700004ca100007da00000a7a50000ac
:10468800fcaf000014bf000012d20000dce70000fd
:1046980038e8000090d3000051c1000085b2000046
:1046a8000ba8000087a2000055a20000e8a70000a0
:1046b80061b2000049c10000c0d30000b0e80000aa
:1046c800a2e9000068d300005fbf0000c4ae00008c
:1046d800b2a200000a9c00005d9b000049a10000f6
:1046e80005ad00001bbe00008ed3000012ec0000d8
:1046f800f0e7000005d200007ebe00008bae00008f
:1047080035a30000459d0000349d00008aa30000e9
:104718006aaf000050c000003bd50000e6ec000086
:10472800e2f000006bde00009dcd000045bf0000f8
:1047380016b400009fac000040a900008faa00003a
:10474800e8af00002eb90000eec5000090d50000cb
:1047580030ef000009dd0000bdcc00000dbf0000f7
:1047680099b40000daad000018ab0000d0ac00002e
:104778004db2000063bb00009bc7000064d6000078
:104788009af00000e1dc0000caca00004bbb000040
:1047980040af00005da7000020a4000031a6000083
:1047a800f1ac000035b8000069c70000c6d90000a8
:1047b800e8ee00007edb0000e9c9000013bb000042
:1047c800c3af000098a80000f8a5000072a8000078
:1047d80056af00006aba000017c900009ada000054
:1047e800f7600000c0630000e66400000f6400008a
:1047f800fb600000825b00009e530000cf49000070
:10480800b43d0000be2f000056200000f60f000047
:10481800455f00005d62000005640000d66300008b
:104828007d610000bd5c000076550000104c000062
:1048380019400000f331000003220000ca100000f4
:10484800af600000356200001362000015600000d0
:10485800255c0000405600007d4e000071450000b8
:10486800bd3a0000c52e0000d12100002d14000023
:10487800fe5e0000d360000032610000dd5f0000d2
:10488800a75c00007a57000055500000b3470000ad
:10489800223d0000fa3000007f23000000150000d0
:1048a800ef670000396d000051700000977000003c
:1048b800896d0000d5660000615c0000b74e0000fd
:1048c8009f3d0000d829000031140000aafd000017
:1048d8003d660000d66b0000706f00005e7000003f
:1048e8000b6e000010680000395e0000f8500000f0
:1048f800044000000d2c0000df1500007efe0000c3
:10490800a8670000ae6b00007e6d00009d6c000083
:10491800b26800009361000041570000594a000046
:10492800a93a0000df280000ad150000e0010000f2
:10493800f66500004b6a00009d6c0000646c000086
:1049480035690000cd620000185900009b4c00003a
:104958000e3d0000142b00005a170000b40200009e
:104968002f490000c54700009b460000e2450000b3
:10497800ca4500007846000001480000d24a0000fd
:104988003e4e0000385200007b560000af5a00002f
:104998007d47000062460000ba450000aa450000b5
:1049a8004d460000b3470000d9490000144d0000ef
:1049b800a35000006d54000029580000825b0000dd
:1049c800e74800003a460000c8430000e9410000fb
:1049d800f440000035410000e14200007446000048
:1049e800474b00003f510000f7570000e55e00000c
:1049f80036470000d8440000e7420000b0410000fc
:104a08007741000070420000b8440000b64800003a
:104a1800ac4d000074530000a4590000b95f0000b9
:104a2800275000003e510000065200006a52000064
:104a380058520000cb510000c4500000ba4f00008b
:104a48002a4e0000524c0000574a000062480000fd
:104a5800754e0000db4f0000255100003152000068
:104a6800db520000065300009c520000fc5100007d
:104a78008f500000874e0000044c000036490000ab
:104a8800e04f0000b34f0000334f0000704e0000ad
:104a9800824d0000884c0000a44b00005c4b0000d5
:104aa800334b0000594b0000d24b0000994c0000da
:104ab8002e4e0000504e0000524e0000374e0000af
:104ac800054e0000c34d00007c4d00009e4d0000c7
:104ad800984d00008e4d0000804d00006c4d000088
:020000040000fa
:020000040001f9
:104ae8008000eb007a014000010978007c01400059
:104af800010978007e014000010978006202200067
:104b080000014100010978008202200000014100f3
:104b180001097800a2022000000141000109780083
:104b2800220320000001410001097800420320000f
:104b380000014100010978006203200000014100e2
:104b48000109780072014000010978006011b8007d
:104b5800421898005318980000000600f88747008c
:104b6800889fbe008a9fbe008c9fbe008e1f780063
:104b78000004780060112000080040001030a100f7
:104b88000000eb00e11020008880400080087800d9
:104b9800c1102000888040008008780058a8900044
:104ba800cf80de00f30f5000e08f5800b3073e00bf
:104bb800000601007b003700e2003700af0737002e
:104bc800ac00370006033700ac073700ab073700e7
:104bd800aa073700d105370051063700a707370065
:104be800a60737009c0437001e053700f806370073
:104bf8003800370003003700a00737009f07370049
:104c0800730237001000200030bc9800001020000c
:104c1800080040000088eb002001200030b4980014
:104c2800a0002000000c990062d12c001310200075
:104c38000000eb00e80544000a11200008054500c3
:104c4800690e2000888444006102b9000402420011
:104c580085824a00848fd2008582d20004f0a100a8
:104c68008400d0003b03d000068240004220a80008
:104c7800ab824a004200a9004220ae004200a800d0
:104c88000482d300910180000203780006f0a4009a
:104c98008383d20007d0fe001603780001d0fe00ff
:104ca800a101800085037800a7018800060a780022
:104cb800a10188000000e80062014100e08149008c
:104cc8001a02780099a2b900800f5200deff3c005a
:104cd8006a0737001000200030bc98000010200040
:104ce800080040000088eb00b001200030b49800b4
:104cf80070002000000c9900c2b92c00131020008d
:104d08000000eb00e80544000a11200008054500f2
:104d1800690e2000888444006102b9000402420040
:104d280085824a00848fd2008582d20004f0a100d7
:104d38000406d000bb06d0000d0246004220a800a1
:104d4800ab824a004200a9004220ae004200a800ff
:104d58000482d300910180000203780006f0a400c9
:104d68008383d20007d0fe001603780001d0fe002e
:104d7800a101800085037800a7018800060a780051
:104d8800a10188000000e80062014100e0814900bb
:104d98001a02780099a2b900800f5200deff3c0089
:104da800360737001000200030bc980050bc98002f
:104db80001102000888040008008eb00411f20007f
:104dc800211c9800401c9800301c9800c2f82d0047
:104dd800131020000000eb00e80444006102b90051
:104de8000402420085824a00848fd2008582d20064
:104df80004f0a1008400d0003903d00006824000ee
:104e08004220a800a9824a004200a9004220ae0020
:104e18004200a8000482d3009101800002037800b8
:104e280006f0a4008383d20007d0fe0016037800a2
:104e380001d0fe00a101800085037800a701880049
:104e4800060a7800a10188000000e800620141001c
:104e5800e0814900f10f5000e0ff3a001001200006
:104e680030b4980060112000080040001030a00005
:104e7800020737001000200030bc980050bc980092
:104e880001102000888040008008eb00411f2000ae
:104e9800211c9800401c9800301c980022ed2d0021
:104ea800131020000000eb00e80444006102b90080
:104eb8000402420085824a00848fd2008582d20093
:104ec80004f0a1000405d000b905d0000b0245008c
:104ed8004220a800a9824a004200a9004220ae0050
:104ee8004200a8000482d3009101800002037800e8
:104ef80006f0a4008383d20007d0fe0016037800d2
:104f080001d0fe00a101800085037800a701880078
:104f1800060a7800a10188000000e800620141004b
:104f2800e0814900f50f5000e0ff3a0050012000f1
:104f380030b4980060112000080040001030a00034
:104f4800ce063700d005200030b49800a2552d00b9
:104f5800131020000000eb0068054400690e2000d3
:104f6800888444006102b9000402420085824a0034
:104f7800848fd2008582d20004f0a1000406d000fc
:104f8800ba06d0000d0246004220a800aa824a00b4
:104f98004200a9004220ae004200a8000482d300cb
:104fa800910180000203780006f0a4008383d200f8
:104fb80007d0fe001603780001d0fe00a101800092
:104fc80085037800a7018800060a7800a1018800f7
:104fd8000000e80062014100e0814900990f1000db
:104fe800e0ff3c002000200030bc980050bc980036
:104ff8001000200060bc980070bc98007000200071
:10500800100499008000200020049900c0002000ae
:1050180040b4980004062e001510200080042e00cd
:10502800111020000001be00f2b79f0083bf9f004f
:1050380000092e00111020000005be00bab79f001d
:10504800cbb79f0080072e00111020000006be007d
:10505800dcb79f00edb79f000001eb008d02200038
:10506800888646004c0220000806460009022000f7
:1050780088844400fc014400800e200008004000a1
:1050880098b79f0009057800000778006110b900fb
:105098000000400081804800808fd2008180d200cb
:1050a80000f0a1001d0378009d0390000604d000c5
:1050b8008004d000090344004220a80081834b00eb
:1050c8004200a9004220ae004200a8000683d30097
:1050d8009b0180005fb49700efb4970008f0a4002c
:1050e8008984d20009d0fe00180478000bd0fe0095
:1050f800a901800087057800ab018800080b7800bb
:10510800a90188001c0378009c0390008605d00044
:105118000004d000088345004220a80081834b008a
:105128004200a9004220ae004200a8000683d30036
:105138009b0180003fb49700cfb4970008f0a4000b
:105148008984d20009d0fe00180478000bd0fe0034
:10515800a901800087057800ab018800080b78005a
:10516800a90188001a0378009a0390008604d000e9
:105178008005d0000b8344004220a80081834b00a7
:105188004200a9004220ae004200a8000683d300d6
:105198009b0180007fb497008fbc970008f0a400a3
:1051a8008984d20009d0fe00180478000bd0fe00d4
:1051b800a901800087057800ab018800080b7800fa
:1051c800a901880013037800930390000604d00017
:1051d8008004d000090044004220a80081804b00d0
:1051e8004200a9004220ae004200a8000080d3007f
:1051f800980180000403780006f0a4008583d2009b
:1052080007d0fe001603780008d0fe00a701800032
:1052180001047800a801880006087800a701880022
:105228000201e8005fb09700efb09700620040000d
:10523800e0804800d0b79f00e1b79f003fb49700d7
:10524800cfb4970062044400e0844c00b8b79f00d4
:10525800c9b79f007fb097008fb8970062004000e1
:10526800e0804800f0b79f0081bf9f0062024200c3
:10527800e0824a009e0f110084ff3c001fb4970093
:105288002001200050b49800c4ef2d001510200014
:1052980040f42d00111020000001be00b2b79f009d
:1052a800c3b79f0000f22d00111020000005be00ba
:1052b800fab79f008bbf9f0080f62d0011102000c9
:1052c8000006be00dcb79f00edb79f000001eb00b1
:1052d800f40644006c064400f8044400f00144005d
:1052e800a00e20000800400098b79f00090578002c
:1052f800000778006110b900000040008180480074
:10530800808fd2008180d20000f0a1001d037800b8
:105318009d0390000604d0008004d00009034400d7
:105328004220a80081834b004200a9004220ae0021
:105338004200a8000683d3009b0180005fb4970059
:10534800efb4970008f0a4008984d20009d0fe00c9
:10535800180478000bd0fe00a901800087057800aa
:10536800ab018800080b7800a90188001c037800ad
:105378009c0390008605d0000004d00008834500f7
:105388004220a80081834b004200a9004220ae00c1
:105398004200a8000683d3009b0180007fb49700d9
:1053a8008fbc970008f0a4008984d20009d0fe00c1
:1053b800180478000bd0fe00a9018000870578004a
:1053c800ab018800080b7800a90188001a0378004f
:1053d8009a0390008604d0008005d0000b83440017
:1053e8004220a80081834b004200a9004220ae0061
:1053f8004200a8000683d3009b0180003fb49700b9
:10540800cfb4970008f0a4008984d20009d0fe0028
:10541800180478000bd0fe00a901800087057800e9
:10542800ab018800080b7800a901880013037800f5
:10543800930390000604d0008004d00009004400c3
:105448004220a80081804b004200a9004220ae0003
:105458004200a8000080d30098018000040378006f
:1054680006f0a4008583d20007d0fe00160378005a
:1054780008d0fe00a701800001047800a801880078
:1054880006087800a70188000201e8005fb09700cd
:10549800efb0970062004000e0804800d0b79f005e
:1054a800e1b79f007fb497008fbc97006204440067
:1054b800e0844c00f8b79f0089bf9f003fb0970079
:1054c800cfb0970062004000e0804800b0b79f006e
:1054d800c1b79f0062024200e0824a009e0f11009d
:1054e80084ff3c001fb497004006200070b4980069
:1054f800f00a200000bc980060112000080040005d
:105508001010a100e001200060b4980002e62d0010
:10551800131020000000eb00ca0220000805450017
:10552800c90e2000888444006102b90004024200c8
:1055380085824a00848fd2008582d20004f0a100bf
:105548008400d0003a03d000068240004220a80020
:10555800aa824a004200a9004220ae004200a800e8
:105568000482d300910180000203780006f0a400b1
:105578008383d20007d0fe001603780001d0fe0016
:10558800a101800085037800a7018800060a780039
:10559800a10188000000e80062014100e0814900a3
:1055a800990f1000e0ff3c000010200008004000a8
:1055b8000008eb00401f2000201c9800100020006d
:1055c800401c9800a0002000301c98002b053700d4
:1055d800000c200030b49800c2a12c001310200049
:1055e8000000eb0068054400690e20008884440030
:1055f8006102b9000402420085824a00848fd20009
:105608008582d20004f0a1008405d0003a06d000bb
:105618000c8245004220a800aa824a004200a90044
:105628004220ae004200a8000482d300910180000d
:105638000203780006f0a4008383d20007d0fe009e
:105648001603780001d0fe00a101800085037800d0
:10565800a7018800060a7800a10188000000e80078
:1056680062014100e0814900990f1000e0ff3c0011
:1056780000102000080040000008eb002047200030
:10568800201c980000842300401c9800200720005c
:10569800301c98001100200031bc98002000200028
:1056a80050bc980061bc980070bc9800c0032000f2
:1056b80060b4980082cc2d00131020000000eb008d
:1056c800ca02200008054500c90e2000888444004d
:1056d8006102b9000402420085824a00848fd20028
:1056e8008582d20004f0a1008406d000ba00d00060
:1056f800018246004220a800aa824a004200a9006e
:105708004220ae004200a8000482d300910180002c
:105718000203780006f0a4008383d20007d0fe00bd
:105728001603780001d0fe00a101800085037800ef
:10573800a7018800060a7800a10188000000e80097
:1057480062014100e0814900990f1000e0ff3c0030
:10575800d0cc240020849800007e2000503498008b
:105768006034980010042700403498000000eb00d3
:10577800e104200088804000800878006011b800ab
:10578800223c9800333c9800721c270053042000e8
:10579800623c9800733c98009206200003002000a9
:1057a800423c9800533c9800010820008880400043
:1057b8008008780021c7230061249800a1042000f4
:1057c80088804000800878008000200040249800ed
:1057d800c003200008004000c1fc0700a7043700f0
:1057e800000c200030b49800c2a12c001310200037
:1057f8000000eb0068054400690e2000888444001e
:105808006102b9000402420085824a00848fd200f6
:105818008582d20004f0a1000403d000ba05d000ac
:105828000b0243004220a800aa824a004200a900b5
:105838004220ae004200a8000482d30091018000fb
:105848000203780006f0a4008383d20007d0fe008c
:105858001603780001d0fe00a101800085037800be
:10586800a7018800060a7800a10188000000e80066
:1058780062014100e0814900990f1000e0ff3c00ff
:105888003000200030bc98000010200008004000c4
:105898000008eb00401f2000201c9800100020008a
:1058a800401c9800301c98002100200051bc980032
:1058b80060bc9800800020001004990071bc98001a
:1058c80040b4980086112e001710200084122e0074
:1058d80015102000800f2e00111020000006be00b9
:1058e800fcb79f008dbf9f0080102e001110200074
:1058f8000001be00d2b79f00e3b79f00800d2e00c5
:10590800111020000005be00800e2e00111020008e
:105918000006be00bcb79f00cdb79f00800b2e00cd
:10592800111020000001be0092b79f00a3b79f008e
:10593800800c2e00111020000006be00fcaf9f0056
:105948008db79f000000eb0074014400810e200019
:1059580088804000e8af9f000a04be006105b900d6
:105968000a0545008b854d008a8fd2008b85d200b1
:105978000af0a1008a06d000b201d00003854600d3
:105988004220a800a2854d004200a9004220ae0096
:105998004200a8000a85d300930180007fae9700db
:1059a8008fb697000cf0a4008d86d2000dd0fe00b3
:1059b8001c06780003d0fe00a30180008b06780047
:1059c800ad0188000c0d7800a301880091017800d2
:1059d80003054000cfd5de000a0545008b854d0044
:1059e8008a8fd2008b85d2000af0a1000a06d00067
:1059f800b206d0000d0546004220a800a2854d0041
:105a08004200a9004220ae004200a8000a85d30047
:105a18009e0180001fb69700afb697000cf0a40057
:105a28008d86d2000dd0fe001c0678000ed0fe0038
:105a3800ad0180000b077800ae0188000c0d7800de
:105a4800ad0188009181410003054000cfd5de00fb
:105a58000a0545008b854d008a8fd2008b85d200c0
:105a68000af0a1000a06d000b206d0000d054600d3
:105a78004220a800a2854d004200a9004220ae00a5
:105a88004200a8000a85d3009e0180003fb6970017
:105a9800cfb697000cf0a4008d86d2000dd0fe0082
:105aa8001c0678000ed0fe00ad0180000b077800c0
:105ab800ae0188000c0d7800ad018800918141008d
:105ac80003054000cfd5de000a0545008b854d0053
:105ad8008a8fd2008b85d2000af0a1000a06d00076
:105ae800b206d0000d0546004220a800a2854d0050
:105af8004200a9004220ae004200a8000a85d30057
:105b08009e018000080678000cf0a4008986d20067
:105b18000dd0fe001c0678000ed0fe00ad018000fe
:105b28000b077800ae0188000c0d7800ad018800e5
:105b38009181410003054000cfd5de000a054500ec
:105b48008b854d008a8fd2008b85d2000af0a10088
:105b58000a06d000b206d0000d0546004220a80073
:105b6800a2854d004200a9004220ae004200a800d4
:105b78000a85d3009e0180005fb69700efb69700b4
:105b88000cf0a4008d86d2000dd0fe001c06780013
:105b98000ed0fe00ad0180000b077800ae01880032
:105ba8000c0d7800ad01880091814100030540008b
:105bb800cfd5de000a0545008b854d008a8fd200bf
:105bc8008b85d2000af0a1000a06d000b206d000e8
:105bd8000d0546004220a800a2854d004200a900fc
:105be8004220ae004200a8000a85d3009e01800032
:105bf8007fb697008fbe97000cf0a4008d86d20068
:105c08000dd0fe001c0678000ed0fe00ad0180000d
:105c18000b077800ae0188000c0d7800ad018800f4
:105c28009181410003054000cfd5de000a054500fb
:105c38008b854d008a8fd2008b85d2000af0a10097
:105c48000a06d000b206d0000d0546004220a80082
:105c5800a2854d004200a9004220ae004200a800e3
:105c68000a85d3009e018000040678000cf0a40089
:105c78008586d2000dd0fe001c0678000ed0fe00ee
:105c8800ad0180000b077800ae0188000c0d78008c
:105c9800ad0188001185410000054500cfd5de0023
:105ca8000a0545008b854d008a8fd2008b85d2006e
:105cb8000af0a1008a01d0003206d0000c8541000c
:105cc8004220a800a2854d004200a9004220ae0053
:105cd8004200a8000a85d3009301800006067800d8
:105ce8000cf0a4008786d2000dd0fe001c067800b8
:105cf80003d0fe00a30180008b067800ad01880068
:105d08000c0d7800a30188000000e8007fad970023
:105d18008fb5970062054500e0854d00faaf9f00fa
:105d28008bb79f001fb69700afb697006206460074
:105d3800e0864e009cb79f00adb79f003fb5970027
:105d4800cfb5970062054500e0854d00bab79f00c2
:105d5800cbb79f0062044400e0844c005fb6970014
:105d6800efb6970062064600e0864e00dcb79f005b
:105d7800edb79f007fb597008fbd9700620545007e
:105d8800e0854d00fab79f008bbf9f00620242007a
:105d9800e0824a0062034300e0834b00910f100049
:105da800eefe3c006fac970040002000100c9900fc
:105db800c003200060b4980082cc2d00131020008e
:105dc8000000eb00ca02200008054500c90e2000ab
:105dd800888444006102b9000402420085824a00b6
:105de800848fd2008582d20004f0a1008405d000ff
:105df8003a06d0000c8245004220a800aa824a0038
:105e08004200a9004220ae004200a8000482d3004c
:105e1800910180000203780006f0a4008383d20079
:105e280007d0fe001603780001d0fe00a101800013
:105e380085037800a7018800060a7800a101880078
:105e48000000e80062014100e0814900990f10005c
:105e5800e0ff3c00090337003007200030b4980009
:105e6800423a2d00131020000000eb0068054400a2
:105e7800690e2000888444006102b90004024200cf
:105e880085824a00848fd2008582d20004f0a10066
:105e98008406d000ba00d000018246004220a80043
:105ea800aa824a004200a9004220ae004200a8008f
:105eb8000482d300910180000203780006f0a40058
:105ec8008383d20007d0fe001603780001d0fe00bd
:105ed800a101800085037800a7018800060a7800e0
:105ee800a10188000000e80062014100e08149004a
:105ef800990f1000e0ff3c001000200030bc980013
:105f080001102000888040008008eb00411f20001d
:105f1800211c9800401c980051002000311c98005a
:105f28002100200051bc980060bc980070bc98000b
:105f38005004200060b49800e2a32d001310200044
:105f48000000eb00ca02200008054500c90e200029
:105f5800888444006102b9000402420085824a0034
:105f6800848fd2008582d20004f0a1000403d000ff
:105f7800ba05d0000b0243004220a800aa824a00ba
:105f88004200a9004220ae004200a8000482d300cb
:105f9800910180000203780006f0a4008383d200f8
:105fa80007d0fe001603780001d0fe00a101800092
:105fb80085037800a7018800060a7800a1018800f7
:105fc8000000e80062014100e0814900990f1000db
:105fd800e0ff3c00606622002084980020a8210091
:105fe8005034980060349800f02b27004034980013
:105ff8000000eb00e1042000888040008008780061
:106008006066b8002c3c98003d3c9800427b270015
:10601800e3002000623c9800733c9800b213200013
:1060280003002000423c9800533c980001082000df
:106038008880400080087800b1aa21006124980077
:10604800a10420008880400080087800800020009b
:1060580040249800c003200008004000a0fa070070
:10606800860237003007200030b49800423a2d00ed
:10607800131020000000eb0068054400690e2000a2
:10608800888444006102b9000402420085824a0003
:10609800848fd2008582d20004f0a1008406d0004b
:1060a800ba00d000018246004220a800aa824a0015
:1060b8004200a9004220ae004200a8000482d3009a
:1060c800910180000203780006f0a4008383d200c7
:1060d80007d0fe001603780001d0fe00a101800061
:1060e80085037800a7018800060a7800a1018800c6
:1060f8000000e80062014100e0814900990f1000aa
:10610800e0ff3c00f002200040b49800700120003d
:1061180040ac9800a2f92500131020000000eb0005
:1061280074054400890e2000888444006102b90087
:106138000402420085824a00848fd2008582d20000
:1061480004f0a1000403d000ba05d0000b024300fc
:106158004220a800aa824a004200a9004220ae00bc
:106168004200a8000482d300910180000203780055
:1061780006f0a4008383d20007d0fe00160378003f
:1061880001d0fe00a101800085037800a7018800e6
:10619800060a7800a10188000000e80062014100b9
:1061a800e0814900990f1000e0ff3c00100020003a
:1061b80030bc980001102000888040008008eb0067
:1061c800411f2000211c980001082700411c98004d
:1061d80021032000311c980050bc980021002000a9
:1061e80061bc980070bc9800f001200060b4980071
:1061f80022e22d00131020000000eb00ca0220004c
:1062080008054500c90e2000888444006102b900d1
:106218000402420085824a00848fd2008582d2001f
:1062280004f0a1000406d000ba06d0000d02460012
:106238004220a800aa824a004200a9004220ae00db
:106248004200a8000482d300910180000203780074
:1062580006f0a4008383d20007d0fe00160378005e
:1062680001d0fe00a101800085037800a701880005
:10627800060a7800a10188000000e80062014100d8
:10628800e0814900990f1000e0ff3c00006a2000ff
:106298005034980060349800f02b27004034980060
:1062a8000000eb00e10420008880400080087800ae
:1062b8006011b800223c9800333c9800427b2700cc
:1062c800e3002000623c9800733c9800d20920004b
:1062d80003002000423c9800533c9800616622006d
:1062e80021849800b1aa210061249800a10420000b
:1062f80088804000800878008000200040249800b2
:10630800c003200008004000f5f9070060112000d4
:10631800080040001030a100d8013700c2892c00c5
:10632800131020000000eb0068054400090c200051
:106338006102b9000402420085824a00848fd200bb
:106348008582d20004f0a1000403d000ba05d00071
:106358000b0243004220a800aa824a004200a9007a
:106368004220ae004200a8000482d30091018000c0
:106378000203780006f0a4008383d20007d0fe0051
:106388001603780001d0fe00a10180008503780083
:10639800a7018800060a7800a10188000000e8002b
:1063a80062014100e0814900890f5000e0ff3a0096
:1063b800000c200030b498001000200030bc980079
:1063c80001102000888040008008eb00411f200059
:1063d800211c9800401c980051002000311c980096
:1063e80050bc98004100200061bc980070bc980027
:1063f800c27f2d00131020000000eb00ca0220000d
:1064080008054500990420006102b9000402420011
:1064180085824a00848fd2008582d20004f0a100d0
:106428000406d000ba06d0000d0246004220a8009b
:10643800aa824a004200a9004220ae004200a800f9
:106448000482d300910180000203780006f0a400c2
:106458008383d20007d0fe001603780001d0fe0027
:10646800a101800085037800a7018800060a78004a
:10647800a10188000000e80062014100e0814900b4
:10648800890f5000e0ff3a009004200060b49800a3
:10649800c0f520002084980020a8210050349800de
:1064a80060349800f02b2700403498000000eb007f
:1064b800e104200088804000800878006011b8005e
:1064c800223c9800333c9800125a210023012000f6
:1064d800623c9800733c9800e2072000030020000b
:1064e800423c9800533c98000108200088804000f6
:1064f80080087800b1aa210061249800a104200036
:10650800888040008008780080002000402498009f
:10651800c00320000800400071f907005701370048
:10652800000c200030b49800c2892c001310200001
:106538000000eb0068054400690e200088844400d0
:106548006102b9000402420085824a00848fd200a9
:106558008582d20004f0a1000403d000ba05d0005f
:106568000b0243004220a800aa824a004200a90068
:106578004220ae004200a8000482d30091018000ae
:106588000203780006f0a4008383d20007d0fe003f
:106598001603780001d0fe00a10180008503780071
:1065a800a7018800060a7800a10188000000e80019
:1065b80062014100e0814900990f1000e0ff3c00b2
:1065c800f002200040b498007001200040ac980010
:1065d800a2f92500131020000000eb007405440008
:1065e800890e2000888444006102b9000402420038
:1065f80085824a00848fd2008582d20004f0a100ef
:106608000406d000ba06d0000d0246004220a800b9
:10661800aa824a004200a9004220ae004200a80017
:106628000482d300910180000203780006f0a400e0
:106638008383d20007d0fe001603780001d0fe0045
:10664800a101800085037800a7018800060a780068
:10665800a10188000000e80062014100e0814900d2
:10666800990f1000e0ff3c001000200030bc98009b
:1066780001102000888040008008eb009123200052
:10668800211c980001082700411c98009103200054
:10669800311c98002100200061bc980070bc980053
:1066a800c27f2d00131020000000eb00ca0220005a
:1066b80008054500990420006102b900040242005f
:1066c80085824a00848fd2008582d20004f0a1001e
:1066d8008400d0003a03d000068240004220a8007f
:1066e800aa824a004200a9004220ae004200a80047
:1066f8000482d300910180000203780006f0a40010
:106708008383d20007d0fe001603780001d0fe0074
:10671800a101800085037800a7018800060a780097
:10672800a10188000000e80062014100e081490001
:10673800890f5000e0ff3a009004200060b49800f0
:10674800007e200050349800603498001004270020
:10675800403498000000eb00e104200088804000ed
:10676800800878006055b8002a3c98003b3c9800a7
:10677800428e2b0023022000623c9800733c980054
:106788009206200003002000423c9800533c9800e9
:10679800d1cc200021849800515523006124980011
:1067a800a104200088804000800878008000200034
:1067b80040249800c003200008004000c8f80700e3
:1067c80060112000080040001030a100ab00370025
:1067d800a003200030b4980002d42d00131020002c
:1067e8000000eb0068054400690e2000888444001e
:1067f8006102b9000402420085824a00848fd200f7
:106808008582d20004f0a1008405d0003a06d000a9
:106818000c8245004220a800aa824a004200a90032
:106828004220ae004200a8000482d30091018000fb
:106838000203780006f0a4008383d20007d0fe008c
:106848001603780001d0fe00a101800085037800be
:10685800a7018800060a7800a10188000000e80066
:1068680062014100e0814900990f1000e0ff3c00ff
:10687800f002200040b498007001200040ac98005d
:10688800a2f92500131020000000eb007405440055
:10689800890e2000888444006102b9000402420085
:1068a80085824a00848fd2008582d20004f0a1003c
:1068b8008406d000ba00d000018246004220a80019
:1068c800aa824a004200a9004220ae004200a80065
:1068d8000482d300910180000203780006f0a4002e
:1068e8008383d20007d0fe001603780001d0fe0093
:1068f800a101800085037800a7018800060a7800b6
:10690800a10188000000e80062014100e08149001f
:10691800990f1000e0ff3c001000200030bc9800e8
:1069280001102000888040008008eb0011da210067
:10693800211c980001872000411c9800c1042000f8
:10694800311c980060bc980070bc980010042000ae
:1069580060b49800e2b42d00131020000000eb0092
:10696800ca02200008054500c90e2000888444009a
:106978006102b9000402420085824a00848fd20075
:106988008582d20004f0a1000403d000ba05d0002b
:106998000b0243004220a800aa824a004200a90034
:1069a8004220ae004200a8000482d300910180007a
:1069b8000203780006f0a4008383d20007d0fe000b
:1069c8001603780001d0fe00a1018000850378003d
:1069d800a7018800060a7800a10188000000e800e5
:1069e80062014100e0814900990f1000e0ff3c007e
:1069f800006a20005034980060349800f02b27007b
:106a0800403498000000eb00e1042000888040003a
:106a1800800878006066b8002c3c98003d3c9800df
:106a28006296230033002000623c9800733c980073
:106a3800f216200003002000423c9800533c9800c6
:106a4800d1cc22002184980051d5210061249800de
:106a5800a104200088804000800878008000200081
:106a680040249800c0032000080040001cf80700dc
:106a780060112000080040001030a100480eb0004e
:106a8800000ceb004f0778004f06be004f05be0014
:106a98004f04be008f01b1000000060000f0a700ff
:106aa8000000ea00910f100012003d001101900053
:106ab800800f51000f003c00a10190006113b90044
:106ac8004f9ade000683410087034a006102b9003d
:106ad800840f5300858f5b000200340090009800fb
:106ae800020037000182e800028a41006a81400002
:106af8000009eb00800878006a81400012007800e5
:106b0800c10190000009e800830f50000b00350018
:106b1800010078003101900050011100020878004e
:106b28004240a90005003c000000eb000181e8009c
:106b3800000978006a81400000097800110090007f
:106b4800000006000f03b000889fbe008a9fbe00a9
:106b58008c9fbe008e1f780000047800c1b79f008c
:106b680092b79f000000eb00e60041008008780023
:106b7800f200410080087800fe004100800878009b
:106b880060112000080040001000a100cfb097005d
:106b9800310090000000e000190134000001eb0012
:106ba800d2b79f0043fc2f008381470083bf9f001b
:106bb8000380e8006101b800a2b79f00b3b79f0047
:106bc800e10d2000888040001100e800800878006e
:106bd800f1052000810f500003003400e00d200073
:106be800080040000008eb0078a890000000d000e2
:106bf8009800900001004000dfb197008300d000aa
:106c08004fb297009480400011087800210e2000b0
:106c1800888040001100e80080087800e8b89000fb
:106c2800810f5000c5003500200e200008004000ec
:106c38000008eb00010e2000888040001100e800e9
:106c480080087800e8b09000810f500003003500fc
:106c5800000e2000080040000008eb00410e200054
:106c6800888040001100e80080087800f8b890009b
:106c78008003eb0087b79f00810f500005003500a7
:106c8800400e2000080040000008eb001000200023
:106c980080b79f0018089100800040004240a9007a
:106ca800300034000005eb008a0478002d10200025
:106cb800888646008b0e200088854500ec0d200054
:106cc800080646008fb997006119b800e2b79f001f
:106cd800f3b79f002e112000080747006152b90042
:106ce8000402420085824a00848fd2008582d20045
:106cf80004f0a1001d0378009b017800280890008b
:106d0800b80890000001d0008403d00007024100b9
:106d18004220a800858248004200a9004220ae0017
:106d28004200a8000482d300020620009c007800dc
:106d38001800900034b60200010000008900d0005d
:106d48006fb1970082804000800878001b054500dd
:106d58008904e8001e00780080004000898f5000f8
:106d6800deff3c000000e0002f0034008000eb0054
:106d78008fb99700611eb8004afd2f000f05450026
:106d88008005eb0088037800610ab900422cdd0019
:106d9800ce24de00890474004224dd000c03440084
:106da800160378002fb197000204440018047800f5
:106db80088c4b90086b3b9000603440045b3de00b1
:106dc8000402420085824a000402450085824d0083
:106dd800060a78006134b9000804440089844c002c
:106de800028026001310200008044100898449000d
:106df8009501800008f0a4008984d20009d0fe0023
:106e08001804780005d0fe00080a78008100e80020
:106e1800808f5000dcff3a00070478000200be00b3
:106e2800e0af9f00f1af9f00afac970088b0900033
:106e38008100d0002800900000804000bfa8970083
:106e4800018854008fb097000100e0001400320060
:106e580038b89000e20f5000400034001fb197008e
:106e6800660541009a0578000b06d0001206460018
:106e780068b1900088b0900028009000d6ff2f00dd
:106e88008201780068129000f812900034b602006f
:106e980001000000000e78000b0de8002f003700fd
:106ea800c30e200088814100130278005fa8970074
:106eb800020e200008014100920242008502d00023
:106ec800e4004400918242004fab9700800a5300cf
:106ed80013024200120142000201d0009100410059
:106ee80080885400150037009fb197006c804100de
:106ef800728641009c0678000d07d00010074700f5
:106f080068b1900088b390008a00d00028009000f3
:106f180000804000d6ff2f008201780068129000a0
:106f2800f81290008700780034b6020001000000d3
:106f3800000f78000d0ee800140037005fb29700cc
:106f48000402e800d4b79f00cfb397003700900041
:106f5800840f50001aff3c002900370068b59000e4
:106f6800dfad970088b09000810045008100d00017
:106f78002800900000804000cfa897000b885000a0
:106f880038b89000e10f5000d7ff3c00c10e200038
:106f98008880400011054500000e200008004000d0
:106fa800100145000201d000e40144001301410032
:106fb8000b8954001fb2970078014200fe0442007a
:106fc800990578000b06d0001206460011017800da
:106fd800900078000a05d00013004500d6ff2f0066
:106fe8008201780068129000f812900034b602000e
:106ff80001000000000e78008b0ce800cfff37007e
:107008004f0778004f06be004f05be004f04be0074
:107018000f03b10000000600af02b000889fbe0059
:107028008a9fbe008c9fbe008e1f780000047800e7
:107038000106780082af9f000000eb00e6004100e7
:1070480080087800ec004100d1a79f00f2004100c1
:107058008008780060112000080040001000a1009e
:107068003c0090000000e000a80134000005eb009f
:10707800e90d200088844400220f2000020144000a
:1070880092b79f004e0f2000080747002d0e2000e2
:1070980088864600c30f20008301440083b79f0001
:1070a8001900e800800c7800f1052000810f5000dd
:1070b80001003400800ceb00990078001fb39700a2
:1070c80016805000000f780002003b0007062000e1
:1070d800070f40008100d000180090008080400019
:1070e8000a00d0001c004000900878001d00e8004d
:1070f800800e78008fb09700910f50007f013a0002
:10710800800eeb00010e2000888040001100e8008e
:1071180080087800110a2000810f50000300340015
:10712800000e2000080040000008eb00221020009c
:107138000201440082bf9f00830e200083014400a7
:10714800f3b79f0099007800880578005b00780005
:10715800120378008303780097017800680a90008a
:10716800f80a90000206200034b602000100000070
:10717800d0b79f00990078001b0078000fb99700de
:1071880012037800ffb39700970178000812900067
:10719800981290000206200034b602000100000098
:1071a800a0b79f00990078001b0078000fb99700de
:1071b80012037800ffb39700970178002812900017
:1071c800b81290000206200034b602000100000048
:1071d800e0b79f00990078001b0078000fb997006e
:1071e80012037800ffb397009701780048129000c7
:1071f800d81290000206200034b6020001000000f8
:107208008005780078b0900041062000810f50007a
:107218000d003200efb097008089b900b147210016
:107228000192b900c3a9de004f91de00028151002e
:10723800e2b79f0080d8b9000181b900c398de0089
:107248004f80de0080855000afb197008399b90068
:107258005fb3970086b0b900000041004580de00aa
:107268008bdab900efb3970087b9b9000202420080
:1072780045a2de0008b190000201d000a8009000ed
:1072880001014100cf80de000000400081804800fd
:1072980003802600b3b79f0016102000c6b79f00d2
:1072a8003fb39700cfb397000000430081804b00a5
:1072b800cfa2de000402420085824a0083037800e0
:1072c800b7af9f00cfb19700c3af9f003fb3970000
:1072d800cfb397000402430085824b0093018000de
:1072e80000f0a4008180d20001d0fe0010007800d8
:1072f80003d0fe009101800004f0a4008582d20032
:1073080005d0fe001402780001d0fe0004095000e8
:10731800410e2000888040001100e80080087800b5
:10732800f8b89000810f500018003a008fab970012
:10733800e6834300f7b79f001700780080bf9f00df
:10734800800078000100d0000fa9970012004000cb
:10735800d0af9f0088b0900028009000d6ff2f0083
:10736800e8b1900068129000f8129000220a2000fc
:1073780034b6020001000000dfa9970080097800f8
:107388008fbb97007fb39700070be80038b89000d1
:10739800e10f5000d2003400380891000018a30013
:1073a800420032004010200000004400a0af9f00bf
:1073b800a10e20008100440091af9f009e0078003c
:1073c8000801780052007800d2af9f00afa997005b
:1073d800130378009fab970097017800680290002c
:1073e800f80290000206200034b6020001000000f6
:1073f800dfb097000100400080bf9f009e0078002a
:107408005fa9970012007800afa9970013037800ce
:107418009fab970097017800080a9000980a90009f
:107428000206200034b6020001000000afb0970049
:1074380001004000f0b79f009e0078005fa9970008
:1074480012007800afa99700130378009fab97004c
:1074580097017800280a9000b80a900002062000d8
:1074680034b6020001000000efb0970001004000b0
:10747800a0b79f009e0078005fa9970012007800cf
:10748800afa99700130378009fab97009701780086
:10749800480a9000d80a90000206200034b602007c
:1074a800010000000b0040003600370040102000ab
:1074b80000004400e0b79f00a10e200081004400b6
:1074c800d1b79f0099007800880578005b007800a4
:1074d8006fb1970012037800dfb397009701780027
:1074e80068029000f80290000206200034b60200fc
:1074f8000100000080bf9f00990078001b00780001
:107508006fb1970012037800dfb3970097017800f6
:10751800080a9000980a90000206200034b602007b
:1075280001000000f0b79f00990078001b00780068
:107538006fb1970012037800dfb3970097017800c6
:10754800280a9000b80a90000206200034b602000b
:1075580001000000a0b79f00990078001b00780088
:107568006fb1970012037800dfb397009701780096
:10757800480a9000d80a90000206200034b602009b
:107588000100000008b99000afb09700828ab900e6
:10759800b147210001a3b900c3b9de004fa2de0044
:1075a800048251008281b9000190b900c388de00cd
:1075b8004f91de0002815000ffb19700839bb90014
:1075c8008fbb970087b8b900000043004580de00f4
:1075d8008291b90084a2b9000402410045a2de00ec
:1075e80008b190000201d000b800900001014100ec
:1075f800cf80de0000004000818048000380260024
:10760800e3af9f0016102000f6af9f006fab970006
:10761800ffab97000000430081804b00cfa2de0043
:107628000402420085824a0083037800e7a79f008e
:10763800ffa99700f3a79f006fab9700ffab9700d8
:107648000402430085824b009301800000f0a400ef
:107658008180d20001d0fe001000780003d0fe0027
:107668009101800004f0a4008582d20005d0fe00bc
:107678001402780001d0fe0004095000a8b0900060
:1076880078b89000808f50001c003a00dfa3970064
:10769800e68543001b00780080bf9f0080007800cb
:1076a8000100d00017004000f0b79f0088b090009c
:1076b80038009000d6ff2f00e8b1900068129000c3
:1076c800f8129000220a200034b6020001000000df
:1076d8007fb19700000978008fb99700830de80003
:1076e800f8b8900028b09000808f500003003a004e
:1076f800400e2000080040000008eb000a05e800e2
:107708003c0090008a0f500065fe3c004f0778004f
:107718004f06be004f05be004f04be00af02b100c9
:1077280000000600f0874700889fbe008a9fbe00c1
:107738008c9fbe008e1f78008005780001047800b9
:10774800601120000b0040001000a10038009000dc
:107758008006eb000000e000830034000d00780094
:107768008d047800ca0d20000b0545006e1120001d
:107778000b074700ac0f20000b0646000110200045
:1077880081804500d1b79f00620e2000028145002c
:10779800a2b79f009a00e800010d7800f20b2000c4
:1077a800828f500001003400000deb006149b900e0
:1077b80002014100838149009a00d0009b8040006b
:1077c800180241009408780018014100f17f200058
:1077d800928f100001003a001e00a0000000e8008f
:1077e8009c0f10005c003a006168b900000140007d
:1077f80081814800f2b79f0083bf9f009801410034
:10780800e3b79f009a0078005fb0970010037800f4
:107818002fb19700920178004b029000db02900094
:10782800020c20001b00780034b6020001000000a2
:10783800efb1970080097800010320008b80400099
:107848007fb19700180041001000780093fc0700f2
:10785800e0b79f00ffb1970098814100f3b79f0000
:10786800800078004708de008000eb000000400040
:1078780081804800821b2c00b2b79f0013102000a3
:10788800c3b79f003fb19700cfb1970000004100f8
:10789800818049009201800000f0a4008180d2001c
:1078a80001d0fe001000780002d0fe0080007800b1
:1078b800ffb197001300780074b5020001000000c2
:1078c800ffb0970080087800005327006fb1970039
:1078d800800f51000f003400dfb197001300e8005b
:1078e80080097800210320008b8040001101780076
:1078f800cf11de00028141008288d100f00f5000d4
:107908001300340000012000dfb0970080087800e1
:107918000f003700f07022006fb19700800f510000
:107928000b003c00dfb197001300e90080097800e4
:10793800210320008b80400011017800820841005b
:10794800f00f400002003d0000ff2f008009780082
:107958008d06e8000000eb008904e800b8009000fc
:10796800898f50008bff3c003d0498004f0778003a
:107978004f06be004f05be004f04be000f01b10008
:1079880000000600ef0db000889fbe008a9fbe0071
:107998008c9fbe008e1f78000005780001047800d7
:1079a8000003200030049800980378000000eb00e2
:1079b80061f12f008f804000610ab80006032000a3
:1079c8006101b9000201410083814900840041003e
:1079d80002814300920878000000e800860f5000fa
:1079e800f7ff3a00c4af9f00d5af9f006011200099
:1079f8000a0040001000a1003ab090000008a3005f
:107a0800050032000080d100e0af9f008001e8004f
:107a1800f3af9f00030037000080d100f0af9f0054
:107a2800e0af9f00380090008006eb000000e00007
:107a3800c6003400edb79f00c90d20008a844400b9
:107a48006111200081004500b1af9f000b1020009c
:107a58008a854500020320000201450082b79f0085
:107a68002c0320000a0646001900e800800c780064
:107a7800f10b2000810f500001003400800ceb0056
:107a8800cfa9970003804600100078009900d00025
:107a98009a80400080087800f17f2000810f500014
:107aa80002003a003fa897001000a0006168b900e2
:107ab8000001400081814800f2b79f0083bf9f000a
:107ac80018074100990078001b037800ffa9970068
:107ad8004a029000da029000020c20001a00780096
:107ae800ecb5020001000000000f7800ffb197001c
:107af800188041008fb0970010007800e7fb07005e
:107b0800000778007fb0970018004000f0b79f008a
:107b18004770de008000eb000000400081804800d4
:107b2800821b2c00b2b79f0013102000c3b79f0020
:107b38003fb19700cfb19700000041008180490014
:107b48009201800000f0a4008180d20001d0fe00e4
:107b58001000780002d0fe0080007800ffb1970086
:107b68001300780074b5020001000000ffb0970010
:107b78008008780000532700800f57000b0034005e
:107b88001b00e800800d78009c0078004f09de009b
:107b980081004100018ed100f00f50000e0034002a
:107ba80000012000800d78000b003700f0702200e3
:107bb800800f570008003c001b00e900800d78008a
:107bc8009c007800018e4000f00f400002003d004c
:107bd80000ff2f00800d7800ddb79f000d017800b1
:107be8000200e800cf80de000001400081814800eb
:107bf800f2b79f0083bf9f00980641004a02900099
:107c0800da0290009900e8001b037800efa99700ba
:107c180004f0a1002400b0000402d0004240af00ec
:107c28008502e8000500b0004220ae004200a8002e
:107c38000482d300020c20001a007800ecb5020080
:107c480001000000800e7800ffb097001880400007
:107c58008fb097001000780090fb0700800678002e
:107c68007fb19700180741004768de008000eb00ed
:107c78000000400081804800831b2c0093b79f00c0
:107c880012102000a2b79f001fb19700afb1970054
:107c980000004100818049009201800000f0a400aa
:107ca8008180d20001d0fe001000780002d0fe00d2
:107cb800800078001e00780074b502000100000002
:107cc800000f780000532700808f56000b00340007
:107cd8001b00e800800d78009c0078004f09de004a
:107ce80081004100018ed100f00f50000e003400d9
:107cf80000012000800d78000b003700f070220092
:107d0800808f560008003c001b00e900800d7800b9
:107d18009c007800018e4000f00f400002003d00fa
:107d280000ff2f00800d7800dfb197008386e80000
:107d38006fb097000000e800e0b79f00380090009f
:107d4800efb09700810f500047ff3c003d049800ba
:107d58004f0778004f06be004f05be004f04be0017
:107d6800ef0db10000000600f2874700889fbe00b3
:107d78008a9fbe008c9fbe008e1f78000004be0044
:107d880092b79f00660041000008eb0039009000a0
:107d98000000e0008e0034000005eb00c003200066
:107da80000004400c0b79f000d04200088864600ec
:107db8006e04200008074700e10620008100440007
:107dc800b1b79f008206200002014400a2b79f00bd
:107dd8004fb09700bed20200010000006150b90008
:107de8000002400081824800f4b79f0085bf9f00d1
:107df8009d007800190042001000780074b5020058
:107e080001000000800578009e007800ffb297000e
:107e1800198042001000780074b5020001000000cb
:107e2800800078000b00780074b5020001000000a3
:107e38003fb39700000b78002fb0970084b502007d
:107e480001000000410720008880400011027800ee
:107e5800910290004f83de000401400085014b0031
:107e68008288be00683a9000f83a9000840f51006a
:107e7800858f590005003c0060021200e0821a005c
:107e8800840f5100858f590003003d006011b80030
:107e9800223c9800333c980058399000a83890004c
:107ea8008191b900383a9000c839900083a2b9008e
:107eb80004014100011ab80085024100c4a9de008e
:107ec800d3b79f004fabde00e6b79f0003067800ec
:107ed800a880900074b5020001000000e1042000b1
:107ee800888040008c084000210e200088804000d7
:107ef8001100e80080087800e8b89000810f500071
:107f08002f003500200e2000080040000008eb007c
:107f1800010e2000888040001100e80080087800e9
:107f2800110a2000810f500003003400000e2000c9
:107f3800080040000008eb0008b090000000d000e6
:107f4800a8009000010040000b087800410e2000b6
:107f5800888040001100e80080087800f8b8900098
:107f6800810f500016003500400e20000800400028
:107f78000008eb001fb09700e60540001b067800dc
:107f88000c00d0009fb0970011004000f0b79f0090
:107f980088b09000280090000003eb00e8b1900042
:107fa80068129000f8129000220a200034b60200ed
:107fb800010000007fb19700000978008c0de800ef
:107fc8000a05e800390090008a0f500080ff3c0045
:107fd8004f0778004f06be004f05be004f04be0095
:107fe8002f01b100000006004780de00c788de00d0
:107ff8000000e00026003500f003b2000100e000b8
:10800800110035004600dd00f103b2000100400018
:10801800cf80de000000400081804800c2842c0030
:108028000310200000014100818149009401800073
:1080380002f0a4008381d20003d0fe001201780070
:1080480004d0fe003a0037000101ea00f203b20052
:108058004611dd0000014100cf91de000201410020
:1080680083814900c4842c000510200002014200cd
:1080780083814a009101800002f0a4008381d2002c
:1080880003d0fe001201780001d0fe00280037005e
:108098000000ea00f003b2000100e0001200350021
:1080a800f103b2004609dd0000014100cf91de0076
:1080b8000201410083814900c0842c000110200086
:1080c80002004000838048009301800000f0a40073
:1080d8008180d20001d0fe001000780003d0fe009d
:1080e80000017800120037008100ea004600dd0038
:1080f800f103b20001014000cf91de00020141000e
:1081080083814900c0842c00011020000200400037
:10811800838048009301800000f0a4008180d20091
:1081280001d0fe001000780003d0fe0000017800a6
:108138000200780000000600f0874700889fbe0014
:108148008a9fbe008c9fbe008e1f780000047800b6
:108158000105780060112000080040001000a1000f
:108168003a0090000000e000bd0034008005eb00fc
:10817800cc0d2000080646006011200000004400d5
:10818800a0b79f00690d20008884440001102000da
:1081980081004400c1b79f00620e20000201440024
:1081a800b2b79f001c00e800000e7800f10b200019
:1081b800810f500001003400000eeb006158b90037
:1081c8000002400081824800f4b79f0085bf9f00ed
:1081d8001c00d000180040009a00420011087800e6
:1081e800ffb297009a804200f07f2000910f1000a4
:1081f80002003a002fb097001000a0000b08a3005f
:108208000d003200ffb097009a864000f8a8900051
:10821800180090000003eb00c8b19000280a9000f5
:10822800b80a9000020620007cb602000100000097
:10823800800e7800860037001900e800800c78006e
:1082480071022000810f500001003400800ceb0007
:10825800990678009c0078004fb1970012037800c7
:108268003fb297009401780048029000d80290002d
:10827800020c20001800780034b60200010000004b
:108288006169b9003204b0000380b0000201410006
:108298008381490082064400800e78000103200093
:1082a8008880400019017800cf91de003204b000c8
:1082b8000380b000020141008381490002004400ac
:1082c80010007800f5f90700800678001901780099
:1082d8004768de008000eb00000040008180480015
:1082e800851b2c00d5b79f0013102000e3b79f0013
:1082f8005fb29700efb297000000420081804a0009
:10830800cf91de003204b0000380b00002014100ca
:1083180083814900020744009201800000f0a40014
:108328008180d20001d0fe001000780002d0fe004b
:10833800800078001e00780074b50200010000007b
:10834800000f780000532700808f56000e0034007d
:10835800cfb297001500e800800a780021032000ba
:108368008880400011017800cf11de0002814100b1
:108378008288d100f00f5000120034000001200064
:10838800800a78000f003700f0702200808f5600b6
:108398000c003c00cfb097001100e900800878007d
:1083a80021032000888040001101780082084100e4
:1083b800f00f400003003d0000ff2f004fb1970071
:1083c8000009780048a890001900100001003b003f
:1083d8008002b000ffb197009a8041006101b900a6
:1083e8003204b0000380b0000201410083814900db
:1083f8000200440090087800e10d200088804000c9
:108408001100e80080087800f1052000810f500075
:1084180003003400e00d2000080040000008eb00d5
:1084280078a890000000d00098009000010040005b
:1084380019017800cf91de003204b0000380b0004b
:10844800020141008381490082004400110878003c
:108458008b05e8003a0090008b0f500051ff3c005c
:108468004f0778004f06be004f05be004f04be0000
:108478000f01b10000000600fa874700889fbe0080
:108488008a9fbe008c9fbe008e1f78000004be002d
:10849800e2af9f00660041000008eb003900900041
:1084a8000000e000ca0034000005eb00c003200013
:1084b8000000440090b79f006b04200088854500a9
:1084c8000104200081004400a1b79f00e2062000bb
:1084d8000201440082b79f00830620008301440004
:1084e800f3af9f001fb09700bed20200010000004a
:1084f8006152b900f4b79f0085bf9f000400420095
:1085080085804a00d0b79f00e1b79f009b007800a4
:108518005fb19700190041001000780074b502009f
:1085280001000000000678007fb297008fba97001c
:1085380061004200e0804a0000014000818148005b
:10854800f2b79f0083bf9f00afb197009300ea0086
:10855800190041001000780074b502000100000005
:10856800000656007fb29700990042001b00780071
:108578009100780074b502000100000080067800c0
:10858800afb297009500ea005fb397001900430067
:108598001000780074b50200010000008d0640004c
:1085a8000c00be0090fe07008fb09700800878008e
:1085b8007fa8970084b50200010000004107200051
:1085c8008880400011027800910290004f83de00fd
:1085d8000401400085014b008288be00683a900083
:1085e800f83a9000840f5100858f59000300340039
:1085f800243c9800353c98000700370060021200c0
:10860800e0821a00840f5100858f590002003d0056
:10861800243c9800353c980058399000a8389000c0
:108628008191b900383a9000c839900083a2b90006
:1086380004014100011ab80085024100c4a8de0007
:10864800b1b79f004fa9de00c2b79f0001077800ad
:10865800a880900074b5020001000000e104200029
:10866800888040008e084000010e2000888040006d
:108678001100e80080087800e8b89000810f5000e9
:108688004f003500000e2000080040000008eb00f5
:10869800210e2000888040001100e8008008780042
:1086a800110a2000810f500003003400200e200022
:1086b800080040000008eb00200e200008004000e1
:1086c8001001d000a8009000810041008c087800bb
:1086d8009000d00038009000008040000d0878001d
:1086e800410e2000888040001100e80080087800d2
:1086f800f8b89000810f500031003500400e20007e
:10870800080040000008eb00efa99700e68641004a
:108718001d0778000e00d00013004000d0af9f0066
:10872800c40e200004024400d4b79f00c5022000f4
:1087380085024400f5b79f002c0e2000080646006d
:108748009c007800280090000003eb00940178005a
:10875800050178001202780092029000220a200097
:1087680034b6020001000000dfa9970080097800f4
:108778000e07e8008e0e78000e00d0006faa970052
:1087880014004000d0af9f009c0078003800900093
:108798000003eb00dfb29700950178007fb19700e6
:1087a8001202780092029000220a200034b60200d9
:1087b80001000000dfa99700800978008e0ee8000c
:1087c8000a85e800390090008a0f500045ff3c00f8
:1087d8004f0778004f06be004f05be004f04be008d
:1087e800af01b100000006000f02b000889fbe0074
:1087f8008a9fbe008c9fbe008e1f78000004be00ba
:10880800e2af9f0068b090000008a30005003200a6
:108818000080d100a0af9f000000e800b0af9f002b
:10882800040037000080d100b0af9f0080007800be
:10883800a1af9f006fa99700660041000008eb00f8
:10884800390090000000e000050134000005eb004d
:10885800c30320008301440093b79f006b042000ea
:10886800888545000404200004024400a4b79f0042
:10887800e50620008502440085b79f008606200093
:1088880006034400f6af9f001fb09700bed2020057
:10889800010000006150b900f0b79f0081bf9f0040
:1088a8000001400081814800d2b79f00e3b79f00d4
:1088b8009b007800190041001000780074b5020090
:1088c80001000000000678007fb297008fba970079
:1088d80061004200e0804a000001400081814800b8
:1088e800f2b79f0083bf9f00afb197009300ea00e3
:1088f800190041001000780074b502000100000062
:10890800000656007fb29700990042001b007800cd
:108918009100780074b5020001000000800678001c
:10892800afb297009500ea005fb3970019004300c3
:108938001000780074b50200010000008d064000a8
:108948000c00be00a8fd07008fb0970080087800d3
:108958007fa8970084b502000100000041072000ad
:108968008880400011027800910290004f83de0059
:108978000401400085014b008288be00683a9000df
:10898800f83a9000840f5100858f59000300340095
:10899800243c9800353c980007003700600212001c
:1089a800e0821a00840f5100858f590002003d00b3
:1089b800243c9800353c980058399000a83890001d
:1089c8008191b900383a9000c839900083a2b90063
:1089d80004014100011ab80085024100c4a8de0064
:1089e800b1b79f004fa9de00c2b79f00010778000a
:1089f800a880900074b5020001000000e104200086
:108a0800888040008e084000010e200088804000c9
:108a18001100e80080087800e8b89000810f500045
:108a28008b003500000e2000080040000008eb0015
:108a3800210e2000888040001100e800800878009e
:108a4800110a2000810f500003003400200e20007e
:108a5800080040000008eb00200e2000080040003d
:108a68001001d000a8009000810041008c08780017
:108a78009000d00038009000008040000d08780079
:108a8800410e2000888040001100e800800878002e
:108a9800f8b89000810f50006d003500400e20009e
:108aa800080040000008eb00efa997006687410026
:108ab8001e027800d4b79f000400d00013004000c5
:108ac800d0af9f00cd022000888646002c0e2000e3
:108ad800080646009c007800e4024400f5b79f00b1
:108ae800150078000003eb00bfa997001d0278006d
:108af8009d029000220a2000ecb50200010000004f
:108b08005fab9700000b78005fb097000000e800ab
:108b1800d0b79f00000f7800dfb097000100d000a9
:108b28006fa9970012004000c0af9f009c0078001a
:108b3800e6014400d3af9f00130078000003eb0068
:108b4800bfa997001d0278009d029000220a20000c
:108b5800ecb50200010000004faa9700000a780057
:108b6800dfb297008502e800d5b79f00050f7800af
:108b78000500d0006fab970016004000c0af9f0003
:108b88001d0278009d0290009c00e8007fb19700cc
:108b9800120078000003eb00afa9970004f0a100d1
:108ba8002400b0000402d0004240af008502e80073
:108bb8000500b0004220ae004200a8000482d300a5
:108bc800220a2000ecb5020001000000cfa997009e
:108bd800800978005fb297000402e800d4b79f00cc
:108be800040f78000400d000efaa97001500400099
:108bf800f0b79f001d0278009d0290009c00e800dd
:108c08005fab9700160078000003eb00afa9970050
:108c180004f0a1002400b0000402d0004240af00dc
:108c28008502e8000500b0004220ae004200a8001e
:108c38000482d300220a2000ecb5020001000000e3
:108c4800ffb19700800978005fb29700040fe80031
:108c58000a85e800390090008a0f50000aff3c009e
:108c68004f0778004f06be004f05be004f04be00f8
:108c78000f02b10000000600ec874700889fbe0085
:108c88008a9fbe008c9fbe008e1f78000004be0025
:108c980060112000080040001000a1002808910081
:108ca800e10f500017003a00401120000800400072
:108cb8000008eb00780091000000e00001003d0092
:108cc800670040004380de00c1102000888040001b
:108cd800110010008008780003003b00c01020003d
:108ce800080040000008eb0008089100e800910027
:108cf800808f500003003500c1102000888040009c
:108d08008008e900b8b09000680091008088b90038
:108d180080007800390090000000e000490034002d
:108d28008005eb00ca0d20000805450060112000f1
:108d380000004400c0b79f00021020000201440058
:108d480082bf9f00630e200083014400f3b79f0099
:108d58006108b9000000400081804800808fd2007f
:108d68008181d2000001780002f0a100d2b79f00f3
:108d7800e3b79f001a00e800000d7800f10b20000f
:108d8800810f500001003400000deb00615eb90056
:108d98000c0646008d864e001a00d00018004000d0
:108da800990046001108780099004600f07f2000dd
:108db800910f100002003a00cfb197001300a000f5
:108dc8001907460048029000d80290008fbb970010
:108dd800170378007fb09700900178005fb0970084
:108de800efb097000401d0008003d00007024100d3
:108df8004220a80081824a004200a9004220ae0019
:108e08004200a8000482d300020c20009a007800d7
:108e18001800780034b6020001000000000f780046
:108e28000103200088804000190646001c007800d5
:108e38001af707008b05e800390090008b0f5000e7
:108e4800ccff3c004f0778004f06be004f05be0020
:108e58004f04be00cf00b10000000600ec874700b9
:108e6800889fbe008a9fbe008c9fbe008e1f780020
:108e780000047800810578003b0090008000eb003a
:108e8800c1b79f000000e0007900340001057800b8
:108e9800ce032000080747000d04200088864600fe
:108ea800e406200004024400e4b79f008506200081
:108eb80085024400d5b79f004907200088844400f4
:108ec8000e007800bed20200010000009d0078006c
:108ed8000a00d0001b0040001000780074b50200a2
:108ee80001000000efb09700800878005fb097009d
:108ef80084b5020001000000190278009902900070
:108f0800cf80de000401400085814800828cbe00cd
:108f1800683a9000f83a9000840f5100858f590004
:108f280002003400848cbe00060037006002120084
:108f3800e0821a00840f5100858f590001003d001e
:108f4800848cbe0058399000990078008191b9004e
:108f5800383a9000c839900083a2b9000401410052
:108f6800011ab80085024100c4a8de00f1b79f00cd
:108f7800cfa8de0081bf9f007fb69700a880900031
:108f880074b5020001000000e10420008880400060
:108f98008c084000220e2000080141009200e800e1
:108fa8000109780068b99000828f50002c003500c4
:108fb800210e2000888040008008eb00020e20006f
:108fc800080141009200e80001097800120a200017
:108fd800828f500003003400010e2000888040007a
:108fe8008008eb0088b090008100d0002801900034
:108ff8008280400080087800410e20008880400070
:109008001100e80080087800f8b89000810f50003f
:1090180013003500400e2000080040000008eb0057
:109028004fb297000406d0001b06460088b0900097
:1090380028009000c6ff2f00e8b190006812900049
:10904800f8129000220a200034b602000100000045
:10905800000e7800cfb297008502e800c5b79f00e0
:109068000a05e8003b0090008a0f500094ff3c007e
:109078004fb09700b00598004f0778004f06be0024
:109088004f05be004f04be00cf00b100000006002f
:020000040000fa
:020000040001f9
:1090980000000000000000000000000000000000c8
:1090a80000000000000000000000000000000000b8
:1090b8000000000000000000a0050000a00500005e
:1090c800a0050000a0050000a0050000a005000004
:1090d800a0050000a0050000a0050000a0050000f4
:1090e800a0050000a0050000a0050000a0050000e4
:1090f800a0050000a0050000a0050000a0050000d4
:10910800a0050000a0050000a0050000a0050000c3
:10911800a0050000a0050000a0050000a0050000b3
:10912800a0050000a0050000a0050000a0050000a3
:10913800a0050000a0050000a0050000a005000093
:10914800a0050000a0050000a0050000a005000083
:10915800a005000000000000000000000000000062
:1091680000000000000000000000000000000000f7
:1091780000000000000000000000000000000000e7
:1091880000000000000000000000000000000000d7
:1091980000000000000000000000000000000000c7
:1091a80000000000000000000000000000000000b7
:1091b8000000000000000000e9040000fa040000bc
:1091c80008050000130500001d0500002605000025
:1091d8002e050000340500003a0500004005000097
:1091e80044050000490500004d0500005005000039
:1091f80054050000570500005a0500005c050000f2
:109208005f050000610500006305000065050000ba
:1092180067050000680500006a0500006c0500008d
:109228006d0500006e050000700500007105000066
:109238007205000073050000740500007505000044
:109248007605000077050000780500007905000024
:109258007a05000000000000000000000000000087
:1092680000000000000000000000000000000000f6
:1092780000000000000000000000000000000000e6
:1092880000000000000000000000000000000000d6
:1092980000000000000000000000000000000000c6
:1092a80000000000000000000000000000000000b6
:1092b8000000000000000000360400005604000012
:1092c80071040000880400009c040000ad04000044
:1092d800bc040000c9040000d5040000e00400003c
:1092e800e9040000f2040000fa040000010500008f
:1092f800080500000e050000130500001805000011
:109308001d05000022050000260500002a050000b2
:109318002e05000031050000340500003705000067
:109328003a0500003d050000400500004205000028
:109338004405000047050000490500004b050000f2
:109348004d0500004f0500005005000052050000c3
:1093580054050000000000000000000000000000ac
:1093680000000000000000000000000000000000f5
:1093780000000000000000000000000000000000e5
:1093880000000000000000000000000000000000d5
:1093980000000000000000000000000000000000c5
:1093a80000000000000000000000000000000000b5
:1093b80000000000000000008a030000b80300005d
:1093c800df030000000400001d0400003604000054
:1093d8004c040000600400007104000081040000d7
:1093e8008f0400009c040000a8040000b2040000e0
:1093f800bc040000c5040000cd040000d504000032
:10940800dc040000e3040000e9040000ef040000ad
:10941800f5040000fa040000ff0400000305000042
:10942800080500000c0500001005000013050000e9
:10943800170500001a0500001d05000020050000a2
:109448002305000026050000290500002b05000063
:109458002e050000000000000000000000000000d1
:1094680000000000000000000000000000000000f4
:1094780000000000000000000000000000000000e4
:1094880000000000000000000000000000000000d4
:1094980000000000000000000000000000000000c4
:1094a80000000000000000000000000000000000b4
:1094b80000000000a1020000e602000021030000f5
:1094c800520300007d030000a2030000c203000055
:1094d800df030000f80300000f040000240400006c
:1094e800360400004704000056040000640400002d
:1094f800710400007d04000088040000920400004c
:109508009c040000a5040000ad040000b5040000a0
:10951800bc040000c3040000c9040000cf0400001c
:10952800d5040000db040000e0040000e5040000ae
:10953800e9040000ee040000f2040000f604000054
:10954800fa040000fd040000010500000405000005
:1095580008050000000000000000000000000000f6
:1095680000000000000000000000000000000000f3
:1095780000000000000000000000000000000000e3
:1095880000000000000000000000000000000000d3
:1095980000000000000000000000000000000000c3
:1095a80000000000000000000000000000000000b3
:1095b80000000000fe0100004e02000092020000c0
:1095c800cc020000ff0200002b0300005203000041
:1095d8007503000094030000af030000c8030000f7
:1095e800df030000f3030000060400001804000075
:1095f8002704000036040000440400005004000062
:109608005c04000067040000710400007b04000093
:10961800840400008c040000940400009c040000f2
:10962800a3040000aa040000b0040000b60400006f
:10963800bc040000c2040000c7040000cc04000001
:10964800d1040000d5040000d9040000de040000a5
:10965800e20400000000000000000000000000001c
:1096680000000000000000000000000000000000f2
:1096780000000000000000000000000000000000e2
:1096880000000000000000000000000000000000d2
:1096980000000000000000000000000000000000c2
:1096a80000000000000000000000000000000000b2
:1096b800040100006a010000c10100000c02000062
:1096c8004e02000087020000ba020000e602000015
:1096d8000e03000032030000520300006f03000075
:1096e8008a030000a2030000b8030000cc030000b6
:1096f800df030000f0030000000400000f04000076
:109708001d0400002a040000360400004104000083
:109718004c040000560400006004000069040000c6
:10972800710400007904000081040000880400002e
:109738008f040000960400009c040000a2040000ae
:10974800a8040000ad040000b2040000b704000043
:10975800bc04000000000000000000000000000041
:1097680000000000000000000000000000000000f1
:1097780000000000000000000000000000000000e1
:1097880000000000000000000000000000000000d1
:1097980000000000000000000000000000000000c1
:1097a80000000000000000000000000000000000b1
:1097b8007a000000e4000000400100009101000070
:1097c800d8010000160200004e0200007f020000cf
:1097d800ac020000d4020000f802000019030000e7
:1097e80037030000520300006b03000082030000ef
:1097f80098030000ab030000be030000cf03000085
:10980800df030000ee030000fc0300000904000071
:1098180015040000210400002c0400003604000098
:109828004004000049040000520400005a040000eb
:10983800620400006a04000071040000780400005b
:109848007f040000850400008b04000091040000e0
:109858009604000000000000000000000000000066
:1098680000000000000000000000000000000000f0
:1098780000000000000000000000000000000000e0
:1098880000000000000000000000000000000000d0
:1098980000000000000000000000000000000000c0
:1098a8000000000000000000fcfe000086ff000031
:1098b800000000006c000000cb0000001f01000049
:1098c8006a010000ad010000e80100001e0200006e
:1098d8004e0200007a020000a1020000c50200004a
:1098e800e602000005030000210300003a0300001f
:1098f80052030000680300007d030000900300008d
:10990800a2030000b2030000c2030000d10300005c
:10991800df030000ec030000f8030000040400006b
:109928000f0400001a040000240400002d040000a5
:10993800360400003f040000470400004f04000004
:10994800560400005d040000640400006b0400007d
:1099580000000000000000000000000000000000ff
:1099680000000000000000000000000000000000ef
:1099780000000000000000000000000000000000df
:1099880000000000000000000000000000000000cf
:1099980000000000000000000000000000000000bf
:1099a8005ffd000002fe000096fe00001cff0000a4
:1099b80094ff00000000000060000000b7000000f5
:1099c800040100004a01000088010000c1010000f4
:1099d800f5010000230200004e020000750200009d
:1099e80099020000ba020000d8020000f402000048
:1099f8000e030000260300003d0300005203000090
:109a080066030000780300008a0300009a03000040
:109a1800a9030000b8030000c6030000d303000038
:109a2800df030000eb030000f60300000004000061
:109a38000a040000140400001d04000026040000ad
:109a48002e040000360400003e0400004504000017
:109a580000000000000000000000000000000000fe
:109a680000000000000000000000000000000000ee
:109a780000000000000000000000000000000000de
:109a880000000000000000000000000000000000ce
:109a980060fa000017fb0000cafb000076fc00001b
:109aa8001afd0000b2fd00003ffe0000c0fe0000ed
:109ab80035ff0000a0ff0000000000005700000074
:109ac800a6000000ee0000002f0100006a0100005f
:109ad800a0010000d1010000fe01000028020000e2
:109ae8004e0200007102000092020000b002000065
:109af800cc020000e6020000ff020000160300008e
:109b08002b0300003f030000520300006403000021
:109b1800750300008503000094030000a203000001
:109b2800af030000bc030000c8030000d40300001a
:109b3800df030000e9030000f3030000fd03000059
:109b4800060400000f0400001804000020040000b0
:109b580000000000000000000000000000000000fd
:109b680000000000000000000000000000000000ed
:109b780000000000000000000000000000000000dd
:109b880000000000000000000000000000000000cd
:109b980060fa000006fb0000aafb000048fc000079
:109ba800dffc00006efd0000f4fd00006ffe000009
:109bb800e1fe000049ff0000a9ff000000000000ce
:109bc8005000000098000000db00000018010000b1
:109bd8005001000083010000b2010000de01000016
:109be800060200002b0200004e0200006e02000078
:109bf8008c020000a8020000c2020000db02000084
:109c0800f2020000070300001c0300002f030000fd
:109c180041030000520300006203000072030000c9
:109c2800800300008e0300009b030000a8030000cf
:109c3800b4030000bf030000ca030000d5030000fe
:109c4800df030000e8030000f2030000fa0300004d
:109c580000000000000000000000000000000000fc
:109c680000000000000000000000000000000000ec
:109c780000000000000000000000000000000000dc
:109c880000000000000000000000000000000000cc
:109c980060fa0000f8fa00008ffb000021fc0000c9
:109ca800aefc000034fd0000b2fd000028fe0000fc
:109cb80096fe0000fcfe00005aff0000b0ff000006
:109cc80000000000490000008d000000cb000000eb
:109cd80004010000390100006a010000970100003a
:109ce800c1010000e80100000c0200002e02000083
:109cf8004e0200006b02000087020000a102000073
:109d0800ba020000d1020000e6020000fb020000d7
:109d18000e0300002103000032030000420300008c
:109d280052030000610300006f0300007d03000080
:109d38008a03000096030000a2030000ad030000a0
:109d4800b8030000c2030000cc030000d6030000e3
:109d580000000000000000000000000000000000fb
:109d680000000000000000000000000000000000eb
:109d780000000000000000000000000000000000db
:109d880000000000000000000000000000000000cb
:109d980060fa0000edfa000078fb000000fc00000b
:109da80083fc000001fd000079fd0000eafd0000d1
:109db80053fe0000b6fe000012ff000068ff00001e
:109dc800b7ff00000000000044000000830000000e
:109dd800bd000000f3000000250100005401000050
:109de8007f010000a8010000cd010000f101000082
:109df80012020000310200004e0200006902000059
:109e0800830200009b020000b2020000c8020000aa
:109e1800dc020000f002000002030000140300004e
:109e2800250300003503000044030000520300002e
:109e3800600300006d0300007a0300008603000041
:109e4800910300009c030000a7030000000000002d
:109e580000000000000000000000000000000000fa
:109e680000000000000000000000000000000000ea
:109e780000000000000000000000000000000000da
:109e880000000000000000000000000000000000ca
:109e980060fa0000e3fa000064fb0000e3fb000046
:109ea8005efc0000d5fc000046fd0000b2fd00008d
:109eb80018fe000078fe0000d1fe000025ff00001b
:109ec80073ff0000bcff0000000000003f0000001e
:109ed8007a000000b1000000e40000001401000056
:109ee800400100006a01000091010000b501000076
:109ef800d8010000f801000016020000330200003b
:109f08004e020000670200007f0200009602000077
:109f1800ac020000c0020000d4020000e60200000b
:109f2800f8020000090300001903000028030000dc
:109f38003703000045030000520300005f030000e0
:109f48006b0300007703000082030000000000009c
:109f580000000000000000000000000000000000f9
:109f680000000000000000000000000000000000e9
:109f780000000000000000000000000000000000d9
:109f880000000000000000000000000000000000c9
:109f980060fa0000dafa000053fb0000cafb000078
:109fa8003efc0000aefc00001afd000081fd000030
:109fb800e2fd00003ffe000096fe0000e8fe000003
:109fc80035ff00007dff0000c1ff00000000000019
:109fd8003b00000072000000a6000000d70000004f
:109fe800040100002f010000570100007c0100005f
:109ff800a0010000c1010000e1010000fe01000015
:10a008001a020000350200004e020000660200003d
:10a018007c02000092020000a6020000ba020000c2
:10a02800cc020000de020000ef020000ff02000088
:10a038000e0300001d0300002b030000390300007d
:10a0480046030000520300005e0300000000000009
:10a0580000000000000000000000000000000000f8
:10a0680000000000000000000000000000000000e8
:10a0780000000000000000000000000000000000d8
:10a0880000000000000000000000000000000000c8
:10a0980060fa0000d2fa000044fb0000b4fb0000a4
:10a0a80021fc00008bfc0000f2fc000054fd0000c5
:10a0b800b2fd00000bfe000060fe0000b0fe0000d4
:10a0c800fcfe000043ff000086ff0000c5ff000003
:10a0d80000000000380000006c0000009d00000037
:10a0e800cb000000f60000001f0100004601000040
:10a0f8006a0100008c010000ad010000cb010000e6
:10a10800e8010000040200001e0200003602000000
:10a118004e020000640200007a0200008e02000075
:10a12800a1020000b4020000c5020000d60200002f
:10a13800e6020000f6020000050300001303000019
:10a14800210300002e0300000000000000000000b2
:10a1580000000000000000000000000000000000f7
:10a1680000000000000000000000000000000000e7
:10a1780000000000000000000000000000000000d7
:10a1880000000000000000000000000000000000c7
:10a1980060fa0000ccfa000037fb0000a0fb0000ca
:10a1a80008fc00006cfc0000cefc00002cfd000048
:10a1b80086fd0000ddfd00002ffe00007dfe000092
:10a1c800c7fe00000dff00004fff00008eff0000db
:10a1d800c8ff000000000000340000006600000016
:10a1e80094000000c0000000ea0000001101000017
:10a1f80036010000590100007a0100009a010000b0
:10a20800b8010000d4010000ef01000008020000be
:10a2180021020000380200004e0200006302000024
:10a22800770200008a0200009d020000ae020000d2
:10a23800bf020000cf020000df020000ee020000b3
:10a24800fc0200000a0300000000000000000000fb
:10a2580000000000000000000000000000000000f6
:10a2680000000000000000000000000000000000e6
:10a2780000000000000000000000000000000000d6
:10a2880000000000000000000000000000000000c6
:10a2980060fa0000c6fa00002bfb00008ffb0000ec
:10a2a800f1fb000051fc0000aefc000008fd0000be
:10a2b8005ffd0000b2fd000002fe00004efe00003f
:10a2c80096fe0000dbfe00001cff00005aff0000a5
:10a2d80094ff0000ccff00000000000032000000e6
:10a2e800600000008d000000b7000000de000000e4
:10a2f80004010000280100004a0100006a01000072
:10a3080088010000a6010000c1010000db01000077
:10a31800f50100000c0200002302000039020000d1
:10a328004e02000062020000750200008702000071
:10a3380099020000aa020000ba020000c902000047
:10a34800d8020000e6020000000000000000000043
:10a3580000000000000000000000000000000000f5
:10a3680000000000000000000000000000000000e5
:10a3780000000000000000000000000000000000d5
:10a3880000000000000000000000000000000000c5
:10a3980060fa0000c0fa000020fb00007ffb00000c
:10a3a800dcfb000038fc000091fc0000e7fc00002a
:10a3b8003bfd00008bfd0000d8fd000022fe0000e0
:10a3c80069fe0000acfe0000ecfe000029ff000062
:10a3d80063ff00009aff0000ceff000000000000ad
:10a3e8002f0000005c00000086000000ae000000a6
:10a3f800d4000000f80000001b0100003c01000030
:10a408005b0100007901000095010000b001000027
:10a41800ca010000e2010000fa0100001002000079
:10a42800260200003a0200004e020000610200000d
:10a43800730200008402000095020000a5020000db
:10a44800b50200000000000000000000000000004d
:10a4580000000000000000000000000000000000f4
:10a4680000000000000000000000000000000000e4
:10a4780000000000000000000000000000000000d4
:10a4880000000000000000000000000000000000c4
:10a4980060fa0000bcfa000017fb000071fb000026
:10a4a800cafb000021fc000076fc0000c9fc00008b
:10a4b8001afd000067fd0000b2fd0000fafd000073
:10a4c8003ffe000081fe0000c0fe0000fcfe000010
:10a4d80035ff00006cff0000a0ff0000d1ff000066
:10a4e800000000002d000000570000008000000060
:10a4f800a6000000cb000000ee0000000f010000e5
:10a508002f0100004d0100006a01000085010000d4
:10a51800a0010000b9010000d1010000e80100001d
:10a52800fe01000013020000280200003b020000a8
:10a538004e0200006002000071020000820200006a
:10a54800920200000000000000000000000000006f
:10a5580000000000000000000000000000000000f3
:10a5680000000000000000000000000000000000e3
:10a5780000000000000000000000000000000000d3
:10a5880000000000000000000000000000000000c3
:10a5980060fa0000b7fa00000efb000064fb000040
:10a5a800b9fb00000dfc00005efc0000aefc0000e2
:10a5b800fbfc000046fd00008ffd0000d5fd0000fb
:10a5c80018fe000058fe000096fe0000d1fe0000b4
:10a5d8000aff000040ff000073ff0000a4ff000016
:10a5e800d3ff0000000000002b0000005300000013
:10a5f8007a0000009f000000c2000000e400000094
:10a608000401000023010000400100005c0100007b
:10a618007701000091010000aa010000c1010000bb
:10a62800d8010000ee01000002020000160200003e
:10a638002a0200003c0200004e0200005f020000f7
:10a648000000000000000000000000000000000002
:10a6580000000000000000000000000000000000f2
:10a6680000000000000000000000000000000000e2
:10a6780000000000000000000000000000000000d2
:10a6880000000000000000000000000000000000c2
:10a6980060fa0000b3fa000006fb000058fb000057
:10a6a800aafb0000fafb000048fc000095fc000033
:10a6b800dffc000028fd00006efd0000b2fd000078
:10a6c800f4fd000033fe00006ffe0000a9fe00004c
:10a6d800e1fe000016ff000049ff00007aff0000bd
:10a6e800a9ff0000d5ff00000000000029000000bd
:10a6f800500000007500000098000000ba0000003b
:10a70800db000000fa00000018010000340100001e
:10a71800500100006a010000830100009b01000055
:10a72800b2010000c8010000de010000f2010000d3
:10a7380006020000190200002b0200003d02000082
:10a748000000000000000000000000000000000001
:10a7580000000000000000000000000000000000f1
:10a7680000000000000000000000000000000000e1
:10a7780000000000000000000000000000000000d1
:10a7880000000000000000000000000000000000c1
:10a7980060fa0000b0fa0000fffa00004efb00006b
:10a7a8009cfb0000e8fb000034fc00007efc00007d
:10a7b800c6fc00000cfd000050fd000092fd0000ea
:10a7c800d2fd00000ffe00004bfe000084fe0000da
:10a7d800bafe0000effe000022ff000052ff00005a
:10a7e80080ff0000adff0000d7ff00000000000060
:10a7f800270000004c0000007000000092000000dc
:10a80800b3000000d3000000f10000000e010000ba
:10a8180029010000440100005e01000076010000eb
:10a828008e010000a4010000ba010000cf01000061
:10a83800e3010000f7010000090200000000000029
:10a848000000000000000000000000000000000000
:10a8580000000000000000000000000000000000f0
:10a8680000000000000000000000000000000000e0
:10a8780000000000000000000000000000000000d0
:10a8880000000000000000000000000000000000c0
:10a8980060fa0000acfa0000f8fa000044fb00007f
:10a8a8008ffb0000d9fb000021fc000068fc0000c1
:10a8b800aefc0000f2fc000034fd000074fd000056
:10a8c800b2fd0000eefd000028fe000060fe000062
:10a8d80096fe0000cafe0000fcfe00002cff0000ef
:10a8e8005aff000086ff0000b0ff0000d9ff0000fb
:10a8f8000000000025000000490000006c00000076
:10a908008d000000ac000000cb000000e800000053
:10a91800040100001f01000039010000520100007d
:10a928006a0100008101000097010000ad010000ec
:10a93800c1010000d5010000e8010000000000008e
:10a9480000000000000000000000000000000000ff
:10a9580000000000000000000000000000000000ef
:10a9680000000000000000000000000000000000df
:10a9780000000000000000000000000000000000cf
:10a9880000000000000000000000000000000000bf
:10a9980060fa0000a9fa0000f2fa00003bfb000090
:10a9a80083fb0000cafb000010fc000055fc0000ff
:10a9b80098fc0000dafc00001afd000058fd0000b9
:10a9c80095fd0000cffd000008fe00003ffe0000de
:10a9d80074fe0000a7fe0000d8fe000008ff00007b
:10a9e80035ff000061ff00008bff0000b4ff00008e
:10a9f800dbff00000000000024000000460000000b
:10aa08006800000088000000a6000000c4000000e4
:10aa1800e0000000fb000000160100002f0100000c
:10aa2800470100005f010000750100008b01000074
:10aa3800a0010000b40100000000000000000000b8
:10aa480000000000000000000000000000000000fe
:10aa580000000000000000000000000000000000ee
:10aa680000000000000000000000000000000000de
:10aa780000000000000000000000000000000000ce
:10aa880000000000000000000000000000000000be
:10aa980060fa0000a6fa0000edfa000033fb00009f
:10aaa80078fb0000bcfb000000fc000042fc00003a
:10aab80083fc0000c3fc000001fd00003efd000017
:10aac80079fd0000b2fd0000eafd00001ffe000055
:10aad80053fe000086fe0000b6fe0000e5fe000002
:10aae80012ff00003eff000068ff000090ff00001a
:10aaf800b7ff0000dcff000000000000230000009a
:10ab0800440000006400000083000000a000000072
:10ab1800bd000000d9000000f30000000d01000096
:10ab2800250100003d010000540100006a010000f9
:10ab38007f010000940100000000000000000000f8
:10ab480000000000000000000000000000000000fd
:10ab580000000000000000000000000000000000ed
:10ab680000000000000000000000000000000000dd
:10ab780000000000000000000000000000000000cd
:10ab880000000000000000000000000000000000bd
:10ab980060fa0000a4fa0000e8fa00002bfb0000ad
:10aba8006efb0000b0fb0000f1fb000031fc000070
:10abb80070fc0000aefc0000eafc000025fd00006f
:10abc8005ffd000097fd0000cdfd000002fe0000c3
:10abd80035fe000066fe000096fe0000c4fe000080
:10abe800f1fe00001cff000046ff00006eff0000a1
:10abf80094ff0000baff0000ddff00000000000025
:10ac08002100000041000000600000007e000000fc
:10ac18009b000000b7000000d1000000eb0000001e
:10ac2800040100001c010000330100004a0100007b
:10ac38005f010000000000000000000000000000ac
:10ac480000000000000000000000000000000000fc
:10ac580000000000000000000000000000000000ec
:10ac680000000000000000000000000000000000dc
:10ac780000000000000000000000000000000000cc
:10ac880000000000000000000000000000000000bc
:10ac980060fa0000a1fa0000e3fa000024fb0000bb
:10aca80064fb0000a4fb0000e3fb000021fc0000a3
:10acb8005efc00009afc0000d5fc00000efd0000c0
:10acc80046fd00007dfd0000b2fd0000e6fd00002d
:10acd80018fe000048fe000078fe0000a5fe0000f7
:10ace800d1fe0000fcfe000025ff00004dff000023
:10acf80073ff000098ff0000bcff0000dfff0000aa
:10ad080000000000200000003f0000005d0000007f
:10ad18007a00000096000000b1000000cb0000009f
:10ad2800e4000000fc000000140100002a010000fb
:10ad3800000000000000000000000000000000000b
:10ad480000000000000000000000000000000000fb
:10ad580000000000000000000000000000000000eb
:10ad680000000000000000000000000000000000db
:10ad780000000000000000000000000000000000cb
:10ad880000000000000000000000000000000000bb
:10ad980060fa00009ffa0000defa00001dfb0000c8
:10ada8005bfb000099fb0000d6fb000012fc0000d2
:10adb8004efc000088fc0000c1fc0000f9fc00000b
:10adc8002ffd000065fd000099fd0000cbfd00008f
:10add800fcfd00002cfe00005afe000087fe00006b
:10ade800b3fe0000ddfe000006ff00002dff00009e
:10adf80054ff000078ff00009cff0000bfff000028
:10ae0800e0ff0000000000001f0000003d000000ff
:10ae18005a0000007600000091000000ab0000001e
:10ae2800c5000000dd000000f50000000c01000076
:10ae3800000000000000000000000000000000000a
:10ae480000000000000000000000000000000000fa
:10ae580000000000000000000000000000000000ea
:10ae680000000000000000000000000000000000da
:10ae780000000000000000000000000000000000ca
:10ae880000000000000000000000000000000000ba
:10ae980060fa00009dfa0000dafa000017fb0000d3
:10aea80053fb00008ffb0000cafb000004fc0000fd
:10aeb8003efc000076fc0000aefc0000e4fc000054
:10aec8001afd00004efd000081fd0000b2fd0000eb
:10aed800e2fd000011fe00003ffe00006bfe0000d6
:10aee80096fe0000c0fe0000e8fe00000fff000014
:10aef80035ff00005aff00007dff0000a0ff0000a2
:10af0800c1ff0000e1ff0000000000001e0000007b
:10af18003b00000057000000720000008d00000098
:10af2800a6000000bf000000d700000000000000dd
:10af38000000000000000000000000000000000009
:10af480000000000000000000000000000000000f9
:10af580000000000000000000000000000000000e9
:10af680000000000000000000000000000000000d9
:10af780000000000000000000000000000000000c9
:10af880000000000000000000000000000000000b9
:10af980060fa00009bfa0000d6fa000011fb0000de
:10afa8004bfb000085fb0000bffb0000f7fb000027
:10afb8002ffc000066fc00009cfc0000d1fc000097
:10afc80005fd000038fd00006afd00009afd000044
:10afd800cafd0000f8fd000025fe000050fe00003c
:10afe8007bfe0000a4fe0000ccfe0000f2fe000084
:10aff80018ff00003cff000060ff000082ff000017
:10b00800a3ff0000c3ff0000e2ff000000000000f3
:10b018001d00000039000000550000006f0000000e
:10b0280089000000a10000000000000000000000ee
:10b038000000000000000000000000000000000008
:10b0480000000000000000000000000000000000f8
:10b0580000000000000000000000000000000000e8
:10b0680000000000000000000000000000000000d8
:10b0780000000000000000000000000000000000c8
:10b0880000000000000000000000000000000000b8
:10b0980060fa000099fa0000d2fa00000bfb0000e9
:10b0a80044fb00007cfb0000b4fb0000ebfb00004d
:10b0b80021fc000057fc00008bfc0000bffc0000d6
:10b0c800f2fc000024fd000054fd000084fd000097
:10b0d800b2fd0000dffd00000bfe000036fe0000a0
:10b0e80060fe000089fe0000b0fe0000d7fe0000f0
:10b0f800fcfe000020ff000043ff000065ff000089
:10b1080086ff0000a6ff0000c5ff0000e3ff000067
:10b11800000000001c000000380000005200000081
:10b128006c000000000000000000000000000000ab
:10b138000000000000000000000000000000000007
:10b1480000000000000000000000000000000000f7
:10b1580000000000000000000000000000000000e7
:10b1680000000000000000000000000000000000d7
:10b1780000000000000000000000000000000000c7
:10b1880000000000000000000000000000000000b7
:10b1980060fa000098fa0000cffa000006fb0000f1
:10b1a8003dfb000074fb0000aafb0000dffb000071
:10b1b80014fc000048fc00007bfc0000aefc000012
:10b1c800dffc000010fd000040fd00006efd0000e7
:10b1d8009cfd0000c8fd0000f4fd00001efe0000fc
:10b1e80047fe00006ffe000096fe0000bcfe000057
:10b1f800e1fe000005ff000027ff000049ff0000f6
:10b208006aff00008aff0000a9ff0000c7ff0000d6
:10b21800e4ff0000000000001b00000036000000f2
:10b228000000000000000000000000000000000016
:10b238000000000000000000000000000000000006
:10b2480000000000000000000000000000000000f6
:10b2580000000000000000000000000000000000e6
:10b2680000000000000000000000000000000000d6
:10b2780000000000000000000000000000000000c6
:10b2880000000000000000000000000000000000b6
:10b2980060fa000096fa0000ccfa000001fb0000fa
:10b2a80037fb00006cfb0000a0fb0000d4fb000093
:10b2b80008fc00003afc00006cfc00009efc00004a
:10b2c800cefc0000fefc00002cfd00005afd000032
:10b2d80086fd0000b2fd0000ddfd000006fe000056
:10b2e8002ffe000056fe00007dfe0000a2fe0000ba
:10b2f800c7fe0000eafe00000dff00002fff00005f
:10b308004fff00006fff00008eff0000abff000042
:10b31800c8ff0000e5ff000000000000000000007a
:10b328000000000000000000000000000000000015
:10b338000000000000000000000000000000000005
:10b3480000000000000000000000000000000000f5
:10b3580000000000000000000000000000000000e5
:10b3680000000000000000000000000000000000d5
:10b3780000000000000000000000000000000000c5
:10b3880000000000000000000000000000000000b5
:10b3980060fa000094fa0000c9fa0000fdfa000003
:10b3a80031fb000064fb000097fb0000cafb0000b3
:10b3b800fcfb00002dfc00005efc00008efc000081
:10b3c800befc0000ecfc00001afd000046fd000079
:10b3d80072fd00009dfd0000c7fd0000f0fd0000ab
:10b3e80018fe00003ffe000065fe00008afe000017
:10b3f800aefe0000d1fe0000f3fe000015ff0000c5
:10b4080035ff000055ff000073ff000091ff0000aa
:10b41800aeff0000caff00000000000000000000ae
:10b428000000000000000000000000000000000014
:10b438000000000000000000000000000000000004
:10b4480000000000000000000000000000000000f4
:10b4580000000000000000000000000000000000e4
:10b4680000000000000000000000000000000000d4
:10b4780000000000000000000000000000000000c4
:10b4880000000000000000000000000000000000b4
:10b4980060fa000093fa0000c6fa0000f8fa00000b
:10b4a8002bfb00005dfb00008ffb0000c0fb0000d1
:10b4b800f1fb000021fc000051fc000080fc0000b2
:10b4c800aefc0000dbfc000008fd000034fd0000bd
:10b4d8005ffd000089fd0000b2fd0000dafd0000fc
:10b4e80002fe000028fe00004efe000072fe000072
:10b4f80096fe0000b9fe0000dbfe0000fcfe000026
:10b508001cff00003bff00005aff000077ff00000f
:10b5180094ff000000000000000000000000000090
:10b528000000000000000000000000000000000013
:10b538000000000000000000000000000000000003
:10b5480000000000000000000000000000000000f3
:10b5580000000000000000000000000000000000e3
:10b5680000000000000000000000000000000000d3
:10b5780000000000000000000000000000000000c3
:10b5880000000000000000000000000000000000b3
:10b5980060fa000092fa0000c3fa0000f4fa000012
:10b5a80025fb000056fb000087fb0000b7fb0000ee
:10b5b800e6fb000015fc000044fc000072fc0000e3
:10b5c8009ffc0000cbfc0000f7fc000022fd0000ff
:10b5d8004cfd000076fd00009efd0000c6fd000049
:10b5e800edfd000012fe000038fe00005cfe0000c9
:10b5f8007ffe0000a1fe0000c3fe0000e4fe000084
:10b6080004ff000023ff000041ff00005fff00006f
:10b618000000000000000000000000000000000022
:10b628000000000000000000000000000000000012
:10b638000000000000000000000000000000000002
:10b6480000000000000000000000000000000000f2
:10b6580000000000000000000000000000000000e2
:10b6680000000000000000000000000000000000d2
:10b6780000000000000000000000000000000000c2
:10b6880000000000000000000000000000000000b2
:10b6980060fa000090fa0000c0fa0000f0fa00001a
:10b6a80020fb000050fb00007ffb0000aefb000009
:10b6b800dcfb00000afc000038fc000065fc000010
:10b6c80091fc0000bcfc0000e7fc000011fd00003c
:10b6d8003bfd000063fd00008bfd0000b2fd000093
:10b6e800d8fd0000fefd000022fe000046fe00001e
:10b6f80069fe00008bfe0000acfe0000cdfe0000dd
:10b70800ecfe00000bff000029ff00000000000015
:10b718000000000000000000000000000000000021
:10b728000000000000000000000000000000000011
:10b738000000000000000000000000000000000001
:10b7480000000000000000000000000000000000f1
:10b7580000000000000000000000000000000000e1
:10b7680000000000000000000000000000000000d1
:10b7780000000000000000000000000000000000c1
:10b7880000000000000000000000000000000000b1
:10b7980060fa00008ffa0000befa0000edfa00001f
:10b7a8001bfb00004afb000078fb0000a6fb000022
:10b7b800d3fb000000fc00002cfc000058fc00003b
:10b7c80083fc0000aefc0000d8fc000001fd000076
:10b7d8002afd000052fd000079fd00009ffd0000d9
:10b7e800c5fd0000eafd00000efe000031fe00006d
:10b7f80053fe000075fe000096fe0000b6fe000035
:10b80800d6fe0000f4fe000000000000000000006a
:10b818000000000000000000000000000000000020
:10b828000000000000000000000000000000000010
:10b838000000000000000000000000000000000000
:10b8480000000000000000000000000000000000f0
:10b8580000000000000000000000000000000000e0
:10b8680000000000000000000000000000000000d0
:10b8780000000000000000000000000000000000c0
:10b8880000000000000000000000000000000000b0
:10b8980060fa00008efa0000bcfa0000e9fa000025
:10b8a80017fb000044fb000071fb00009efb00003a
:10b8b800cafb0000f6fb000021fc00004cfc000065
:10b8c80076fc0000a0fc0000c9fc0000f2fc0000af
:10b8d8001afd000041fd000067fd00008dfd00001d
:10b8e800b2fd0000d6fd0000fafd00001dfe0000bc
:10b8f8003ffe000060fe000081fe0000a1fe000087
:10b90800000000000000000000000000000000002f
:10b91800000000000000000000000000000000001f
:10b92800000000000000000000000000000000000f
:10b9380000000000000000000000000000000000ff
:10b9480000000000000000000000000000000000ef
:10b9580000000000000000000000000000000000df
:10b9680000000000000000000000000000000000cf
:10b9780000000000000000000000000000000000bf
:10b9880000000000000000000000000000000000af
:10b9980060fa00008dfa0000b9fa0000e6fa00002b
:10b9a80012fb00003efb00006afb000096fb000053
:10b9b800c1fb0000ecfb000017fc000041fc00008c
:10b9c8006afc000093fc0000bbfc0000e3fc0000e4
:10b9d8000afd000031fd000056fd00007cfd00005e
:10b9e800a0fd0000c4fd0000e7fd000009fe000006
:10b9f8002bfe00004cfe00006cfe00000000000062
:10ba0800000000000000000000000000000000002e
:10ba1800000000000000000000000000000000001e
:10ba2800000000000000000000000000000000000e
:10ba380000000000000000000000000000000000fe
:10ba480000000000000000000000000000000000ee
:10ba580000000000000000000000000000000000de
:10ba680000000000000000000000000000000000ce
:10ba780000000000000000000000000000000000be
:10ba880000000000000000000000000000000000ae
:10ba980060fa00008cfa0000b7fa0000e3fa000030
:10baa8000efb000039fb000064fb00008ffb000068
:10bab800b9fb0000e3fb00000dfc000036fc0000b1
:10bac8005efc000086fc0000aefc0000d5fc000017
:10bad800fbfc000021fd000046fd00006bfd00009e
:10bae8008ffd0000b2fd0000d5fd0000f7fd00004d
:10baf80018fe000000000000000000000000000028
:10bb0800000000000000000000000000000000002d
:10bb1800000000000000000000000000000000001d
:10bb2800000000000000000000000000000000000d
:10bb380000000000000000000000000000000000fd
:10bb480000000000000000000000000000000000ed
:10bb580000000000000000000000000000000000dd
:10bb680000000000000000000000000000000000cd
:10bb780000000000000000000000000000000000bd
:10bb880000000000000000000000000000000000ad
:10bb980060fa00008bfa0000b5fa0000e0fa000035
:10bba8000afb000034fb00005efb000088fb00007d
:10bbb800b1fb0000dafb000003fc00002bfc0000d6
:10bbc80053fc00007afc0000a1fc0000c7fc000048
:10bbd800edfc000012fd000037fd00005bfd0000d9
:10bbe8007efd0000a1fd0000c3fd00000000000074
:10bbf800000000000000000000000000000000003d
:10bc0800000000000000000000000000000000002c
:10bc1800000000000000000000000000000000001c
:10bc2800000000000000000000000000000000000c
:10bc380000000000000000000000000000000000fc
:10bc480000000000000000000000000000000000ec
:10bc580000000000000000000000000000000000dc
:10bc680000000000000000000000000000000000cc
:10bc780000000000000000000000000000000000bc
:10bc880000000000000000000000000000000000ac
:10bc980060fa00008afa0000b3fa0000ddfa00003a
:10bca80006fb00002ffb000058fb000081fb000092
:10bcb800aafb0000d2fb0000fafb000021fc0000f8
:10bcc80048fc00006ffc000095fc0000bafc000076
:10bcd800dffc000004fd000028fd00004bfd000013
:10bce8006efd0000000000000000000000000000e1
:10bcf800000000000000000000000000000000003c
:10bd0800000000000000000000000000000000002b
:10bd1800000000000000000000000000000000001b
:10bd2800000000000000000000000000000000000b
:10bd380000000000000000000000000000000000fb
:10bd480000000000000000000000000000000000eb
:10bd580000000000000000000000000000000000db
:10bd680000000000000000000000000000000000cb
:10bd780000000000000000000000000000000000bb
:10bd880000000000000000000000000000000000ab
:10bd980060fa000089fa0000b1fa0000dafa00003f
:10bda80003fb00002bfb000053fb00007bfb0000a3
:10bdb800a3fb0000cafb0000f1fb000018fc000018
:10bdc8003efc000064fc000089fc0000aefc0000a2
:10bdd800d2fc0000f6fc00001afd00000000000084
:10bde800000000000000000000000000000000004b
:10bdf800000000000000000000000000000000003b
:10be0800000000000000000000000000000000002a
:10be1800000000000000000000000000000000001a
:10be2800000000000000000000000000000000000a
:10be380000000000000000000000000000000000fa
:10be480000000000000000000000000000000000ea
:10be580000000000000000000000000000000000da
:10be680000000000000000000000000000000000ca
:10be780000000000000000000000000000000000ba
:10be880000000000000000000000000000000000aa
:10be980060fa000088fa0000b0fa0000d7fa000043
:10bea800fffa000027fb00004efb000075fb0000b6
:10beb8009cfb0000c2fb0000e8fb00000efc000039
:10bec80034fc000059fc00007efc0000a2fc0000cd
:10bed800000000000000000000000000000000005a
:10bee800000000000000000000000000000000004a
:10bef800000000000000000000000000000000003a
:10bf08000000000000000000000000000000000029
:10bf18000000000000000000000000000000000019
:10bf28000000000000000000000000000000000009
:10bf380000000000000000000000000000000000f9
:10bf480000000000000000000000000000000000e9
:10bf580000000000000000000000000000000000d9
:10bf680000000000000000000000000000000000c9
:10bf780000000000000000000000000000000000b9
:10bf880000000000000000000000000000000000a9
:10bf980060fa000087fa0000aefa0000d5fa000047
:10bfa800fcfa000022fb000049fb00006ffb0000c8
:10bfb80095fb0000bbfb0000e0fb000006fc000056
:10bfc8002afc000000000000000000000000000043
:10bfd8000000000000000000000000000000000059
:10bfe8000000000000000000000000000000000049
:10bff8000000000000000000000000000000000039
:10c008000000000000000000000000000000000028
:10c018000000000000000000000000000000000018
:10c028000000000000000000000000000000000008
:10c0380000000000000000000000000000000000f8
:10c0480000000000000000000000000000000000e8
:10c0580000000000000000000000000000000000d8
:10c0680000000000000000000000000000000000c8
:10c0780000000000000000000000000000000000b8
:10c0880000000000000000000000000000000000a8
:10c0980060fa000086fa0000acfa0000d2fa00004c
:10c0a800f8fa00001efb000044fb00006afb0000d9
:10c0b8000000000000000000000000000000000078
:10c0c8000000000000000000000000000000000068
:10c0d8000000000000000000000000000000000058
:10c0e8000000000000000000000000000000000048
:10c0f8000000000000000000000000000000000038
:10c108000000000000000000000000000000000027
:10c118000000000000000000000000000000000017
:10c128000000000000000000000000000000000007
:10c1380000000000000000000000000000000000f7
:10c1480000000000000000000000000000000000e7
:10c1580000000000000000000000000000000000d7
:10c1680000000000000000000000000000000000c7
:10c1780000000000000000000000000000000000b7
:10c1880000000000000000000000000000000000a7
:10c198000000000000000000000000000000000097
:10c1a8000000000000000000000000000000000087
:10c1b8000000000000000000000000000000000077
:10c1c8000000000000000000000000000000000067
:10c1d8000000000000000000000000000000000057
:10c1e8000000000000000000000000000000000047
:10c1f8000000000000000000000000000000000037
:10c208000000000000000000000000000000000026
:10c218000000000000000000000000000000000016
:10c228000000000000000000000000000000000006
:10c2380000000000000000000000000000000000f6
:10c2480000000000000000000000000000000000e6
:10c2580000000000000000000000000000000000d6
:10c2680000000000000000000000000000000000c6
:10c2780000000000000000000000000000000000b6
:10c2880000000000000000000000000000000000a6
:10c298000000000000000000000000000000000096
:10c2a8000000000000000000000000000000000086
:10c2b8000000000000000000000000000000000076
:10c2c8000000000000000000000000000000000066
:10c2d8000000000000000000000000000000000056
:10c2e8000000000000000000000000000000000046
:10c2f8000000000000000000000000000000000036
:10c308000000000000000000000000000000000025
:10c318000000000000000000000000000000000015
:10c328000000000000000000000000000000000005
:10c3380000000000000000000000000000000000f5
:10c3480000000000000000000000000000000000e5
:10c3580000000000000000000000000000000000d5
:10c3680000000000000000000000000000000000c5
:10c3780000000000000000000000000000000000b5
:10c3880000000000000000000000000000000000a5
:10c398000000000000000000000000000000000095
:10c3a8000000000000000000000000000000000085
:10c3b8000000000000000000000000000000000075
:10c3c8000000000000000000000000000000000065
:10c3d8000000000000000000000000000000000055
:10c3e8000000000000000000000000000000000045
:10c3f8000000000000000000000000000000000035
:10c408000000000000000000000000000000000024
:10c418000000000000000000000000000000000014
:10c428000000000000000000000000000000000004
:10c4380000000000000000000000000000000000f4
:10c4480000000000000000000000000000000000e4
:10c4580000000000000000000000000000000000d4
:10c4680000000000000000000000000000000000c4
:10c4780000000000000000000000000000000000b4
:10c4880000000000000000000000000000000000a4
:10c498000000000000000000000000000000000094
:10c4a8000000000000000000000000000000000084
:10c4b8000000000000000000000000000000000074
:10c4c8000000000000000000000000000000000064
:10c4d8000000000000000000000000000000000054
:10c4e8000000000000000000000000000000000044
:10c4f8000000000000000000000000000000000034
:10c508000000000000000000000000000000000023
:10c518000000000000000000000000000000000013
:10c528000000000000000000000000000000000003
:10c5380000000000000000000000000000000000f3
:10c5480000000000000000000000000000000000e3
:10c5580000000000000000000000000000000000d3
:10c5680000000000000000000000000000000000c3
:10c5780000000000000000000000000000000000b3
:10c5880000000000000000000000000000000000a3
:10c598000000000000000000000000000000000093
:10c5a8000000000000000000000000000000000083
:10c5b8000000000000000000000000000000000073
:10c5c8000000000000000000000000000000000063
:10c5d8000000000000000000000000000000000053
:10c5e8000000000000000000000000000000000043
:10c5f8000000000000000000000000000000000033
:10c608000000000000000000000000000000000022
:10c618000000000000000000000000000000000012
:10c628000000000000000000000000000000000002
:10c6380000000000000000000000000000000000f2
:10c6480000000000000000000000000000000000e2
:10c6580000000000000000000000000000000000d2
:10c6680000000000000000000000000000000000c2
:10c6780000000000000000000000000000000000b2
:10c6880000000000000000000000000000000000a2
:10c698000000000000000000000000000000000092
:10c6a8000000000000000000000000000000000082
:10c6b8000000000000000000000000000000000072
:10c6c8000000000000000000000000000000000062
:10c6d8000000000000000000000000000000000052
:10c6e8000000000000000000000000000000000042
:10c6f8000000000000000000000000000000000032
:10c708000000000000000000000000000000000021
:10c718000000000000000000000000000000000011
:10c728000000000000000000000000000000000001
:10c7380000000000000000000000000000000000f1
:10c7480000000000000000000000000000000000e1
:10c7580000000000000000000000000000000000d1
:10c7680000000000000000000000000000000000c1
:10c7780000000000000000000000000000000000b1
:10c7880000000000000000000000000000000000a1
:10c798000000000000000000000000000000000091
:10c7a8000000000000000000000000000000000081
:10c7b8000000000000000000000000000000000071
:10c7c8000000000000000000000000000000000061
:10c7d8000000000000000000000000000000000051
:10c7e8000000000000000000000000000000000041
:10c7f8000000000000000000000000000000000031
:10c808000000000000000000000000000000000020
:10c818000000000000000000000000000000000010
:10c828000000000000000000000000000000000000
:10c8380000000000000000000000000000000000f0
:10c8480000000000000000000000000000000000e0
:10c8580000000000000000000000000000000000d0
:10c8680000000000000000000000000000000000c0
:10c8780000000000000000000000000000000000b0
:10c8880000000000000000000000000000000000a0
:10c898000000000000000000000000000000000090
:10c8a8000000000000000000000000000000000080
:10c8b8000000000000000000000000000000000070
:10c8c8000000000000000000000000000000000060
:10c8d8000000000000000000000000000000000050
:10c8e8000000000000000000000000000000000040
:10c8f8000000000000000000000000000000000030
:10c90800000000000000000000000000000000001f
:10c91800000000000000000000000000000000000f
:10c9280000000000000000000000000000000000ff
:10c9380000000000000000000000000000000000ef
:10c9480000000000000000000000000000000000df
:10c9580000000000000000000000000000000000cf
:10c9680000000000000000000000000000000000bf
:10c9780000000000000000000000000000000000af
:10c98800000000000000000000000000000000009f
:10c99800000000000000000000000000000000008f
:10c9a800000000000000000000000000000000007f
:10c9b800000000000000000000000000000000006f
:10c9c800000000000000000000000000000000005f
:10c9d800000000000000000000000000000000004f
:10c9e800000000000000000000000000000000003f
:10c9f800000000000000000000000000000000002f
:10ca0800000000000000000000000000000000001e
:10ca1800000000000000000000000000000000000e
:10ca280000000000000000000000000000000000fe
:10ca380000000000000000000000000000000000ee
:10ca480000000000000000000000000000000000de
:10ca580000000000000000000000000000000000ce
:10ca680000000000000000000000000000000000be
:10ca780000000000000000000000000000000000ae
:10ca8800000000000000000000000000000000009e
:10ca9800000000000000000000000000000000008e
:10caa800000000000000000000000000000000007e
:10cab800000000000000000000000000000000006e
:10cac800000000000000000000000000000000005e
:10cad800000000000000000000000000000000004e
:10cae800000000000000000000000000000000003e
:10caf800000000000000000000000000000000002e
:10cb0800000000000000000000000000000000001d
:10cb1800000000000000000000000000000000000d
:10cb280000000000000000000000000000000000fd
:10cb380000000000000000000000000000000000ed
:10cb480000000000000000000000000000000000dd
:10cb580000000000000000000000000000000000cd
:10cb680000000000000000000000000000000000bd
:10cb780000000000000000000000000000000000ad
:10cb8800000000000000000000000000000000009d
:10cb9800000000000000000000000000000000008d
:10cba800000000000000000000000000000000007d
:10cbb800000000000000000000000000000000006d
:10cbc800000000000000000000000000000000005d
:10cbd800000000000000000000000000000000004d
:10cbe800000000000000000000000000000000003d
:10cbf800000000000000000000000000000000002d
:10cc0800000000000000000000000000000000001c
:10cc1800000000000000000000000000000000000c
:10cc280000000000000000000000000000000000fc
:10cc380000000000000000000000000000000000ec
:10cc480000000000000000000000000000000000dc
:10cc580000000000000000000000000000000000cc
:10cc680000000000000000000000000000000000bc
:10cc780000000000000000000000000000000000ac
:10cc8800000000000000000000000000000000009c
:10cc9800000000000000000000000000000000008c
:10cca800000000000000000000000000000000007c
:10ccb800000000000000000000000000000000006c
:10ccc800000000000000000000000000000000005c
:10ccd800000000000000000000000000000000004c
:10cce800000000000000000000000000000000003c
:10ccf800000000000000000000000000000000002c
:10cd0800000000000000000000000000000000001b
:10cd1800000000000000000000000000000000000b
:10cd280000000000000000000000000000000000fb
:10cd380000000000000000000000000000000000eb
:10cd480000000000000000000000000000000000db
:10cd580000000000000000000000000000000000cb
:10cd680000000000000000000000000000000000bb
:10cd780000000000000000000000000000000000ab
:10cd8800000000000000000000000000000000009b
:10cd9800000000000000000000000000000000008b
:10cda800000000000000000000000000000000007b
:10cdb800000000000000000000000000000000006b
:10cdc800000000000000000000000000000000005b
:10cdd800000000000000000000000000000000004b
:10cde800000000000000000000000000000000003b
:10cdf800000000000000000000000000000000002b
:10ce0800000000000000000000000000000000001a
:10ce1800000000000000000000000000000000000a
:10ce280000000000000000000000000000000000fa
:10ce380000000000000000000000000000000000ea
:10ce480000000000000000000000000000000000da
:10ce580000000000000000000000000000000000ca
:10ce680000000000000000000000000000000000ba
:10ce780000000000000000000000000000000000aa
:10ce8800000000000000000000000000000000009a
:10ce9800000000000000000000000000000000008a
:10cea800000000000000000000000000000000007a
:10ceb800000000000000000000000000000000006a
:10cec800000000000000000000000000000000005a
:10ced800000000000000000000000000000000004a
:10cee800000000000000000000000000000000003a
:10cef800000000000000000000000000000000002a
:10cf08000000000000000000000000000000000019
:10cf18000000000000000000000000000000000009
:10cf280000000000000000000000000000000000f9
:10cf380000000000000000000000000000000000e9
:10cf480000000000000000000000000000000000d9
:10cf580000000000000000000000000000000000c9
:10cf680000000000000000000000000000000000b9
:10cf780000000000000000000000000000000000a9
:10cf88000000000000000000000000000000000099
:10cf98000000000000000000000000000000000089
:10cfa8000000000000000000000000000000000079
:10cfb8000000000000000000000000000000000069
:10cfc8000000000000000000000000000000000059
:10cfd8000000000000000000000000000000000049
:10cfe8000000000000000000000000000000000039
:10cff8000000000000000000000000000000000029
:10d008000000000000000000000000000000000018
:10d018000000000000000000000000000000000008
:10d0280000000000000000000000000000000000f8
:10d0380000000000000000000000000000000000e8
:10d0480000000000000000000000000000000000d8
:10d0580000000000000000000000000000000000c8
:10d0680000000000000000000000000000000000b8
:10d0780000000000000000000000000000000000a8
:10d088000000000000000000000000000000000098
:020000040000fa
:020000040001f9
:10d098001600fa00889fbe008a9fbe008c9fbe00c3
:10d0a8000005be000204be008400780085067800f2
:10d0b80006067800400f20000a0040001060a0001b
:10d0c8000e00780028960200010000000a000900fe
:10d0d800be1c78006901b1006e01b100b0422000a9
:10d0e80000004400c1c0b30090cf100018003a00ff
:10d0f800728044001010a0004840900080549800ae
:10d10800d84090009154980008007800d080e90039
:10d11800010878008980e8008008eb001000e00032
:10d128000b0034000000eb008980e8008881e800eb
:10d138000001440000004400604090004041980015
:10d148001100e80080087800930f1000f8ff3c00f9
:10d158008b0178000c0178008800780009007800bd
:10d16800545f020001000000180090000a0bb00094
:10d17800cf80de001a1d40001a954800f687470048
:10d18800768557000a000900391d78006a01b10048
:10d198006901b1000d007800fe970200010000004f
:10d1a800c04220000004440018a0a1008a077800ab
:10d1b8004f06be004f05be004f04be000080fa00b7
:10d1c80000000600f0874700889fbe008a9fbe00c7
:10d1d8008c9fbe008e1f78008004780002047800bf
:10d1e8008305780085bf9f000607780087067800ca
:10d1f8006fad97005fae9700241091000000e0002b
:10d20800400034002088a900840078007c80570002
:10d21800a4990200010000007c80570030017800ca
:10d22800b0017800028cbe00880078004100b00090
:10d23800b0187800b01078001001780090019000c4
:10d24800a2009800b30098002088a8008800780001
:10d258000a00780096bb020000000000200f2000a2
:10d26800090040001020a1003a0891000008a3001e
:10d2780004003200400f2000090040001010a000f8
:10d2880003003700400f2000090040001010a100e3
:10d29800200f2000090040001010a1000c017800a8
:10d2a800880078000a007800b8be0200000000007c
:10d2b8000d0278008e0178000fb997008c00780075
:10d2c8000b007800a63a0200010000001b30900015
:10d2d8000000e00003003a002b3090000000e0005e
:10d2e80002003200290fb0001910a0002088a90000
:10d2f80058009000980078009a97020001000000fa
:10d308002088a8004f0778004f06be004f05be00d2
:10d318004f04be000f01b10000000600f08747006f
:10d32800889fbe008a9fbe008c9fbe008e1f78001b
:10d3380000057800020478008305780085bf9f0007
:10d348000607780087067800efac97005fae970075
:10d35800241091000000e000490034002088a90052
:10d36800840078007c805700a49902000100000026
:10d378007c80570030017800b0017800028cbe0034
:10d38800880078004100b000b0187800b01078002c
:10d398001001780090019000a2009800b300980056
:10d3a8002088a8008800780009007800a0c0020042
:10d3b80000000000200f20000a0040001020a100fb
:10d3c800390891000008a30004003200400f200033
:10d3d8000a0040001010a00003003700400f200092
:10d3e8000a0040001010a100200f20000a00400091
:10d3f8001010a100390891000038a300060032007f
:10d408000c0178008800780009007800f8c3020051
:10d4180000000000050037000c0178008800780043
:10d428000900780040c20200000000000d027800e8
:10d438008e0178000fb997008c0078000b007800f7
:10d44800043d0200010000001b3090000000e000d5
:10d4580003003a002b3090000000e0000200320088
:10d468002a0fb0001a10a0002088a90058009000c8
:10d47800980078009a970200010000002088a80010
:10d488004f0778004f06be004f05be004f04be0090
:10d498000f01b100000006000800fa00889fbe00d6
:10d4a8008a9fbe0080047800010578008205780014
:10d4b800e9a0900050a52a00808f50003d003a0056
:10d4c80015cea800c00c2000090040000008eb00a1
:10d4d8007080570094bb0200010000000000eb00c0
:10d4e80000017800f0805700610ab800840040000d
:10d4f8001104e000010032000200a0000000e80072
:10d50800e80f5000f9ff3a000200e0000e003a0070
:10d51800640045006103200052c4020001000000bd
:10d52800008dbe008b017800a20320008000eb0074
:10d538000a007800eebc020001000000200f200065
:10d54800090040001070a0000000eb000001780006
:10d55800640245008002eb00840040001104e000f2
:10d56800010032000200a0000000e800e80f5000af
:10d57800f9ff3a000200e00033003a006400450079
:10d588006103200052c4020001000000008dbe00ab
:10d598008b017800a20320008000eb000a007800cd
:10d5a800eebc020001000000290fb0001970a000b5
:10d5b80025003700640445000800780094bb020089
:10d5c80001000000610320000800780052c4020036
:10d5d80001000000008dbe008b017800a20320002e
:10d5e8008000eb000a007800eebc02000100000099
:10d5f8000000e00010003a00158ea800200320006b
:10d60800010020004edc020001000000158ea90078
:10d6180020032000010020004edc02000100000071
:10d62800158ea80020032000010020004edc020017
:10d6380001000000158ea90069289000f9289000c3
:10d6480080a4980091a498004f05be004f04be0026
:10d658000080fa00000006000800fa00889fbe005b
:10d668008a1f78000004be0002057800e8a0900038
:10d6780050a52a00808f50003b003a00c00c2000c3
:10d68800080040000008eb006e80570094bb0200c1
:10d69800010000000000eb0000017800ee80570058
:10d6a800610ab800840040001104e0000100320063
:10d6b8000200a0000000e800e80f5000f9ff3a005f
:10d6c8000200e0000e003a0064804400610320007c
:10d6d80052c4020001000000808cbe008a0178005c
:10d6e800a20320008000eb0009007800eebc0200d5
:10d6f80001000000200f2000080040001070a0006a
:10d708000000eb0000017800648244008002eb0016
:10d71800840040001104e000010032000200a00073
:10d728000000e800e80f5000f9ff3a000200e000ae
:10d738000d003a00648044006103200052c40200d6
:10d7480001000000808cbe008a017800a20320003e
:10d758008000eb0009007800eebc02000100000028
:10d76800280fb0001870a0004f0578004f04be00c5
:10d778000080fa0000000600f4874700889fbe007a
:10d788008a9fbe008c9fbe008e1f780080047800a0
:10d79800e2b79f0083bf9f000507780086067800e0
:10d7a800070678004fac9700bfad97002410910092
:10d7b8000000e0005f0034002088a90084007800a1
:10d7c80000fe2f000f004000a49902000100000095
:10d7d80000fe2f000f00400030017800b0017800f3
:10d7e800efb097008288be00efb097004100b0000c
:10d7f800b0187800b01078001001780090019000ff
:10d80800a2009800b30098002088a800efb0970005
:10d818000800780096bb0200000000000800910094
:10d82800ea0f400004003500200f200009004000e6
:10d838001020a10003003700200f2000090040003d
:10d848001020a000380891000008a300040032004e
:10d85800400f2000090040001010a000030037000e
:10d86800400f2000090040001010a1000b017800b3
:10d87800efb097000800780010b802000000000020
:10d88800200f2000090040001010a10079a8900086
:10d898000000e0001f0034000004eb002a0f200005
:10d8a80009054500e90db000f9b79f008007200081
:10d8b80000c0b9008fb9970080844100c6212000bc
:10d8c80006c3b9007641b900020147006c40b900af
:10d8d800808045000c0278008681460009007800a7
:10d8e800a63a020001000000193090000000e00094
:10d8f80003003a00293090000000e00001003200e7
:10d908001a10a0000804e8007fb09700900f1400d8
:10d91800e6ff3c002088a900efb097005100900076
:10d9280001017800920078009a9702000100000037
:10d938002088a8004f0778004f06be004f05be009c
:10d948004f04be004f01b10000000600f6874700f3
:10d95800889fbe008a9fbe008c9fbe008e1f7800e5
:10d9680080047800d2b79f0083bf9f00f5b79f005f
:10d9780006077800870678003fac97002fae97001f
:10d98800241091000000e0006d0034002088a900f8
:10d9980084007800e0fd2f000f004000a4990200e9
:10d9a80001000000e0fd2f000f004000300178006a
:10d9b800b0017800dfb097008288be00dfb0970022
:10d9c8004100b000b0187800b0107800100178005d
:10d9d80090019000a2009800b30098002088a80049
:10d9e800dfb097000800780096bb02000000000036
:10d9f80008009100ea0f400004003500200f2000c5
:10da0800090040001020a10003003700200f20006b
:10da1800090040001020a000380891000008a30069
:10da280004003200400f2000090040001010a00040
:10da380003003700400f2000090040001010a1002b
:10da48000c017800dfb0970008007800a6b5020046
:10da580000000000200f2000090040001010a10065
:10da680079a890000000e0002d0034000004eb00cd
:10da78002b0f200089854500e90db000e9b79f000c
:10da88007640b900ffb1970000854100800720006b
:10da980000c0b9000fb9970080044100c2212000de
:10daa80002c1b9006c40b900800046000d02780040
:10dab800820147000a01780009007800a63a0200ae
:10dac80001000000193090000000e00003003a0057
:10dad800293090000000e000010032001b10a00077
:10dae8002a0090000000e00009003d00a0708000be
:10daf8004d00de000080ea00610060004d00dd009e
:10db0800a170800001d0a10081007000a170880080
:10db18000804e800efb19700930f1400d8ff3c0009
:10db28002088a900dfb0970051009000010178001b
:10db3800920078009a970200010000002088a8004f
:10db48004f0778004f06be004f05be004f04be00c9
:10db58006f01b10000000600f2874700889fbe00f1
:10db68008a9fbe008c9fbe008e1f780080047800bc
:10db78000205780083bf9f000507780086067800b5
:10db8800070678005fac9700241091000000e000c1
:10db9800580034002088a900840078007e8057004f
:10dba800a4990200010000007e805700300178002f
:10dbb800b0017800028dbe008a0078004100b000f4
:10dbc800b0187800b010780010017800900190002b
:10dbd800a2009800b30098002088a8008a00780066
:10dbe8000800780096bb02000000000008009100c1
:10dbf800ea0f400004003500200f20000900400013
:10dc08001020a10003003700200f20000900400069
:10dc18001020a000380891000008a300040032007a
:10dc2800400f2000090040001010a000030037003a
:10dc3800400f2000090040001010a1008a00780061
:10dc48000800780032c7020000000000200f200002
:10dc5800090040001010a10079a890000000e00021
:10dc68001e0034000004eb002b0f200089854500be
:10dc7800e90db000f9b79f008007200000c0b90087
:10dc88008fb9970080844100c021200000c0b900ee
:10dc98007641b900020147000c02780080814600f5
:10dca8008a00780009007800a63a02000100000006
:10dcb800193090000000e00003003a00293090007d
:10dcc8000000e000010032001b10a0000804e8007a
:10dcd8007fb09700900f1400e7ff3c002088a90050
:10dce8005a0090009a0078009a97020001000000fc
:10dcf8002088a8004f0778004f06be004f05be00d9
:10dd08004f04be002f01b10000000600f287470053
:10dd1800889fbe008a9fbe008c9fbe008e1f780021
:10dd280080047800010478000205780083bf9f0012
:10dd38000507780086067800070678002410910009
:10dd48000000e000540034002088a9008400780016
:10dd58007e805700a4990200010000007e805700d1
:10dd680030017800b0017800028dbe008a0078008a
:10dd78004100b000b0187800b010780010017800a9
:10dd880090019000a2009800b30098002088a80095
:10dd98008a00780008007800c6bc02000000000075
:10dda80008009100ea0f400004003500200f200011
:10ddb800090040001020a10003003700200f2000b8
:10ddc800090040001020a000380891000008a300b6
:10ddd80004003200400f2000090040001010a0008d
:10dde80003003700400f2000090040001010a10078
:10ddf800200f2000090040001010a10079a8900011
:10de08000000e0001e0034000004eb002b0f20008f
:10de180089854500e90db000f9b79f00800720000b
:10de280000c0b9008fb9970080844100c02120004c
:10de380000c0b9007641b900020147000c02780021
:10de4800808146008a00780009007800a63a02001e
:10de580001000000193090000000e00003003a00c3
:10de6800293090000000e000010032001b10a000e3
:10de78000804e8007fb09700900f1400e7ff3c000b
:10de88002088a9005a0090009a0078009a9702000a
:10de9800010000002088a8004f0778004f06be0048
:10dea8004f05be004f04be002f01b1000000060060
:10deb800fc874700889fbe008a9fbe008c9fbe00db
:10dec8008e1f780000057800d1b79f008206780081
:10ded8000306780085bf9f00f6b79f000707780004
:10dee800241091000000e0007c0034002088a90084
:10def8008400780080fd2f000f004000a4990200e4
:10df08000100000080fd2f000f0040003001780064
:10df1800b0017800828ebe008d0078004100b0000c
:10df2800b0187800b01078001002780090029000c5
:10df3800a4009800b50098002088a8008d007800fb
:10df48005fb0970040c6020000000000dfb29700f3
:10df5800350891000008a30004003200400f20009b
:10df68000a0040001010a00003003700400f2000f6
:10df78000a0040001010a100200f20000a004000f5
:10df88001010a1007aa890000000e0004d003400b5
:10df98000004eb002b0f20008a8545005fb0970036
:10dfa8004011b000c0b79f00dfb09700e110b0008b
:10dfb800e1b79f00820e200002014500b2b79f0022
:10dfc800a30e200083014500a3b79f001b02780021
:10dfd80068006200060032008007200000c0b90017
:10dfe800000046006007b0001010a00005003700d0
:10dff8008007200000c0b900000046006007b0009c
:10e008001010a1008007200000c0b900800446005d
:10e01800c021200000c0b9007641b9008fba97002e
:10e02800028142000e027800ffb297008081420010
:10e038008d00780009007800c0410200010000004e
:10e048001b10a100393890000028a30019003200e5
:10e0580060072000090040001020a10010002000e7
:10e06800cfb09700800878009938900040062000cb
:10e078000088b90029399000cf91de006e060200b1
:10e0880000000000c3f92f006fb19700030940009a
:10e09800d93490003fb29700090a7800dfb29700a0
:10e0a80065009100afb29700800a7800920078006e
:10e0b80061b598000804e8007aa89000880f50001d
:10e0c800c2ff3c002088a9005d0090009d007800f8
:10e0d8009a970200010000002088a8004f077800e6
:10e0e8004f06be004f05be004f04be00cf01b10071
:10e0f800000006001600fa00889fbe008a9fbe0036
:10e108008c1f7800000478000205be0084047800a3
:10e11800a20d2000080141001200e8000009780063
:10e1280078a99000820f500003003900a00d20004c
:10e13800080040000008eb0058a99000c02120000a
:10e148000011b80082804000210892000000e00021
:10e158005d01340000fe2f000f0040005a990200b4
:10e168000100000000fe2f00008047000a0009009f
:10e17800301d78006a01b10078a89000e20f5000c5
:10e18800d8003a0058a890000000e00003003200d0
:10e19800e10f5000c2003a005f00370060b620006f
:10e1a80000804400c1b4200081004000120020001b
:10e1b800910f11000a003a00c1b42000810040000c
:10e1c8008008eb0001b420008180440042b42000a4
:10e1d80002004000b0187800a01078000500370051
:10e1e80000b420000080440002002000130020003a
:10e1f8000288be00c0b42000008044000008eb0084
:10e2080040b62000008044001000780070006000d4
:10e2180005003a000b0178008a00780009007800b0
:10e22800c60b02000100000080b4200000804400fa
:10e238001000e0009a00340080b420000080440000
:10e248000008eb000000eb006143b800d468200030
:10e25800048244008002eb006101b900820043009f
:10e26800040141001281fb000201d10082487800bc
:10e278000000e800e70f5000f7ff3a00400f2000c9
:10e288000800400010c0a000c0b420000080440076
:10e298001100200001087800400520000800400017
:10e2a800120020000300200010084100509049008f
:10e2b800a0b420000080440090007800400b2000ab
:10e2c80008004000109840008001eb0010904900c1
:10e2d80020af20000080440090007800800b2000d0
:10e2e800080040004f89de001098400010104900d7
:10e2f800158ea800682a9000f82a9000c00920000e
:10e3080008004000027d200003002000021842009f
:10e3180003904a0062003700c0b420000080440027
:10e3280013002000908f11000c003a00c0b42000a8
:10e33800008044000008eb0061b6200081804400a2
:10e3480000b420000080400041b4200081804400d7
:10e3580031187800211078000700370061b62000d6
:10e368008180440000b420000080400002002000aa
:10e37800130020000288be006cb620000c86440002
:10e38800c0b42000000046000008eb0040b62000a2
:10e3980000004600100078007000600005003a0098
:10e3a8000b0178008a0078000c007800c60b020088
:10e3b8000100000080b42000000046001000e000ca
:10e3c800370034000000eb006143b800d468200037
:10e3d800040246008002eb006101b900860041009a
:10e3e800040141001281fb000201d100824878003b
:10e3f8000000e800e70f5000f7ff3a00400f200048
:10e408000800400010c0a00080b4200000004600b2
:10e418000008eb00c0b420000000460011002000f6
:10e428000108780040052000080040001200200084
:10e43800030020001008410050904900a0b42000bb
:10e448000000460090007800400b200008004000c3
:10e45800109840008001eb001090490020af200088
:10e46800000646009c007800800b20000800400051
:10e478004f89de001098400010104900158ea80042
:10e48800682a9000f82a9000c0092000080040007f
:10e49800027d2000030020000218420003904a0079
:10e4a800200f2000080040001030a10000af20001d
:10e4b800008044001000e00006003c0061b6200027
:10e4c8008180440000af2000008040001000e00080
:10e4d80056003400200f2000080040001030a00033
:10e4e80052003700e10f500050003a0000b42000fd
:10e4f8000080440002002000130020000288be00b3
:10e5080040b62000008044001000780070006000d1
:10e5180005003a000b0178008a00780009007800ad
:10e52800c60b02000100000080b4200000804400f7
:10e538001000e000330034000000eb006143b80035
:10e54800d4682000048244008002eb006101b90015
:10e5580086004100040141001281fb000201d10044
:10e56800824878000000e800e70f5000f7ff3a0003
:10e57800400f20000800400010c0a00080b4200018
:10e58800008044000008eb0040052000080040001f
:10e59800120020000300200010084100509049009c
:10e5a800a0b420000080440090007800400b2000b8
:10e5b80008004000109840008001eb0010904900ce
:10e5c80020af20000080440090007800800b2000dd
:10e5d800080040004f89de001098400010104900e4
:10e5e800158ea800682a9000f82a9000c00920001b
:10e5f80008004000027d20000300200002184200ad
:10e6080003904a00200f2000080040001030a100ad
:10e6180000af2000008044001000e0000300340038
:10e62800200f2000080040001030a00080b4200017
:10e6380000804400c3ff2f00908f11000c003a00a7
:10e6480080b42000008044000008eb0015aea8004c
:10e65800682a9000f82a9000000a2000080040006c
:10e66800027d2000030020000218420003904a00a7
:10e6780060b620008084440080b4200000804400fc
:10e68800c1ff2f00908f10000b003a0080b42000cb
:10e6980080844400800ceb0015aea8006829900027
:10e6a800f8299000080ab000007d20000100200031
:10e6b800001c4100019449002a0890009a00780043
:10e6c80068970200010000004f0678004f05be0061
:10e6d8004f04be000080fa00000006001600fa0091
:10e6e800889fbe008a9fbe008c1f780000047800b7
:10e6f8008105780083047800040678000505780011
:10e70800a10d2000888040001100e80080087800f2
:10e71800f8a89000810f500003003900a00d2000d8
:10e72800080040000008eb00d8a89000c021200095
:10e738000008b80000014100220892000000e00033
:10e74800660134008200780000fe2f000f004000b0
:10e758005a9902000100000000fe2f0000804700c7
:10e768000a000900b01c78006901b100d8a990001e
:10e77800c619dd00c9009000838145000201200010
:10e78800190078002c8902000100000078a8900088
:10e79800e20f5000d8003a0058a890000000e000ae
:10e7a80003003200e10f5000c2003a005f0037005a
:10e7b8006bb620008b054500c0b4200000804500e2
:10e7c80011002000908f10000a003a00c0b4200009
:10e7d800008045000008eb0000b420000000450060
:10e7e80041b420008180450031187800211078005c
:10e7f8000500370000b4200000004500020020009a
:10e80800130020000288be00c0b4200000004500ac
:10e818000008eb0040b6200000004500100078001a
:10e828007000600005003a000c017800890078004b
:10e838000a007800c60b02000100000080b4200026
:10e84800000045001000e0009a0034000000eb00d2
:10e858006143b800d4682000048245008002eb00c0
:10e868006101b90086004100040141001281fb00ea
:10e878000201d100824878000000e800e70f50004c
:10e88800f7ff3a00400f20000800400010c0a00029
:10e8980080b42000000045000008eb00c0b4200050
:10e8a8000000450011002000010878004005200004
:10e8b800080040001200200003002000100841005a
:10e8c80050904900a0b42000000045009000780056
:10e8d800400b200008004000109840008001eb0029
:10e8e8001090490020af20000000450090007800fb
:10e8f800800b2000080040004f89de00109840007f
:10e9080010104900158ea800682a9000f82a900077
:10e91800c009200008004000027d200003002000fc
:10e928000218420003904a0062003700c0b4200079
:10e938000000450013002000908f11000c003a00e1
:10e94800c0b42000000045000008eb0061b62000bc
:10e958008100450000b420000080400041b4200040
:10e968008100450031187800211078000700370031
:10e9780061b620008100450000b4200000804000fe
:10e9880002002000130020000288be006bb62000a1
:10e998008b054500c0b42000008045000008eb004e
:10e9a80040b620000080450010007800700060002c
:10e9b80005003a000c017800890078000b00780007
:10e9c800c60b02000100000080b420000080450052
:10e9d8001000e000370034000000eb006143b8008d
:10e9e800d4682000048245008002eb006101b90070
:10e9f80086004100040141001281fb000201d100a0
:10ea0800824878000000e800e70f5000f7ff3a005e
:10ea1800400f20000800400010c0a00080b4200073
:10ea2800008045000008eb00c0b4200000804500cd
:10ea3800110020000108780040052000080040006f
:10ea480012002000030020001008410050904900e7
:10ea5800a0b420000080450090007800400b200002
:10ea680008004000109840008001eb001090490019
:10ea780020af2000808545009b007800800b200097
:10ea8800080040004f89de0010984000101049002f
:10ea9800158ea800682a9000f82a9000c009200066
:10eaa80008004000027d20000300200002184200f8
:10eab80003904a00200f2000080040001030a100f9
:10eac80000af2000000045001000e00006003c00f8
:10ead80061b620008100450000af200000804000a2
:10eae8001000e00056003400200f2000080040000d
:10eaf8001030a00052003700e10f500050003a00db
:10eb080000b420000000450002002000130020008f
:10eb18000288be0040b620000000450010007800c2
:10eb28007000600005003a000c0178008900780048
:10eb38000a007800c60b02000100000080b4200023
:10eb4800000045001000e000330034000000eb0036
:10eb58006143b800d4682000040245008002eb003d
:10eb68006101b90086004100040141001281fb00e7
:10eb78000201d100824878000000e800e70f500049
:10eb8800f7ff3a00400f20000800400010c0a00026
:10eb980080b42000000045000008eb00400520007c
:10eba8000800400012002000030020001008410067
:10ebb80050904900a0b42000000045009000780063
:10ebc800400b200008004000109840008001eb0036
:10ebd8001090490020af2000000045009000780008
:10ebe800800b2000080040004f89de00109840008c
:10ebf80010104900158ea800682a9000f82a900085
:10ec0800c009200008004000027d20000300200009
:10ec18000218420003904a00200f2000080040001c
:10ec28001030a10000af2000000045001000e000f7
:10ec380003003400200f2000080040001030a0001e
:10ec480080b4200000004500c3ff2f00908f110002
:10ec58000c003a0080b42000000045000008eb00da
:10ec680015aea800682a9000f82a9000000a200033
:10ec780008004000027d2000030020000218420026
:10ec880003904a0060b620000005450080b42000cb
:10ec980000004500c1ff2f00908f10000b003a00c4
:10eca80080b4200000054500000deb0015aea8005b
:10ecb80068299000f8299000080ab000007d20001b
:10ecc80001002000001c410001944900290890001f
:10ecd8009900780068970200010000004f0678004c
:10ece8004f05be004f04be000080fa000000060079
:10ecf8001600fa00889fbe008a9fbe008c9fbe0047
:10ed0800000478000106780003057800840678007e
:10ed180085047800a10d2000888040001100e800db
:10ed280080087800f8a89000810f5000030039008f
:10ed3800a00d2000080040000008eb00d8a89000b3
:10ed4800c02120000008b8000001410022089200fc
:10ed58000000e000c300340082007800e0fd2f00ce
:10ed68000f0040005a99020001000000e0fd2f004a
:10ed7800008047000a000900301d78006a01b100d0
:10ed8800ab0d2000888545009b017800c619dd0081
:10ed9800ca00900083014600020120001a00780092
:10eda8002c8902000100000028a890009b0f500049
:10edb8000b003a00411520000100b8000080440013
:10edc80078004000120020000300200010084100d5
:10edd80050904900400d2000080040000088eb00da
:10ede800d8a89000401520000008b8000080440012
:10edf8009028910001b8a30004003a000200200006
:10ee0800130020000208980013089800ab0d20009a
:10ee1800888545001b0078004c1520000c00b800c0
:10ee2800008044000d0178008a007800da5602005c
:10ee3800010000001b0078000c06b8000c86440096
:10ee48001c2891000088a3005e0032002c15b00039
:10ee58001c80a100a00d20000800400010017800cf
:10ee68004b1520000b11b80082804400f48040004c
:10ee7800120020000300200091084100d1904900b1
:10ee8800100178000b11b800828044002115b000f1
:10ee980011b0a100100678000b60b800808544000e
:10eea8001b28910000a8a30038003a000000eb00de
:10eeb8006143b800615ab8006101b9008600410099
:10eec800040141001281fb000201d1008248780050
:10eed8000000e800e70f5000f7ff3a00400f20005d
:10eee8000800400010c0a0002cac9800ab109000a7
:10eef800400b200008004000109840008001eb0003
:10ef08001090490078a890000000e0001800340034
:10ef18000000eb00a60d2000080343004b1520005d
:10ef280047152000e30d20008881410096007800f5
:10ef3800810f50000b0032000b82b900048144009d
:10ef4800070ab80084804400111290008002eb0088
:10ef580004099800150998002115200082804000b6
:10ef680011b0a0000000e800930f1000efff3c0074
:10ef7800c004200008004000120020000300200008
:10ef88001008410050904900050037002b15b000cb
:10ef98001ba0a100400d2000080040000088eb00e5
:10efa800158ea800682a9000f82a9000c009200051
:10efb80008004000027d20000300200002184200e3
:10efc80003904a001a0890000008a3001b003200b2
:10efd800d8a89000401520000008b8000080440020
:10efe8002011900041062000810f510013003600c7
:10eff800102891000098a30010003200000520009e
:10f008000800400012002000030020001008410002
:10f018005090490015aea800158ea900682a9000e6
:10f02800f82a9000000a200008004000027d200015
:10f03800030020000218420003904a00d8a890005c
:10f04800401520000008b800808444002915b0004d
:10f058001990a1002a0890009a0078006897020089
:10f06800010000004f06be004f05be004f04be0061
:10f078000080fa0000000600889fbe008a9fbe003c
:10f088008c1f78000004be0002057800013f2500af
:10f09800080078002872020001000000800578004e
:10f0a8000b00440041c3b3003674020001000000a5
:10f0b8008b0540000b004400e1c2b3003674020027
:10f0c80001000000808545000b00440041c3b300e7
:10f0d8003674020001000000808545000b004400e2
:10f0e80031c3b3003674020001000000808545007a
:10f0f8000b004400d13f25002872020001000000e7
:10f1080080854500c94090000b0044003674020019
:10f118000100000080854500d94090000b004400a4
:10f12800367402000100000080854500e940900027
:10f138000b00440036740200010000008085450081
:10f14800f94090000b0044003674020001000000f2
:10f1580080854500894890000b0044003674020001
:10f168000100000080854500994890000b0044008c
:10f17800367402000100000080854500a94890000f
:10f188000b00440036740200010000008085450031
:10f19800b94890000b0044003674020001000000da
:10f1a800808545000b004400a1402500287202001c
:10f1b80001000000808545006a299000fa29900026
:10f1c8000b0044000e740200010000008085450019
:10f1d8000b00440071412500287202000100000064
:10f1e800808545004aae90000c00780020b80200e7
:10f1f800010000006161b900c811dd0002002000b3
:10f20800790a9000cfa2de000401710085817100a7
:10f21800cf80de00c000dd0000002000000171008a
:10f22800818171000b0044000e740200010000008f
:10f23800808545000b0044004142250028720200e9
:10f2480001000000808545006a219000fa219000a5
:10f258000b0044000e740200010000008085450088
:10f268000b00440011432500287202000100000031
:10f27800808545002a299000ba2990000b00440097
:10f288000e74020001000000808545000b00440058
:10f29800e143250028720200010000008085450036
:10f2a8004a299000da2990000b0044000e740200ed
:10f2b80001000000808545000b004400b144250092
:10f2c8002872020001000000808545004a21900054
:10f2d800da2190000b0044000e74020001000000c7
:10f2e800808545000b0044008145250028720200f6
:10f2f8000100000080854500b90890000b0044001b
:10f3080046720200010000008084450009004400a4
:10f318009146250028720200010000008084440004
:10f328004a319000da319000090044000e7402005e
:10f338000100000080844400090044006147250062
:10f348002872020001000000808444002ab1900065
:10f35800cf91de00090044000e7402000100000095
:10f36800008044004f0678004f05be004f04be00e1
:10f37800000006002f02b000889fbe008a9fbe00d2
:10f388008c9fbe008e1f780000067800010478006c
:10f3980002057800f3b79f00e4b79f008504780062
:10f3a80086057800d7b79f005fa09700c0b79f0079
:10f3b8004ca890000000e00003003400080078002a
:10f3c80054b80200010000008a00780020fd2f00d8
:10f3d8000f004000289602000100000020fd2f00c9
:10f3e800008047000a000900b01c78006901b100dc
:10f3f8007a074400f80644001d017800380a900096
:10f408009e017800ffb0970009007800865d020031
:10f4180001000000f6874700768057000a000900bf
:10f42800391878006901b1003fa89700fe970200db
:10f43800010000008a007800c0fb2f000f00400088
:10f448002896020001000000c0fb2f000080470042
:10f458000a000900b01c78006901b1001812900078
:10f46800e00c20000c0040009001e8000308780040
:10f4780064804500d0af9f0028519000ec00440004
:10f4880048590200010000000b057800002d7800a3
:10f498001e0278009d0178004fa997008b00780024
:10f4a80009007800145d020001000000f68747009b
:10f4b800768057000a000900391878006901b10000
:10f4c8000fa09700fe970200010000000001200035
:10f4d800000d7800cf02b100748045000c0178005f
:10f4e80088007800e4fe070070024000040d7800f0
:10f4f8008fb997000041eb00824078005fb0970019
:10f50800de8c020001000000000deb00100020005e
:10f518009e0f100007003a000000eb00cfb09700e4
:10f528006117b00080087800cfb097002102b000c2
:10f53800800878004f0778004f06be004f05be00d0
:10f548004f04be002f02b100000006000f02b000f9
:10f55800889fbe008a9fbe008c9fbe008e1f7800c9
:10f56800000678008104780082057800f3b79f00d0
:10f578000404780005057800e6b79f00d7b79f0018
:10f588004ca890000000e000030034000900780057
:10f5980054b80200010000008b00780040fd2f00e5
:10f5a8000f004000289602000100000040fd2f00d7
:10f5b800008047000a000900301c78006801b1008b
:10f5c800fa8644001d017800788744009e00780080
:10f5d800b9099000080078009a5e02000100000056
:10f5e800f6874700768057000a0009003818780027
:10f5f8006801b1004fa89700fe97020001000000c3
:10f608008b007800e0fb2f000f00400028960200d6
:10f6180001000000e0fb2f00008047000a000900fd
:10f62800301c78006801b10019129000e00c20002d
:10f638000c0040009001e8000308780064004500d1
:10f64800d0af9f0029519000ec8044004859020037
:10f65800010000008a057800802d78000a007800f3
:10f66800b6a70200010000009d0678005d0498001e
:10f678001e0778006e0498002fa99700980078005c
:10f688000a007800600402000100000040049800ad
:10f6980001012000ecd602000100000030049800af
:10f6a800f6874700768057000a0009003818780066
:10f6b8006801b1001fa09700fe970200010000003a
:10f6c80000012000800d7800cf02b10074004500d1
:10f6d8000c0178008900780067fe0700700240007e
:10f6e800840d78008fb997000041eb0082407800c4
:10f6f8006fb09700de8c020001000000800deb0067
:10f708004f0778004f06be004f05be004f04be00ed
:10f718000f02b10000000600889fbe008a9fbe004d
:10f728008c1f7800800478000106780002047800b5
:10f7380003057800790090000000e00059003400cb
:10f7480038b890000028a30056003a00e885440025
:10f758001b007800d2700200010000000900780048
:10f76800d676020001000000000d78001b0078002a
:10f77800c6700200010000000a0078004e8a0200ec
:10f7880001000000c0422000000045001000780081
:10f798006c006000430032009a00900038b090007e
:10f7a800808f5000060034000a80e8000008eb0053
:10f7b800c0422000000545001a20a100390037008a
:10f7c80068289000f8289000408498005184980098
:10f7d800b042200000004500104078000004e0001e
:10f7e80002003200ec4f500027003a000a0078006f
:10f7f800b6a7020001000000080178008c0078001c
:10f808000a0078004aaa02000100000028b8900007
:10f818000028a3000b003a00880078000a0078004e
:10f82800faa902000100000028b890000028a300ef
:10f838000400320068299000f8299000229498006a
:10f8480033949800400f2000080040001050a0009a
:10f85800c0422000000545001aa0a0008004200036
:10f86800080040001200200003002000100841009a
:10f878005090490068289000f8289000609c9800f3
:10f88800719c980007003700080178008c00780008
:10f898000a007800a4aa0200010000000a85e80016
:10f8a800000deb004f0678004f05be004f04be0068
:10f8b80000000600889fbe008a9fbe008c1f78004b
:10f8c800000478000105780082047800314825009a
:10f8d8000800780028720200010000008005780006
:10f8e8000b00440041c3b30036740200010000005d
:10f8f8008b0540000b004400e1c2b30036740200df
:10f9080001000000808545000b00440041c3b3009e
:10f918003674020001000000808545000b00440099
:10f9280031c3b30036740200010000008085450031
:10f938000b004400814825002872020001000000e5
:10f9480080854500ca4090000b00440036740200d0
:10f958000100000080854500da4090000b0044005b
:10f96800367402000100000080854500ea409000de
:10f978000b00440036740200010000008085450039
:10f98800fa4090000b0044003674020001000000a9
:10f99800808545008a4890000b00440036740200b8
:10f9a80001000000808545009a4890000b00440043
:10f9b800367402000100000080854500aa489000c6
:10f9c8000b004400367402000100000080854500e9
:10f9d800ba4890000b004400367402000100000091
:10f9e800808545000b004400d1482500287202009c
:10f9f800010000008085450069299000f9299000e0
:10fa08000b0044000e7402000100000080854500d0
:10fa18000b00440021492500287202000100000063
:10fa2800008645008b0d2000898545001b01780064
:10fa3800cf91de000c0044000e74020001000000ab
:10fa4800000646000c004400714925002872020097
:10fa580001000000000646001b00780020b80200e4
:10fa68000100000000017800cf91de000c00440086
:10fa78000e74020001000000800546000b004400df
:10fa8800c149250028720200010000008085450058
:10fa98007a099000cf91de000b0044000e7402003a
:10faa80001000000808545000b004400114a250034
:10fab800287202000100000080854500692190003d
:10fac800f92190000b0044000e74020001000000b0
:10fad800808545000b004400614a25002872020019
:10fae800010000008085450029299000b92990006f
:10faf8000b0044000e7402000100000080854500e0
:10fb08000b004400b14a25002872020001000000e1
:10fb18008085450049299000d92990000b004400b0
:10fb28000e74020001000000808545000b004400af
:10fb3800014b250028720200010000008085450065
:10fb480049219000d92190000b0044000e74020056
:10fb580001000000808545000b004400514b250042
:10fb6800287202000100000080854500ba08900054
:10fb78000b004400467202000100000000854500a9
:10fb88000a004400e14b2500287202000100000031
:10fb98000005450049319000d93190000a00440021
:10fba8000e74020001000000000545000a00440030
:10fbb800314c2500287202000100000000054500b4
:10fbc80049919000d99190000a0044000e740200f7
:10fbd80001000000000545000a004400814c250092
:10fbe800287202000100000000054500699190009c
:10fbf800f99190000a0044000e7402000100000010
:10fc0800000545000a004400d14c25002872020076
:10fc1800010000000005450029999000b99990005d
:10fc28000a0044000e7402000100000000054500af
:10fc38000a004400214d250028720200010000003e
:10fc48000005450009999000999990000a00440020
:10fc58000e74020001000000000545000a0044007f
:10fc6800714d2500287202000100000000054500c2
:10fc780049999000d99990000a0044000e74020036
:10fc880001000000000045004f0678004f05be0047
:10fc98004f04be00000006000001fa00889fbe0065
:10fca8008a9fbe000004be000205780018b89000c4
:10fcb80000e8a30013003200200f200008004000d5
:10fcc80010e0a1006480440094bb02000100000021
:10fcd800080178008900780080ef2f000f004000ad
:10fce800e5fc07000002780083ef2f008f814100b8
:10fcf8000041eb00e1c0b3000a007800de8c02008e
:10fd08000100000028b890000028a300230032005a
:10fd180068289000f828900028919000b8919000e9
:10fd2800820f5000838f58001c003900420a2000bf
:10fd38000801410004a62e00050020000419400017
:10fd4800059148006480440094bb02000100000053
:10fd580080ef2f000f0040006858020001000000eb
:10fd68008005780081ef2f008f8040000b804000d5
:10fd78000801780089007800cefe07000b024000d9
:10fd880083ef2f008f8141000041eb008240780013
:10fd98000a007800de8c0200010000004f05be005a
:10fda8004f04be000080fa000000060040019000e9
:10fdb80032089800f1219000fa0040008288410042
:10fdc800fc0040008008eb007e0040001060a000ae
:10fdd800000006007c014000920178000302d00078
:10fde80010024200140278008002eb000309e800c8
:10fdf800e2042000010141000601200092015300a5
:10fe08008301e900030033000402420085824a00ae
:10fe1800fbff3700a3042000818141009319720081
:10fe2800939172007600400090017800708851002c
:10fe38001202780086014200030978001000780059
:10fe48000000e00002003d00e104b00080884100ad
:10fe580000000600fa874700889fbe008a9fbe0000
:10fe68008c9fbe008e1f78000006be000205be00f3
:10fe78000407780085bf9f00660046000008eb0075
:10fe88007a0890000038a300e8003a000068a30050
:10fe9800e30032007b209000f00f50000e003c0081
:10fea8003a0890000000e0000e003400e80420004a
:10feb8000b044400f60445000a00be00c5ff070015
:10fec80000012000980f100003003c001900e0001a
:10fed800f9ff3c00030037003a0890000000e000fa
:10fee80030003c001a0890000018a30007003200f8
:10fef80024002000f0014500c2c0b3008040eb00a0
:10ff08000fb89700de8c0200010000002a0890005c
:10ff18009a00780068970200010000002e089200fd
:10ff28000000e0001f0034007a0890000058a30089
:10ff38001c003a008e007800a0fd2f000f00400042
:10ff48005a99020001000000a2fd2f00028147001b
:10ff58000a000900321d78006a01b1000a00be00db
:10ff680092ff07007b209000f00f50000d003c002e
:10ff78003a0890000000e0000a003400e80420007d
:10ff88000b044400f60445000a00be0091ff070078
:10ff980003012000988f110002003c001900e000c6
:10ffa800f9ff3c005a0090008000eb00f40f50006d
:10ffb800e08f580083003e0000060100670037000c
:10ffc800540037007f0037005b00370048003700d7
:10ffd8007c0037007b0037007a003700300037009c
:10ffe8001d00370077003700760037002300370000
:10fff800100037000600370061003700690037003d
:020000040002f8
:10000800700037006f003700390037002d003700c7
:100018007a04450098047800020920008c007800d2
:100028000b0078002e2b020001000000008c540009
:10003800640037007a04450098047800020920001b
:100048008c0078000b007800fc28020001000000fa
:10005800008c54005b0037007a044500980478004f
:10006800020920008c0078000b007800602d020047
:1000780001000000008c5400520037007a0445004b
:1000880098047800020920008c0078000b007800a2
:100098009c2f020001000000008c5400490037002a
:1000a8007a04450098047800020920008c00780042
:1000b8000b007800fe30020001000000008c5400a4
:1000c800400037007e0045001050a0007a0445002b
:1000d80098047800020920008c0078000b00780052
:1000e8006632020001000000008c54003500370021
:1000f8007a04450098047800020920008c007800f2
:100108000b0078006c33020001000000008c5400e2
:100118002c0037007a044500980478000209200072
:100128008c0078000b0078005234020001000000b7
:10013800008c5400230037007a04450098047800a6
:10014800020920008c0078000b007800e0340200df
:1001580001000000008c54001a0037007a044500a2
:1001680098047800020920008c0078000b007800c1
:100178007035020001000000008c540011003700a7
:100188007a04450098047800020920008c00780061
:100198000b0078000036020001000000008c5400bb
:1001a800080037007a044500980478000209200006
:1001b8008c0078000b007800f43602000100000083
:1001c800008c540003092000023020009d007800b4
:1001d8001c007800c8d40200010000005a089000f2
:1001e8000000e00025003c007e004500f1f92f00ea
:1001f800108860000000eb00f600450080087800d9
:1002080081002000510d98006011b800d225980097
:10021800e3259800eb04b000800d78001700370044
:100228007e0545001a00a0001400370002092000ce
:100238008c0078000b007800ee2702000100000017
:1002480003092000023020009d0078001c0078007f
:10025800c8d40200010000007a0890000048a300fa
:10026800060032007e0545001a0078000040a10013
:100278000030a1000000a000000d78004f077800b2
:100288004f06be004f05be004f04be00af01b100cf
:1002980000000600889fbe008004780001047800f2
:1002a80088007800d2112000030020008000200080
:1002b800a8b9020001000000882c9800f80c9900e9
:1002c80068814400210020000000eb001a4702006a
:1002d80001000000620d20000901410041002000da
:1002e8000000eb001a47020001000000421a20003b
:1002f8000901410010212000010020009a84020019
:1003080001000000201e2000090040001010a1007c
:10031800421e200009014100102120000100200098
:100328009a840200010000002022200009004000f9
:100338001010a10000af2000008044000008eb006e
:1003480080b5200000804400f13f200001087800bb
:1003580040b6200080844400990078000160a10024
:100368000120a000f0f22f00808c60004f04be0036
:100378000000060080007800f10eb2003000200076
:1003880032062000828f50002900320002007800d7
:10039800808f500011003e0020002000ef8f500099
:1003a8002300320004003e0050002000e38f50007c
:1003b8001e003a001e0037000000eb00f202200089
:1003c800828f50001a0032001000200032042000f2
:1003d800828f500015003a001500370040002000b9
:1003e80072082000828f500011003200020078004d
:1003f800808f500005003e0080002000f20620009b
:10040800828f500009003a00090037006000200080
:10041800f20a2000828f5000050032007000200090
:10042800320e2000828f500001003200f00f2000b1
:10043800000006001000fa00f08057006254250002
:1004480007000900b2187800670060000000d000bb
:10045800700050006f0078000080fa00000006006d
:100468002000fa0001fe2f0081804700625225001b
:100478000f000900b21878006f0060000000d0007b
:100488000002b1006f0078000080fa00000006004a
:1004980081002000420c2000820f500036003200fc
:1004a80082007800810f500016003e0051002000a5
:1004b800e70f50003000320007003e0031002000f6
:1004c800e10f50002c00320041002000e60f5000e0
:1004d80028003a002800370021002000f00f5000c3
:1004e8002500320071002000320c2000820f5000dd
:1004f8002100320061002000e80f50001d003a0082
:100508001d003700c1002000d20c2000820f5000cf
:100518001900320082007800810f50000b003e0065
:10052800a1002000b20c2000820f500012003200ff
:10053800b100200010003e0091002000a20c200015
:10054800820f50000b003a000b003700e10020003a
:10055800f20c2000820f500007003200d10020006a
:1005680005003900f1002000020f2000820f500022
:10057800010032008000eb00010078000000060056
:1005880081c4b30021409800e1c5b3001140980030
:1005980011cfb300014878003000200000000600a9
:1005a800d1c5b3002140980071c7b300114098002d
:1005b80001487800f1c7b30051409800f1cdb3006d
:1005c8004140980071c5b300314098006000200098
:1005d800000006000001eb006102b8000198a300ca
:1005e80003003200840141001374a00002003700a8
:1005f800840141001374a1000201e800ea0f5100d0
:100608000200320081804000f4ff3700000006003d
:10061800000278008000eb00022020000100780032
:100628008002eb00848140001304e00001003d00db
:10063800020040008100e800ea8f5000020032000a
:100648000201d100f7ff370000000600889fbe00b6
:100658008a1f78008c9fbe000001eb006106b8007d
:100668000accb300610cb80001ceb3006113b90025
:100678008c01430013426500844978000803430055
:1006880096c24000f543b20084c972000201e80036
:10069800e60f5100f5ff3a004f06be004f057800ff
:1006a8004f04be0000000600889fbe008104780049
:1006b8000001eb008000eb00f80320006112b90094
:1006c8000403420085834a008681440000024200f8
:1006d8001482fb000802620005022000850942001e
:1006e8000201e800e60f5100f4ff3a004f04be0093
:1006f800000006006f416100c408dd000148710078
:10070800000006000080fb004400de000000060038
:100718006f00600000000600104178000274a1001c
:10072800024878008180fb000118a3000200320013
:100738000274a00002487800504178000274a100b9
:10074800024878000108a300020032000274a000e9
:100758000248780000000600b080fb000108b200e3
:10076800c688de001080fb004700de000100700034
:100778000000060090419000010420008381600081
:10078800c499de0020419000028160004591de009e
:10079800030171009081fb0081816100c399de0033
:1007a800028171003040900080806000c688de00c1
:1007b80002807000000006000001eb006102b80032
:1007c8000128a30003003200840141001364a00043
:1007d80002003700840141001364a1000201e8000f
:1007e800e30f51000200320081804000f4ff37001f
:1007f800000006000001eb006102b8000138a30008
:1008080003003200840141001364a0000200370095
:10081800840141001364a1000201e800e40f5100c3
:100828000200320081c04000f4ff370000000600db
:100838008180fb00628160004511dd0090417800f5
:100848000364a10002c87100e1806000c608dd00f1
:10085800504178000264a1000148710000000600c0
:10086800904190000104200083816000c599de005a
:1008780020419000028160004691de000301710072
:100888001080fb0081006000c488de0002807000d8
:100898000000060010419000010420000281600061
:1008a8004691de001080fb0081006000c588de00f4
:1008b8000280700000000600f8874700889fbe008d
:1008c8008a9fbe008c9fbe008e1f780000057800ae
:1008d800a1b79f008204780041b6200081804400bf
:1008e800110078000010a100800878000048a300db
:1008f8000300320040b62000008044001010a00021
:10090800c142200081004500000220001100600063
:1009180003003a0040b62000008044001010a000f8
:10092800c14220008100450000082000110060003d
:100938000300320040b62000008044001010a000e0
:10094800c142200081004500001020001100600015
:100958000300320040b62000008044001010a000c0
:1009680010422000000045009080fb00f10eb2000c
:10097800f0062000808f500003003a0040b62000a7
:10098800008044001010a000c142200081004500f2
:1009980000042000110060000900320040422000dd
:1009a800000045001080fb00b9fe07000000e000d1
:1009b80003003a0040b62000008044001010a00058
:1009c80041b620008180440000082000110060002a
:1009d80005003200c022200009004000f0fe070098
:1009e8000004780004003700c022200009004000fd
:1009f800e3fe07000004780040b6200000804400b1
:100a0800900078000118a300360032000000eb00c7
:100a18000041eb000148a3000a0032009a0590004b
:100a280081b5200081804400918f55006d023e0001
:100a380008804400c022b0000b4878000804e80091
:100a4800ff0037008800400081804400c122b000c8
:100a5800824878000000e800ed0f5000f9ff3a00e6
:100a68009a05900081b52000818044000000eb00c9
:100a7800918f55005b023e006146b9000c00be0034
:100a8800e022b0000180b000008044008b007800b4
:100a9800d0fe0700a0af2000008044000008eb0053
:100aa80040b6200000804400100078006400600018
:100ab80004003200a0af2000008044002100200084
:100ac80001087800a0af2000008044009000780062
:100ad800cc22b0000d80b0000c8044000eff07004f
:100ae800d7003700a0af200000804400120020008b
:100af800020878000128a30004003200a0af2000fb
:100b08000080440031002000010878006146b900e7
:100b18000c00be00c022b0000180b00080854400f7
:100b2800a0af200000804400900078000b007800ff
:100b3800f9fe070091412000810045000b00780074
:100b4800c2fe07000c00be002023b0000180b000e8
:100b58000087440031412000810045000e007800e4
:100b6800bafe070000422000000045001081fb008b
:100b7800f0412000000045009080fb000c02be0000
:100b88008423b0000580b00004804400d9fe07002b
:100b9800304220000000450010407800e14f50002e
:100ba8006b003200040039008005eb00e34f500071
:100bb80097003a00280037009a059000f085550004
:100bc80008804400c022b0001064a1004042200008
:100bd800000045001080fb002dfe07008000780013
:100be8000c01be00d222b0000380b0000280440095
:100bf80000ff070050422000000045001004e000fc
:100c080004003200088044001023b0001064a000e3
:100c180003003700088044001023b0001064a100ce
:100c280070422000000045009080fb000e00780014
:100c3800e1fe070080422000000045009080fb0094
:100c48000c01be005223b0000380b00002804400b3
:100c5800d9fe07006e003700204220000000450042
:100c680031c0b30090cf100010003a009a059000f0
:100c7800f085550008804400c022b0001064a00030
:100c880040422000000045001080fb0000fe0700e5
:100c9800800078000c01be00d222b0000380b000b2
:100ca80002804400d3fe07000b0037009a0590002d
:100cb800ef85550008804400c022b0001064a100f0
:100cc8000c00be00d022b0000180b00000804400bb
:100cd80011c0b300c7fe07005042200000004500c5
:100ce8001004e00004003200088044001023b00023
:100cf8001064a00003003700088044001023b000ef
:100d08001064a10010422000000045001080fb0084
:100d180098fd0700800078000e007800a6fe070006
:100d280060422000000045001004e000040032008a
:100d3800088044005023b0001064a000340037003d
:100d4800088044005023b0001064a1003000370030
:100d58009a059000ef85550008804400c022b00035
:100d68001064a1000c00be00d022b0000180b000c9
:100d7800008044008040eb009efe070050422000a7
:100d8800000045001004e000040032000880440020
:100d98001023b0001064a00003003700088044004e
:100da8001023b0001064a10070422000000045002c
:100db8009080fb000e0078007ffe07006042200054
:100dc800000045001004e0000400320008804400e0
:100dd8005023b0001064a0000300370008804400ce
:100de8005023b0001064a10010422000000045000c
:100df8009080fb00c208de00e3c060000c01be006a
:100e08006223b0000380b0000280440088fe07001f
:100e18000000eb00f13f2000818f550071013e007a
:100e28001a009000808f550005003e00ec22b000ab
:100e38000d80b0000c8044008b007800e5fd0700b1
:100e480040b6200000804400100078007000600068
:100e580014003a00431e200089814100f000200060
:100e6800010020008089be0008864400cc22b00022
:100e7800150020000502780082002000810720006c
:100e88000c0078003c8502000100000068814400e5
:100e9800d10020000c007800824802000100000008
:100ea8006f0444000b00e0001101320040b620003e
:100eb80000804400100078000048a30008003200b9
:100ec80060b520000080440010007800f0b79f0053
:100ed8000006eb00ccb79f00dcb79f002500370069
:100ee8000028a3000f003200f10e20000b0078004c
:100ef800ecd6020001000000d0b79f000001780086
:100f0800110009008285d8000006780082e0b90047
:100f180000805500c0b79f0000012000f0b79f0077
:100f280014003700710f20000b007800ecd6020087
:100f380001000000d0b79f000001780011000900ef
:100f48008285d8000006780082e0b900008055004c
:100f5800c0b79f000c0078000c00e00001003d00c5
:100f6800f003b0004680de000000e800000040000a
:100f7800f0b79f00600d200000804400e0b79f009c
:100f880000017800ffb097000000eb001a4702004c
:100f98000100000040b620000080440010007800e6
:100fa8008005eb000018a30007003a00c2422000a9
:100fb800020145000104200092806000fb0020002f
:100fc800010032000b0120000048a30079003a001c
:100fd800cfb097000100e000390034008c06e8002b
:100fe8004369dd00b2b79f000007eb000c00e80082
:100ff80090b79f00411e20008180440081bf9f0060
:101008008cb79f002600370000814400c222b00040
:1010180081014500c3419000034978000000e800c1
:101028008100e800840f5000f7ff3a000d064400e5
:101038008d8545000100370008067800f000200083
:10104800010020000fb997000089be000884440001
:10105800c822b0001500200005027800820178003f
:1010680082002000bfb09700080078003c8502008d
:10107800010000006fb197008d007800080078002b
:1010880082480200010000007fb09700000446007b
:101098000e07e800cfb097008e8f5000070034008d
:1010a8000d00e000e4ff34001fb197000802410082
:1010b8008b00780008007800d3ff37000fb6970040
:1010c8005fb09700cfb09700810f50003400340014
:1010d8004361dd00b2b79f00810678004e1e2000f4
:1010e800090747002700370000814400c222b000ea
:1010f80081014500c3419000034978000000e800e1
:101108008100e800850f5000f7ff3a000800420010
:1011180080bf9f00848545000100370088bf9f007d
:10112800f000200001002000008fbe000884440069
:10113800c822b00015002000050278008e01780052
:1011480082002000bfb09700080078003c850200ac
:10115800010000006fb197008c007800080078004b
:1011680082480200010000008fb897007fb1970005
:10117800028440008d06e8005fb097008d0f500094
:10118800070034000c00e000e4ff34000c02780093
:101198008c0244008b00780008007800d2ff3700ea
:1011a80040b6200000804400100078000048a300ea
:1011b80066003200f000200001002000a0b4990071
:1011c800b1b49900a0b52000008044001003780055
:1011d8000004eb000600e000450034000806780033
:1011e80020b5200000804400f0b79f008a86e80000
:1011f800411e20008180440081bf9f0060b520000f
:1012080000804400d0b79f00a0b5200000804400b3
:10121800c0b79f0086e3b9007fb1970092007800bd
:101228000100e0001a0034000000eb001500200067
:101238000042eb000c00e00004003a000000e0006f
:1012480002003a0005047800050078009d8f5500db
:1012580008003d0008814400c222b0008b0145000f
:10126800c3419000034978000804e8008b05e800b2
:101278000400370008814400c222b0000449780005
:101288000804e8000000e800808f5000e9ff3c00f7
:1012980006834400ce22200006074700c308dd006d
:1012a80015002000050278008fb997008200200001
:1012b8000e0078003c850200010000006fb1970025
:1012c8007fb09700900078000e00780082480200f6
:1012d80001000000dfb09700110444000c06e8008c
:1012e8004fb19700120378008c0f5300c9ff3c00e0
:1012f80040b6200000804400100078000048a30099
:10130800120032002fb09700f184250001187800f0
:10131800a1512e0001087800a2b5200002814400e6
:101328002fb09700e4004000c022200009004000d0
:101338009201780008017800ccc702000100000083
:101348000880e8004300dd00260037000068a3009d
:101358001d0032009a00900064004500f0c30200ae
:101368000100000001b62000818044008008780058
:1013780008017800c100200002854400ca22b0009c
:101388000103de006f0363008003eb00840a2e0074
:10139800151020000603420087834a00930180004d
:1013a80006f0a4008783d20007d0fe00164d78000f
:1013b80003d0fe000201e800e4805000e48f400002
:1013c800edff3a0064044400c022200009004000f8
:1013d8002fb19700880078003ec802000100000085
:1013e8004340dd004f0778004f06be004f05be00a2
:1013f8004f04be008f01b100000006008041780054
:10140800410020000040eb0004ccb3000080fb004a
:101418004200de0063816100e10f510006003200e6
:10142800e30f5100060032000200e00005003a0018
:101438000074a0000300370004407000010037006a
:101448000064a0008100e900030032008381fb00f2
:10145800c219de00edff370000000600889fbe00bd
:101468008a9fbe008c9fbe000004be0001012000c0
:101478006033b800f0ff23004e39dd004233de0050
:1014880006037100c23bde00870260000602780096
:101498000403be008001eb00630164000205be0086
:1014a8001c0020000d0020008c0f51008d8f59006a
:1014b8000b0032008c0f55008d8f5d00060039003f
:1014c8003c0020000d0020008c0f55008d8f5d0022
:1014d80009003a000700370007f0a00006003700af
:1014e8000a0020000b002c000a0373008b83730092
:1014f8000100370007e0a0008100e9000500320084
:10150800ce4ddd004244de0008847500c24cde008a
:10151800d9ff37000600be004f06be004f05be00cb
:101528004f04be00000006000400fa00889fbe00b9
:101538008a9fbe008c9fbe00000478000000eb006c
:10154800d2682000020144006112b80084bf9f00e5
:1015580095bf9f000cb120000c0644008006eb00ec
:101568004a6920000a0544008005eb00c2b120004a
:1015780082004400610ab800880378000404be00b1
:101588006101b90002024100838249008fb89700c7
:10159800010341008c0042009140780001cb4000db
:1015a8000a014100080242009440780001c9400045
:1015b8000000e800e60f5000f1ff3a000704780049
:1015c80080b2200000004400104078000040400035
:1015d800316920008100440080487800a1b22000d1
:1015e800810044009140780081c040000104a000bf
:1015f800a2692000020144000149780062b020007d
:10160800020144001200e0000900320032692000a3
:10161800020144000074a00000497800a06920007d
:10162800000044000174a100014878000800370058
:10163800a2692000020144000174a0000149780059
:1016480031692000810044000074a10080487800be
:10165800306920000000440001c6b30010c87000c3
:10166800a06920000000440010c8700000b02000ed
:101678000000440010007800e10f50000f00320015
:1016880020003900e30f50002e003a00c0b02000bf
:10169800000044001000780066fb0700b1692000d4
:1016a8008100440042b02000020144001201780089
:1016b8004411dd008048710022003700b069200025
:1016c80000004400c1b020008100440011017800ee
:1016d8004211dd0041b020008100440091007800f3
:1016e800c408dd00014171000204a00081b020009f
:1016f8008100440091007800c508dd0001487100b0
:1017080010003700b16920008100440040b020007b
:1017180000004400100178004411dd00a0b0200052
:101728000000440010407800004040000040710074
:1017380082b0200002014400120178004511dd004a
:101748008248700020b02000000044001000e00033
:1017580007003200e0b020000000440010007800cc
:101768003ffb0700c169200001044400004c7800d9
:101778004f06be004f05be004f04be000080fa00b1
:1017880000000600f0874700889fbe008a9fbe00c1
:101798008c9fbe008e1f780000047800e1b79f0080
:1017a800a2b79f0041b62000810044000005200038
:1017b800110060000c0032000000eb00410d200019
:1017c8008880400080087800211a20008880400026
:1017d80080087800e0b520000000440021002000c7
:1017e80001087800060037001000200020ac98009f
:1017f80010949900e0b52000000044000008eb00b8
:1018080041b620008100440000082000110060005b
:1018180003003200e0b52000000044000008eb009f
:1018280080b42000000044000008eb00efb09700ef
:10183800310090000000e000410434000007eb0094
:101848000caf20000c064400cbb320008b054400ed
:10185800421a200002014400b2b79f000e00d000d7
:10186800efb1970013004000900478000a012000af
:101878004db620008d0644001c007800e20f500091
:101888000402320005003c000000e00008003200bd
:10189800e10f500023043a003a003700e30f5000ec
:1018a800d0023200e60f50001e043a0097033700ba
:1018b80018007800980090000000400081804800df
:1018c800008cbe000900e00003003d000002be00dd
:1018d8000400a000048cbe00898444000008200095
:1018e8001d0060000900320088007800f2f72d0022
:1018f80073d5250082a8be004200200008007800a9
:1019080004db0200010000000800370088007800ae
:1019180082e42500130f200082a8be0032002000b8
:101928000800780004db0200010000001d80a1000f
:10193800e1b5200081004400910f5000f9033c00fc
:1019480010002000000e7800e1ae20008100440065
:101958000000eb0080087800800d780021af20009f
:101968008100440080087800c1b52000810044004f
:101978008008780021b620008100440080087800a3
:10198800e8033700630044009040780081c04000bd
:10199800014878000900e00003003d0063004400ae
:1019a8000104a000014878001b00e800800d7800c1
:1019b80089844400e80f5000da033a00800deb00f8
:1019c8001d0078000088a300200032000078a300e2
:1019d80011003200e0ae200000004400f0b79f0084
:1019e8009002780085bf9f003840900083fe070072
:1019f800c2682000030020008fb8970002814000d1
:101a0800e081490002014400104198007fb197002d
:101a18000109e80018003700e0ae2000000044008b
:101a280090007800c2682000030020000281400076
:101a3800e081490002014400b84190000201e80039
:101a480003c9ea000108e8000b003700e0ae2000f7
:101a58000000440090007800c268200003002000c5
:101a680002814000e081490002014400b841900031
:101a7800134198000108e800e0ae2000000044008f
:101a8800f4002000900f1200a6033a00d06820004e
:101a98000000440080bf9f00680144008400780073
:101aa8000e4f020001000000e1ae2000810044005a
:101ab8009188e9000000e0007101350021af2000a5
:101ac8008100440091084000001f20000100200010
:101ad800bfb29700808abe00050178008107200008
:101ae8000fb897008a880200010000000fb897001d
:101af80019fb0700f0b79f00c0af200000004400aa
:101b0800ffb0970001087800f0682000000044004a
:101b1800bffa0700c1b220008100440080087800a5
:101b28007fb197000208a300b4003200d0682000fb
:101b3800000044001080fb004600de0061006000e9
:101b4800f0b79f00e0af200000004400ffb197000d
:101b580003087800e06820000000440005fb070047
:101b6800e1b0200081004400800878007fb297002f
:101b78000400e0001d00320000b020000000440016
:101b8800310020000108780020b020000000440047
:101b9800110020000108780040b020000000440037
:101ba80021692000810044009180fb00c608de0006
:101bb80061886000306920000000440028fb0700ad
:101bc800c1b02000810044008008780060b0200087
:101bd8000000440061692000810044009180fb00fe
:101be800c608de0061886000610037000000e00080
:101bf80003003200e10f50003f003a002200370096
:101c080000b0200000004400110020000108780006
:101c180020b02000000044000008eb0040b0200085
:101c28000000440021692000810044009180fb00ed
:101c3800c608de00618860003069200000004400aa
:101c480007fb070081b0200081004400800878006d
:101c580070692000000044000efb0700c1b020009e
:101c6800810044008008780060b020000000440033
:101c780061692000810044009180fb00c608de00f5
:101c8800618860003a00370000b02000000044007e
:101c9800310020000108780020b020000000440036
:101ca8000008eb0040b0200000004400216920003b
:101cb800810044009180fb00c608de006188600056
:101cc8003069200000004400e5fa0700c1b0200098
:101cd800810044008008780060b0200000004400c3
:101ce80061692000810044009180fb00c608de0085
:101cf800618860001e00370000b02000000044002a
:101d08000008eb0020b0200000004400150020006f
:101d18000508780040b02000000044002169200038
:101d2800810044009180fb00c608de000588600041
:101d38003069200000004400c9fa070081b0200083
:101d48008100440080087800606920000000440099
:101d5800c3fa0700a1b02000810044008008780081
:101d680060b0200000004400110020000108780045
:101d780001b12000810044000fb897004afa07001b
:101d8800c1b12000810044003069200000004400f7
:101d980045fa0700906920000000440081b2200045
:101da800810044001080fb004401de00ef08610060
:101db800a1b2200081004400ef08600020b020009c
:101dc800000044001000e00005003200e0ae2000f2
:101dd80000004400010120000108780004003700d9
:101de800e0ae200000004400f10020000108780067
:101df80008007800ccfd0700060037007fb1970087
:101e08000208a30003003a00e0ae200000004400ee
:101e18000008eb00c0b22000000044001000780069
:101e28000000e00061003200c1af200081004400e2
:101e380091007800e280600003003a000108200069
:101e48009d80600020003200f10e2000ecd60200d8
:101e58000100000080027800e1b220008100440007
:101e680085087800c1b22000810044001103780081
:101e7800110009000583d8000001780003b3200091
:101e8800830144008209780023b3200083014400c1
:101e98008590b9008009530041b3200081004400b7
:101ea8000000eb0080087800a1b320008100440006
:101eb8008008780080b32000000044000101200061
:101ec8000108780020003700710f2000ecd60200ce
:101ed8000100000080027800e1b220008100440087
:101ee80085087800c1b22000810044001101780003
:101ef800110009000581d8008000fd0003b320000f
:101f0800830144008109780023b320008301440041
:101f18008588b9008009510042b3200002014400bd
:101f28000000eb0000097800a2b320000201440081
:101f38000009780082b32000020144004608de0050
:101f48000000e8000009400060b3200000004400e1
:101f58001100200001087800620d200008014100ee
:101f680080b3200000004400900078000000eb00df
:101f78001a4702000100000020b3200000004400be
:101f88001000e0000600320020002000000e78005b
:101f980000b32000000044001008e8006102370088
:101fa80030002000000e78005e0237000004200098
:101fb8001d0060000700320020af20000000440030
:101fc8001000e0000300340060002000000e7800dc
:101fd80054023700000eeb00e0ae20000000440081
:101fe800900078000fb89700f0c3020001000000cd
:101ff8008000eb0042b42000020144000089be00ca
:1020080002b4200002014400b20f5000a28f580011
:1020180016003200c1b420008100440010002000e6
:102028008008780081b4200081004400800878008e
:10203800e0ae200000004400f0b79f0010027800d6
:102048008fb997000041eb00824078002fb09700cd
:10205800de8c020001000000a0b420000000440053
:10206800ffb0970011087800010037001d30a0006c
:10207800e0ae2000000044000008eb002902370011
:10208800000eeb0080b42000000044000088eb0044
:1020980024023700630044009040780081c040006b
:1020a800014878000900e00003003d006300440097
:1020b8000104a000014878001b00e800800d7800aa
:1020c80089844400e80f500016023a00800deb00a6
:1020d8001d0078000088a300200032000078a300cb
:1020e80011003200e0ae200000004400f0b79f006d
:1020f8001001780082bf9f0038409000bffc0700a5
:10210800c2682000030020000fba970002014200b5
:10211800e08149000201440010419800ffb2970095
:10212800840ae80018003700e0ae200000004400f0
:1021380090007800c268200003002000028140005f
:10214800e081490002014400b84190000201e80022
:1021580003c9ea000108e8000b003700e0ae2000e0
:102168000000440090007800c268200003002000ae
:1021780002814000e081490002014400b84190001a
:10218800134198000108e800a0b3200000004400b3
:102198009000e8000108780082b3200002014400a2
:1021a80000b3200000004400120178001000410034
:1021b800808f5000db013a0060b32000000044002b
:1021c800100178008001eb00e00c2000809ab90033
:1021d8000011b8008301420068014100e081490014
:1021e80002014400e0ae200000004400108010000e
:1021f800c46820000500200004024000e0824a0074
:10220800040044000000e8000e4f02000100000036
:102218000000e0006d00350021af2000810044007f
:1022280091084000001f2000010020003fb29700e5
:10223800008abe0000b3200000004400900078002f
:10224800c308dd00e0ae20000000440080bf9f000e
:10225800a0b3200000004400f0b79f008fba970099
:10226800150178008002780015005100c26820002e
:102278000300200002014000e081490002014400ff
:102288000200e800040178008a88020001000000ca
:10229800ffb197008009eb0080b3200000004400e4
:1022a8000fba970014027800900052008fba970076
:1022b800810a780042b32000020144001200e800bd
:1022c8000009780022b3200002014400920f500058
:1022d80094013a00e2b2200002014400920f50003b
:1022e80034003a00000420001d006000070032009e
:1022f80020af2000000044001000e000030034007c
:1023080060002000000e780086013700000eeb0008
:10231800d06820000000440080bf9f00f0c3020086
:10232800010000008000eb0042b4200002014400dc
:102338000089be0002b4200002014400b20f500020
:10234800a28f580016003200c1b42000810044005a
:10235800100020008008780081b42000810044002b
:1023680080087800e0ae200000004400f0b79f002d
:10237800100278008fb997000041eb008240780086
:102388002fb09700de8c020001000000a0b42000ee
:1023980000004400ffb097001108780001003700e2
:1023a8001d30a000e0ae2000000044000008eb0053
:1023b8005c01370030002000000e780000b32000d8
:1023c800000044001008e90056013700000eeb0039
:1023d80080b4200000004400e1ff2f0001087800cd
:1023e80050013700630044009040780081c04000ed
:1023f800014878000900e00003003d006300440044
:102408000104a000014878001b00e800800d780056
:1024180089844400e80f500042013a00800deb0027
:102428001d0078000088a300200032000078a30077
:1024380011003200e0ae200000004400f0b79f0019
:102448001001780082bf9f0038409000ebfb070026
:10245800c2682000030020000fba97000201420062
:10246800e08149000201440010419800ffb2970042
:10247800840ae80018003700e0ae2000000044009d
:1024880090007800c268200003002000028140000c
:10249800e081490002014400b84190000201e800cf
:1024a80003c9ea000108e8000b003700e0ae20008d
:1024b8000000440090007800c2682000030020005b
:1024c80002814000e081490002014400b8419000c7
:1024d800134198000108e800a0b320000000440060
:1024e8009000e8000108780082b32000020144004f
:1024f80000b32000000044001201780010004100e1
:10250800808f500007013a0060b3200000004400ab
:10251800100178008001eb00e00c2000809ab900df
:102528000011b8008301420068014100e0814900c0
:1025380002014400e0ae20000000440010801000ba
:10254800c46820000500200004024000e0824a0020
:10255800040044000000e8000e4f020001000000e3
:102568000000e0006300350021af20008100440036
:1025780091084000001f2000010020003fb2970092
:10258800008abe0000b320000000440090007800dc
:10259800c308dd00e0ae20000000440080bf9f00bb
:1025a800a0b3200000004400f0b79f008fba970046
:1025b800150178008002780015005100c2682000db
:1025c8000300200002014000e081490002014400ac
:1025d8000200e800040178008a8802000100000077
:1025e800ffb197008009eb0080b320000000440091
:1025f8000fba970014027800900052008fba970023
:10260800810a780042b32000020144001200e80069
:1026180000097800e2b2200002014400920f500045
:10262800c0003a00000420001d00600007003200ce
:1026380020af2000000044001000e0000300340038
:1026480060002000000e7800b6003700000eeb0096
:10265800d06820000000440080bf9f00f0c3020043
:10266800010000008000eb0042b420000201440099
:102678000089be0002b4200002014400b20f5000dd
:10268800a28f580016003200c1b420008100440017
:10269800100020008008780081b4200081004400e8
:1026a80080087800e0ae200000004400f0b79f00ea
:1026b800100278008fb997000041eb008240780043
:1026c8002fb09700de8c020001000000a0b42000ab
:1026d80000004400ffb0970011087800010037009f
:1026e8001d30a000e0ae2000000044000008eb0010
:1026f8008c003700000eeb0080b42000000044007e
:10270800d1ff2f00010878008600370063004400dd
:102718009040780081c04000014878000900e0003e
:1027280003003d00630044000104a0000148780054
:102738001b00e800800d780089844400e80f5000f1
:1027480078003a00800deb0021b62000810044009b
:10275800110078004400dd00800878009d007800b2
:102768000188a300200032000178a3001100320084
:10277800e0ae200000004400f0b79f001001780090
:1027880082bf9f00384090001cfb0700c2682000f1
:10279800030020000fba970002014200e0814900bf
:1027a8000201440010419800ffb29700840ae80033
:1027b80023003700e0ae20000000440090007800bd
:1027c800c26820000300200002814000e081490027
:1027d80002014400b84190000201e80003c9ea0080
:1027e8000108e8001600370021b6200081004400e7
:1027f80038419000f207b200cf91de00020141009b
:1028080083814900e40b2d00c4b79f0015102000f8
:10281800d5b79f004fb29700dfb297000201420080
:1028280083814a009401800002f0a4008381d200d1
:1028380003d0fe001201780004d0fe008008710069
:10284800c1b52000810044001100e800800878002c
:10285800e40f500033003a00000eeb00d06820006f
:102868000000440080bf9f00e0ae2000000044004c
:10287800900078000fb89700f0c302000100000034
:102888006101b80041b42000810044008288be0084
:1028980001b4200081004400b10f5100a18f5900fc
:1028a8001f00320021b6200081004400910f500023
:1028b80016003a00c1b42000810044001000200036
:1028c8008008780081b420008100440080087800e6
:1028d800e0ae200000004400f0b79f00100278002e
:1028e8008fb997000041eb00824078002fb0970025
:1028f800de8c020001000000a0b4200000004400ab
:10290800ffb29700150878000600370080b4200051
:1029180000004400c1ff2f000108780001003700c3
:102928001d30a0000a05e900d3fb3a000e07e800b5
:10293800efb09700310090008e0f5000c7fb3c00ad
:102948004f0778004f06be004f05be004f04be007b
:082958000f01b10000000600b0
:020000040000fa
:020000040002f8
:10296000b5a60000b6a60000b8a60000bba60000f1
:10297000bfa60000c4a60000caa60000d1a60000a1
:10298000d9a60000e1a60000eba60000f5a6000015
:1029900001a700000da700001aa7000028a700004b
:1029a00036a7000046a7000056a7000067a7000052
:1029b00079a700008ca700009fa70000b2a7000025
:1029c000c5a70000d8a70000eaa70000fba70000e9
:1029d0000ba800001aa8000027a8000032a80000d9
:1029e0003ba8000042a8000047a8000049a800003a
:1029f00049a8000047a8000043a800003da8000027
:102a000035a800002ba8000020a8000012a8000094
:102a100003a80000f2a70000e0a70000cda7000077
:102a2000b8a70000a2a700008ba7000073a70000b2
:102a30005aa7000041a7000027a700000da700002b
:102a4000f1a60000d5a60000b8a600009ba60000d5
:102a50007da600005fa6000040a6000022a60000a0
:102a600003a60000e6a50000c9a50000ada5000072
:102a700093a500007aa5000063a500004ea5000004
:102a8000c4a30000a4a300008aa3000076a3000052
:102a900069a3000062a3000062a3000069a3000014
:102aa00079a3000090a30000afa30000d6a300000c
:102ab00005a400003ca400007aa40000bfa400000c
:102ac0000ba500005ea50000b6a5000012a6000040
:102ad00073a60000d8a600003fa70000a9a7000029
:102ae00015a8000081a80000eea800005ba9000066
:102af000c7a9000031aa000098aa0000fcaa0000a3
:102b00005dab0000b9ab00000fac000060ac000092
:102b1000abac0000efac00002cad000062ad0000db
:102b20008fad0000b5ad0000d1ad0000e5ad0000f7
:102b3000efad0000efad0000e4ad0000d0ad00004f
:102b4000b0ad000086ad000051ad000011ad000039
:102b5000c5ac00006eac00000cac00009eab0000e9
:102b600024ab00009eaa00000daa000071a900007d
:102b7000c9a8000016a8000059a7000091a60000ef
:102b8000c1a50000e7a4000005a400001ca30000ec
:102b90002da2000037a100003da00000409f0000d2
:102ba000b89f0000c69e0000d29d0000dc9c000083
:102bb000e59b0000ee9a0000f999000005990000dd
:102bc00015980000299700004296000062950000c9
:102bd00089940000ba930000f49200003a92000039
:102be0008c910000ec9000005b900000db8f0000f7
:102bf0006c8f00000f8f0000c68e0000928e0000c8
:102c0000738e00006b8e00007a8e0000a08e000094
:102c1000e08e00003a8f0000ad8f00003c90000075
:102c2000e7900000ae9100009392000095930000a1
:102c3000b5940000f595000055970000d598000068
:102c4000759a0000379c0000199e00001da000002e
:102c500043a2000089a40000f2a600007ba90000a6
:102c600025ac0000f1ae0000dcb10000e7b40000cc
:102c700012b800005bbb0000c1be000045c20000ee
:102c8000e4c500009dc900006fcd00005ad10000ce
:102c90005bd5000071d900009bdd0000d8e1000089
:102ca00027e6000084ea0000f0ee000069f300006f
:102cb000ecf7000078fc00000c010000a605000005
:102cc000c79c0000b59b0000a59a000097990000e2
:102cd0008f9800008c970000909600009e95000051
:102ce000b5940000d79300000693000042920000c4
:102cf0008d910000e890000054900000d18f0000fa
:102d0000618f0000048f0000bb8e0000868e0000e3
:102d1000668e00005b8e0000678e0000898e0000ca
:102d2000c38e0000148f00007e8f00000190000011
:102d30009c900000519100001f920000079300003a
:102d400009940000259500005b960000ac970000f8
:102d5000179900009d9a00003e9c0000f99d00001c
:102d6000cf9f0000c0a10000cba30000f0a5000091
:102d70002ea8000085aa0000f6ac00007eaf00007f
:102d80001eb20000d5b40000a2b7000085ba000052
:102d90007cbd000088c00000a6c30000d6c60000ad
:102da00016ca000066cd0000c4d000002fd4000079
:102db000a7d7000028db0000b4de000048e20000d6
:102dc000e4e5000086e900002ded0000d8f00000e9
:102dd00086f4000036f80000e7fb000098ff0000d2
:102de000bd0b00006d1000001c150000c61900008e
:102df0006a1e000006230000982700001d2c00001a
:102e000093300000f734000049390000853d000090
:102e1000aa410000b5450000a5490000774d00001b
:102e200029510000bb54000029580000725b0000cb
:102e3000955e00009061000060640000056700007e
:102e40007d690000c56b0000de6d0000c46f0000ee
:102e500078710000f872000043740000587500009b
:102e600037760000df7600004e770000867700009e
:102e7000867700004f770000e0760000397600008a
:102e80005c75000048740000fe7200007f71000055
:102e9000cc6f0000e66d0000ce6b0000846900007e
:102ea0000b670000636400008f6100008f5e00000c
:102eb000655b0000145800009c54000000510000a5
:102ec000404d0000604900006045000044410000a2
:102ed0000d3d0000bd38000056340000dc2f00001e
:102ee0004f2b0000b42600000b220000581d0000ec
:102ef0009e180000dd1300001a0f0000560a0000a3
:102f0000cc0800005c0d0000ee11000081160000ee
:102f1000141b0000a41f000030240000b52800008e
:102f2000332d0000a63100000d360000663a000087
:102f3000ae3e0000e4420000054700000e4b0000da
:102f4000fe4e0000d2520000885600001d5a0000bc
:102f50008f5d0000dc60000001640000fc66000082
:102f6000cc6900006f6c0000e26e0000247100006c
:102f7000347300000f750000b57600002378000060
:102f800059790000557a0000177b00009d7b0000f6
:102f9000e87b0000f67b0000c87b00005e7b000041
:102fa000b67a0000d1790000b078000052770000b6
:102fb000b8750000e2730000d2710000876f000056
:102fc000036d0000486a0000556700002c64000093
:102fd000d0600000415d0000805900009155000064
:102fe00073510000294d0000b54800001a4400004c
:102ff000583f0000743a00006f3500004b3000006d
:103000000d2b0000b525000048200000c81a000064
:10301000381500009b0f0000f5090000480400006f
:10302000c00400007e080000360c0000e70f00001e
:103030009113000031170000c71a0000511e000054
:10304000cf2100003f250000a0280000f12b000048
:10305000322f0000623200007f3500008938000006
:103060007f3b0000613e00002e410000e543000070
:103070008746000013490000884b0000e54d000022
:103080002b500000585200006d5400006a5600009a
:103090004d580000185a0000ca5b0000635d000034
:1030a000e35e00004b6000009a610000d262000005
:1030b000f3630000fd640000f1650000d1660000cc
:1030c0009c67000053680000f86800008a690000ef
:1030d0000c6a00007d6a0000df6a0000326b0000ad
:1030e000786b0000b26b0000e06b0000036c000026
:1030f0001d6c00002d6c0000366c0000386c000068
:10310000336c0000286c0000176c0000036c00009a
:10311000ea6b0000cf6b0000b16b0000926b000007
:10312000726b0000526b0000336b0000146b0000e8
:10313000f76a0000dc6a0000c46a0000ae6a0000a2
:10314000cf0100006c05000008090000a20c00007f
:103150003a100000ce1300005e170000ea1a0000cb
:103160006f1e0000ed21000064250000d228000041
:10317000372c0000902f0000df32000020360000c6
:1031800054390000793c00008d3f0000914200005e
:10319000814500005f480000284b0000dc4d000026
:1031a0007a5000000253000072550000ca57000018
:1031b000095a00002f5c00003b5e00002d600000fb
:1031c00005620000c263000063650000e96600005c
:1031d00054680000a5690000da6a0000f56b000081
:1031e000f66c0000dd6d0000a96e00005d6f000050
:1031f000f76f000079700000e37000003571000087
:103200007171000096710000a6710000a1710000ac
:10321000877100005a7100001b710000c970000026
:1032200065700000f16f00006c6f0000d86e000048
:10323000366e0000866d0000ca6c0000026c000053
:10324000306b0000546a00006f6900008368000062
:10325000916700009a6600009e650000a06400006f
:103260000d07000060020000b7fd000014f9000027
:103270007bf40000ebef000068eb0000f4e60000d8
:103280008fe200003dde0000fdd90000d3d5000034
:10329000c0d10000c4cd0000e2c900001ac6000081
:1032a0006fc20000e0be000070bb00001eb800004e
:1032b000edb40000ddb10000edae000020ac000078
:1032c00073a90000e9a6000081a400003aa2000052
:1032d00016a00000139e0000329c0000729a0000ad
:1032e000d398000054970000f5950000b5940000b5
:1032f0009593000093920000af910000e9900000c8
:1033000040900000b28f0000408f0000e78e000068
:10331000a98e0000828e0000738e00007b8e00005c
:10332000988e0000c98e00000e8f0000658f00008f
:10333000ce8f000046900000cd900000629100000a
:1033400003920000af9200006593000023940000f8
:10335000e9940000b6950000879600005e97000093
:103360003898000015990000f3990000d39a0000e6
:10337000b49b0000949c0000739d0000519e0000cf
:103380001c0400004eff000089fa0000d0f5000088
:1033900024f1000089ec000000e800008ce300004c
:1033a0002fdf0000ebda0000c1d60000b4d200002d
:1033b000c4ce0000f3ca000042c70000b2c3000040
:1033c00044c00000f8bc0000cfb90000cab600003d
:1033d000e7b3000029b100008eae000017ac00007a
:1033e000c3a9000093a7000085a500009ba30000cf
:1033f000d2a100002aa00000a39e00003c9d000076
:10340000f49b0000ca9a0000bd990000cc9800000f
:10341000f69700003b970000989600000e9600007b
:103420009a9500003b950000f1940000ba940000ca
:10343000949400007e940000779400007e94000035
:1034400090940000ae940000d49400000395000016
:103450003895000073950000b2950000f3950000c8
:103460003696000079960000ba960000f9960000a2
:10347000359700006d970000a0970000ce970000e0
:10348000f597000016980000309800004298000060
:103490004e980000519800004e980000439800009c
:1034a0001000000070fa0000d1f4000035ef0000b9
:1034b000a1e9000016e4000097de000028d9000012
:1034c000ccd3000084ce000054c9000040c40000ea
:1034d00048bf000071ba0000bcb500002cb100006c
:1034e000c4ac000086a8000075a4000092a00000f3
:1034f000e09c000060990000159600000093000019
:10350000229000007c8d0000108b0000e0880000fd
:10351000eb86000033850000b98300007c82000048
:103520007f810000c0800000418000000180000019
:103530000180000041800000c18000008181000006
:1035400080820000bd83000039850000f286000003
:10355000e8880000198b0000858d0000299000008c
:1035600005930000189600005f990000d99c0000a8
:1035700085a0000060a4000068a800009aac0000cc
:10358000f6b0000077b500001cba0000e2be0000f3
:10359000c7c30000c8c80000e3cd000015d3000079
:1035a0005bd80000b3dd00001be300008fe80000e3
:1035b0000dee000093f300001df90000aafe0000cc
:1035c0001ffd00005ef70000a3f10000f1eb00001a
:1035d0004ae60000b3e000002fdb0000c1d5000088
:1035e0006cd0000032cb000018c6000020c10000e3
:1035f0004cbc00009fb700001cb30000c4ae00002c
:1036000099aa00009ea60000d4a200003d9f0000e1
:10361000da9b0000ac980000b5950000f79200001e
:1036200071900000268e0000158c0000408a00007a
:10363000a78800004a8700002a860000478500000e
:10364000a084000037840000098400001884000072
:1036500063840000e9840000aa850000a5860000bc
:10366000da87000047890000eb8a0000c58c000063
:10367000d38e000015910000899300002c96000065
:10368000fe980000fc9b0000259f000077a2000030
:10369000f0a500008da900004cad00002bb100008a
:1036a00028b5000040b9000071bd0000b8c100009d
:1036b00013c600007fca0000fbce000084d30000c8
:1036c00018d80000b4dc000057e10000fee500005f
:1036d000a7ea000050ef0000f7f300009bf800009d
:1036e000156c0000176c00001a6c00001f6c0000c5
:1036f000266c00002e6c0000366c0000406c000050
:10370000496c0000536c00005b6c0000636c0000af
:10371000696c00006c6c00006c6c0000696c00004f
:10372000626c0000556c0000426c0000296c0000c7
:10373000096c0000e16b0000af6b0000736b0000d0
:103740002b6b0000d66a0000746a0000046a000057
:1037500083690000f26800004f680000986700006d
:10376000cf660000f0650000fd640000f363000018
:10377000d26200009b6100004c600000e55e00002a
:10378000665d0000cf5b00001e5a00005558000027
:103790007256000076540000615200003250000062
:1037a000eb4d00008b4b00001249000081460000e9
:1037b000d943000019410000423e0000553b000083
:1037c000523800003a3500000d320000cc2e0000c7
:1037d000792b0000142800009d240000182100000f
:1037e000841d0000e3190000361600007f1200005f
:1037f000bf0e0000f70a00002b070000590300006d
:103800002469000005690000ed680000db68000025
:10381000d0680000cb680000ce680000d8680000c7
:10382000e9680000016900001f69000043690000a9
:103830006d6900009b690000cc690000016a00000e
:10384000366a00006d6a0000a26a0000d56a0000b6
:10385000036b00002d6b00004f6b00006a6b0000d3
:103860007a6b0000806b0000796b0000646b0000d5
:103870003f6b0000096b0000c06a0000636a000033
:10388000f069000067690000c56800000a68000070
:103890003467000042660000356500000a640000dd
:1038a000c062000058610000d05f0000275e000089
:1038b0005d5c0000725a000065580000355600003b
:1038c000e35300006f510000d84e00001f4c000071
:1038d000434900004646000027430000e63f000041
:1038e000853c00000339000062350000a231000071
:1038f000c52d0000cb290000b6250000882100005e
:10390000411d0000e418000072140000ee0f0000da
:10391000590b0000b5060000050200004bfd000039
:103920001865000027640000346300004062000056
:103930004c61000058600000655f0000745e00008c
:10394000865d00009a5c0000b25b0000cf5a000068
:10395000f159000019590000465800007b5700003b
:10396000b7560000fb550000475500009d5400006d
:10397000fc53000064530000d65200005352000074
:10398000d95100006951000004510000a950000005
:103990005850000012500000d54f0000a34f000007
:1039a0007b4f00005d4f0000494f00003e4f00007c
:1039b0003e4f0000494f00005e4f00007d4f000069
:1039c000a64f0000da4f0000185000005f500000c2
:1039d000b15000000d51000072510000e151000093
:1039e00058520000d952000063530000f553000004
:1039f0009054000032550000dc5500008d56000048
:103a00004557000002580000c45800008b590000c0
:103a1000575a0000265b0000f95b0000cf5c0000f5
:103a2000a75d0000815e00005d5f00003a6000005d
:103a300018610000f6610000d4620000b26300006b
:103a4000276200001661000007600000fc5e0000b5
:103a5000f65d0000f65c0000fd5b00000d5b000001
:103a6000265a00004959000076580000b05700005f
:103a7000f556000047560000a655000013550000fb
:103a80008c54000013540000a7530000485300005a
:103a9000f6520000b0520000775200004a52000077
:103aa0002952000013520000095200000952000080
:103ab0001452000029520000475200006e520000cc
:103ac0009d520000d35200001153000055530000d6
:103ad000a0530000f153000046540000a154000020
:103ae0000055000063550000c95500003256000023
:103af0009d5600000957000076570000e45700006b
:103b000051580000be580000295900009359000088
:103b1000fa5900005f5a0000c15a00001e5b000005
:103b2000775b0000cb5b0000195c0000615c00006b
:103b3000a35c0000dd5c0000115d00003e5d000044
:103b4000645d0000825d00009a5d0000a95d0000d8
:103b5000b25d0000b45d0000af5d0000a35d000039
:103b6000a6a0000090a1000076a2000055a30000ce
:103b70002ea4000000a50000cba500008ea600002a
:103b800048a70000faa70000a2a8000041a9000071
:103b9000d7a9000062aa0000e3aa00005aab000007
:103ba000c8ab00002aac000083ac0000d2ac00001f
:103bb00017ad000052ad000083ad0000abad0000ba
:103bc000c8ad0000dcad0000e6ad0000e6ad0000d1
:103bd000dead0000cbad0000b0ad00008cad00004c
:103be00060ad00002bad0000eeac0000abac0000ff
:103bf00060ac00000fac0000baab00005fab00008f
:103c000000ab00009daa000037aa0000cea900006a
:103c100063a90000f7a800008aa800001ca8000003
:103c2000afa7000042a70000d7a600006da60000c5
:103c300006a60000a1a500003fa50000e2a4000028
:103c400089a4000035a40000e7a300009fa30000a2
:103c50005da3000023a30000efa20000c2a20000a9
:103c60009ca200007ea2000066a2000057a20000f5
:103c70004ea200004ca2000051a200005da2000074
:103c8000b59d00007f9e0000489f000010a000002e
:103c9000d8a000009ea1000063a2000026a300009f
:103ca000e8a30000a8a4000066a5000022a600006a
:103cb000dba6000091a7000043a80000f2a80000c6
:103cc0009ca9000042aa0000e3aa00007dab00000e
:103cd00011ac00009eac000024ad0000a2ad0000bd
:103ce00018ae000086ae0000ebae000047af00004b
:103cf00099af0000e2af000022b0000057b0000012
:103d000081b00000a1b00000b7b00000c2b0000058
:103d1000c2b00000b7b00000a2b0000083b0000045
:103d20005ab0000026b00000e8af0000a1af0000cc
:103d30004faf0000f3ae00008eae00001fae0000db
:103d4000a8ad000027ad00009dac00000bac00004a
:103d500070ab0000ceaa000024aa000073a90000e6
:103d6000bba80000fea700003ca7000075a600004d
:103d7000a9a50000daa4000007a4000031a30000f8
:103d800059a200007fa10000a3a00000c69f000070
:103d9000e89e00000a9e00002c9d00004e9c000042
:103da000aa990000a199000090990000769900005e
:103db000549900002b990000fa980000c298000066
:103dc0008498000041980000f9970000ae97000029
:103dd0005f9700000f970000bd9600006c960000f2
:103de0001d960000d19500008895000045950000c3
:103df00009950000d5940000ab9400008b9400005e
:103e0000769400006f940000769400008c9400007b
:103e1000b3940000eb9400003795000097950000e4
:103e20000c960000979600003a970000f697000065
:103e3000cc980000be990000cb9a0000f69b0000d1
:103e4000409d0000a89e000030a00000d9a1000005
:103e5000a3a300008ea500009ba70000cba9000033
:103e60001dac000091ae000028b10000e1b30000dd
:103e7000bdb60000bab90000d9bc00001ac00000ed
:103e80007bc30000fdc600009eca00005ece00009d
:103e90003bd2000035d600004ada000078de000090
:103ea000bfe200001ce700008eeb000012f00000f3
:103eb000a7f400004bf90000fbfd0000b502000074
:103ec000b89600008f9600006296000031960000c0
:103ed000fe950000c8950000929500005b950000db
:103ee00024950000f0940000bd9400008e94000022
:103ef000639400003d9400001d94000004940000b1
:103f0000f2930000e8930000e8930000f0930000b3
:103f100003940000219400004b9400008294000060
:103f2000c6940000199500007a950000ec950000f9
:103f30006e96000002970000a897000061980000ac
:103f40002d9900000e9a0000039b00000d9c0000bc
:103f50002e9d0000659e0000b49f00001ba1000084
:103f60009aa2000031a40000e2a50000aba7000067
:103f70008ea900008aab00009fad0000ceaf00000c
:103f800015b2000075b40000eeb600007fb9000065
:103f900027bc0000e7be0000bec10000abc40000ab
:103fa000aec70000c6ca0000f3cd000034d1000047
:103fb00087d40000ecd7000063db0000e8de0000df
:103fc0007ce200001de60000cae9000081ed00006f
:103fd00041f1000009f50000d5f80000a7fc000041
:103fe000ae050000480b0000d9100000601600006c
:103ff000da1b00004321000099260000da2b0000a4
:104000000231000010360000003b0000d13f0000ec
:10401000804400000a4900006e4d0000a9510000d4
:10402000ba5500009f590000565d0000dd60000099
:104030003364000056670000456a0000fe6c000013
:10404000806f0000c9710000da730000b0750000d5
:104050004b770000aa780000cd790000b37a000009
:104060005c7b0000c77b0000f67b0000e87b000063
:104070009d7b0000177b0000567a00005b790000f2
:1040800026780000b9760000157500003b7300002b
:104090002d710000eb6e0000776c0000d469000009
:1040a0000267000004640000db600000895d00001e
:1040b000105a000073560000b4520000d54e0000a4
:1040c000d84a0000c04600008f420000483e000071
:1040d000ed39000081350000053100007c2c000026
:1040e000e82700004c230000a91e0000021a00006f
:1040f00059150000b0100000090c00006507000011
:10410000bd02000036080000ac0d00001b130000cb
:1041100083180000e01d0000312300007228000019
:10412000a22d0000be320000c4370000b23c0000e7
:104130008441000039460000ce4a0000414f000093
:104140008f530000b7570000b55b0000885f000088
:104150002d630000a2660000e5690000f56c000018
:10416000cf6f000073720000de7400001077000053
:1041700007790000c17a00003e7c00007d7d0000d0
:104180007d7e00003e7f0000bf7f0000ff7f0000bb
:10419000ff7f0000bf7f00003f7f00007f7e0000a8
:1041a000807d0000437c0000c77a00000e7900008b
:1041b00018770000e77400007b720000d76f0000e2
:1041c000fb6c0000e8690000a166000027630000a6
:1041d0007b5f0000a05b0000985700006653000062
:1041e0000a4f0000894a0000e44500001e4100001b
:1041f000393c0000383700001d320000eb2c000075
:10420000a52700004d220000e51c000071170000ea
:10421000f31100006d0c0000e306000056010000e1
:10422000b2fe000058030000f3070000810c0000fc
:10423000001100006d150000c81900000e1e0000de
:104240003e22000057260000572a00003d2e0000a5
:1042500008320000b735000048390000bb3c0000c0
:1042600010400000454300005b460000504900003c
:10427000254c0000d94e00006c510000de530000b8
:104280002e5600005c580000695a0000555c000082
:10429000205e0000ca5f000053610000bd620000a4
:1042a00008640000346500004266000034670000c6
:1042b0000a680000c568000068690000f269000033
:1042c000666a0000c56a00000f6b0000466b0000c4
:1042d0006c6b0000826b0000896b0000826b000039
:1042e000706b0000526b00002c6b0000fd6a000038
:1042f000c86a00008d6a00004e6a00000d6a000066
:10430000ca6900008769000046690000076900006b
:10431000cb6800009368000060680000326800000d
:104320000b680000ea670000d0670000be6700006d
:10433000b2670000af670000b2670000bd67000011
:10434000c0fb000047000000c60400003d0900005b
:10435000a90d00000b12000060160000a71a000053
:10436000de1e0000062300001b2700001e2b00009d
:104370000c2f0000e5320000a8360000533a000080
:10438000e53d00005d410000ba440000fb4700002d
:104390001f4b0000254e00000c510000d5530000bb
:1043a0007d560000065900006e5b0000b55d000000
:1043b000dc5f0000e1610000c5630000886500006b
:1043c00029670000aa6800000b6a00004b6b000020
:1043d0006b6c00006d6d0000516e0000176f0000e7
:1043e000c06f00004e700000c07000001971000026
:1043f000577100007e7100008d7100008571000012
:104400006871000037710000f27000009b700000be
:1044100032700000ba6f0000336f00009e6e000023
:10442000fd6d0000516d00009b6c0000dd6b000015
:10443000176b00004a6a000079690000a26800005a
:10444000c8670000eb6600000d6600002d650000e7
:104450004c6400006c6300008d620000af610000de
:10446000fe0000003afd000074f90000aef5000007
:10447000eaf1000028ee00006aea0000b1e6000060
:10448000ffe2000055df0000b5db00001fd8000090
:1044900095d4000019d10000abcd00004dca00003a
:1044a00000c70000c5c300009dc0000089bd00001a
:1044b0008bba0000a3b70000d2b4000018b200000d
:1044c00076af0000edac00007daa000026a8000039
:1044d000e8a50000c5a30000bba10000cc9f000020
:1044e000f79d00003d9c00009d9a00001799000078
:1044f000ac9700005b960000269500000b9400002e
:104500000a9300002392000057910000a39000003e
:1045100009900000878f00001d8f0000cb8e0000e7
:104520008f8e00006a8e00005a8e00005f8e0000a1
:10453000798e0000a68e0000e58e0000378f000007
:104540009b8f00000f9000009490000028910000c5
:10455000ca9100007a92000036930000fe9300009a
:10456000d0940000ac950000919600007d9700006b
:104570006f98000066990000629a0000609b00003e
:104580000dfe000029fa000047f600006af2000064
:1045900093ee0000c5ea000002e700004ae30000d5
:1045a0009fdf000004dc000079d8000000d5000087
:1045b0009ad1000048ce00000bcb0000e4c70000f9
:1045c000d5c40000dcc10000fcbe000034bc00000b
:1045d00085b90000efb6000072b400000fb2000011
:1045e000c6af000097ad000081ab000086a90000b7
:1045f000a4a70000dca500002da4000097a20000e5
:1046000019a10000b39f0000659e00002e9d0000d0
:104610000d9c0000039b00000f9a00002f990000e2
:1046200064980000ad97000008970000769600009f
:10463000f49500008395000021950000ce940000c1
:10464000889400004e94000020940000fd93000028
:10465000e3930000d3930000ca930000c8930000c6
:10466000cd930000d8930000e9930000fd93000073
:1046700016940000319400004f9400006e940000e6
:104680008e940000ae940000cd940000ec940000e5
:1046900009950000249500003c950000529500000b
:1046a00002fa00004bf500008ef00000cfeb000096
:1046b00010e7000052e2000098dd0000e5d800009d
:1046c0003bd400009dcf00000ccb00008bc6000047
:1046d0001ec20000c6bd000085b900005fb5000025
:1046e00055b100006bad0000a2a90000fca50000c0
:1046f0007da20000269f0000f99b0000f8980000b2
:1047000025960000809300000d910000cb8e0000e4
:10471000be8c0000e58a000042890000d7870000b7
:10472000a3860000a9850000e984000063840000de
:10473000188400000a84000038840000a28400006d
:104740004a8500002f86000050870000ae880000d8
:10475000488a00001e8c00002e8e00007990000018
:10476000fd920000b8950000ab980000d49b0000bb
:10477000309f0000bfa2000080a600006faa0000ca
:104780008dae0000d7b200004bb70000e6bb0000c2
:10479000a8c000008cc5000091ca0000b5cf000081
:1047a000f3d400004bda0000b8df000038e5000069
:1047b000c8ea000065f000000bf60000b8fb00003e
:1047c00010f7000039f2000061ed00008be80000f6
:1047d000b9e30000f0de000030da00007ed5000012
:1047e000dbd000004bcc0000d0c700006cc3000041
:1047f00022bf0000f4ba0000e5b60000f6b20000e7
:104800002aaf000083ab000001a80000a8a40000ac
:1048100077a10000729e00009a9b0000ef980000b4
:10482000749600002a940000119200002b90000062
:10483000798e0000fc8c0000b48b0000a18a00007f
:10484000c589000020890000b18800007a88000036
:104850007a880000b188000020890000c789000024
:10486000a48a0000b88b0000028d0000818e000039
:10487000349000001a920000329400007c960000f0
:10488000f59800009d9b0000719e000071a1000042
:104890009ba40000eca7000064ab000000af000088
:1048a000c0b20000a0b60000a0ba0000bcbe00006c
:1048b000f3c2000043c70000aacb000024d00000d0
:1048c000b1d400004cd90000f5dd0000a8e20000e2
:1048d00062e7000023ec0000e6f00000aaf500000b
:1048e00006660000f1660000d8670000b9680000a5
:1048f000956900006a6a0000386b0000fd6b0000db
:10490000b96c00006b6d0000136e0000af6e00000c
:104910003e6f0000c16f0000367000009c70000008
:10492000f3700000397100006f7100009471000095
:10493000a7710000a7710000937100006b71000067
:104940002e710000db70000071700000ef6f00003e
:10495000566f0000a36e0000d86d0000f36c0000dd
:10496000f36b0000d96a0000a469000054680000dd
:10497000e966000063650000c26300000762000092
:1049800031600000405e0000355c0000105a0000fd
:10499000d25700007b5500000a53000082500000ef
:1049a000e24d00002b4b00005e4800007b450000fc
:1049b00084420000783f00005a3c00002a39000081
:1049c000ea3500009a3200003c2f0000d12b000095
:1049d00059280000d82400004c210000b81d000018
:1049e0001c1a00007a160000d3120000280f0000e5
:1049f0007a0b0000ca0700001904000068000000dc
:104a000015630000e0630000aa6400007565000003
:104a10003f66000008670000d0670000956800004e
:104a2000596900001a6a0000d76a00008f6b000005
:104a3000436c0000f06c0000966d0000336e0000c7
:104a4000c86e0000516f0000cf6f00003f70000083
:104a5000a1700000f370000034710000627100006a
:104a60007e71000084710000757100004f710000bc
:104a700011710000ba70000049700000bd6f0000a5
:104a8000156f0000506e00006d6d00006b6c000033
:104a90004b6b00000b6a0000ab6800002b67000046
:104aa0008b650000c9630000e7610000e35f000060
:104ab000bd5d0000775b00000e59000085560000c8
:104ac000db5300000f510000244e0000194b000082
:104ad000ee470000a54400003f410000bb3d000040
:104ae0001c3a00006336000091320000a62e000040
:104af000a52a00008f26000065220000281e000065
:104b0000d91900007c15000010110000970c00005e
:104b10001408000088030000f4fe00005afa0000a8
:104b20000a5f0000025f0000f25e0000db5e000032
:104b3000bb5e0000955e0000675e0000315e000015
:104b4000f55d0000b35d00006a5d00001b5d0000c4
:104b5000c75c00006e5c0000105c0000ae5b0000f3
:104b6000485b0000df5a0000745a0000075a00003a
:104b7000995900002a590000bb5800004b5800000a
:104b8000dc5700006e5700000057000095560000eb
:104b90002b560000c35500005f550000fd54000077
:104ba0009f54000046540000f0530000a053000042
:104bb0005553000011530000d45200009e520000d3
:104bc000715200004b5200002f5200001b52000097
:104bd00011520000115200001c520000305200001f
:104be000505200007a520000af520000ef52000015
:104bf0003b53000092530000f45300006254000045
:104c0000dc54000062550000f35500008f56000090
:104c100037570000ea570000a75800006f590000fe
:104c20003f5a0000195b0000fb5b0000e45c0000e1
:104c3000d35d0000c95e0000c35f0000c0600000db
:104c4000185c0000f05b0000c55b0000965b000094
:104c5000655b0000325b0000fe5a0000ca5a00008b
:104c6000955a0000615a00002e5a0000fc590000bd
:104c7000cb5900009c5900007059000045590000b4
:104c80001d590000f7580000d4580000b358000028
:104c900093580000765800005b580000425800000e
:104ca0002c5800001758000005580000f557000068
:104cb000e7570000da570000d0570000c85700003f
:104cc000c1570000bc570000b9570000b75700009b
:104cd000b7570000b9570000bd570000c357000088
:104ce000cb570000d5570000e0570000ee570000fa
:104cf000fd5700000e5800002058000033580000f7
:104d0000485800005e580000755800008d5800009b
:104d1000a6580000bf580000d9580000f358000002
:104d20000f5900002b590000485900006559000038
:104d300083590000a1590000c0590000de5900004d
:104d4000fd5900001a5a0000375a0000535a00005b
:104d50006d5a0000865a00009d5a0000b25a0000a9
:020000040000fa
:020000040002f8
:104d6000889fbe00000478008004eb00200520002e
:104d70000800400009087800800520000800400075
:104d800009087800080178001000200021012000a7
:104d90009a84020001000000406a2000202c980044
:104da0004006200008004000090878002006200086
:104db00008004000090878000007200008004000b3
:104dc00009087800f0ff2700302c98006000b80038
:104dd0005024980061249800e0042000080040005e
:104de0000908780008289000cf80de00f00f5000fe
:104df000e08f580077003e000006010010003700e9
:104e00001b003700730037001000370071003700b7
:104e1000700037006f0037006e0037001100370058
:104e20000d0037006b0037006a003700670037005d
:104e30006600370060003700100037003700370089
:104e4000703e2000202c980062003700401f200098
:104e5000202c98005f003700c05d2000202c9800b7
:104e60005c003700c05d2000202c980059003700fe
:104e7000004e2000202c980056003700f040200003
:104e8000202c9800e2912d00131020000000eb0070
:104e90002804b000890420006102b9000402420025
:104ea00085824a00848fd2008582d20004f0a1005e
:104eb0008400d0003803d000068240004220a800c1
:104ec000a8824a004200a9004220ae004200a80089
:104ed0000482d300910180000203780006f0a40050
:104ee0008383d20007d0fe001603780001d0fe00b5
:104ef000a101800085037800a7018800060a7800d8
:104f0000a10188000000e80062014100e081490041
:104f1000890f5000e0ff3a002e003700f08120009a
:104f2000202c9800c2e92d00131020000000eb0097
:104f30002804b0006102b9000402420085824a00e0
:104f4000848fd2008582d20004f0a1008400d000ba
:104f50003803d000068240004220a800a8824a0000
:104f60004200a9004220ae004200a8000482d30003
:104f7000910180000203780006f0a4008383d20030
:104f800007d0fe001603780001d0fe00a1018000ca
:104f900085037800a7018800060a7800a10188002f
:104fa0000000e80062014100e0814900fb0f500071
:104fb000e0ff3a0007003700f0812000202c980025
:104fc00090612600302c980002003700c05d200060
:104fd000202c98004f04be0000000600ea8747001e
:104fe000889fbe008a9fbe008c9fbe008e1f7800e7
:104ff0000005780001077800e2b79f0066004700cf
:105000000008eb000200e0002d0034004b052000fa
:105010008a854500680420000a044400e60447002d
:105020006005200000004500d0b79f001b017800fc
:10503000cf91de00180078009800900082b3020043
:1050400001000000008cbe00110020000a00780062
:10505000f4890200010000001906d0001e06460077
:10506000dfb09700910678000001eb0082bf9f003f
:10507000f30320009a816100f3b79f007fb197008e
:105080008fb9970038004100a88049000002b100a4
:105090000180b100a0b30200010000008d00780083
:1050a00074b5020001000000000e78001900e8004d
:1050b000800c7800efb19700808f5100dbff3c003f
:1050c0004f0778004f06be004f05be004f04be00dc
:1050d000af00b1000000060050219000e0219000d8
:1050e000e00f5100e08f590008003d00e0289000db
:1050f0000118a3000c003200c2052000000141008d
:105100000100a0000109780007003700e0289000a6
:105110000118a30004003a00c2052000000141006c
:105120000100a00001097800e02890007128980093
:1051300000000600889fbe0050239000e0239000ee
:10514000cf38de008100d0000400200005002400dc
:105150008781620004017800e00f5100e08f590060
:10516000010032000100a000e02990000310a70018
:105170000130a000702b90000610a7000120a000b5
:10518000610cb8000804440089844c00e4fe2d0042
:10519000151020000802420089824a009101800017
:1051a00004f0a4008582d20005d0fe00140278002d
:1051b00001d0fe00c10520008080400083087200fd
:1051c000e2002e00131020000801410089814900ef
:1051d0009401800002f0a4008381d20003d0fe007d
:1051e0001201780004d0fe00e005b000060871004e
:1051f0004f04be00000006000f02b000889fbe00f2
:105200008a9fbe008c9fbe008e1f7800000478002d
:1052100081067800d2b79f00668046000008eb0048
:105220000000eb00a0af9f00dfb097000100e0009e
:10523000030134008c072000080646008305200087
:1052400083014400f3b79f00a40720000402440038
:10525000c4af9f00c507200085024400b5af9f0082
:105260008606200006034400e6b79f001c00e0000d
:10527000b4003a00ffb397001700e0003f003a0087
:10528000c90520008884440019007800800c400083
:10529000e0052000080040009000780001884000f0
:1052a00008007800a3ff0700a004200008004000c9
:1052b00010027800900290004229dd00ce21de002d
:1052c000830171004221dd000288be00e00420005d
:1052d000080040001088e9002fa897000080e8002f
:1052e000a0af9f00190078000058a3000900320009
:1052f0000080ea007f006000f200b900cfa89700ac
:1053000080087800e0072000080040001000a0009e
:10531000070037007f006000f200b900cfa99700b6
:1053200080097800e0072000080040001000a1007c
:10533000782890000058a300090032000080ea009d
:105340007f006000f200b9003faa9700000a7800d1
:10535000e0072000080040001010a0000700370000
:105360007f006000f200b900bfaa9700800a7800b1
:10537000e0072000080040001010a1007fb3970054
:1053800016007800cfab970017024000bfa8970027
:10539000910140000000e800000b7800f10f500080
:1053a00001003400000beb00efb29700950078008d
:1053b000313498005830900060349800783990006b
:1053c0000208a300140032008002eb000402420035
:1053d00085824a00e6ec2900b6b79f00171020002e
:1053e000c7b79f003fb39700cfb3970004024300b5
:1053f00085824b009601800004f0a4008582d200d3
:1054000005d0fe001402780006d0fe00efb397002e
:10541000840bea00130037008002eb000402420014
:1054200085824a00e6ec290096b79f0017102000fd
:10543000a7b79f001fb39700afb3970004024300c4
:1054400085824b009601800004f0a4008582d20082
:1054500005d0fe001402780006d0fe00efb39700de
:10546000840b78000218a300150032006119b800ff
:105470000201410083814900e4ec2900f4af9f0060
:105480001510200085b79f007fab97008fb3970062
:105490000201430083814b009401800002f0a400cc
:1054a0008381d20003d0fe001201780004d0fe00f8
:1054b000a3062000888141008209ea00120037001b
:1054c0006119b8000201410083814900e7ec29001d
:1054d000d7af9f0014102000e4af9f005fab970090
:1054e000efab97000201430083814b0094018000e1
:1054f00002f0a4008381d20003d0fe0012017800e4
:1055000004d0fe0052349800e20620000801410059
:10551000efb39700178910008000eb00020720000e
:105520000801410001097800d831900022072000cd
:105530000801410000895100400720000800400098
:10554000010878001c00e800000e7800e30f50000e
:1055500001003400000eeb00690420008884440040
:105560001900780099009000c25d2000030020001f
:1055700082b3020001000000808cbe00e685460078
:105580001b07d0001d07470086b402000100000081
:10559000800078000a072000080545001a007800fe
:1055a0004280de00383190000200400074b50200f5
:1055b000010000008120250074b5020001000000f8
:1055c000000f78001b07d0001d0747001e00780061
:1055d00080bf9f001900780099009000a0b30200de
:1055e0000100000080007800490720008884440002
:1055f000190078004280de0068319000020040000f
:1056000074b50200010000008120250074b502007d
:10561000010000008fb89700010f40007830900023
:105620001a0d400018389000990c40001b00e8004b
:10563000800d7800dfb19700808f51000bff3c0098
:105640002fa897004f0778004f06be004f05be00f9
:105650004f04be000f02b100000006000f02b000b0
:10566000889fbe008a9fbe008c9fbe008e1f780060
:105670000004780081067800d2b79f00668046005b
:105680000008eb000000eb00a0af9f00dfb0970028
:105690000100e000030134008c07200008064600ea
:1056a0008305200083014400f3b79f00a407200076
:1056b00004024400c4af9f00c507200085024400d7
:1056c000b5af9f008606200006034400e6b79f00a2
:1056d0001c00e000b4003a00ffb397001700e000a0
:1056e0003f003a00c9052000888444001900780072
:1056f000800c4000e0052000080040009000780089
:1057000001884000080078008afe0700a0042000fd
:105710000800400010027800900290004229dd004d
:10572000ce21de00830171004221dd000288be002f
:10573000e0042000080040001088e9002fa897002e
:105740000080e800a0af9f00190078000098a30037
:10575000090032000080ea00f01fb200ec00b9003e
:10576000cfa8970080087800e007200008004000dc
:105770001000a00007003700f01fb200ec00b900d5
:10578000cfa9970080097800e007200008004000ba
:105790001000a100782890000098a30009003200b2
:1057a0000080ea00f01fb200ec00b9003faa9700a9
:1057b000000a7800e0072000080040001010a00058
:1057c00007003700f01fb200ec00b900bfaa970035
:1057d000800a7800e0072000080040001010a100b7
:1057e0007fb3970016007800cfab970017024000f8
:1057f000bfa89700910140000000e800000b78006e
:10580000eb0f500001003400000beb00efb29700eb
:10581000950078003134980058309000603498003a
:10582000783990000208a300140032008002eb00d7
:105830000402420085824a0046572700b6b79f00ff
:1058400007102000c7b79f003fb39700cfb3970062
:105850000402430085824b009601800004f0a400fe
:105860008582d20005d0fe001402780006d0fe002a
:10587000efb39700840bea00130037008002eb00bf
:105880000402420085824a004657270096b79f00cf
:1058900007102000a7b79f001fb39700afb3970072
:1058a0000402430085824b009601800004f0a400ae
:1058b0008582d20005d0fe001402780006d0fe00da
:1058c000efb39700840b78000218a3001500320094
:1058d0006119b80002014100838149004457270043
:1058e000f4af9f000510200085b79f007fab9700a5
:1058f0008fb397000201430083814b009401800025
:1059000002f0a4008381d20003d0fe0012017800cf
:1059100004d0fe00a3062000888141008209ea002d
:10592000120037006119b80002014100838149006b
:1059300047572700d7af9f0004102000e4af9f0017
:105940005fab9700efab97000201430083814b00f0
:105950009401800002f0a4008381d20003d0fe00f5
:105960001201780004d0fe0052349800e2062000b4
:1059700008014100efb39700178910008000eb0089
:10598000020720000801410001097800d831900089
:105990002207200008014100008951004007200033
:1059a00008004000010878001c00e800000e7800a4
:1059b000e30f500001003400000eeb0069042000ea
:1059c0008884440019007800990090002267200024
:1059d0000300200082b3020001000000808cbe00a2
:1059e000e68546001b07d0001d07470086b402006d
:1059f00001000000800078000a072000080545002b
:105a00001a0078004280de00383190000200400029
:105a100074b50200010000008120250074b5020069
:105a200001000000000f78001b07d0001d07470091
:105a30001e00780080bf9f00190078009900900038
:105a4000a0b3020001000000800078004907200098
:105a500088844400190078004280de00683190009c
:105a60000200400074b50200010000008120250002
:105a700074b50200010000008fb89700010f4000cc
:105a8000783090001a0d400018389000990c4000b2
:105a90001b00e800800d7800dfb19700808f510077
:105aa0000bff3c002fa897004f0778004f06be0061
:105ab0004f05be004f04be000f02b10000000600fb
:105ac0000f02b000889fbe008a9fbe008c9fbe0060
:105ad0008e1f78000004780081067800d2b79f00fe
:105ae000668046000008eb000000eb00a0af9f00be
:105af000dfb097000100e000080134008c072000af
:105b0000080646008305200083014400f3b79f0088
:105b1000a407200004024400c4af9f00c507200072
:105b200085024400b5af9f008606200006034400ae
:105b3000e6b79f001c00e000b9003a00ffb39700f1
:105b40001700e00043003a00c905200088844400a3
:105b500019007800800c4000e0052000080040009b
:105b600090007800018840000800780071fd07006f
:105b7000a00420000800400010027800900290006d
:105b80004229dd00ce21de00830171004221dd00cb
:105b90000288be00e0042000080040001088e900f0
:105ba0002fa897000080e800a0af9f009900780020
:105bb0000158a3000a0032008180ea00ff806000e3
:105bc000800420008088b900cfa897008008780062
:105bd000e0072000080040001000a0000800370087
:105be000ff806000800420008088b900cfa9970062
:105bf00080097800e0072000080040001000a100a4
:105c0000f82890000158a3000a0032008180ea00c1
:105c1000ff806000800420008088b9003faa9700c0
:105c2000000a7800e0072000080040001010a000e3
:105c300008003700ff806000800420008088b900e1
:105c4000bfaa9700800a7800e00720000800400003
:105c50001010a1007fb3970016007800cfab97001b
:105c600017024000bfa89700910140000000e80023
:105c7000000b780071042000810f500001003400f7
:105c8000000beb00efb297009500780031349800dc
:105c90005830900060349800783990000208a300d2
:105ca000140032008002eb000402420085824a00a8
:105cb000064b2100b6b79f0017102000c7b79f0002
:105cc0003fb39700cfb397000402430085824b0097
:105cd0009601800004f0a4008582d20005d0fe0069
:105ce0001402780006d0fe00efb39700840bea00a0
:105cf000130037008002eb000402420085824a0054
:105d0000064b210096b79f0017102000a7b79f00f1
:105d10001fb39700afb397000402430085824b0086
:105d20009601800004f0a4008582d20005d0fe0018
:105d30001402780006d0fe00efb39700840b7800c1
:105d40000218a300150032006119b80002014100d9
:105d500083814900044b2100f4af9f0015102000ff
:105d600085b79f007fab97008fb397000201430078
:105d700083814b009401800002f0a4008381d20053
:105d800003d0fe001201780004d0fe00a30620001c
:105d9000888141008209ea00120037006119b800c9
:105da0000201410083814900074b2100d7af9f00ca
:105db00014102000e4af9f005fab9700efab97009b
:105dc0000201430083814b009401800002f0a40093
:105dd0008381d20003d0fe001201780004d0fe00bf
:105de00052349800e206200008014100efb397000a
:105df000178910008000eb00020720000801410015
:105e000001097800d83190002207200008014100e4
:105e10000089510040072000080040000108780078
:105e20001c00e800000e7800e30f50000100340071
:105e3000000eeb00690420008884440019007800fb
:105e400099009000c25d20000300200082b3020090
:105e500001000000808cbe00e68546001b07d000d4
:105e60001d07470086b40200010000008000780092
:105e70000a072000080545001a0078004280de006d
:105e8000383190000200400074b5020001000000ab
:105e90008120250074b5020001000000000f780089
:105ea0001b07d0001d0747001e00780080bf9f0021
:105eb0001900780099009000a0b3020001000000d2
:105ec0008000780049072000888444001900780089
:105ed0004280de00683190000200400074b502008c
:105ee000010000008120250074b5020001000000bf
:105ef0008fb89700010f4000783090001a0d4000d5
:105f000018389000990c40001b00e800800d7800c4
:105f1000dfb19700808f510006ff3c002fa897004b
:105f20004f0778004f06be004f05be004f04be006d
:105f30000f02b10000000600f4874700889fbe00f2
:105f40008a9fbe008c9fbe008e1f780000047800e0
:105f500081067800e2b79f00668046000008eb00eb
:105f60000000eb0080b79f000200e0009c003400be
:105f70008b072000888545008c0520000806460018
:105f8000a10720008100440091b79f0082062000f5
:105f900002014400f2b79f0064062000040244009e
:105fa00084bf9f001b00e00069003a001c00e00075
:105fb0002a003a00c90520008884440019007800ae
:105fc000800c4000e00520000800400090007800b0
:105fd00001884000080078003ffc0700a004200072
:105fe000080040001001780090019000020141007b
:105ff000838149000288be00e004200008004000c0
:106000001008e9008fb297008502e80085b79f006d
:10601000190078000058a300090032000080ea004f
:106020007f006000f200b9009fb097008008780000
:10603000e0072000080040001000a0000700370023
:106040007f006000f200b9001fb1970000097800de
:10605000e0072000080040001000a1001c007800ac
:106060001fb29700140140000000e800000e780005
:10607000f10f500001003400000eeb00ffb297005a
:10608000150078008fb8970080087800f8389000e5
:106090000108a300140032008001eb00020141005e
:1060a00083814900e4ec2900c4b79f00151020004b
:1060b000d5b79f004fb29700dfb2970002014200b0
:1060c00083814a009101800002f0a4008381d20004
:1060d00003d0fe001201780001d0fe00ffb297004d
:1060e000820aea00130037008001eb000201410040
:1060f00083814900e1ec2900a1b79f001410200022
:10610000b4b79f002fb29700bfb2970002014200c0
:1061100083814a009101800002f0a4008381d200b3
:1061200003d0fe001201780001d0fe00ffb29700fc
:10613000820a7800e1062000888040007fb1970045
:106140009208100000072000080040000008eb0043
:106150001b00e800800d7800e30f500001003400c0
:10616000800deb0069042000888444001900780049
:1061700099009000c25d20000300200082b302005d
:1061800001000000808cbe00668546001a07d00022
:106190001d074700a0b30200010000008000780046
:1061a0000907200088844400190078004280de003e
:1061b0000fba97001400400074b5020001000000ff
:1061c000000f780078309000990c40001a00e80029
:1061d000000d7800efb29700808f520071ff3c00f5
:1061e0000fb097004f0778004f06be004f05be0066
:1061f0004f04be004f01b10000000600f4874700c5
:10620000889fbe008a9fbe008c9fbe008e1f7800b4
:106210000004780081067800e2b79f00668046009f
:106220000008eb000000eb0080b79f000200e000d8
:106230009f0034008b072000888545008c052000d6
:1062400008064600a10720008100440091b79f0086
:106250008206200002014400f2b79f00640620007d
:106260000402440084bf9f001b00e0006c003a0061
:106270001c00e0002c003a00c9052000888444007e
:1062800019007800800c4000e00520000800400064
:106290009000780001884000080078008efb07001d
:1062a000a004200008004000100178009001900038
:1062b00002014100838149000288be00e004200001
:1062c000080040001008e9008fb297008502e8003e
:1062d00085b79f00190078000058a3000a0032001b
:1062e0000080ea007f006000810420008180b90006
:1062f0009fb0970080087800e00720000800400069
:106300001000a000080037007f006000810420001a
:106310008180b9001fb1970000097800e0072000d4
:10632000080040001000a1001c0078001fb2970078
:10633000140140000000e800000e78007104200005
:10634000810f500001003400000eeb00ffb29700f7
:10635000150078008fb8970080087800f838900012
:106360000108a300140032008001eb00020141008b
:1063700083814900044b2100c4b79f001510200001
:10638000d5b79f004fb29700dfb2970002014200dd
:1063900083814a009101800002f0a4008381d20031
:1063a00003d0fe001201780001d0fe00ffb297007a
:1063b000820aea00130037008001eb00020141006d
:1063c00083814900014b2100a1b79f0014102000d8
:1063d000b4b79f002fb29700bfb2970002014200ee
:1063e00083814a009101800002f0a4008381d200e1
:1063f00003d0fe001201780001d0fe00ffb297002a
:10640000820a7800e1062000888040007fb1970072
:106410009208100000072000080040000008eb0070
:106420001b00e800800d7800e30f500001003400ed
:10643000800deb0069042000888444001900780076
:1064400099009000c25d20000300200082b302008a
:1064500001000000808cbe00668546001a07d0004f
:106460001d074700a0b30200010000008000780073
:106470000907200088844400190078004280de006b
:106480000fba97001400400074b50200010000002c
:10649000000f780078309000990c40001a00e80056
:1064a000000d7800efb29700808f52006eff3c0025
:1064b0000fb097004f0778004f06be004f05be0093
:1064c0004f04be004f01b10000000600f2874700f4
:1064d000889fbe008a9fbe008c9fbe008e1f7800e2
:1064e0000004be00a2b79f00668044000008eb00d5
:1064f0000000eb00b0b79f000200e0006f00340026
:106500008b07200088854500ac0420000806460063
:10651000e10420008100440091b79f004d05200058
:10652000888646006a042000080545001b00e0003c
:106530000a003a001c0078009c0090000000400017
:1065400081804800008ebe001fb197001209e9004b
:10655000bfb197008301e800b3b79f001d01780029
:10656000cf91de001a0078009a00900082b30200fa
:1065700001000000008dbe0011002000080078001e
:10658000f489020001000000f00320000100200057
:106590000102780084bf9f0098026000f5b79f0059
:1065a0007fb197008fb997003a004100aa80490057
:1065b0000002b1000180b1001c0178009c01900034
:1065c000e00f5100e08f590004003d0082052000db
:1065d000080141001209e80003003700820520008d
:1065e000080141001209e900482990000200e0007a
:1065f00004003c0082052000080141000009eb0076
:1066000005003700e3352000830f510002003400fd
:10661000f2352000422c9800390190000201d00090
:1066200019014100c2b79f0048299000cf91de00b8
:106630000201410083814900c47c2700d4b79f0038
:1066400015102000e5b79f005fb29700efb29700ea
:106650000201420083814a009401800002f0a400fc
:106660008381d20003d0fe001207780004d0fe0020
:10667000a0b30200010000008e00780074b5020093
:1066800001000000cfb29700800a78001b00e800ec
:10669000800d7800f1432100810f5000010034008b
:1066a000800deb00e68044001100e80080087800cf
:1066b000afb09700808f50009cff3c003fb0970028
:1066c0004f0778004f06be004f05be004f04be00c6
:1066d0002f01b10000000600f0874700889fbe0030
:1066e0008a9fbe008c9fbe008e1f78000006780037
:1066f00001047800b2b79f00660044000008eb0078
:106700000000eb00c0b79f000200e0005e00340014
:106710008a0520000c054500cb0520008c8545002e
:10672000ae0420000c074700e10420008100460071
:10673000a1b79f00690420008c8444001a007800ef
:106740000000e00012003a009b00780081804000c9
:10675000810d78001e0178009e0190000201410029
:1067600083814900028fbe00e00f5100e08f590085
:1067700002003d000100a000810d78002fb19700bc
:106780001209e900cfb197008301e800c3b79f0069
:106790004480de009b00780067816000f211b90040
:1067a000020140008001eb000201410083814900a9
:1067b000e0e72c00f0b79f001110200081bf9f0080
:1067c0007fb097008fb89700020140008381480096
:1067d0009101800002f0a4008381d20003d0fe006a
:1067e0001201780001d0fe00cf91de001900780080
:1067f0009900900082b3020001000000808cbe006e
:10680000110020000c007800f48902000100000053
:10681000b80690008d06d00098864600f003200050
:106820000100200001017800e2b79f009c01600098
:10683000d3b79f005fb19700efb1970039004100d7
:10684000a98049000002b1000180b100a0b302009c
:1068500001000000800e78001a00e800000d7800aa
:10686000f1112000810f500001003400000deb00f9
:10687000e60044001100e80080087800bfb19700ee
:10688000808f5100adff3c004fb097004f0778005c
:106890004f06be004f05be004f04be000f01b10001
:1068a00000000600e6874700889fbe008a9fbe0062
:1068b0008c9fbe008e1f78008106780082bf9f00eb
:1068c000e68046008008eb000007eb008fb89700d9
:1068d0000100e0003300340088052000000444007b
:1068e000a904200080844400e104200081004000cd
:1068f000f1b79f006a04200000054500e6854600c8
:106900001800e00008003a00190078009900900093
:106910000000400081804800808cbe007fb097005e
:106920001008e9000e07e8001900780099009000af
:10693000e00f5000e08f580003003d00024b2000a4
:10694000030020000200370082892000030020009d
:106950001a0078009a00900082b302000100000043
:10696000008dbe001b06d0001d064600a0b302002d
:1069700001000000000e78001800e800000c78000c
:1069800071042000810f500001003400000ceb0066
:106990001b00e800800d78008fb89700808f5000b2
:1069a000d7ff3c000e0078004f0778004f06be006e
:1069b0004f05be004f04be006f00b100000006008e
:1069c000889fbe008a9fbe008c9fbe008e1f7800ed
:1069d000e68140008009eb008005eb000200e0004a
:1069e000390034008605200000034300ca0520005a
:1069f00000054500ad04200080864600e004b0009c
:106a00000b067800e683400096017800f18f510074
:106a1000030034000c0b78008c0178000200370072
:106a20000300e0000f003a001a0478000807440051
:106a30000e0d78001d0478009d04900008044400a9
:106a400089844c00888ebe00e00f5400e08f5c000b
:106a500002003d000e00a0000e0d78001008e900b5
:106a60008b05e8001707d000110747001a027800cd
:106a700067046200f244b900088441008004eb001e
:106a80000804440089844c00e4f92c00151020000f
:106a90000804420089844a009301800008f0a400a1
:106aa0008984d20009d0fe001804780003d0fe00cb
:106ab000080f7800160be8009701e800830b7800b8
:106ac000830f5100d0ff3c000b0078004f07780087
:106ad0004f06be004f05be004f04be00000006007a
:106ae000889fbe008a9fbe008c9fbe008e1f7800cc
:106af000e68140008009eb008005eb000200e00029
:106b0000390034008605200000034300ca05200038
:106b100000054500ad04200080864600e004b0007a
:106b20000b067800e683400096017800e88f51005c
:106b3000030034000c0b78008c0178000200370051
:106b40000300e0000f003a001a0478000807440030
:106b50000e0d78001d0478009d0490000804440088
:106b600089844c00888ebe00e00f5400e08f5c00ea
:106b700002003d000e00a0000e0d78001008e90094
:106b80008b05e8001707d000110747001a027800ac
:106b900067046200e944b900088441008004eb0006
:106ba0000804440089844c00e49a2d00151020004c
:106bb0000804420089844a009301800008f0a40080
:106bc0008984d20009d0fe001804780003d0fe00aa
:106bd000080f7800160be8009701e800830b780097
:106be000830f5100d0ff3c000b0078004f07780066
:106bf0004f06be004f05be004f04be000000060059
:106c0000ee874700889fbe008a9fbe008c9fbe0013
:106c10008e1f78000006be00d2b79f006680460037
:106c20000008eb000000eb00e0b79f000200e0006e
:106c300066003400480620000c0444002a062000a8
:106c40000c054500a104200081004600c1b79f004b
:106c50000b0420008c854500e20420000201460060
:106c6000b2b79f0018007800f10f50000200340006
:106c7000000ceb00020037000000e0002e003a009c
:106c80001a00e800000d7800e80f50000100340001
:106c9000000deb004fb297001401780094019000b2
:106ca0004f18de00000040000201410083814900ce
:106cb000e00f5100e08f590001003d000000a000ee
:106cc0000201410083814900cfb29700828abe0051
:106cd0001a01d0001b014100630060008000eb003e
:106ce000000040008180480067162e00f7b79f0023
:106cf0001310200083bf9f007fb297008fba9700c8
:106d00000000420081804a009301800000f0a4004e
:106d10008180d20001d0fe001000780003d0fe0078
:106d200000097800bfb29700958ae900efb3970099
:106d30008783e800e7b79f00e68446001907d00084
:106d40001d07470018007800cf80de00430add00f1
:106d5000cd02de00850272004302dd00848fd20086
:106d60008582d20004f0a10006ff2f00430020001e
:106d70001c209000ac2090000001d0008403d000c3
:106d8000070241004220a800858248004200a90075
:106d90004220ae004200a8000482d30092002000ee
:106da0009a0078001b00780034b602000100000051
:106db000000f7800180ce8001900e800800c78003b
:106dc000dfb09700808f5000a6ff3c006fb09700a7
:106dd0004f0778004f06be004f05be004f04be00af
:106de000ef00b10000000600ee874700889fbe005c
:106df0008a9fbe008c9fbe008e1f78000006be00da
:106e0000d2b79f00668046000008eb000000eb0050
:106e1000e0b79f000200e000620034004806200056
:106e20000c0444002a0620000c054500a1042000a3
:106e300081004600c1b79f000b0420008c854500ef
:106e4000e204200002014600b2b79f00180078005b
:106e5000e80f500002003400000ceb000200370085
:106e60000000e0002e003a001a00e800000d780053
:106e7000e80f500001003400000deb004fb2970006
:106e800014017800940190004f18de0000004000cb
:106e90000201410083814900e00f5100e08f590059
:106ea00001003d000000a000020141008381490073
:106eb000cfb29700828abe001a01d0001b014100a8
:106ec000630060008000eb0000004000818048000b
:106ed00067162e00f7b79f001310200083bf9f0096
:106ee0007fb297008fba97000000420081804a006d
:106ef0009301800000f0a4008180d20001d0fe0048
:106f00001000780003d0fe0000097800bfb297009f
:106f1000958ae900efb397008783e800e7b79f0001
:106f2000e68446001907d0001d07470018027800c4
:106f30006622b900848fd2008582d20004f0a100bd
:106f400006ff2f00330020001c209000ac20900092
:106f50000001d0008403d000070241004220a800b5
:106f6000858248004200a9004220ae004200a800ed
:106f70000482d300920020009a0078001b00780061
:106f800034b6020001000000000f7800180ce80081
:106f90001900e800800c7800dfb09700808f500067
:106fa000aaff3c006fb097004f0778004f06be0065
:106fb0004f05be004f04be00ef00b1000000060008
:106fc00002002800030020000218980013189800ff
:106fd0006011b800421098005310980050219000a2
:106fe000cf91de004f1add00c112de008502720073
:106ff0004f12dd0024109800351098008582d100d2
:107000000482d300420320000001410006002c004e
:10701000f7ff2f000619420007914a000001eb001c
:10702000c30420008081410082097800e30420002d
:1070300080814100820978000306200080814100a0
:1070400082097800230620008081410082097800af
:10705000430620008081410082097800e306200079
:10706000808141008209780003072000808141006f
:1070700082097800a30620008081410082097800ff
:10708000c306200080814100820978006307200048
:10709000808141001340a10042002000423098004e
:1070a0006109b900f30f5100e08f5900b1003e00b3
:1070b000020601009a0037006e0037007d0037009d
:1070c000890037000f003700aa003700a9003700f9
:1070d000a80037002d0037003a003700a500370020
:1070e000a4003700410037004e003700570037003a
:1070f0009c003700960037009e0037009d00370047
:1071000011003700310020002128980041002000a4
:1071100031289800810220004128980001052000b4
:1071200051289800e1e7270061289800a105200078
:107130007128980011002000313098007100200063
:10714000413098008b003700310020002128980042
:107150004100200031289800810220004128980039
:1071600001052000512898005155250061289800fc
:10717000a1052000712898001100200031309800ee
:1071800071002000413098007a0037001100200083
:107190002128980022002000322898008202200036
:1071a00042289800020220005228980052552500db
:1071b00062289800a20520007228980031309800bb
:1071c0006c0037000105200051289800c1052000ff
:1071d000808040008008eb00a10520007128980005
:1071e000210020003130980062003700110020009b
:1071f0002128980022002000322898000205200053
:10720000422898000202200052289800525525007a
:1072100062289800a205200072289800313098005a
:10722000540037000105200051289800c1052000b6
:10723000808040008008eb00c10520007128980084
:1072400021002000313098004a003700010520005d
:1072500051289800c1052000808040008008eb0084
:10726000210620007128980021002000313098006c
:107270004000370021002000212898003100200024
:1072800031289800010520004128980051289800d5
:107290005155250061289800e104200071289800cc
:1072a000110020003130980071002000413098001a
:1072b0003000370011002000212898002200200013
:1072c0003228980002052000422898005228980091
:1072d0005255250062289800520520007228980017
:1072e0003130980023003700110020002128980039
:1072f0002200200032289800021420004228980022
:107300000205200052289800525525006228980056
:10731000a20520007228980031309800150037002f
:107320001100200021289800312898000205200033
:10733000422898005228980052552500622898004b
:10734000f2052000722898003130980009003700bb
:10735000c1052000712898002100200031309800dc
:107360000400370011062000712898002100200039
:1073700031309800e005b00090007800c708dd00cb
:10738000b24721000289b9004399de00cf88de00b0
:107390000108510000000600e00f5000e08f580087
:1073a00002003d0060001000e080180000000600b0
:1073b000889fbe008a9fbe008c9fbe00800478001c
:1073c0006033b8006022b8008000eb00648644009f
:1073d0008006eb00748544008005eb006109b9006c
:1073e00002014100838149000c0041001004780033
:1073f0004fc0de0004024400850248000a0141003b
:10740000120178004f90de00060341008703480018
:107410008100e800e88f5000f0ff3a00e00f5300d1
:10742000e08f5b0002003d0067034300e0834b00f8
:107430004d39dd004330de0000007100c3b8de00ce
:107440000001be00e00f5200e08f5a0002003d0034
:1074500067024200e0824a004d2bdd004320de003f
:1074600000007300c3a8de000200500083805800b3
:107470004f0ade0000004200e08048008180d10019
:107480000080d300c906b000820c40004f06be0049
:107490004f05be004f04be00000006009020900083
:1074a00080219000838f50000600340012002000dd
:1074b00020209000808f50000a003c000001eb006b
:1074c000080037000001eb00838f500005003d00ed
:1074d0002020900022002000808f50000100350005
:1074e0000001eb0002007800000006000000e00050
:1074f00005003400100020000100e0000600340008
:107500000000eb0004003700100020000100e00044
:1075100001003c000000eb0000000600820f50005c
:107520000500340010002000810f510006003d00ce
:107530000000eb000400370010002000810f510014
:10754000010035000000eb00000006002600fa00f4
:10755000889fbe008a9fbe008c9fbe00800478007a
:1075600081067800620f9800430f9800340f98004e
:107570003d0090000000e0001e0134008005eb009b
:107580004a042000090545000803200009044400be
:107590008c022000090646004003200000804400c1
:1075a000700f98004102200081804400510f980024
:1075b000281798000b00d0001d0040001000780034
:1075c000000d78001c0278009c029000ae10900024
:1075d00031014200a1814a00028ebe007e0a900065
:1075e000b40f5100a48f59007a003400de0a9000d5
:1075f000351e510025965900b93890000108a300a6
:1076000013003a00810320008980400011017800b6
:107610009101900002014100838149008288be00ef
:10762000e1032000898040009108e800e9309000e3
:10763000810f500018003400800320000900400032
:107640000202be000400a0000488be001200370041
:107650008103200089804000110178009101900091
:1076600002014100838149008288be00e1032000bd
:10767000898040009108e800e9309000810f5000b7
:1076800005003d0080032000090040000202be000a
:107690000400a0000488be0079189000f00f50008c
:1076a00033003a006e089000d00078000101d0004d
:1076b000ee0a900015014100c919900003097800f5
:1076c0008100e8000108780025009000808f5000bc
:1076d00024003a00b1029800c408dd00c1029800fd
:1076e000293090000000e00003003c0019309000b9
:1076f0000000e000040034006e0a900072004200b6
:107700001000a00003003700ee0a900072804200d3
:107710001000a100f6874700768457006e0890009d
:107720000a000900301c78006801b1006001b10056
:107730004e089000fe97020001000000be08900075
:107740000e0078002896020001000000ee0890006c
:107750000a000900be1878006101b1006e01b10095
:1077600088077800e0032000090040000008eb00d3
:10777000692890008000eb0049199000d919900009
:10778000800f5100818f590002003a005929900062
:10779000a234980021062000898040001100e900f1
:1077a0008008780003003b0020062000090040000c
:1077b0000008eb0041062000898040001100e9002c
:1077c0008008780003003b004006200009004000cc
:1077d0000008eb009a0078001920900043ff070092
:1077e0000000e0003c00320079299000cf91de00db
:1077f0009c0078008388b9005912900082a2b900d9
:10780000040040000209b80083014000e00f51006d
:10781000e08f590002003d00f207b0000380b00085
:10782000c91add004712de000482720004179800b6
:107830004798de00101798000e1190009e119000de
:10784000028ebe00c92890004f08de0001004000f3
:107850000080d10019319000800f510002003d00de
:10786000a9299000932c980069219000792090001c
:1078700000005100802c980003003b00020520000e
:10788000090141000009ea00092990001928900027
:10789000800f51000b003d0002062000090141004d
:1078a0001200e8000009780049319000820f500072
:1078b0000700360091349800392a9000942c9800e3
:1078c0000300370000062000090040001008d10026
:1078d000e9229000f5249800393890000048a30070
:1078e0002e00320009007800ecfe0700e10f500086
:1078f00016003200e20f50002b003a000107200072
:10790000898040001100e80080087800e70f5000ef
:107910000500340000072000090040000008eb00cb
:1079200009007800a2fe070009389000cf80de0031
:107930006a004000e080480000004000818048006c
:10794000008044001a08780017003700e106200084
:10795000898040001100e80080087800e70f50009f
:1079600005003400e0062000090040000008eb009c
:10797000090078008efe070079309000cf80de008d
:1079800062004000e0804800000040008180480024
:10799000008044001a08780003003700c006200069
:1079a000090040000008eb0020042000090040000e
:1079b00090007800812498001a087800c104200003
:1079c000898040001100e80080087800d9209000ec
:1079d000810f500003003500c00420000900400062
:1079e0000008eb008b05e8003d0090008b0f500075
:1079f000f0fe3c004f06be004f05be004f04be0027
:107a00000080fa00000006002a00fa00889fbe00ed
:107a10008a9fbe008c9fbe0080047800810578009c
:107a2000720f9800430f9800340f98003b009000ad
:107a30000000e000c60034000006eb00480420000f
:107a4000090444008d0420008986460000032000bc
:107a500000804400600f98008a022000090545005c
:107a60004103200081804400510f9800481798007e
:107a70006160b90000014000818148001b014100a4
:107a8000920178004e1190000309780061004000d7
:107a9000e080480000004000818048001b0040005a
:107aa00010017800820e78001a0278009a02900085
:107ab0006e0b900036004200a6804a00008dbe008a
:107ac0005e0a9000b40f5000a48f58007600340076
:107ad00029129000b9129000041d5000059558001d
:107ae000c00320000900400090007800c208dd00bb
:107af000010878000300e00004003400c003200007
:107b0000090040000110a000010878000200e00018
:107b100003003400c0032000090040001000a00052
:107b2000691990006f0161008001eb0002014100c2
:107b300083814900e5fa2d000517980016102000f2
:107b4000161798000e1090009e1090000201400041
:107b5000838148009001800002f0a4008381d2005c
:107b600003d0fe001201780000d0fe006113b900be
:107b7000800320000900400010027800900290006d
:107b80004229dd00ce21de00830171004221dd00ab
:107b900002017300838173000288be00692890008f
:107ba0008000eb00800f5100818f590002003a00e5
:107bb000d9289000a1349800e1032000898040007a
:107bc0001180e80080087800ef0f50002e0034008c
:107bd000e0032000090040000008eb007e08900050
:107be000d00078000102d000fe0a90001502420089
:107bf000020a78008100e800010878002500900062
:107c0000808f500020003a00b1029800c408dd00c7
:107c1000c1029800293090000000e000030032000b
:107c2000728042001000a000030037007e0b90001d
:107c3000720043001000a100f687470076845700c9
:107c40007e0890000a000900301c78006801b1002d
:107c50006001b1004e089000fe9702000100000094
:107c6000be0890000e007800289602000100000077
:107c7000fe0890000a000900be1878006101b100fa
:107c80006e01b1008807780041062000898040001d
:107c90001100e9008008780003003b004006200046
:107ca000090040000008eb004e119000120478001b
:107cb00019209000880078000cfe07000000e0000a
:107cc00005003a009d0078003920900007fe07006b
:107cd0000000e0001700320079299000cf91de000b
:107ce0009a0078008388b9005912900082a2b900e6
:107cf000040040000209b80083014000e00f510079
:107d0000e08f590002003d00f207b0000380b00090
:107d1000c91add004712de000482720024179800a1
:107d2000479bde00361798002e109000be10900082
:107d3000008dbe00982498009d007800b124980022
:107d40000c86e8003b0090008c0f500048ff3c0080
:107d50004f06be004f05be004f04be000080fa0073
:107d6000000006003a00fa00889fbe008a9fbe000d
:107d70008c9fbe00800478008105780002067800a0
:107d8000330f9800040478003b0090000000e000ee
:107d9000760134000005eb00890678006480440019
:107da0006101b8002217980033179800481f980007
:107db000393890000008a300060032008a00d00085
:107dc0009b80400040042000090040001108ea00a8
:107dd000040037000a00d0001b00400010007800ab
:107de000a02498000918900099189000c202200061
:107df0000901410032024000a28248000400be0096
:107e00000489be0029199000b9199000820f520010
:107e1000838f5a008c00340029129000b912900010
:107e2000c2022000090141000419500005915800c8
:107e30008002eb00151f98001904d000081f98005d
:107e40000e1a90009e1a9000848cbe00292090008b
:107e50000000e00012003d0002072000090141007f
:107e60009200e80001097800e78f50000300340019
:107e700001072000898040008008eb00093990004c
:107e8000cf91de006a014100e0814900020141001a
:107e90008381490082804400800878001400370004
:107ea000e2062000090141009200e8000109780083
:107eb000e78f500003003400e10620008980400075
:107ec0008008eb0079319000cf91de006201410023
:107ed000e0814900020141008381490002814400a0
:107ee000000978000401be000200a000828cbe00e0
:107ef000190078009900900053552500830f500019
:107f0000e08f580050003a00393890000018a30064
:107f10004d003a000000eb006022b8006033b8006a
:107f2000f48046006109b800221f9800331f9800b2
:107f30006101b90002014100838149002e149000c3
:107f400088004100910078004f8cde0006834000dd
:107f500087034c00ae1890000101410092007800a8
:107f60004f89de0004824000850249000000e800dd
:107f7000e80f5000eeff3a00e00f5300e08f5b0087
:107f800002003d0067034300e0834b004d38dd00f5
:107f90004334de0008047000480f9800c3b8de00c8
:107fa000510f98004e089000de089000e00f52003c
:107fb000e08f5a0002003d0067024200e0824a0062
:107fc000cd29dd004321de0002817100620f98009f
:107fd00043acde00780f98006e099000fe09900017
:107fe00002005000838058004f0ade000002420069
:107ff000e08248008582d1000482d300c2062000be
:1080000009014100ee09900003094200c306200067
:108010008389b9000300b8008100410042062000b6
:10802000030020006e06020000000000d03498001b
:1080300069129000f9129000c4149800d5149800a9
:10804000d92a9000a534980009189000991890003a
:10805000820220000901410032024000a282480051
:108060000400be000489be0029199000b9199000cf
:10807000820f5200838f5a0098003400291290001a
:10808000b912900082022000090141000419500039
:10809000059158004104200089804000693090001b
:1080a00011001000800878008103200089804000c2
:1080b0001101780091019000431add00cd12de001d
:1080c000850272004312dd00241f9800351f9800be
:1080d0008488be00e103200089804000910278007e
:1080e00063844200880878000000e0001f0035002b
:1080f0006700b90059319000cf91de006e06020092
:108100000000000063006000cf80de00000040003f
:108110008180480082ff250042179800131020003c
:10812000531798004e129000de129000000042009b
:1081300081804a009301800000f0a4008180d20079
:1081400001d0fe001000780003d0fe006101b900ec
:1081500081032000898040002e1a9000be1a9000f2
:1081600084187100859071001f00370091ff2f0067
:108170000180b90059319000cf91de006e060200f7
:108180000000000063006000cf80de0000004000bf
:108190008180480065142e000517980012102000f9
:1081a000121798000e1290009e12900000004200dc
:1081b00081804a009301800000f0a4008180d200f9
:1081c00001d0fe001000780003d0fe006101b9006c
:1081d00081032000898040002e1a9000be1a900072
:1081e0008418710085907100ef0f54003300340043
:1081f00070045400f81c98000c007800d00078003f
:108200000101d0001c014100491a9000d91a9000c8
:108210000804e900030033008502d1000482d30082
:10822000fbff3700040978008100e80001087800ae
:108230002c009000808f500020003a0031069800fa
:10824000c408dd0041069800193090000000e000ed
:1082500003003c00293090000000e00003003400df
:10826000720046001000a0000200370072004600b5
:108270001000a100f6874700768457000a00090025
:108280003c1c78006801b1006c01b1003e08900010
:10829000fe97020001000000ce1890000e0078004a
:1082a00028960200010000000a0009003e1e780026
:1082b0006c01b1006e01b100880778004106200012
:1082c000898040001100e9008008780003003b002d
:1082d00040062000090040000008eb00292490001f
:1082e000192090000001eb00880078008bfc07004b
:1082f0000000e0001800320079299000cf91de00e4
:10830000e91090008388b9007912900082a2b90028
:10831000040040000209b80083014000e00f510052
:10832000e08f590002003d00f207b0000380b0006a
:108330004918dd00c712de0085027000651798003d
:10834000c798de00711798006e119000fe11900022
:10835000e2149800f3149800982498000a05e800a5
:108360003b0090008a0f500091fe3c004f06be007b
:108370004f05be004f04be000080fa00000006005a
:108380003600fa00889fbe008a9fbe008c9fbe0008
:10839000800478008106780032179800430f980017
:1083a000340f98003d0090000000e0003d013400d3
:1083b0008005eb006007200000804400001f98004b
:1083c0004c0420000906460008032000090444006c
:1083d000ca022000090545004103200081804400b5
:1083e000111f9800281f98000e19900012017800a4
:1083f00061006100040032000b00d0001d0040004d
:10840000100eea00030037000b00d0001d004000f2
:10841000100e78001a0278009a0290002e1990002f
:1084200032004200a2804a00008dbe009e199000da
:10843000b30f5000a38f58006a0034002911900038
:10844000b9119000021d50000395580019017800e1
:10845000990190000201410083814900828cbe0095
:108460001c0078000000e00012003d000207200020
:10847000090141009200e80001097800e78f5000ef
:108480000300340001072000898040008008eb00d1
:1084900009399000cf91de006a014100e081490076
:1084a00002014100838149000281440000097800f3
:1084b00014003700e4062000090242009400e8009e
:1084c000010a7800e78f500003003400e106200025
:1084d000898040008008eb0079329000cfa2de0056
:1084e00062024200e0824a000402420085824a00a1
:1084f00004824400000a78000202be000400a000ca
:10850000848cbe008e1a9000950278006280620012
:1085100034003a000000eb00201798009900780022
:10852000111798001e119000ae119000c4cc2c00c1
:10853000840f5100e08f590008003a0009007800cc
:108540009bfb0700a03c9800a1062000898040000a
:10855000800840008e1a90001530a0000000eb004b
:108560000017980099007800710f98007e0990001c
:108570008e119000a4aa2a00840f5100e08f5900a8
:1085800018003a001a0078009a009000c014980071
:10859000d11498000900780085fb0700903c9800f2
:1085a0000e19900012017800e80061000a00320004
:1085b0008e199000820078000130a1000120a000f7
:1085c0008109780029399000a106200089804000a7
:1085d0008208400003003700a10620008980400087
:1085e0008008400082022000090141001202780048
:1085f00092029000ae19900033004200a3804a001e
:108600000089be001e1a9000b40f5000a48f5800bd
:108610008100340029129000b912900082022000db
:10862000090141000419500005915800693090007b
:108630001c001000000e780081032000898040009b
:108640001101780091019000421add00ce12de0087
:10865000850272004212dd008488be00e203200021
:10866000090141009283e800070978000000e0005a
:108670001e003500e300b9005931900011000900d7
:108680000200d8008000fd00010178006101610056
:10869000cf91de000201410083814900e0142e00e9
:1086a0004017980011102000511798004e109000ac
:1086b000de10900002014000838148009601800096
:1086c00002f0a4008381d20003d0fe0012017800e2
:1086d00006d0fe00cf91de0080032000090040009c
:1086e00004187100059071001e003700d2ff2f00a2
:1086f0008280b90059319000110009000200d800b1
:108700008000fd000101780061016100cf91de0071
:10871000020141008381490060152e00500f98002e
:1087200011102000610f98005e089000ee08900084
:1087300002014000838148009001800002f0a40003
:108740008381d20003d0fe001201780000d0fe0029
:10875000cf91de0080032000090040000418710062
:1087600005907100ef8f53002b003400f080530010
:10877000f11c98003e109000500178008201d0005a
:108780003e12900094814100491a9000d91a90003d
:108790008100e900030033008502d1000482d30088
:1087a000fbff3700840978000201e8000208780026
:1087b000be12900025009000800f510016003a0074
:1087c000b20298004411dd00c2029800f68747000b
:1087d000768457000a000900351c78006801b10052
:1087e0006501b1004e089000fe97020001000000f4
:1087f000be0890000e0078002896020001000000dc
:108800003e1090000a0009003e1878006001b10097
:108810006e01b100880778001c04780019209000d0
:108820000001eb00880078003cfb07000000e0003e
:108830001700320079299000cf91de009a0078006d
:108840008388b9007912900082a2b9000400400028
:108850000209b80083014000e00f5100e08f590089
:1088600002003d00f207b0000380b000491add00ad
:10887000c710de008100720061179800c79ade0001
:10888000751798006e109000fe109000008dbe00cd
:10889000982498008b05e8003d0090008b0f500055
:1088a000d1fe3c000000eb00410620008980400022
:1088b000800878002906b000800c78004f06be00c2
:1088c0004f05be004f04be000080fa000000060005
:1088d0003a00fa00889fbe008a9fbe008c9fbe00af
:1088e000800478008106780032179800430f9800c2
:1088f000340f98003d0090000000e0004201340079
:108900008005eb006007200000804400201f9800d5
:108910004c04200009064600080320000904440016
:10892000ca0220000905450041032000818044005f
:10893000311f9800481f98002e19900012017800ee
:1089400061006100040032000b00d0001d004000f7
:10895000100eea00030037000b00d0001d0040009d
:10896000100e78001a0278009a0290004e199000ba
:1089700032004200a2804a00008dbe00be19900065
:10898000b30f5000a38f58006a00340029119000e3
:10899000b9119000021d500003955800190178008c
:1089a000990190000201410083814900828cbe0040
:1089b0001c0078000000e00012003d0002072000cb
:1089c000090141009200e80001097800e78f50009a
:1089d0000300340001072000898040008008eb007c
:1089e00009399000cf91de006a014100e081490021
:1089f000020141008381490002814400000978009e
:108a000014003700e4062000090242009400e80048
:108a1000010a7800e78f500003003400e1062000cf
:108a2000898040008008eb0079329000cfa2de0000
:108a300062024200e0824a000402420085824a004b
:108a400004824400000a78000202be000400a00074
:108a5000848cbe00ae1a900095027800628062009d
:108a600034003a000000eb002017980099007800cd
:108a7000111798001e119000ae119000c4cc2c006c
:108a8000840f5100e08f590008003a000900780077
:108a900047fa0700a03c9800a1062000898040000a
:108aa00080084000ae1a90001530a0000000eb00d6
:108ab0000017980099007800710f98007e099000c7
:108ac0008e119000a4aa2a00840f5100e08f590053
:108ad00018003a001a0078009a009000c01498001c
:108ae000d11498000900780031fa0700903c9800f2
:108af0002e19900012017800e80061000a0032008f
:108b0000ae199000820078000130a1000120a00081
:108b10008109780029399000a10620008980400051
:108b20008208400003003700a10620008980400031
:108b300080084000820220000901410012027800f2
:108b400092029000ce19900033004200a3804a00a8
:108b50000089be003e1a9000b40f5000a48f580048
:108b60008600340029129000b91290008202200081
:108b70000901410004195000059158006930900026
:108b80001c001000000e7800810320008980400046
:108b90001101780091019000431add00cd12de0032
:108ba000850272004312dd00641798007517980063
:108bb0008488be00e1032000898040009102780093
:108bc00063844200880878000000e0001f00350040
:108bd0006700b90059319000cf91de006e060200a7
:108be0000000000063006000cf80de000000400055
:108bf0008180480082ff2500421798001310200052
:108c0000531798004e129000de12900000004200b0
:108c100081804a009301800000f0a4008180d2008e
:108c200001d0fe001000780003d0fe006101b90001
:108c300081032000898040006e129000fe12900097
:108c400084187100859071001f00370091ff2f007c
:108c50000180b90059319000cf91de006e0602000c
:108c60000000000063006000cf80de0000004000d4
:108c70008180480065142e00550f980012102000c6
:108c8000620f98005e0a9000ee0a90000000420019
:108c900081804a009301800000f0a4008180d2000e
:108ca00001d0fe001000780003d0fe006101b90081
:108cb00081032000898040006e129000fe12900017
:108cc0008418710085907100ef0f54002b00340060
:108cd00070045400f81c98003e109000d0007800fa
:108ce0000101d000be12900015014100491a900008
:108cf000d91a90000804e900030033008502d1006e
:108d00000482d300fbff3700040978008100e800eb
:108d1000010878003e11900022009000808f5000e2
:108d200016003a0031019800c408dd0041019800a6
:108d3000f6874700768457000a000900321c780045
:108d40006801b1006201b1004e089000fe97020078
:108d500001000000be0890000e0078002896020076
:108d600001000000be1190000a000900be19780041
:108d70006301b1006e01b100880778001c0478001f
:108d8000192090000001eb0088007800e3f907004b
:108d90000000e0001700320079299000cf91de003a
:108da0009a0078008388b9007912900082a2b900f5
:108db000040040000209b80083014000e00f5100a8
:108dc000e08f590002003d00f207b0000380b000c0
:108dd000c91add004712de0004827200041f9800e9
:108de0004798de00101f98000e1990009e19900001
:108df000028dbe00982498008b05e8003d0090008d
:108e00008b0f5000ccfe3c000000eb004106200020
:108e100089804000800878002906b000800c780026
:108e20004f06be004f05be004f04be000080fa0092
:108e3000000006000400fa00889fbe008a9fbe0062
:108e40008c9fbe00000678008104780082057800bf
:108e50009c259800a9259800880420000b04440054
:108e60001800780050b9020001000000b0259800f9
:108e7000980078000c00780054b90200010000004e
:108e80008b0078008018780010002000800878009f
:108e900090bf9f00000446000c8644008c0f5400d5
:108ea00014003d00290020008a0420000b05450025
:108eb000890678009a0078000800780054b902000a
:108ec0000100000080bf9f000804e8001a0278003b
:108ed0008d01780070815700890078000b007800c0
:108ee000deba0200010000008904e8008c0f540083
:108ef000f0ff350010002000e0a598004f06be00ee
:108f00004f05be004f04be000080fa0000000600be
:108f10000f05b000889fbe008a9fbe008c9fbe00d8
:108f20008e1f780080067800b1b79f000205780098
:108f30002a2290000400e0000d0034000000eb0045
:108f400080017800420420000a014100810278007b
:108f5000850040008100d0008d80400083087800ab
:108f60000000e80012027800800f5200f8ff3c0079
:108f70000402e8004240a9000d0034000000eb00ac
:108f800041fa2f008f804000610bb8006101b900e9
:108f900002014100838149008600410002814600b0
:108fa000920878000000e800840f5000f7ff3500b9
:108fb0003fb197000200e0003a0034000007eb00e8
:108fc00043fa2f008381470083bf9f000380e9009d
:108fd0006101b800c2b79f00d3b79f002f969700da
:108fe0002a2090008000e800e18f50001e0034002d
:108ff00018002000890420008a8444008fb997005b
:109000006119b800e2b79f00f3b79f004b0420003e
:109010008a85450019017800080050000000d00042
:109020000a004000900078000c0078006cb9020043
:10903000010000006141b900020141008381490043
:109040004fb29700840041006fb2970004014100c5
:10905000920868000804e8001b0078008000e8001f
:10906000888f5000ebff3c008000d0000e014000d4
:10907000cf91de0061014100e08149000201410021
:10908000838149000280460010017800c105b100cb
:1090900082b778000e07e800bfb197008e8f5100ad
:1090a000ceff3c002a2090000000e0000f003400ba
:1090b000bfb097000000eb0042fa2f000f01410003
:1090c0006112b8004a04b0000101d0000d01410056
:1090d0008001d00084814100130978008100e800fc
:1090e0000000e8009a0f1000f7ff3c004f077800df
:1090f0004f06be004f05be004f04be000f05b10075
:1091000000000600af02b000889fbe008a9fbe002c
:109110008c9fbe008e1f780080067800e1b79f000c
:10912000020578002a2290000400e0000c003400c0
:109130000000eb008041eb00420420000a014100e6
:109140006fb2970084004000818046008348780019
:109150000000e80012027800800f5200f8ff3c0087
:109160000402e8004240a9000c0034000000eb00bb
:10917000a1fc2f008f804000610cb800616bb8002b
:109180006101b90088004100060141009248780061
:109190000000e800840f5000f9ff35006fb1970020
:1091a0000200e0002f0034000007eb00a3fc2f00ba
:1091b0008f8141000300e9006101b800f2b79f0010
:1091c00083bf9f00afcd97002a2090008000e80069
:1091d000e18f50001a00340018002000890420009c
:1091e0008a8444008b85fb004c0420000a0646005c
:1091f00019017800080050000000d0000a0040006b
:10920000900078000b0078006cb9020001000000ab
:109210006141b9007fb2970084004100a4fc2f0097
:109220000f02420002014200924868000804e80070
:109230001c0078008000e800888f5000ecff3c00a4
:109240008e00400081804600114190006003b10013
:10925000827778000e07e800efb197008e8f5100fb
:10926000d8ff3c002a2090000000e0000d003400f0
:10927000efb097000000eb00a2fc2f000f014100af
:109280006112b8004a04b000018146008401400028
:10929000134978008100e8000000e8009a0f1000f0
:1092a000f9ff3c004f0778004f06be004f05be0097
:1092b0004f04be00af02b10000000600af12b000c4
:1092c000889fbe008a9fbe008c9fbe008e1f7800c4
:1092d000a0af9f00d1af9f00a2b79f0022209000b7
:1092e0000000e0005b0034008006eb00a1ec2f00e2
:1092f0008f8040006108b80080b79f0091b79f0041
:10930000820478008904b0002204b000e2af9f001c
:109310005fa997000207e9000e0678008e01780029
:10932000b3b79f000d077800afae97006170b9002a
:1093300000004000818048000fb197009fb1970066
:109340000001410081814900f2b79f0083bf9f0067
:109350000009eb0099007800efa99700130047007f
:1093600054b9020001000000800578003fb2970068
:10937000d4b79f00040078000000e0000f00320026
:109380000004eb007fb59700190178000800d000b9
:109390000d004000100078001a0068008b00780073
:1093a0006cb9020001000000000d78000804e8001c
:1093b000880f5600f4ff3e00020037008000eb00eb
:1093c000d1b79f007fb097005fb197008200d000b7
:1093d0008d80400091007800108868000e07e8003a
:1093e000afb19700232290008e0f5200cfff3c00b8
:1093f0000400e000170034000000eb00aaf02f008a
:109400000f0545008005eb0080007800a8f42f00d0
:109410000f0444008004eb00c6f82f000f03430044
:109420008003eb006101b900020141008381490022
:109430008a024100810a780088024100810a78008e
:1094400006014100010978000000e800840f500087
:10945000f4ff3a0010002000d0079f00e0279f0093
:109460002fb29700242090000000e0005f023c0033
:10947000990037008fb097000100d0006013b10051
:10948000ef0478000b00e000150034001800200005
:109490002fb597008a04b0008c067800010678008a
:1094a0001a017800080056000000d0006013b100d7
:1094b000ef0078000800d000ffb1970003004000e3
:1094c000100078006cb902000100000080846c007c
:1094d0000804e800888f5500f1ff3d000d06780074
:1094e0008cb79f000fb29700e4af9f000900e00027
:1094f000600032000b00e000250035000004eb00a6
:109500002fb597008a04b000a0f42f000f00400090
:109510006101b800d2b79f00e3b79f00c0f82f00e9
:109520000f0040006101b800b2b79f00c3b79f00b1
:109530000b077800890678008a0478006145b90035
:109540000a0545008b854d00ffb1970003004500db
:1095500010067800190178005fb2970004004500fa
:10956000900078000d0078006cb902000100000046
:10957000bfb09700010545000c0d68000804e80025
:109580008e0f5400edff34008e0578008d047800b6
:109590002fb19700c22090000900780064b9020042
:1095a0000100000000077800afb197002320900071
:1095b000e10f40002f0035000004eb008304780029
:1095c0008904b000a0f42f000f0040006101b80032
:1095d000d2b79f00e3b79f002fb597004a04b000b1
:1095e0006146b9000c0646008d864e0019017800d0
:1095f000ffb19700030046008e007800100078004d
:109600006cb90200010000005fb29700040646003a
:10961000000e78000804e8001a007800cf00de0091
:10962000008040000080d100880f5000ecff3d001a
:109630000000e0000f0035008000eb00c6f82f00ae
:109640000f0343008003eb003fac9700cfac9700c3
:109650006109b9000201410083814900080241000b
:1096600006014100120a78008100e800808f500056
:10967000f7ff34000b804500efa89700810f5000e2
:1096800001003d008b8550002fb19700a221900072
:109690000300e0000a003400030078008000d000de
:1096a0000000e9000001d000620bb1006f027900f8
:1096b000610bb10084b778000000e000f7ff3a00ca
:1096c0000000eb00d0279f008fb097000106e80054
:1096d0008c8f510067ff3d002fb09700a004b000b1
:1096e0000008eb005fa997000200e000540034007e
:1096f0008001eb00d3b79f00a4f02f000482470045
:10970000b4b79f00840078006108b800f0b79f00ec
:1097100081bf9f002fb1970032269000dfa99700ec
:10972000030656005fb29700040646002220900010
:109730008006eb00e10f50002b0034008c04780011
:1097400018002000820578008b04b0000207780022
:109750006e04b000020578004a04b0000800d00092
:10976000ffb0970001004000100078000000e0000a
:10977000150032009b0078005cb902000100000077
:10978000090040009e0278008581e900830f5000a7
:109790000900360061821200040040008502e900e1
:1097a0000100370001007800840040000181420080
:1097b000828f5100fbff39009b00780054b90200f2
:1097c0000100000080866e000804e8008c844400dc
:1097d0001a007800cf00de00008040000080d10039
:1097e000880f5000ddff3d005f019700828f56001b
:1097f0000d003a002fb09700a004b0009000780050
:109800006109b9006202b0000380b00002014100aa
:10981000838149002fb2970002014200dfb1970017
:10982000030978000108e8005fb297000402e8002d
:10983000d4b79f005fa89700840f5000b5ff3c008d
:10984000afb097005120900001017800a220900055
:109850004f09de00810041000181d100afb19700c6
:10986000e3a0900081005100810f500044013c00b2
:109870000000e0004f013c00fa0037006148b900e9
:109880000000400081804800aaf42f000f05450029
:1098900000054500e08548001e209000008044003f
:1098a0000000d0006013b1006f007800000d780058
:1098b0000900e00016003400180020008b0420008e
:1098c0008e8545002d0420008e8646001a067800fd
:1098d0001b0178008800d0007fb297008480400090
:1098e0001d804400080050000000d0006013b1004b
:1098f0006f007800910078006cb902000100000050
:109900000c0d68000804e800890f5400efff3400d4
:109910008904e8005e209000890f5000d7ff3c00ca
:109920000000e000cf0034000000eb00b0b79f0063
:10993000afb0970091af9f0001007800c004b00065
:109940006101b800f2a79f0083af9f00a3f42f002e
:1099500083814700e3a79f003fb297006120b900d1
:109960000001400081814800e2af9f00f3af9f00fb
:109970007fa097008fa897000200400083804800d6
:1099800080b79f0091b79f001086ea00dfa897007c
:1099900001064600df2597002fb197005220900066
:1099a000e10f5000390034008c04780018002000ca
:1099b000820678006d04b000020778008e04b000c3
:1099c000efa097006108b800f0b79f0081bf9f002b
:1099d000a204b000d2b79f001d0378008680e90082
:1099e000898f50000a003100610213000481440095
:1099f0008602e90001003700000178000400410000
:109a000080814200838f5000fbff39000100370046
:109a1000090178000602e90002005200810f50009f
:109a20000800360061031300060040000100370003
:109a3000020078000601400082014200818f51003f
:109a4000fbff3e001e0578008a00780054b9020032
:109a5000010000008801d0007fb1970082814100a1
:109a60000a01780080007800130078006cb90200c9
:109a70000100000080856d000804e8008c8444002b
:109a8000dfb19700930f1400d3ff3c002fb2970073
:109a900044249000880078000c00780054b902003b
:109aa0000100000008017800800078000b007800b9
:109ab0006cb9020001000000b0af9f00ef069700f4
:109ac000afb0970021209000e50f50003f00340018
:109ad0000c0646008c04780038002000010778004e
:109ae0006e04b0008104b000f1b79f00a0f02f0019
:109af0000f0040006101b800d2b79f00e3b79f009c
:109b0000afb597004b04b0001e0378008680e900d3
:109b1000898f50000a0031006102130009014200e0
:109b20008602e900010037000001780004004100ce
:109b300080814200818f5100fbff3e000100370011
:109b4000090178000602e90002005200810f50006e
:109b500008003600610313000600400001003700d2
:109b6000020078000601400082014200838f50000d
:109b7000fbff3900ffb19700130578008a007800d9
:109b800054b90200010000008801d0005fb29700c4
:109b9000848141000a017800800078001300780079
:109ba0006cb902000100000080866e000884e800a5
:109bb0008c8444001b007800cf00de000080400051
:109bc0000080d100880f5000cfff3d002fb09700dc
:109bd000c02090000d0078005cb902000100000078
:109be0002fb19700b22090008100e9000080500062
:109bf000808f500001003a000000eb002fb4970066
:109c00008804b0009800780054b9020001000000f8
:109c100018017800bfa897006cb90200010000008d
:109c20009fa997006faa970084804100e080980068
:109c30000fb197009fb197009200d000afa9970095
:109c400083804000910868003fb297000402e8005a
:109c5000b4b79f00afb0970051209000840f500020
:109c60003dff3c002fb19700222090000000e00053
:109c7000460034008006eb00a1ec2f008f804000ee
:109c80006108b800b0b79f00c1b79f008204780098
:109c90008904b0002204b00082b79f005fa997003a
:109ca0000207e9000e0678006168b9000000400074
:109cb000818048003fb19700cfb19700000141007b
:109cc00081814900f2b79f0083bf9f000009eb002c
:109cd000990078008fb197001380460054b90200b4
:109ce0000100000080057800deb79f000e00e00054
:109cf000120032000004eb007fb59700edaf9f002b
:109d0000afae9700190178000800d0000d004000a8
:109d1000100078001a0068008b0078006cb902000f
:109d200001000000000d78000804e8008c0f5400ca
:109d3000f4ff3900efae9700020037000000eb009f
:109d4000d0b79f00dfb097000100d0002fa9970087
:109d5000020040007fb197008fb997009201780010
:109d6000908f51000c003a008d06e8002fb297004a
:109d7000242090008d0f5000cbff3c0003003700e3
:109d8000e0ff2f00afb09700d02098002fb19700d0
:109d900052209000010037000080eb004f07780050
:109da0004f06be004f05be004f04be00af12b1000b
:109db00000000600afb19700132090000000d00013
:109dc0006013b1006f007800d0279f008004eb0083
:109dd000a0f02f000f0040006101b800f2b79f0013
:109de00083bf9f002fb79700c9fe3700dfa49600fe
:109df0001300200083b79f008005eb00a0f02f0028
:109e00000f0040006101b800f2b79f0083bf9f00c0
:109e1000b2af9f00c3af9f00b2fd3700af12b000da
:109e2000889fbe008a9fbe008c9fbe008e1f780058
:109e3000a0af9f00d1af9f00a2b79f00222090004b
:109e40000000e000590034008006eb00a1ec2f0078
:109e50008f8040006108b80080b79f0091b79f00d5
:109e6000820478008904b0002204b000e2af9f00b1
:109e70005fa997000207e9000e0678008e017800be
:109e8000b3b79f000d077800afae97006170b900bf
:109e900000004000818048000fb197009fb19700fb
:109ea0000001410081814900f2b79f0083bf9f00fc
:109eb0000009eb0099007800efa997001300470014
:109ec00054b9020001000000800578003fb29700fd
:109ed000d4b79f00040078000000e0000e003200bc
:109ee0000004eb007fb59700190178000880460058
:109ef0001080fb001a0068008b0078006cb902002b
:109f000001000000000d78000804e800880f5600ea
:109f1000f5ff3e00020037008000eb00d1b79f0044
:109f20007fb097005fb19700828046009180fb0070
:109f3000108868000e07e800afb197002322900058
:109f40008e0f5200d1ff3c000400e00017003400e7
:109f50000000eb00aaf02f000f0545008005eb0084
:109f600080007800a8f42f000f0444008004eb0068
:109f7000c6f82f000f0343008003eb006101b90016
:109f800002014100838149008a024100810a780070
:109f900088024100810a7800060141000109780029
:109fa0000000e800840f5000f4ff3a001000200089
:109fb000d0079f00e0279f002fb297002420900039
:109fc0000000e0005d023c00990037008fb0970070
:109fd0000100d0006013b100ef0478000b00e00036
:109fe00015003400180020002fb597008a04b00037
:109ff0008c067800010678001a01780008005600e7
:10a000000000d0006013b100ef0078000800d0001d
:10a01000ffb1970003004000100078006cb9020007
:10a020000100000080846c000804e800888f55005f
:10a03000f1ff3d000d0678008cb79f000fb297002e
:10a04000e4af9f000900e000600032000b00e00078
:10a05000250035000004eb002fb597008a04b000fe
:10a06000a0f42f000f0040006101b800d2b79f009c
:10a07000e3b79f00c0f82f000f0040006101b80057
:10a08000b2b79f00c3b79f000b077800890678001e
:10a090008a0478006145b9000a0545008b854d00aa
:10a0a000ffb1970003004500100678001901780001
:10a0b0005fb2970004004500900078000d00780022
:10a0c0006cb9020001000000bfb097000105450017
:10a0d0000c0d68000804e8008e0f5400edff3400fa
:10a0e0008e0578008d0478002fb19700c220900073
:10a0f0000900780064b90200010000000007780040
:10a10000afb1970023209000e10f40002f003500f1
:10a110000004eb00830478008904b000a0f42f0051
:10a120000f0040006101b800d2b79f00e3b79f0065
:10a130002fb597004a04b0006146b9000c064600ee
:10a140008d864e0019017800ffb19700030046008c
:10a150008e007800100078006cb902000100000049
:10a160005fb2970004064600000e78000804e8007d
:10a170001a007800cf00de00008040000080d1008f
:10a18000880f5000ecff3d000000e0000f0035009c
:10a190008000eb00c6f82f000f0343008003eb00a4
:10a1a0003fac9700cfac97006109b90002014100b4
:10a1b000838149000802410006014100120a78002b
:10a1c0008100e800808f5000f7ff34000b804500cd
:10a1d000efa89700810f500001003d008b855000d3
:10a1e0002fb19700a22190000300e0000a00340084
:10a1f000030078008000d0000000e9000001d000da
:10a20000620bb1006f027900610bb10084b7780076
:10a210000000e000f7ff3a000000eb00d0279f00ad
:10a220008fb097000106e8008c8f510067ff3d005a
:10a230002fb09700a004b0000008eb005fa99700c2
:10a240000200e000540034008001eb00d3b79f000f
:10a25000a4f02f0004824700b4b79f008400780068
:10a260006108b800f0b79f0081bf9f002fb1970031
:10a2700032269000dfa99700030656005fb29700d0
:10a2800004064600222090008006eb00e10f5000fb
:10a290002b0034008c047800180020008205780020
:10a2a0008b04b000020778006e04b000020578004d
:10a2b0004a04b0000800d000ffb097000100400041
:10a2c000100078000000e000150032009b007800cc
:10a2d0005cb9020001000000090040009e02780005
:10a2e0008581e900830f5000090036006182120069
:10a2f000040040008502e9000100370001007800f9
:10a300008400400001814200828f5100fbff390030
:10a310009b00780054b902000100000080866e00a6
:10a320000804e8008c8444001a007800cf00de00a6
:10a33000008040000080d100880f5000ddff3d000c
:10a340005f019700828f56000d003a002fb09700f2
:10a35000a004b000900078006109b9006202b0006a
:10a360000380b00002014100838149002fb29700b1
:10a3700002014200dfb19700030978000108e800fc
:10a380005fb297000402e800d4b79f005fa897006f
:10a39000840f5000b5ff3c00afb0970051209000f3
:10a3a00001017800a22090004f09de0081004100e9
:10a3b0000181d100afb19700e3a09000810051006e
:10a3c000810f500042013c000000e0004d013c00c4
:10a3d000fa0037006148b900000040008180480061
:10a3e000aaf42f000f05450000054500e085480050
:10a3f0001e209000008044000000d0006013b100d7
:10a400006f007800000d78000900e00016003400ad
:10a41000180020008b0420008e8545002d042000ac
:10a420008e8646001a0678001b0178008800d0004e
:10a430007fb29700848040001d80440008005000d7
:10a440000000d0006013b1006f0078009100780028
:10a450006cb90200010000000c0d68000804e8005f
:10a46000890f5400efff34008904e8005e2090005b
:10a47000890f5000d7ff3c000000e000cf003400ff
:10a480000000eb00b0b79f00afb0970091af9f0006
:10a4900001007800c004b0006101b800f2a79f007d
:10a4a00083af9f00a3f42f0083814700e3a79f00a1
:10a4b0003fb297006120b90000014000818148004f
:10a4c00082b79f0093b79f007fa097008fa8970047
:10a4d0000200400083804800e0af9f00f1af9f0082
:10a4e0001086ea00dfa8970001064600df259700e6
:10a4f0002fb1970052209000e10f50003900340036
:10a500008c04780018002000820678006d04b000ea
:10a51000020778008e04b000efa097006108b80031
:10a52000f0b79f0081bf9f00a204b000d2b79f0088
:10a530001d0378008680e900898f50000a003100f1
:10a5400061021300048144008602e9000100370023
:10a55000000178000400410080814200818f510099
:10a56000fbff3e0001003700090178000602e90008
:10a5700002005200810f50000800360061031300f2
:10a58000060040000100370002007800060140008c
:10a5900082014200818f5100fbff3e001e057800c2
:10a5a0008a00780054b90200010000008801d00040
:10a5b0007fb19700828141000a0178008000780015
:10a5c000130078006cb902000100000080856d0066
:10a5d0000804e8008c844400dfb19700930f140056
:10a5e000d3ff3c002fb297004424900088007800ed
:10a5f0000c00780054b90200010000000801780046
:10a60000800078000b0078006cb9020001000000a7
:10a61000b0af9f00ef069700afb0970021209000e9
:10a62000e50f50003f0034000c0646008c04780013
:10a6300038002000010778006e04b0008104b000eb
:10a64000f1b79f00a0f02f000f0040006101b8009b
:10a65000d2b79f00e3b79f00afb597004b04b0009f
:10a660001e0378008680e900898f50000a003100bf
:10a6700061021300090142008602e900010037006f
:10a68000000178000400410080814200838f500067
:10a69000fbff390001003700090178000602e900dc
:10a6a00002005200810f50000800360061031300c1
:10a6b000060040000100370002007800060140005b
:10a6c00084014100818f5100fbff3e00ffb19700e4
:10a6d000130578008a00780054b9020001000000d8
:10a6e0008801d0005fb29700848141000a017800a0
:10a6f00080007800130078006cb9020001000000af
:10a7000080866e000884e8008c8444001b0078007a
:10a71000cf00de00008040000080d100880f500094
:10a72000cfff3d002fb09700c02090000d007800b3
:10a730005cb90200010000002fb19700b220900028
:10a740008100e90000805000808f500001003a0035
:10a750000000eb002fb497008804b0009800780048
:10a7600054b902000100000018017800bfa897004a
:10a770006cb90200010000009fa997000fb297007a
:10a7800084804100e08098006fa99700ffa997009e
:10a7900092007800afa9970081804100914868003d
:10a7a0003fb297000402e800b4b79f00afb0970033
:10a7b00051209000840f50003dff3c002fb19700c6
:10a7c000222090000000e000440034008006eb00ee
:10a7d000a1ec2f008f8040006108b800b0b79f0047
:10a7e000c1b79f00820478008904b0002204b00041
:10a7f00082b79f005fa997000207e9000e06780064
:10a800006168b90000004000818048003fb19700b6
:10a81000cfb197000001410081814900f2b79f004c
:10a8200083bf9f000009eb00990078008fb197006b
:10a830001380460054b90200010000008005780032
:10a84000deb79f000e00e000110032000004eb00b4
:10a850007fb59700edaf9f00afae9700190178006c
:10a86000088046001080fb001a0068008b0078000a
:10a870006cb9020001000000000d78000804e80037
:10a880008c0f5400f5ff3900efae9700020037003f
:10a890000000eb00d0b79f00afa897005fb1970012
:10a8a000028040001080fb007fb197008fb99700b5
:10a8b000920f10000c003a008d06e800afb197002f
:10a8c000232090008d0f5000cdff3c000300370087
:10a8d000e0ff2f002fb2970050229800afb09700f2
:10a8e00051209000010037000080eb004f077800f6
:10a8f0004f06be004f05be004f04be00af12b100b0
:10a90000000006002fb19700122090000000d00038
:10a910006013b1006f007800d0279f008004eb0027
:10a92000a0f02f000f0040006101b800f2b79f00b7
:10a9300083bf9f002fb79700cbfe3700dfa49600a0
:10a940001300200083b79f008005eb00a0f02f00cc
:10a950000f0040006101b800f2b79f0083bf9f0065
:10a96000b2af9f00c3af9f00b4fd37000000d0001e
:10a970000100400010007800000006008000eb009d
:10a980007c01400001097800020220000001410022
:10a99000010978007e014000010978002015b0000f
:10a9a0001080a10000000600ea874700889fbe00d3
:10a9b0008a9fbe008c9fbe008e1f7800d0b79f007c
:10a9c00001077800020678000300e000040034006c
:10a9d000708011009c0078000008de00000e7800f6
:10a9e000030478000200200003e027008004eb004d
:10a9f00089057800090278008b05e8000900d0007d
:10aa00000c00400090007800818040000108780030
:10aa1000e00f5100e08f590002003d000100a0004e
:10aa2000010878000804e800ef0f54000500340026
:10aa30008904e8000900d0000c00400004087800f8
:10aa400004047800e88f5500030032000201410041
:10aa500083814900e8ff37000e00e80080bf9f00b7
:10aa60004240a900490034000005eb008a06780046
:10aa7000dfb097006108b800e0b79f00f1b79f0012
:10aa80008d0f570006003400efb09700018046009c
:10aa90001082fb008002eb008200200006003700dd
:10aaa0008e0078005fb09700f0c302000100000044
:10aab0006102b800020120008001eb000900d00013
:10aac0000c00400090007800818040000108780070
:10aad0008b05e800e50f55000e0032000408a300c6
:10aae000070032000100a000010878000a05e80014
:10aaf0000201e9008502d1000482d300060037007c
:10ab00000201e9008502d1000482d3000305780028
:10ab100001003700030578000804e800ef0f540037
:10ab2000050034008904e8000900d0000c00400052
:10ab300003087800030478000200e000dfff3a0019
:10ab40008d06e8000fb89700808f5600ccff3500c7
:10ab5000e50f55000d003a008901d0008c814100bd
:10ab600013027800840942008b05e8000804e8001d
:10ab7000ef0f5400050034008904e8000900d000fc
:10ab80000c0040000008eb000004eb0082002000f5
:10ab9000e0072000010020000003eb008901d00045
:10aba0008c8141001302780004024200e10260003f
:10abb000850972008100d1000080d3000804e800fc
:10abc000ef0f5400050034008904e8008901d0002b
:10abd0008c81410086097800060478000201e900b2
:10abe000eeff3a00688045000800e00006003400ef
:10abf0008904d0000c864400700414009c00780086
:10ac00008808dd00010e78004f0778004f06be006f
:10ac10004f05be004f04be00af00b10000000600ab
:10ac2000889fbe008a9fbe008c9fbe009002780065
:10ac30000002eb000100e00003003400708210000d
:10ac40008400e900812add008004eb000200e000be
:10ac50003600340009037800860378000604780083
:10ac600086047800860078000c0120000605780034
:10ac70000400e00002003200858242000500370037
:10ac80000804e8000802d0000002420094027800a4
:10ac90000c0278000500e0000f003d0089854100ae
:10aca0009b4678000d74a0008d4d78008703e80066
:10acb0000603e800e70f5300030034008904e800ae
:10acc0000a037800140037008d86fb008d06d10042
:10acd0008d4d780010003700e48f53000d003c00cc
:10ace0000603e800e70f5300040034008904e8007d
:10acf0000a0378008a03780007003700898341003f
:10ad00009785fb008b05d1008b4b78008a03780078
:10ad1000010037008a0378008100e800828f50002c
:10ad2000020032000402e900d1ff37000900780078
:10ad30004f06be004f05be004f04be0000000600d7
:10ad4000889fbe00b00090008003eb0007037800ee
:10ad50000100e0000d003c0013003700100142002c
:10ad6000920178000300a7000603e8000309d10060
:10ad70008100e800f08f5000f8ff3a008703e800f8
:10ad8000998f130003003c00070037000004eb001c
:10ad9000e604400088007800613ab90004024200ed
:10ada00085824a00edff3700060078004f04be00a0
:10adb00000000600ea874700889fbe008a9fbe0009
:10adc0008c9fbe008e1f780000047800010578007b
:10add000f2b79f003a0090008005eb000000e00011
:10ade000ad003c00b4003700615eb9000c064600bf
:10adf0008d864e001a0046001000e0002c003d0039
:10ae00006002200008004000104178000274a00099
:10ae10000248780001022000888040001100e8000c
:10ae200080087800fc0044009101e8008308780065
:10ae3000e60f5000060034000000eb00fc00440068
:10ae400080087800fe004400800878008800370001
:10ae5000e78f5100120034007c0044000008eb0032
:10ae6000fe0044001100780080014400f261980067
:10ae70000000e80080087800b1122000810f500027
:10ae80007b0034000000eb00fe00440080087800e6
:10ae9000010220008880400080087800740037009c
:10aea0000281fb000201d10062649800700037004b
:10aeb00008109000e40f50001c003c0060022000cd
:10aec00008004000104178000274a1000248780098
:10aed000fc0044001100e80080087800e70f5000f3
:10aee0000e0034007c0044000008eb00fe0044002b
:10aef0001100780080014400f26198000000e80031
:10af000080087800b1122000810f500055003400f5
:10af10007e0044000008eb00520037000281fb0075
:10af20000201d100626498004e003700e50f500026
:10af30004c003200e60f500045003a0078089000bf
:10af4000e90f50003c003400e8089000e78f500003
:10af500039003a008080e900710c980070022000ee
:10af60000000440080bf9f002ac4020001000000ce
:10af70000000e0002d003200780a90000400440038
:10af8000006990004811dd000400440070609000ea
:10af90000080fb00020170001214980020152000b0
:10afa000080040001080a0008001eb00080890001d
:10afb00098089000800f5100818f590017003200cf
:10afc0008fb997000041eb00824078007fb0970076
:10afd000de8c020001000000201520000800400067
:10afe00010a0a10078099000221498000000eb0046
:10aff0006172b8005fb39700efb397006101b900c9
:10b000008400410006014100924878000000e800f9
:10b01000e70f5000f9ff3a00070037002015200025
:10b020000800400010a0a0000300370020152000f9
:10b03000080040001090a0000000eb00fe0044005b
:10b0400080087800fc004400800878000500370084
:10b050000000eb00fe00440080087800fc00440083
:10b060008008780000022000080040000008eb0083
:10b070001a0646001c007800000e40008904e90012
:10b0800059ff3a008b05e8003a0090008b0f500002
:10b0900007003c0008003700080778007002200015
:10b0a000080040006101b800d2b79f00e3b79f00dd
:10b0b000090120004cff37004f0778004f06be0003
:10b0c0004f05be004f04be00af00b10000000600f7
:10b0d00080007800a2cab3008258780062cab30028
:10b0e0008248780041c8b3002140980001c4b300f1
:10b0f00031409800414098005140980002ceb30082
:10b100006240980082cab30072409800c2c9b3007e
:10b110000248980062c8b30012489800214898007d
:10b12000314898004148980011c6b3005148980032
:10b1300031c0b3006148980001cfb3007148980056
:10b140000001200000000600e6874700889fbe003f
:10b150008a9fbe008c9fbe008e1f7800000678007c
:10b160000404be000605be00030778000c0078004a
:10b1700023c9b3000358780083c8b300034878009c
:10b18000a0c8b30020469800c0c9b300304698005c
:10b1900080cab3004046980000c4b30050469800ef
:10b1a00000ceb30060469800730020000000eb0062
:10b1b0006163b800610ab800f4b79f0085bf9f00c3
:10b1c000868241007fb297008400400011427800df
:10b1d000844a42008301e8000000e800e60f5000c6
:10b1e000f7ff3a00024141001246b300524e980068
:10b1f00030c0b300604e980000cfb300704e98008e
:10b2000070004600c14d25002872020001000000b8
:10b21000f00640000d0046008e007800a07302008a
:10b2200001000000808646000d004600414e2500ca
:10b230002872020001000000808646000d004600d2
:10b240000801be0066720200010000000084460092
:10b2500008004600714f250028720200010000001e
:10b2600000044400080046000a01be0066720200a5
:10b2700001000000000044004f0778004f06be00a8
:10b280004f05be004f04be006f00b1000000060075
:10b290000001fa00889fbe008a9fbe008c9fbe00fe
:10b2a0008004780003047800040578000900780021
:10b2b00063c8b3000358780023cab300034878007a
:10b2c00040c8b300a0449800a0c8b300b0449800a0
:10b2d000c044980000cab300d0449800a0ceb30088
:10b2e000e0449800730020000000eb00614eb800bd
:10b2f000610bb8008c8241000602400014427800c5
:10b30000844a42008301e8000000e800e60f500094
:10b31000f8ff3a0002414100024078001046b300b5
:10b32000d04c980030c0b300e04c980000cfb30080
:10b33000f04c980070804400a15025002872020053
:10b3400001000000f00540000b80440088007800f8
:10b35000a073020001000000808545000b804400be
:10b36000c150250028720200010000000080450045
:10b370008001eb008300780005102000e20520002a
:10b380000400370083007800f105b100828f50007f
:10b39000fdff3c0046ef2f000f0343000102430076
:10b3a00006c2b30006ca40008301e800858f510041
:10b3b00004003200828f5100f2ff3c0083007800cd
:10b3c000f4ff37000a00e000120034008001eb00b7
:10b3d000f20520000082410088007800820f5400ae
:10b3e00003003400f105b100828f5000fdff3c00e6
:10b3f00004824400c110b100efc07800014a780017
:10b400008301e8000804e8008a8f5100f1ff3a0048
:10b410000a0040004f06be004f05be004f04be00ac
:10b420000080fa00000006001800fa00889fbe00a5
:10b430008a9fbe008c1f78000001780023c9b300ea
:10b440000359780083c8b30003497800a2c8b30049
:10b4500022409800c2c9b3003240980082cab300ab
:10b460004240980002c4b3005240980002ceb3009c
:10b470006240980072002000810378006105b800e6
:10b48000658440008004eb006112b9000a034200a9
:10b49000080242009441780003cb41000201e80019
:10b4a000ed0f5100f8ff3a006d01400013c6b300e4
:10b4b000034978002152900004424200034972007f
:10b4c00032c0b3006248980002cfb30072489800bf
:10b4d000a2c3b300025098001201200065835300fc
:10b4e0008003eb006112b9008401400006024200b3
:10b4f000944978000201e800f70f5100f9ff3a0083
:10b5000002c2b3007250980051099000cf91de0042
:10b51000f30f5100e08f5900e2003e0002060100e7
:10b520007200370012003700de0037005c00370081
:10b5300022003700db003700da003700d90037007f
:10b540007d0037008d003700d6003700d50037006a
:10b55000c10037009a003700ac00370028003700e0
:10b560003a003700cf003700ce0037001300370015
:10b5700012c4b3000258980062c4b3001258980075
:10b5800032c5b30022589800b2c4b30032589800b4
:10b5900002c2b3004258980012c3b3005258980038
:10b5a00022c3b3006258980002c3b30072589800d7
:10b5b0000260980012022000c200370012c4b300db
:10b5c0000258980062c4b3001258980032c5b30004
:10b5d00022589800b2c4b3003258980002c2b30097
:10b5e0004258980032c3b3005258980002c3b300c7
:10b5f000625898007258980002022000b10037008b
:10b6000042c3b3000258980062c4b30012589800b5
:10b6100032c5b30022589800b2c4b3003258980023
:10b6200002c2b3004258980092c3b3005258980027
:10b6300062c3b3006258980002c3b3007258980006
:10b6400002609800120220009e00370042c3b3003f
:10b650000258980062c4b3001258980032c5b30073
:10b6600022589800b2c4b3003258980002c2b30006
:10b670004258980012c3b3005258980092c3b300c6
:10b680006258980022c3b3007258980002c3b300f6
:10b6900002609800126098002202200089003700a2
:10b6a00072c4b3000258980062c4b30012589800e4
:10b6b00032c5b30022589800b2c4b3003258980083
:10b6c00002c2b3004258980042c3b30052589800d7
:10b6d00082c3b3006258980002c3b3007258980046
:10b6e00002609800120220007600370072c4b30096
:10b6f0000258980062c4b3001258980032c5b300d3
:10b7000022589800b2c4b3003258980002c2b30065
:10b710004258980092c3b3005258980062c3b300d5
:10b720006258980002c3b3007258980002609800f3
:10b73000120220006300370022c4b30002589800b0
:10b7400002c5b3001258980032c5b30022589800c1
:10b75000b2c4b3003258980002c2b30042589800f5
:10b7600032c3b3005258980002c3b3006258980025
:10b7700072589800020220005200370012c5b30030
:10b780000258980002c5b3001258980032c5b300a1
:10b7900022589800b2c4b3003258980002c2b300d5
:10b7a0004258980062c3b3005258980002c3b300d5
:10b7b0006258980072589800020220004100370039
:10b7c00012c5b3000258980002c5b3001258980081
:10b7d00032c5b30022589800b2c4b3003258980062
:10b7e00002c2b3004258980022c3b30052589800d6
:10b7f00042c3b3006258980002c3b3007258980065
:10b8000002609800120220002e00370012c5b3001b
:10b810000258980002c5b3001258980032c5b30010
:10b8200022589800b2c4b3003258980002c2b30044
:10b830004258980032c3b3005258980062c3b30014
:10b840006258980002c3b3007258980002609800d2
:10b85000120220001b00370022c4b30002589800d7
:10b8600002c5b3001258980032c5b30022589800a0
:10b87000b2c4b3003258980002c2b30042589800d4
:10b8800012c3b3005258980022c3b3006258980004
:10b8900002c3b300725898000260980012022000a0
:10b8a00008003700f2c6b3000258980012589800fa
:10b8b00002c7b3002258980032c7b300325898002c
:10b8c000c2012000c1099000e28f510050003a00ef
:10b8d0008201400004c2b300844978008202e8007b
:10b8e0000501400093c4b300034978008502e800d5
:10b8f00005014000c3c4b300034978008502e80095
:10b900000501400023c3b300034978008502e80025
:10b910000501400003c5b300034978008502e80033
:10b92000f108900032092000828f50000b003c008b
:10b9300002092000828f500013003d0032022000d7
:10b94000828f5000100032001e0035000104b1004b
:10b95000e18f50001b003e000b003700020b20005f
:10b96000828f50000800320004003c00010ab10040
:10b97000e38f500013003e0003003700120f200039
:10b98000828f50000f003a0085004000b2c2b30021
:10b99000824878008502e8000501400031c4b30008
:10b9a000014978008502e8000501400023c5b30085
:10b9b000034978008502e80005014000014978004c
:10b9c0008502e800e1fd2f0081804700e25025005c
:10b9d0000a000900b2187800b25878000501780012
:10b9e0008000eb00e3fd2f008f814100611bb80058
:10b9f0008201400006824000944978000201e8007c
:10ba00008100e800f78f5000f9ff3a00778142008b
:10ba1000020078004f0678004f05be004f04be00bc
:08ba20000080fa00000006009e
:020000040000fa
:020000040002f8
:10ba2800889fbe008a1f780000047800020578000d
:10ba38005404980063049800110290006480400048
:10ba48008001eb001801780084007800d4540200cb
:10ba580001000000e8044400800c78000101200087
:10ba6800ecd602000100000030049800c400dd009c
:10ba7800810c780015002000050278008a01780002
:10ba88000201200018007800da8602000100000098
:10ba98004f0578004f04be0000000600010378003f
:10baa8005300980062009800e60040008008eb0010
:10bab8008000eb0001027800660140003306200098
:10bac8008100d00090804000840878009200e8004f
:10bad80001097800838f5000f9ff3400c408dd00a5
:10bae80041009800150020000502780086017800c2
:10baf8000201200010007800da8602000100000030
:10bb080000000600ea874700889fbe008a9fbe00a3
:10bb18008c9fbe008e1f7800d1b79f0053009800fd
:10bb280062009800a0009000810f520001003600ca
:10bb3800010278000400e00001003a00140020002f
:10bb4800e60040008008eb008000eb0081047800ec
:10bb58000284e900611bb8000c0120000d002000e0
:10bb680001077800535525003a0120000b002000fa
:10bb7800e602400082bf9f00e10f5400210036001a
:10bb88008a0f53008b8f5b0052003e0006060100af
:10bb98001300370012003700160037001000370076
:10bba8000f0037004b0037004a00370049003700c4
:10bbb8000b0037000a003700460037004500370001
:10bbc800070037000600370005003700040037007b
:10bbd800030037003f0037003e0037000000370001
:10bbe8008100d00090804000e2e7270082087800ba
:10bbf800380037008100d00090804000830878002a
:10bc0800340037008c0f53008d8f5b0031003e00ed
:10bc18000606010018003700170037001a00370021
:10bc280015003700140037002a00370029003700b4
:10bc380028003700080037000b00370025003700c0
:10bc480024003700040037000700370006003700db
:10bc580011003700100037008100d00090804000ac
:10bc68008e0878001b0037008100d00090804000cb
:10bc78008e087800170037008100d00090804000bf
:10bc880083087800130037008100d00090804000be
:10bc9800830878000f003700e28f540005003c004d
:10bca8008100d000908040007277270082087800d9
:10bcb800040037008100d00090804000f2f5250094
:10bcc800820878008904e800e58f540001003400f8
:10bcd8008e0478009500e800810a7800810f5200f0
:10bce800a5ff3e000fb99700c408dd004100980089
:10bcf800e10f510007003a00150020000502780006
:10bd0800dfb197000201200010007800da860200f7
:10bd1800010000004f0778004f06be004f05be0027
:10bd28004f04be00af00b100000006000400fa0096
:10bd3800889fbe008a1f7800520098006100980012
:10bd4800a000900083027800818f52000100360025
:10bd5800810278000500e00001003a00150020008b
:10bd6800e60040008008eb008000eb008001eb005b
:10bd78003601200007002000faf525005955250056
:10bd88000104780066024000860f5100878f590031
:10bd980028003e00020601001b0037001a00370089
:10bda8001d00370018003700170037002100370042
:10bdb800200037001f0037000f0037000a00370047
:10bdc8001c0037001b0037000b0037000600370047
:10bdd800050037001400370013003700150037003e
:10bde80014003700080037008100d0009080400020
:10bdf800880878000f0037008100d000908040004c
:10be0800880878000b0037008100d000908040003f
:10be180089087800070037008100d0009080400032
:10be280089087800030037008100d0009080400026
:10be38008a0878009400e800010a7800818f52008f
:10be4800d1ff3e00c408dd00410098004f0578008e
:10be58004f04be000080fa0000000600ef8050008a
:10be6800e18f50000d003e005100200066024000a6
:10be780076772700e8014000140178008202d0009c
:10be880090824200860a7800020ae80013017800ce
:10be9800f00941008100e900f7ff3a0000000600c0
:10bea800889fbe008a9fbe008c9fbe000004780059
:10beb8000106780082057800530890005004980025
:10bec8004308900060049800431890000028a300dd
:10bed80003003200d308900008007800dfff070055
:10bee800e804440099067800660544009a00d000ea
:10bef800988040000b0178000c0078006004020074
:10bf0800010000000d004000800c780001012000b5
:10bf1800ecd6020001000000000d78004f06be00bc
:0cbf28004f05be004f04be0000000600e4
:020000040000fa
:020000040002f8
:10bf3400faff000000000000c7ff0000000000003e
:10bf440056ff00000000000098fe00000000000002
:10bf54007cfd000000000000e9fb00000000000080
:10bf6400b8f90000000000009df600000000000089
:10bf7400f4f100000000000014ea000000000000da
:10bf8400ced80000000000004a8600000000000037
:10bf9400b679000000000000322700000000000015
:10bfa400ec150000000000000c0e00000000000072
:10bfb40063090000000000004806000000000000c3
:10bfc40017040000000000008402000000000000cc
:10bfd4006801000000000000aa000000000000004a
:0cbfe40039000000000000000600000012
:020000040000fa
:020000040002f8
:10bff000040000000500000006000000070000002b
:020000040000fa
:020000040002f8
:10c000000000000000000000000000000000000030
:10c010000000000000000000000000000000000020
:10c020000000000000000000000000000000000010
:10c030000000000000000000000000000000000000
:10c0400000000000000000000000000000000000f0
:10c0500000000000000000000000000000000000e0
:10c0600000000000000000000000000000000000d0
:10c0700000000000000000000000000000000000c0
:10c0800000000000000000000000000000000000b0
:10c0900000000000000000000000000000000000a0
:10c0a0000000000000000000000000000000000090
:10c0b0000000000000000000000000000000000080
:10c0c0000000000000000000000000000000000070
:10c0d0000000000000000000000000000000000060
:10c0e0000000000000000000000000000000000050
:10c0f0000000000000000000000000000000000040
:10c10000000000000000000000000000000000002f
:10c11000000000000000000000000000000000001f
:10c12000000000000000000000000000000000000f
:10c1300000000000000000000000000000000000ff
:10c1400000000000000000000000000000000000ef
:10c1500000000000000000000000000000000000df
:10c1600000000000000000000000000000000000cf
:10c1700000000000000000000000000000000000bf
:10c1800000000000000000000000000000000000af
:10c19000000000000000000000000000000000009f
:10c1a000000000000000000000000000000000008f
:10c1b000000000000000000000000000000000007f
:10c1c000000000000000000000000000000000006f
:10c1d000000000000000000000000000000000005f
:10c1e000000000000000000000000000000000004f
:10c1f000000000000000000000000000000000003f
:10c20000000000000000000000000000000000002e
:10c21000000000000000000000000000000000001e
:10c22000000000000000000000000000000000000e
:10c2300000000000000000000000000000000000fe
:10c2400000000000000000000000000000000000ee
:10c2500000000000000000000000000000000000de
:10c2600000000000000000000000000000000000ce
:10c2700000000000000000000000000000000000be
:10c2800000000000000000000000000000000000ae
:10c29000000000000000000000000000000000009e
:10c2a000000000000000000000000000000000008e
:10c2b000000000000000000000000000000000007e
:10c2c000000000000000000000000000000000006e
:10c2d000000000000000000000000000000000005e
:10c2e000000000000000000000000000000000004e
:10c2f000000000000000000000000000000000003e
:10c30000000000000000000000000000000000002d
:10c31000000000000000000000000000000000001d
:10c32000000000000000000000000000000000000d
:10c3300000000000000000000000000000000000fd
:10c3400000000000000000000000000000000000ed
:10c3500000000000000000000000000000000000dd
:10c3600000000000000000000000000000000000cd
:10c3700000000000000000000000000000000000bd
:10c3800000000000000000000000000000000000ad
:10c39000000000000000000000000000000000009d
:10c3a000000000000000000000000000000000008d
:10c3b000000000000000000000000000000000007d
:10c3c000000000000000000000000000000000006d
:10c3d000000000000000000000000000000000005d
:10c3e000000000000000000000000000000000004d
:10c3f000000000000000000000000000000000003d
:10c40000000000000000000000000000000000002c
:10c41000000000000000000000000000000000001c
:10c42000000000000000000000000000000000000c
:10c4300000000000000000000000000000000000fc
:10c4400000000000000000000000000000000000ec
:10c4500000000000000000000000000000000000dc
:10c4600000000000000000000000000000000000cc
:10c4700000000000000000000000000000000000bc
:10c4800000000000000000000000000000000000ac
:10c49000000000000000000000000000000000009c
:10c4a000000000000000000000000000000000008c
:10c4b000000000000000000000000000000000007c
:10c4c000000000000000000000000000000000006c
:10c4d000000000000000000000000000000000005c
:10c4e000000000000000000000000000000000004c
:10c4f000000000000000000000000000000000003c
:10c50000000000000000000000000000000000002b
:10c51000000000000000000000000000000000001b
:10c52000000000000000000000000000000000000b
:10c5300000000000000000000000000000000000fb
:10c5400000000000000000000000000000000000eb
:10c5500000000000000000000000000000000000db
:10c5600000000000000000000000000000000000cb
:10c5700000000000000000000000000000000000bb
:10c5800000000000000000000000000000000000ab
:10c59000000000000000000000000000000000009b
:10c5a000000000000000000000000000000000008b
:10c5b000000000000000000000000000000000007b
:10c5c000000000000000000000000000000000006b
:10c5d000000000000000000000000000000000005b
:10c5e000000000000000000000000000000000004b
:10c5f000000000000000000000000000000000003b
:10c60000000000000000000000000000000000002a
:10c61000000000000000000000000000000000001a
:10c62000000000000000000000000000000000000a
:10c6300000000000000000000000000000000000fa
:10c6400000000000000000000000000000000000ea
:10c6500000000000000000000000000000000000da
:10c6600000000000000000000000000000000000ca
:10c6700000000000000000000000000000000000ba
:10c6800000000000000000000000000000000000aa
:10c69000000000000000000000000000000000009a
:10c6a000000000000000000000000000000000008a
:10c6b000000000000000000000000000000000007a
:10c6c000000000000000000000000000000000006a
:10c6d000000000000000000000000000000000005a
:10c6e000000000000000000000000000000000004a
:10c6f000000000000000000000000000000000003a
:10c700000000000000000000000000000000000029
:10c710000000000000000000000000000000000019
:10c720000000000000000000000000000000000009
:10c7300000000000000000000000000000000000f9
:10c7400000000000000000000000000000000000e9
:10c7500000000000000000000000000000000000d9
:10c7600000000000000000000000000000000000c9
:10c7700000000000000000000000000000000000b9
:10c7800000000000000000000000000000000000a9
:10c790000000000000000000000000000000000099
:10c7a0000000000000000000000000000000000089
:10c7b0000000000000000000000000000000000079
:10c7c0000000000000000000000000000000000069
:10c7d0000000000000000000000000000000000059
:10c7e0000000000000000000000000000000000049
:10c7f0000000000000000000000000000000000039
:10c800000000000000000000000000000000000028
:10c810000000000000000000000000000000000018
:10c820000000000000000000000000000000000008
:10c8300000000000000000000000000000000000f8
:10c8400000000000000000000000000000000000e8
:10c8500000000000000000000000000000000000d8
:10c8600000000000000000000000000000000000c8
:10c8700000000000000000000000000000000000b8
:10c8800000000000000000000000000000000000a8
:10c890000000000000000000000000000000000098
:10c8a0000000000000000000000000000000000088
:10c8b0000000000000000000000000000000000078
:10c8c0000000000000000000000000000000000068
:10c8d0000000000000000000000000000000000058
:10c8e0000000000000000000000000000000000048
:10c8f0000000000000000000000000000000000038
:10c900000000000000000000000000000000000027
:10c910000000000000000000000000000000000017
:10c920000000000000000000000000000000000007
:10c9300000000000000000000000000000000000f7
:10c9400000000000000000000000000000000000e7
:10c9500000000000000000000000000000000000d7
:10c9600000000000000000000000000000000000c7
:10c9700000000000000000000000000000000000b7
:10c9800000000000000000000000000000000000a7
:10c990000000000000000000000000000000000097
:10c9a0000000000000000000000000000000000087
:10c9b0000000000000000000000000000000000077
:10c9c0000000000000000000000000000000000067
:10c9d0000000000000000000000000000000000057
:10c9e0000000000000000000000000000000000047
:10c9f0000000000000000000000000000000000037
:10ca00000000000000000000000000000000000026
:10ca10000000000000000000000000000000000016
:10ca20000000000000000000000000000000000006
:10ca300000000000000000000000000000000000f6
:10ca400000000000000000000000000000000000e6
:10ca500000000000000000000000000000000000d6
:10ca600000000000000000000000000000000000c6
:10ca700000000000000000000000000000000000b6
:10ca800000000000000000000000000000000000a6
:10ca90000000000000000000000000000000000096
:10caa0000000000000000000000000000000000086
:10cab0000000000000000000000000000000000076
:10cac0000000000000000000000000000000000066
:10cad0000000000000000000000000000000000056
:10cae0000000000000000000000000000000000046
:10caf0000000000000000000000000000000000036
:10cb00000000000000000000000000000000000025
:10cb10000000000000000000000000000000000015
:10cb20000000000000000000000000000000000005
:10cb300000000000000000000000000000000000f5
:10cb400000000000000000000000000000000000e5
:10cb500000000000000000000000000000000000d5
:10cb600000000000000000000000000000000000c5
:10cb700000000000000000000000000000000000b5
:10cb800000000000000000000000000000000000a5
:10cb90000000000000000000000000000000000095
:10cba0000000000000000000000000000000000085
:10cbb0000000000000000000000000000000000075
:10cbc0000000000000000000000000000000000065
:10cbd0000000000000000000000000000000000055
:10cbe0000000000000000000000000000000000045
:10cbf0000000000000000000000000000000000035
:10cc00000000000000000000000000000000000024
:10cc10000000000000000000000000000000000014
:10cc20000000000000000000000000000000000004
:10cc300000000000000000000000000000000000f4
:10cc400000000000000000000000000000000000e4
:10cc500000000000000000000000000000000000d4
:10cc600000000000000000000000000000000000c4
:10cc700000000000000000000000000000000000b4
:10cc800000000000000000000000000000000000a4
:10cc90000000000000000000000000000000000094
:10cca0000000000000000000000000000000000084
:10ccb0000000000000000000000000000000000074
:10ccc0000000000000000000000000000000000064
:10ccd0000000000000000000000000000000000054
:10cce0000000000000000000000000000000000044
:10ccf0000000000000000000000000000000000034
:10cd00000000000000000000000000000000000023
:10cd10000000000000000000000000000000000013
:10cd20000000000000000000000000000000000003
:10cd300000000000000000000000000000000000f3
:10cd400000000000000000000000000000000000e3
:10cd500000000000000000000000000000000000d3
:10cd600000000000000000000000000000000000c3
:10cd700000000000000000000000000000000000b3
:10cd800000000000000000000000000000000000a3
:10cd90000000000000000000000000000000000093
:10cda0000000000000000000000000000000000083
:10cdb0000000000000000000000000000000000073
:10cdc0000000000000000000000000000000000063
:10cdd0000000000000000000000000000000000053
:10cde0000000000000000000000000000000000043
:10cdf0000000000000000000000000000000000033
:10ce00000000000000000000000000000000000022
:10ce10000000000000000000000000000000000012
:10ce20000000000000000000000000000000000002
:10ce300000000000000000000000000000000000f2
:10ce400000000000000000000000000000000000e2
:10ce500000000000000000000000000000000000d2
:10ce600000000000000000000000000000000000c2
:10ce700000000000000000000000000000000000b2
:10ce800000000000000000000000000000000000a2
:10ce90000000000000000000000000000000000092
:10cea0000000000000000000000000000000000082
:10ceb0000000000000000000000000000000000072
:10cec0000000000000000000000000000000000062
:10ced0000000000000000000000000000000000052
:10cee0000000000000000000000000000000000042
:10cef0000000000000000000000000000000000032
:10cf00000000000000000000000000000000000021
:10cf10000000000000000000000000000000000011
:10cf20000000000000000000000000000000000001
:10cf300000000000000000000000000000000000f1
:10cf400000000000000000000000000000000000e1
:10cf500000000000000000000000000000000000d1
:10cf600000000000000000000000000000000000c1
:10cf700000000000000000000000000000000000b1
:10cf800000000000000000000000000000000000a1
:10cf90000000000000000000000000000000000091
:10cfa0000000000000000000000000000000000081
:10cfb0000000000000000000000000000000000071
:10cfc0000000000000000000000000000000000061
:10cfd0000000000000000000000000000000000051
:10cfe0000000000000000000000000000000000041
:10cff0000000000000000000000000000000000031
:020000040000fa
:020000040002f8
:10d0000000000000400000005b0000006f00000016
:10d01000800000008f0000009d000000a9000000bb
:10d02000b5000000c0000000ca000000d4000000ed
:10d03000de000000e7000000ef000000f800000044
:10d0400000010000080100001001000017010000ad
:10d050001e010000250100002c010000330100002a
:10d060003a01000040010000460100004d010000af
:10d0700053010000590100005f010000640100003d
:10d080006a01000070010000750100007b010000d2
:10d0900080010000850100008b010000900100006c
:10d0a000950100009a0100009f010000a40100000a
:10d0b000a9010000ad010000b2010000b7010000ad
:10d0c000bb010000c0010000c5010000c901000053
:10d0d000ce010000d2010000d6010000db010000fb
:10d0e000df010000e3010000e7010000ec010000a7
:10d0f000f0010000f4010000f8010000fc01000054
:10d100000002000004020000080200000c020000ff
:10d110001002000014020000170200001b020000b1
:10d120001f02000023020000270200002a02000064
:10d130002e02000032020000350200003902000019
:10d140003c020000400200004402000047020000d0
:10d150004b0200004e020000520200005502000087
:10d16000580200005c0200005f0200006302000041
:10d1700066020000690200006d02000070020000fb
:10d1800073020000760200007a0200007d020000b7
:10d190008002000083020000860200008a02000074
:10d1a0008d02000090020000930200009602000031
:10d1b000990200009c0200009f020000a2020000f1
:10d1c000a5020000a8020000ab020000ae020000b1
:10d1d000b1020000b4020000b7020000ba02000071
:10d1e000bd020000c0020000c3020000c602000031
:10d1f000c9020000cc020000ce020000d1020000f3
:10d20000d4020000d7020000da020000dd020000b4
:10d21000df020000e2020000e5020000e802000078
:10d22000ea020000ed020000f0020000f30200003c
:10d23000f5020000f8020000fb020000fd02000001
:10d2400000030000030300000503000008030000c2
:10d250000b0300000d030000100300001203000088
:10d2600015030000180300001a0300001d0300004e
:10d270001f03000022030000240300002703000016
:10d280002a0300002c0300002f03000031030000dc
:10d290003403000036030000390300003b030000a4
:10d2a0003e0300004003000042030000450300006d
:10d2b000470300004a0300004c0300004f03000036
:10d2c0005103000053030000560300005803000000
:10d2d0005b0300005d0300005f03000062030000c9
:10d2e0006403000066030000690300006b03000094
:10d2f0006e0300007003000072030000740300005e
:10d3000077030000790300007b0300007e03000028
:10d3100080030000820300008503000087030000f3
:10d32000890300008b0300008e03000090030000bf
:10d33000920300009403000097030000990300008b
:10d340009b0300009d0300009f030000a203000058
:10d35000a4030000a6030000a8030000aa03000025
:10d36000ad030000af030000b1030000b3030000f1
:10d37000b5030000b7030000ba030000bc030000bf
:10d38000be030000c0030000c2030000c40300008d
:10d39000c6030000c8030000cb030000cd0300005b
:10d3a000cf030000d1030000d3030000d503000029
:10d3b000d7030000d9030000db030000dd030000f9
:10d3c000df030000e2030000e4030000e6030000c6
:10d3d000e8030000ea030000ec030000ee03000095
:10d3e000f0030000f2030000f4030000f603000065
:10d3f000f8030000fa030000fc030000fe03000035
:10d400000004000002040000040400000604000000
:10d41000080400000a0400000c0400000e040000d0
:10d4200010040000120400001404000016040000a0
:10d43000180400001a0400001c0400001e04000070
:10d440002004000021040000230400002504000043
:10d4500027040000290400002b0400002d04000014
:10d460002f040000310400003304000035040000e4
:10d4700037040000380400003a0400003c040000b7
:10d480003e04000040040000420400004404000088
:10d490004604000048040000490400004b0400005a
:10d4a0004d0400004f04000051040000530400002c
:10d4b0005504000056040000580400005a040000ff
:10d4c0005c0400005e0400006004000061040000d1
:10d4d00063040000650400006704000069040000a4
:10d4e0006a0400006c0400006e0400007004000078
:10d4f000720400007304000075040000770400004b
:10d50000790400007b0400007c0400007e0400001d
:10d5100080040000820400008404000085040000f0
:10d5200087040000890400008b0400008c040000c4
:10d530008e04000090040000920400009304000098
:10d540009504000097040000990400009a0400006c
:10d550009c0400009e040000a0040000a104000040
:10d56000a3040000a5040000a6040000a804000015
:10d57000aa040000ac040000ad040000af040000e9
:10d58000b1040000b2040000b4040000b6040000be
:10d59000b8040000b9040000bb040000bd04000092
:10d5a000be040000c0040000c2040000c304000068
:10d5b000c5040000c7040000c8040000ca0400003d
:10d5c000cc040000cd040000cf040000d104000012
:10d5d000d2040000d4040000d6040000d7040000e8
:10d5e000d9040000db040000dc040000de040000bd
:10d5f000e0040000e1040000e3040000e504000092
:10d60000e6040000e8040000e9040000eb04000068
:10d61000ed040000ee040000f0040000f20400003d
:10d62000f3040000f5040000f6040000f804000014
:10d63000fa040000fb040000fd040000fe040000ea
:10d6400000050000020500000305000005050000bc
:10d6500006050000080500000a0500000b05000093
:10d660000d0500000e05000010050000110500006a
:10d670001305000015050000160500001805000040
:10d68000190500001b0500001c0500001e05000018
:10d6900020050000210500002305000024050000ee
:10d6a0002605000027050000290500002a050000c6
:10d6b0002c0500002e0500002f050000310500009c
:10d6c0003205000034050000350500003705000074
:10d6d000380500003a0500003b0500003d0500004c
:10d6e0003e05000040050000420500004305000023
:10d6f00045050000460500004805000049050000fa
:10d700004b0500004c0500004e0500004f050000d1
:10d7100051050000520500005405000055050000a9
:10d7200057050000580500005a0500005b05000081
:10d730005d0500005e050000600500006105000059
:10d740006305000064050000660500006705000031
:10d75000690500006a0500006b0500006d0500000a
:10d760006e050000700500007105000073050000e3
:10d7700074050000760500007705000079050000bb
:10d780007a0500007c0500007d0500007f05000093
:10d79000800500008105000083050000840500006d
:10d7a0008605000087050000890500008a05000045
:10d7b0008c0500008d0500008e050000900500001e
:10d7c00091050000930500009405000096050000f7
:10d7d00097050000990500009a0500009b050000d0
:10d7e0009d0500009e050000a0050000a1050000a9
:10d7f000a2050000a4050000a5050000a705000083
:10d80000a8050000aa050000ab050000ac0500005b
:10d81000ae050000af050000b1050000b205000034
:10d82000b3050000b5050000b6050000b80500000e
:10d83000b9050000ba050000bc050000bd050000e8
:10d84000bf050000c0050000c1050000c3050000c1
:10d85000c4050000c6050000c7050000c80500009b
:10d86000ca050000cb050000cc050000ce05000075
:10d87000cf050000d1050000d2050000d30500004f
:10d88000d5050000d6050000d7050000d905000029
:10d89000da050000dc050000dd050000de05000003
:10d8a000e0050000e1050000e2050000e4050000dd
:10d8b000e5050000e6050000e8050000e9050000b8
:10d8c000eb050000ec050000ed050000ef05000091
:10d8d000f0050000f1050000f3050000f40500006c
:10d8e000f5050000f7050000f8050000f905000047
:10d8f000fb050000fc050000fd050000ff05000021
:10d9000000060000010600000306000004060000f7
:10d9100005060000070600000806000009060000d2
:10d920000b0600000c0600000d0600000f060000ac
:10d930001006000011060000130600001406000087
:10d940001506000017060000180600001906000062
:10d950001a0600001c0600001d0600001e0600003e
:10d960002006000021060000220600002406000018
:10d9700025060000260600002706000029060000f4
:10d980002a0600002b0600002d0600002e060000cf
:10d990002f060000310600003206000033060000aa
:10d9a0003406000036060000370600003806000086
:10d9b0003a0600003b0600003c0600003d06000061
:10d9c0003f0600004006000041060000430600003c
:10d9d0004406000045060000460600004806000018
:10d9e000490600004a0600004b0600004d060000f4
:10d9f0004e0600004f0600005106000052060000cf
:10da000053060000540600005606000057060000aa
:10da100058060000590600005b0600005c06000086
:10da20005d0600005e060000600600006106000062
:10da3000620600006306000065060000660600003e
:10da400067060000680600006a0600006b0600001a
:10da50006c0600006d0600006f06000070060000f6
:10da600071060000720600007406000075060000d2
:10da70007606000077060000790600007a060000ae
:10da80007b0600007c0600007e0600007f0600008a
:10da90008006000081060000820600008406000067
:10daa0008506000086060000870600008906000043
:10dab0008a0600008b0600008c0600008d06000020
:10dac0008f060000900600009106000092060000fc
:10dad00094060000950600009606000097060000d8
:10dae000980600009a0600009b0600009c060000b5
:10daf0009d0600009e060000a0060000a106000092
:10db0000a2060000a3060000a5060000a60600006d
:10db1000a7060000a8060000a9060000ab0600004a
:10db2000ac060000ad060000ae060000af06000027
:10db3000b1060000b2060000b3060000b406000003
:10db4000b5060000b6060000b8060000b9060000e1
:10db5000ba060000bb060000bc060000be060000be
:10db6000bf060000c0060000c1060000c20600009b
:10db7000c4060000c5060000c6060000c706000077
:10db8000c8060000c9060000cb060000cc06000055
:10db9000cd060000ce060000cf060000d106000032
:10dba000d2060000d3060000d4060000d50600000f
:10dbb000d6060000d8060000d9060000da060000ec
:10dbc000db060000dc060000dd060000df060000ca
:10dbd000e0060000e1060000e2060000e3060000a7
:10dbe000e4060000e6060000e7060000e806000084
:10dbf000e9060000ea060000eb060000ec06000063
:10dc0000ee060000ef060000f0060000f10600003e
:10dc1000f2060000f3060000f5060000f60600001c
:10dc2000f7060000f8060000f9060000fa060000fa
:10dc3000fb060000fd060000fe060000ff060000d7
:10dc400000070000010700000207000003070000b2
:10dc5000050700000607000007070000080700008e
:10dc6000090700000a0700000b0700000d0700006d
:10dc70000e0700000f07000010070000110700004a
:10dc80001207000013070000140700001607000029
:10dc90001707000018070000190700001a07000006
:10dca0001b0700001c0700001d0700001f070000e5
:10dcb00020070000210700002207000023070000c2
:10dcc00024070000250700002607000028070000a1
:10dcd000290700002a0700002b0700002c0700007e
:10dce0002d0700002e0700002f070000300700005e
:10dcf000320700003307000034070000350700003a
:10dd00003607000037070000380700003907000019
:10dd10003a0700003c0700003d0700003e070000f6
:10dd20003f070000400700004107000042070000d5
:10dd300043070000440700004607000047070000b3
:10dd400048070000490700004a0700004b07000091
:10dd50004c0700004d0700004e0700004f07000071
:10dd6000500700005207000053070000540700004e
:10dd7000550700005607000057070000580700002d
:10dd8000590700005a0700005b0700005c0700000d
:10dd90005e0700005f0700006007000061070000e9
:10dda00062070000630700006407000065070000c9
:10ddb00066070000670700006807000069070000a9
:10ddc0006b0700006c0700006d0700006e07000085
:10ddd0006f07000070070000710700007207000065
:10dde0007307000074070000750700007607000045
:10ddf00077070000790700007a0700007b07000022
:10de00007c0700007d0700007e0700007f07000000
:10de100080070000810700008207000083070000e0
:10de200084070000850700008607000087070000c0
:10de3000890700008a0700008b0700008c0700009c
:10de40008d0700008e0700008f070000900700007c
:10de5000910700009207000093070000940700005c
:10de6000950700009607000097070000980700003c
:10de7000990700009a0700009c0700009d0700001a
:10de80009e0700009f070000a0070000a1070000f8
:10de9000a2070000a3070000a4070000a5070000d8
:10dea000a6070000a7070000a8070000a9070000b8
:10deb000aa070000ab070000ac070000ad07000098
:10dec000ae070000af070000b0070000b107000078
:10ded000b3070000b4070000b5070000b607000054
:10dee000b7070000b8070000b9070000ba07000034
:10def000bb070000bc070000bd070000be07000014
:10df0000bf070000c0070000c1070000c2070000f3
:10df1000c3070000c4070000c5070000c6070000d3
:10df2000c7070000c8070000c9070000ca070000b3
:10df3000cb070000cc070000cd070000ce07000093
:10df4000cf070000d0070000d1070000d207000073
:10df5000d4070000d5070000d6070000d70700004f
:10df6000d8070000d9070000da070000db0700002f
:10df7000dc070000dd070000de070000df0700000f
:10df8000e0070000e1070000e2070000e3070000ef
:10df9000e4070000e5070000e6070000e7070000cf
:10dfa000e8070000e9070000ea070000eb070000af
:10dfb000ec070000ed070000ee070000ef0700008f
:10dfc000f0070000f1070000f2070000f30700006f
:10dfd000f4070000f5070000f6070000f70700004f
:10dfe000f8070000f9070000fa070000fb0700002f
:10dff000fc070000fd070000fe070000ff0700000f
:020000040000fa
:020000040002f8
:10e00000889fbe008a1f78008c9fbe0000057800a4
:10e010000204be001a109000aa1090004219de00ff
:10e0200003002000800f5100818f5900130036003b
:10e030004409dd00cc01de00830171004401dd00f4
:10e040000800be00c8d602000100000061065000b2
:10e05000e08658004409dd00cc01de008301710038
:10e060004401dd000800be00c8d602000100000027
:10e070000003be008001eb00120037004209dd0002
:10e08000ce01de00830171004201dd000800be0008
:10e09000c8d602000100000061065000e08658006a
:10e0a0004209dd00ce01de00830171004201dd0086
:10e0b0000800be00c8d60200010000000003be0038
:10e0c00013002000c319dd0003f0a0008000eb0066
:10e0d0006c004500010878006a00450001087800de
:10e0e0006e004500010878007400450001087800c2
:10e0f00072004500010878007600450001087800ac
:10e10000820220000a014100120278000420a100ce
:10e110001615980027159800700045000108780032
:10e120007800450001087800040078003000b30052
:10e130000040a10000097800000220000a00400011
:10e14000010878007e004500010878004a00900030
:10e15000e20f500005003a00cc11880083118800be
:10e160000040200090118800040037004c11880006
:10e170000311880000402000101188004f06be00e7
:10e180004f0578004f04be0000000600e20f50006b
:10e1900002003a0023c8a800010037002168a80047
:10e1a00000000600e20f500002003a0023c8a90058
:10e1b000010037002168a90000000600889fbe000a
:10e1c0008a9fbe008c9fbe0042c0b3007602400012
:10e1d000fc024000f203400064054000780040006b
:10e1e0008005eb00cc09de00c408dd00e9cf51005a
:10e1f000020036007343b000010037000343b00053
:10e2000014037800950f53001d003d00170378009c
:10e210006134b900888fd2008984d20008f0a1004f
:10e220000806d000ba06d0000d0446004220a8001f
:10e23000aa844c004200a9004220ae004200a8007f
:10e240000884d300ac01800089067800ad01880005
:10e25000034c7800ac0188000603e800860b7800c8
:10e260009401e800030a7800908f51000100340007
:10e2700003087800950f530001003a008b0b7800db
:10e280000241e900d7ff3a004f06be004f05be002d
:10e290004f04be0000000600889fbe008a9fbe009b
:10e2a0008c9fbe0022c0b30076024000fc024000fa
:10e2b0007203400064044000780040008004eb00da
:10e2c0008181fb00c419de00c408dd00e9cf5100e4
:10e2d000020036007343b000010037000343b00072
:10e2e00094037800958f53001d003d00960378003d
:10e2f000613db9008a8fd2008b85d2000af0a1005f
:10e300000a06d000b806d0000d0546004220a8003d
:10e31000a8854d004200a9004220ae004200a8009e
:10e320000a85d300ac0180008b067800ad0188001f
:10e33000034d7800ac0188008703e800070b7800e4
:10e340009401e800030a7800908f51000100340026
:10e3500003087800958f530001003a00090b7800fc
:10e360000241e900d6ff3a004f06be004f05be004d
:10e370004f04be0000000600889fbe008a9fbe00ba
:10e380008c9fbe00914178000304e0002c00320015
:10e390000001eb0076024000fc024000f203400066
:10e3a000640540007800400082057800140378007e
:10e3b000950f53001d003d00170378006134b9002c
:10e3c000888fd2008984d20008f0a1000806d0000e
:10e3d000ba06d0000d0446004220a800aa844c00d2
:10e3e0004200a9004220ae004200a8000884d300e9
:10e3f000ac01800089067800ad018800034c7800ec
:10e40000ac0188000603e800860b78009401e80060
:10e41000030a7800908f510001003400030878004f
:10e42000950f530001003a008b0b78000201e800c1
:10e4300082814000934178000304e000dbff3a0052
:10e440004f06be004f05be004f04be000000060090
:10e45000914178000001eb000304e0000900320064
:10e460006022b80004024000034a78000201e8007c
:10e470006112b90084814000934178000304e000f8
:10e48000f8ff3a0002007800000006000001eb00ef
:10e490006103b800cc09de00c408dd00e9cf5100fb
:10e4a000020036007343b000010037000343b000a0
:10e4b00006024100034a78000201e800e40f51001f
:10e4c000f4ff3a004000200000000600e887470003
:10e4d000889fbe008a9fbe008c9fbe008e1f780062
:10e4e000e0b79f000205be000040eb0080f79f00f0
:10e4f000e00f5100e08f590007003d00d0c2b3008b
:10e50000efb097008048780060051100e0851900a1
:10e5100012c0b30082f79f0014002000f4b79f00e0
:10e5200008a02c00a9b92300ac0020000d00200099
:10e530000801be000a00be006e06020000000000d6
:10e54000004778000e04e0002a003a000c01be00eb
:10e550000800be006e060200000000000004be00bd
:10e560007fb097000000e0000b003a000ff1970029
:10e570000280fb008000eb006fb2970000004200b9
:10e5800001c3b300014847000241e80082f79f0041
:10e590000001eb00f2b79f00e00f5400e08f5c0039
:10e5a000e3ff3c000ff097007fb297000400e0000b
:10e5b000080032000081fb008001eb006fb2970081
:10e5c0008200420002c3b300824878000040e800a5
:10e5d00080f79f008ff097000180fb004f077800c5
:10e5e0004f06be004f05be004f04be008f00b100b5
:10e5f000000006000e80fb008000eb0080c9b9001f
:10e600000800b800810041000005550081855d00cb
:10e610000c01be000800be006e06020000000000f3
:10e620000004be00d1ff3700e4874700889fbe008a
:10e630008a9fbe008c9fbe008e1f780080bf9f0007
:10e64000010778000043eb000e00e00004003d00ed
:10e65000d2c2b300024878000e07ea0016c0b30029
:10e66000540020001a002000027122000006eb0076
:10e670007b662600edc2b300110009000207d80036
:10e68000800178000304e000010032000c057800ee
:10e690000b94b900c2cbde00cf92de00858253001e
:10e6a000e18f520006003a000684fb008004eb0074
:10e6b0000fb89700880340008d4b78000643e800b0
:10e6c0000a00e00007003a000684fb008004eb002b
:10e6d0008fb897008883400000c3b30080cb41000f
:10e6e0000643e8000402e900050032008381fb00d4
:10e6f0008299b9000207570005017800deff370054
:10e700000a00e000070032000681fb008001eb00f8
:10e710000fba97000200420002c3b300024878001b
:10e720000643e8000680fb004f0778004f06be0056
:10e730004f05be004f04be004f00b10000000600b0
:10e74000889fbe008a9fbe00800578000105780082
:10e750000042eb000a00e00004003d00d2c2b3001a
:10e76000824d78000a05ea0014c0b30015002000ad
:10e7700002712200766626008003eb00110009007a
:10e780000205d800800178000304e0001b003a0075
:10e790000694b90042ccde004f91de000201540025
:10e7a0000500e00007003a000484fb008004eb0051
:10e7b0008882450000c3b30080ca41000442e800db
:10e7c000870278000200e000ecff3c000500e0005a
:10e7d000060032000481fb008001eb00028045004e
:10e7e00002c3b300024878000442e8000480fb0042
:10e7f0004f05be004f04be00000006000384fb006e
:10e8000082c4b900080555000694b900c2cade00ea
:10e810004f91de0002815200e3ff37008000eb00e1
:10e820006103b8004c1ade00050020004418dd002a
:10e83000cc11de00830170004411dd00e94f52006d
:10e84000020036007443b000010037000443b000fa
:10e8500086824000844a78008100e800e88f5000fa
:10e86000f0ff3a0080002000000006000148780018
:10e870001000200000000600889fbe00b009900034
:10e8800060099000828f510024003d00f201400099
:10e89000130178006112b900848fd2008582d20002
:10e8a00004f0a10020039000b00390000604d00003
:10e8b0008404d000090244004220a80085824b0055
:10e8c0004200a9004220ae004200a8000482d3000a
:10e8d000a601800085037800a7018800014a78001e
:10e8e000a60188000201e80082097800f6014000d4
:10e8f0009300e80081097800c0099000838f5000e0
:10e900000100340041089800e0089000810f510098
:10e9100002003a00720040000008eb004f04be0005
:10e9200000000600889fbe0003ceb30083c14000f4
:10e93000e2c5b30082cf510001003600e1c2b3004e
:10e94000b009900060099000828f510024003d00c2
:10e95000f2014000130178006112b900848fd200e7
:10e960008582d20004f0a10020039000b003900043
:10e970000604d0008404d000090244004220a8000c
:10e9800085824b004200a9004220ae004200a80050
:10e990000482d300a601800085037800a7018800c7
:10e9a000014a7800a60188000201e8008209780087
:10e9b000f60140009300e80081097800c00990004a
:10e9c000838f50000100340041089800e008900057
:10e9d000810f510002003a00720040000008eb0075
:10e9e0004f04be0000000600e4874700889fbe0079
:10e9f0008a9fbe008c9fbe008e1f780033002000cf
:10ea000042062000d9cc2c0076024000fc024000d7
:10ea10007204400064074000f806400081bf9f0078
:10ea20008fb89700110009008280d8000083fb0096
:10ea300082b3b9008fbb97008683530087bf9f00c6
:10ea40000913b8004339de0094007800958f500018
:10ea50001f003d00180378006135b9008a8fd2008d
:10ea60008b85d2000af0a1008a03d000be00d0003e
:10ea7000018543004220a800ae854d004200a90058
:10ea80004220ae004200a8000a85d3000043b00037
:10ea9000a70180000b067800ac018800004d7800cb
:10eaa000a70188000603e800060c78001400e800bf
:10eab000000a78009d0f500001003400800e78009d
:10eac000950f530002003a008003eb00070c78001a
:10ead0008301e900d2ff3a004f0778004f06be00dd
:10eae0004f05be004f04be004f00b10000000600fd
:10eaf000ec874700889fbe008a9fbe008c9fbe00a7
:10eb00008e1f78000100e0002a003d00b00990004f
:10eb100060099000828f510025003d007201400085
:10eb200092017800611ab900848fd2008582d200e8
:10eb300004f0a10020039000b00390000604d00070
:10eb40008404d000090244004220a80085824b00c2
:10eb50004200a9004220ae004200a8000482d30077
:10eb6000a601800085037800a7018800d5c2b30004
:10eb7000054a7800a60188008301e80003097800af
:10eb8000760240001401e800020a7800400a900072
:10eb9000840f510001003400420898006009900081
:10eba000828f510002003a00720140000009eb0020
:10ebb0008100ea001800200002712200736626001e
:10ebc000760240007c0340008002eb0072054000aa
:10ebd000e4054000cbb79f0078074000f0b79f00e6
:10ebe00081bf9f000fb89700110009000200d800f4
:10ebf000000678000c04e0005c003a000390b900c5
:10ec0000d0b79f00e1b79f00c28bde004f91de00be
:10ec1000028153000800e00025003a000504780056
:10ec200094007800968f500021003d009a037800f0
:10ec3000613cb900888fd2008984d20008f0a1001d
:10ec4000cfb597000800d000bb00d0000104400001
:10ec50004220a800ab844c004200a9004220ae0034
:10ec60004200a8000884d3000c43b000ab01800030
:10ec700089067800ad0188000c4c7800ab01880053
:10ec80008703e800070d78001404e800080a7800fc
:10ec90009e0f540001003400080f7800050478002e
:10eca000968f530002003a00050d780005047800a5
:10ecb0000200e000cbff3c007fb097000800e000be
:10ecc0003400320030099000e0089000810f5100bc
:10ecd00030003d00f2004000110178006112b900df
:10ece000848fd2008582d20004f0a100200390001e
:10ecf000b00390008601d0000404d00008824100d7
:10ed00004220a80085824b004200a9004220ae00ac
:10ed10004200a8000482d300a3018000050378000c
:10ed2000a601880005c3b300054a7800a301880046
:10ed30000201e80082087800f60140009300e80034
:10ed400081097800c0099000838f500001003400d1
:10ed500041089800e0089000810f51000d003a0032
:10ed6000720040000008eb000a0037000c84fb0032
:10ed700082c4b9008fbc97008884540089bf9f006b
:10ed80000394b900c2cbde004f91de000281530034
:10ed9000a2ff37004f0778004f06be004f05be00a8
:10eda0004f04be00cf00b1000000060070019000cb
:10edb0008080eb000200e0001e0034006c02400086
:10edc00094017800611bb900868fd2008783d2003e
:10edd00006f0a1008600d000b002d00005834000fc
:10ede0004220a800a0834b004200a9004220ae00b0
:10edf0004200a8000683d3009501800087007800b8
:10ee000001d0fe009640780005d0fe008180fb0016
:10ee10008301e800030a78006e024000020ae9005c
:10ee200050099000828f5100020035006c004000b4
:10ee30000008eb000100780000000600889fbe007b
:10ee4000300990008080eb000200e00020003400d8
:10ee50007402400094017800611bb900868fd200d3
:10ee60008783d20006f0a10020049000b004900037
:10ee70008800d0008602d000058340004220a80010
:10ee800087834c004200a9004220ae004200a80047
:10ee90000683d300950180008700780001d0fe0032
:10eea0009640780005d0fe008180fb008301e800d9
:10eeb000030a780076024000020ae9006009900027
:10eec000828f510002003500740040000008eb0002
:10eed000010078004f04be0000000600889fbe00bd
:10eee0008a1f78008004780049009000e10f5000ec
:10eef0000c003200e20f500024003a001b003700e3
:10ef000009007800cdff0700121180008200640024
:10ef1000fdff3a000000e0000400350020118800e9
:10ef20000200370076854400082020001a00e00027
:10ef3000f3ff3c00011020001211800002806000ed
:10ef4000fdff32001100370009007800bbff070009
:10ef50009211800082006400fdff3a000000e00092
:10ef600004003500a01188000200370076854400b7
:10ef7000082020001a00e000f3ff3c0001102000f0
:10ef80001211800002806000fdff32004f05780002
:08ef90004f04be000000060062
:020000040000fa
:020000040002f8
:10ef980000000000050000000b0000001000000049
:10efa800160000001c0000002200000028000000dd
:10efb8002e000000350000003b0000004200000069
:10efc8004900000050000000570000005e000000eb
:10efd800650000006d000000740000007c00000067
:10efe800840000008c000000940000009c000000d9
:10eff800a4000000ad000000b6000000bf00000043
:10f00800c7000000d1000000da000000e3000000a3
:10f01800ed000000f6000000000100000a010000f9
:10f02800140100001e010000290100003301000046
:10f038003e01000048010000530100005e0100008d
:10f048006a01000075010000800100008c010000c9
:10f0580098010000a4010000b0010000bc010000fc
:10f06800c8010000d5010000e1010000ee01000028
:10f07800fb01000008020000150200002302000046
:10f08800300200003e0200004c0200005a0200005c
:10f09800680200007602000084020000930200006b
:10f0a800a2020000b0020000bf020000cf02000070
:10f0b800de020000ed020000fd0200000d0300006a
:10f0c8001d0300002d0300003d0300004d03000058
:10f0d8005e0300006e0300007f0300009003000041
:10f0e800a1030000b3030000c4030000d60300001e
:10f0f800e7030000f90300000b0400001d040000f2
:10f1080030040000420400005504000068040000b8
:10f118007b0400008e040000a1040000b504000078
:10f12800c8040000dc040000f0040000040500002e
:10f13800190500002d0500004205000056050000d5
:10f148006b0500008005000096050000ab05000077
:10f15800c1050000d6050000ec050000020600000d
:10f16800180600002f060000450600005c06000097
:10f17800730600008a060000a1060000b906000018
:10f18800d0060000e806000000070000180700008d
:10f1980030070000480700006107000079070000f9
:10f1a80092070000ab070000c5070000de0700005b
:10f1b800f7070000110800002b08000045080000b0
:10f1c8005f0800007a08000094080000af080000fb
:10f1d800ca080000e5080000000900001b0900003b
:10f1e80037090000530900006f0900008b0900006f
:10f1f800a7090000c3090000e0090000fd0900009c
:10f208001a0a0000370a0000540a0000720a0000b7
:10f218008f0a0000ad0a0000cb0a0000e90a0000ce
:10f22800070b0000260b0000450b0000630b0000d5
:10f23800820b0000a20b0000c10b0000e00b0000d5
:10f24800000c0000200c0000400c0000600c0000c6
:10f25800810c0000a10c0000c20c0000e30c0000af
:10f26800040d0000250d0000470d0000680d00008a
:10f278008a0d0000ac0d0000ce0d0000f00d00005e
:10f28800130e0000350e0000580e00007b0e000023
:10f298009e0e0000c20e0000e50e0000090f0000df
:10f2a8002d0f0000510f0000750f00009a0f00008d
:10f2b800be0f0000e30f0000081000002d10000032
:10f2c80052100000781000009d100000c3100000cc
:10f2d800e91000000f110000351100005c1100005a
:10f2e80082110000a9110000d0110000f7110000e0
:10f2f8001f120000461200006e1200009612000055
:10f30800be120000e61200000e13000037130000c2
:10f318005f13000088130000b1130000db13000026
:10f32800041400002d14000057140000811400007c
:10f33800ab140000d5140000001500002a150000c9
:10f348005515000080150000ab150000d61500000b
:10f35800021600002d160000591600008516000040
:10f36800b1160000dd16000009170000361700006e
:10f378006317000090170000bd170000ea1700008f
:10f38800171800004518000072180000a0180000a7
:10f39800ce180000fd1800002b19000059190000b4
:10f3a80088190000b7190000e6190000151a0000b6
:10f3b800441a0000741a0000a31a0000d31a0000af
:10f3c800031b0000331b0000631b0000941b00009c
:10f3d800c41b0000f51b0000261c0000571c000081
:10f3e800881c0000b91c0000eb1c00001c1d00005c
:10f3f8004e1d0000801d0000b21d0000e41d00002d
:10f40800161e0000491e00007b1e0000ae1e0000f4
:10f41800e11e0000141f0000471f00007b1f0000b2
:10f42800ae1f0000e21f0000162000004a20000066
:10f438007e200000b2200000e62000001b21000012
:10f448004f21000084210000b9210000ee210000b6
:10f4580023220000582200008e220000c322000050
:10f46800f92200002f230000652300009b230000e1
:10f47800d1230000072400003e240000742400006b
:10f48800ab240000e22400001925000050250000ec
:10f4980087250000be250000f62500002d26000067
:10f4a800652600009d260000d42600000c270000d9
:10f4b800452700007d270000b5270000ee27000043
:10f4c800262800005f28000098280000d1280000a6
:10f4d8000a290000432900007c290000b529000002
:10f4e800ef290000282a0000622a00009c2a000058
:10f4f800d62a00000f2b0000492b0000842b0000a7
:10f50800be2b0000f82b0000332c00006d2c0000ef
:10f51800a82c0000e22c00001d2d0000582d000032
:10f52800932d0000ce2d0000092e0000452e00006e
:10f53800802e0000bb2e0000f72e0000322f0000a6
:10f548006e2f0000aa2f0000e62f000021300000d7
:10f558005d30000099300000d63000001231000004
:10f568004e3100008a310000c7310000033200002c
:10f57800403200007c320000b9320000f632000050
:10f58800323300006f330000ac330000e933000071
:10f598002634000063340000a0340000de3400008c
:10f5a8001b3500005835000096350000d3350000a3
:10f5b800103600004e3600008c360000c9360000b8
:10f5c800073700004437000082370000c0370000ca
:10f5d800fe3700003c3800007a380000b8380000d8
:10f5e800f53800003339000072390000b0390000e6
:10f5f800ee3900002c3a00006a3a0000a83a0000f0
:10f60800e63a0000253b0000633b0000a13b0000f8
:10f61800e03b00001e3c00005c3c00009b3c0000fe
:10f62800d93c0000173d0000563d0000943d000005
:10f63800d33d0000113e0000503e00008e3e000009
:10f64800cd3e00000b3f00004a3f0000883f00000d
:10f65800c63f000005400000444000008240000012
:10f66800c0400000ff4000003d4100007c41000018
:10f67800ba410000f941000037420000764200001c
:10f68800b4420000f3420000314300006f43000021
:10f69800ae430000ec4300002a4400006944000027
:10f6a800a7440000e544000024450000624500002e
:10f6b800a0450000de4500001c4600005a46000038
:10f6c80098460000d7460000154700005247000042
:10f6d80090470000ce4700000c4800004a48000050
:10f6e80088480000c648000003490000414900005e
:10f6f8007e490000bc490000fa490000374a000072
:10f70800744a0000b24a0000ef4a00002c4b000087
:10f718006a4b0000a74b0000e44b0000214c00009e
:10f728005e4c00009b4c0000d84c0000144d0000bb
:10f73800514d00008e4d0000ca4d0000074e0000dc
:10f74800434e0000804e0000bc4e0000f84e000002
:10f75800344f0000714f0000ad4f0000e94f00002a
:10f7680024500000605000009c500000d850000059
:10f77800135100004f5100008a510000c55100008c
:10f78800015200003c52000077520000b2520000c3
:10f79800ed52000028530000625300009d53000002
:10f7a800d7530000125400004c5400008654000047
:10f7b800c1540000fb540000345500006e55000091
:10f7c800a8550000e25500001b56000055560000e1
:10f7d8008e560000c7560000005700003957000039
:10f7e80072570000ab570000e45700001c58000097
:10f7f800555800008d580000c5580000fe580000fc
:10f80800365900006d590000a5590000dd59000067
:10f81800145a00004c5a0000835a0000ba5a0000db
:10f82800f15a0000285b00005f5b0000965b000057
:10f83800cc5b0000035c0000395c00006f5c0000da
:10f84800a55c0000db5c0000115d0000475d000066
:10f858007c5d0000b25d0000e75d00001c5e0000fa
:10f86800515e0000865e0000bb5e0000ef5e000097
:10f87800245f0000585f00008c5f0000c05f00003c
:10f88800f45f0000286000005c6000008f600000ea
:10f89800c3600000f6600000296100005c610000a0
:10f8a8008f610000c1610000f46100002662000061
:10f8b800586200008a620000bc620000ee6200002c
:10f8c8001f6300005163000082630000b3630000ff
:10f8d800e4630000156400004664000076640000dc
:10f8e800a7640000d76400000765000037650000c2
:10f8f8006765000096650000c6650000f5650000b4
:10f90800246600005366000082660000b1660000ad
:10f91800df6600000d6700003c6700006a670000b2
:10f9280098670000c5670000f367000020680000c2
:10f938004d6800007a680000a7680000d4680000dd
:10f94800016900002d6900005969000085690000ff
:10f95800b1690000dd690000086a0000346a00002f
:10f968005f6a00008a6a0000b56a0000e06a000069
:10f978000a6b0000356b00005f6b0000896b0000ac
:10f98800b36b0000dd6b0000066c00002f6c0000fc
:10f99800596c0000826c0000ab6c0000d36c000056
:10f9a800fc6c0000246d00004c6d0000746d0000bc
:10f9b8009c6d0000c46d0000eb6d0000136e00002c
:10f9c8003a6e0000616e0000886e0000ae6e0000a6
:10f9d800d56e0000fb6e0000216f0000476f00002d
:10f9e8006d6f0000926f0000b86f0000dd6f0000bf
:10f9f80002700000277000004c700000707000005a
:10fa080095700000b9700000dd7000000171000001
:10fa180025710000487100006c7100008f710000b2
:10fa2800b2710000d5710000f77100001a72000071
:10fa38003c7200005e72000080720000a27200003a
:10fa4800c3720000e572000006730000277300000f
:10fa5800487300006973000089730000aa730000ee
:10fa6800ca730000ea7300000a7400002a740000d8
:10fa7800497400006874000088740000a7740000ce
:10fa8800c5740000e47400000375000021750000cf
:10fa98003f7500005d7500007b75000098750000db
:10faa800b6750000d3750000f07500000d760000f3
:10fab8002a76000047760000637600007f76000013
:10fac8009b760000b7760000d3760000ef76000042
:10fad8000a77000025770000407700005b77000078
:10fae8007677000090770000ab770000c5770000bc
:10faf800df770000f9770000137800002c78000009
:10fb0800457800005f780000787800009178000060
:10fb1800a9780000c2780000da780000f2780000c6
:10fb28000a790000227900003a7900005179000032
:10fb3800697900008079000097790000ae790000ab
:10fb4800c5790000db790000f2790000087a00002e
:10fb58001e7a0000347a0000497a00005f7a0000bb
:10fb6800747a00008a7a00009f7a0000b47a000054
:10fb7800c87a0000dd7a0000f17a0000067b0000f8
:10fb88001a7b00002e7b0000427b0000557b0000a2
:10fb9800697b00007c7b00008f7b0000a27b00005b
:10fba800b57b0000c87b0000da7b0000ed7b00001d
:10fbb800ff7b0000117c0000237c0000347c0000e7
:10fbc800467c0000577c0000697c00007a7c0000bd
:10fbd8008b7c00009c7c0000ac7c0000bd7c00009d
:10fbe800cd7c0000dd7c0000ed7c0000fd7c000089
:10fbf8000d7d00001d7d00002c7d00003b7d000078
:10fc08004b7d00005a7d0000687d0000777d000074
:10fc1800867d0000947d0000a27d0000b07d00007c
:10fc2800be7d0000cc7d0000da7d0000e77d00008d
:10fc3800f57d0000027e00000f7e00001c7e0000a3
:10fc4800297e0000357e0000427e00004e7e0000c6
:10fc58005a7e0000667e0000727e00007e7e0000f4
:10fc68008a7e0000957e0000a07e0000ac7e000029
:10fc7800b77e0000c27e0000cc7e0000d77e000068
:10fc8800e17e0000ec7e0000f67e0000007f0000b0
:10fc98000a7f0000147f00001d7f0000277f0000fe
:10fca800307f0000397f0000437f00004b7f000059
:10fcb800547f00005d7f0000667f00006e7f0000bb
:10fcc800767f00007e7f0000867f00008e7f000028
:10fcd800967f00009d7f0000a57f0000ac7f00009c
:10fce800b37f0000ba7f0000c17f0000c87f00001a
:10fcf800cf7f0000d57f0000dc7f0000e27f00009e
:10fd0800e87f0000ee7f0000f47f0000fa7f00002b
:020000040000fa
:020000040002f8
:10fd180044c0b30002102000cc09de00c408dd0096
:10fd2800e9cf51000300360076c3b30086c2410014
:10fd38000200370006c3b30086c24100e20f50003c
:10fd480006003a009611800086016100fdff32002e
:10fd58008582fb00a5118800050037001611800078
:10fd680086016100fdff32008582fb0025118800b5
:10fd78000442e900e8ff3a00000006006f06b00000
:10fd8800889fbe008a9fbe008c9fbe008e1f780091
:10fd9800004024005100200007802f003600240076
:10fda80004802000050020000240250053002000a8
:10fdb8006139880000846300583988004639880012
:10fdc8000600fc005805200078398800a80a2000a1
:10fdd8007839880029e7a80000000000000000002a
:10fde8002807e200feff35000000420081804a003b
:10fdf800820f5000838f5800edff3a000000eb009f
:10fe0800809f9f00909f9f00a09f9f00b09f9f0092
:10fe180005102000648c20001d00200000057800db
:10fe280070802800a1002000d0b79f00e1b79f0094
:10fe38006011b80092af9f00a3af9f000a0078003e
:10fe48008a007800faaf9f008ab79f009ab79f0090
:10fe58000a067800aab79f0008402400590020002d
:10fe680083fb2f008381470083af9f000381e80055
:10fe78006113b800e6a79f00f7a79f0007fb2f00b4
:10fe880087834700d7a79f000781e800c2a79f0084
:10fe98000060fe00970180000401780002f0a400d1
:10fea8008581d20003d0fe001241780007d0fe0001
:10feb8000203fb006101b900ea0f5100e08f59000d
:10fec8001b013e00020601000a0037000e00370041
:10fed800230037003c003700500037006600370029
:10fee8007c00370097003700aa003700c2003700af
:10fef800ef00370015cea900a2032000820f53009f
:10ff08000b013a0009013700158ea90000fd2f00ea
:10ff180006004000e90f50000d003600f0f92f00f0
:10ff280006004000e50f500003003e0090fa2f0045
:10ff38000600400006003700f0fb2f0006004000d6
:10ff4800e50f50003c023e0090fc2f0006004000e8
:10ff58004400dd0080b79f0020002000f400370037
:10ff680014eea90000fd2f0006004000e90f500024
:10ff78000d003600f0f92f0006004000e50f500094
:10ff880003003e0090fa2f000600400006003700ec
:10ff9800f0fb2f0006004000e50f50002c023e0049
:10ffa80090fc2f00060040008fb19700830170007d
:10ffb80083b79f001fb397000303430096b79f00c2
:10ffc80030002000da00370000fd2f000600400056
:10ffd800e90f50000d003600f0f92f000600400030
:10ffe800e50f500003003e0090fa2f000600400085
:10fff80006003700f0fb2f0006004000e50f500018
:020000040003f7
:1000080019023e0090fc2f00060040004c00dd0065
:10001800a0b79f0040002000c500370000fd2f005a
:1000280006004000e90f50000d003600f0f92f00df
:1000380006004000e50f500003003e0090fa2f0034
:100048000600400006003700f0fb2f0006004000c5
:10005800e50f50000a023e0090fc2f000600400009
:100068004800dd00afb3970087037000a7b79f0073
:1000780050002000ae00370000fd2f0006004000b1
:10008800e90f50000d003600f0f92f00060040007f
:10009800e50f500003003e0090fa2f0006004000d4
:1000a80006003700f0fb2f0006004000e50f500067
:1000b800f9013e0090fc2f00060040004400dd00de
:1000c8002fb1970002017000a2b79f0060002000c6
:1000d8009700370000fd2f0006004000e90f500090
:1000e8000d003600f0f92f0006004000e50f500023
:1000f80003003e0090fa2f0006004000060037007b
:10010800f0fb2f0006004000e50f5000e8013e001c
:1001180090fc2f0006004000afb1970083017000eb
:10012800a3b79f004819de000380fb0000004100d0
:100138001fb397000003430096b79f00700020008c
:100148007b00370000fd2f0006004000e90f50003b
:100158000d003600f0f92f0006004000e50f5000b2
:1001680003003e0090fa2f0006004000060037000a
:10017800f0fb2f0006004000e50f5000d2013e00c2
:1001880090fc2f00060040004406dd00800020009f
:100198006700370000fd2f0006004000e90f5000ff
:1001a8000d003600f0f92f0006004000e50f500062
:1001b80003003e0090fa2f000600400006003700ba
:1001c800f0fb2f0006004000e50f5000c4013e0080
:1001d80090fc2f00060040000c0670009fb39700ab
:1001e8008c83430097b79f00900020000001eb002c
:1001f800f2af9f004e003700ed0f530002003200af
:10020800ea0f53000b003a0011002000afe19700fd
:100218000304e000010032002100200015aea80010
:1002280014eea800158ea80015cea8000000eb005b
:100238003f003700ffab97000700d000e2f82f001f
:100248000f014100000041000008eb0000fd2f00f5
:1002580006004000e90f50000d003600f0f92f00ad
:1002680006004000e50f500003003e0090fa2f0002
:100278000600400006003700f0fb2f000600400093
:10028800e50f50009c013e0090fc2f000600400046
:10029800ffa997000301d0004400dd0000037800a7
:1002a8002207b10086377900a0002000200037001f
:1002b80000fd2f0006004000e90f50000d00360039
:1002c800f0f92f0006004000e50f500003003e0043
:1002d80090fa2f000600400006003700f0fb2f00c0
:1002e80006004000e50f500089013e0090fc2f00f9
:1002f80006004000ffab97000701d000e3f82f008d
:100308008f814100028141001200700000097800cd
:100318001fb397000003430096b79f008703e800c8
:10032800f7af9f0090002000010037001000200068
:10033800e18f500018013a00e10f5600af0032007b
:10034800050039001d0020008000eb00e40f560076
:1003580025013a00090137008fb197006119b800eb
:10036800f2b79f0083bf9f001d0020008000eb00b4
:10037800e00f5100e08f59001b0132001fab9700be
:10038800afab9700c031dd0002002000afb397008b
:1003980002834300e0834900b6af9f00c7af9f00c8
:1003a8006033b800e2f82f000f0141006115b80072
:1003b800dcaf9f0000077800ada79f003fa997001a
:1003c800cfa99700b4af9f00c5af9f005fb2970059
:1003d800efb2970084a79f0095a79f000fa69700ec
:1003e8009fa697008c0f51008d8f59006200360030
:1003f80063024400e0824c00d4b79f00e5b79f0039
:10040800fc3f25005d0020008c0f52008d8f5a00a4
:1004180059003e00a40f2000a40288000002eb004f
:100428008f9e97000d0abb001f989700008abb009b
:1004380024002000af9a9700050abb003f9e970052
:100448000c8abb00404ede000d0020008c027800b4
:100458006c39880008027800583988001c0024008c
:100468004c3988000600fc005c0520007c398800b7
:10047800ac0a20007c39880029e7a80000000000a9
:10048800000000002fa097002807e200feff3500bb
:10049800a0a79f00a50288009402ba00c59f9f00ec
:1004a8001486ba00dc9f9f008f9e97008d8f5200a4
:1004b80004003a001f989700800f560004003a0085
:1004c800050037008002eb00a5a79f000200370057
:1004d8000006eb00aca79f0062044400e0844c00d7
:1004e800a90288000482e8009402ba00e59f9f00f0
:1004f8001482ba00f49f9f00af9e97008d8f520020
:1005080004003a003f989700800f520004003a0018
:10051800050037000002eb00a4a79f000200370087
:100528008002eb00a5a79f008302d1000282d300be
:1005380005047800c8b79f00c8ff2f0004046400b2
:10054800b8b79f003fb49700cfb4970008024400a3
:1005580089824c0067064200e0864a008ca79f000b
:100568009da79f000006eb008c9f9f009c9f9f000b
:10057800ac9f9f00bc9f9f008306d1000286d300da
:10058800630666000208a3000b0032000c06d000c8
:100598002c02b000edf82f008f8646000c8646002e
:1005a8008106d0008a8646009d067800c86edd0068
:1005b8001c8e7600060037000c06d0008106d0009d
:1005c8008a8646001d0078000c05b10080377e0041
:1005d80061034300e0834b008100e8007fb297008d
:1005e8008fba9700840f5300858f5b006f0031002e
:1005f80061014100e081490078ff37001d002000bb
:100608008000eb000a00e000770032000105780066
:100618008a007800f23f250053002000820f540022
:10062800838f5c0070003e00a10f2000a1028800ab
:100638008a0078000f9b97008608bb001f999700d7
:100648008288bb00210020002f9997008208bb00f8
:100658003f9997008288bb0069398800583988001b
:1006680011002400413988000600fc0051052000d3
:1006780071398800a10a20007139880029e7a8008b
:1006880000000000000000002807e200feff35001f
:100698000801be008000eb001d0020008fab970012
:1006a800613bb800f6b79f0087bf9f00dfa39700a4
:1006b800613bb800d6af9f00e7af9f000107780005
:1006c800cfa39700613bb80086a79f0097a79f001c
:1006d800b8af9f00c9af9f00a4a79f00b5a79f0010
:1006e800a30288001204ba00610db800425bdd0065
:1006f800ce53de00870373004253dd00ffb497003a
:1007080009024300080a78009282ba00efa4970011
:1007180009044300050c7800dfac97000904430086
:1007280014027800980f520005003a000fa29700b3
:1007380004034300968f520003003a000300370079
:100748008e067800010037008e0678008100e800e8
:1007580062014100e0814900e28f5000e0ff3a0069
:100768003fac9700cfac97002fa29700bfa297008d
:100778000005eb008a0078001b0037008f8897007f
:10078800610bb80096af9f00a7af9f001d00200027
:100798008000eb0014003700e28f50000f00320099
:1007a800e38f500010003a000e0037000fa69700a4
:1007b8009fa69700dcb79f00edb79f00afa69700f4
:1007c8005fae97000e0078003faa9700cfaa970067
:1007d8001a0020008000eb00030037008000eb00c7
:1007e800010037008000eb0061024200e0824a000d
:1007f8000310200052c42300820f5200a4fd3a00c7
:1008080003037800868f5200a1fd3a0015cea90097
:10081800158ea90014eea90015aea9000d007800e8
:100828004f0778004f06be004f05be004f04be00bc
:100838006f06b1000000060015aea80014eea8006f
:10084800158ea80015cea80031002000350037000d
:1008580015aea80014eea800158ea80015cea800a5
:10086800310020002f00370015aea80014eea800b4
:10087800158ea80015cea8003100200029003700e9
:1008880015aea80014eea800158ea80015cea80075
:10089800310020002300370015aea80014eea80090
:1008a800158ea80015cea800310020001d003700c5
:1008b80015aea80014eea800158ea80015cea80045
:1008c800310020001700370015aea80014eea8006c
:1008d800158ea80015cea8003100200011003700a1
:1008e80015aea80014eea800158ea80015cea80015
:1008f800310020000b00370015aea80014eea80048
:10090800158ea80015cea80031002000050037007c
:1009180015aea80014eea800158ea80015cea800e4
:10092800210020000000eb009bff3700889fbe00dd
:100938002001980031019800830320008281410042
:100948008009eb008001eb008603200002034300ce
:100958000002be00830378008703e9000300330028
:100968008502d1000482d300fbff37000408a300ee
:1009780009003200160278006124b9006c044400b2
:10098800e0844c000804440089844c00880241003b
:10099800830a7800040be8008301e800f88f51000f
:1009a800ebff3a00421890000000e900cf80de001b
:1009b8006c004000e0804800000040008180480052
:1009c80000004100100078001400200005002000fd
:1009d8000403be00800078008100e90003003300b2
:1009e8000603430087834b00fbff3700660198002e
:1009f80077019800d20890000403be0081017800b6
:100a08008301e900030033000603430087834b009a
:100a1800fbff370006099800170998004401980061
:100a280055019800a30320008281410081095000ec
:100a3800c1032000828040008008eb00e103200011
:100a4800828040001100a000110020000008dd0095
:100a5800cf80de002009980031099800f0ff2f00b0
:100a6800010020000089be004f04be0000000600ff
:100a78006f02b000889fbe008a9fbe008c9fbe0098
:100a88008e1f780000057800b1b79f0082047800b7
:100a9800030478008405780095b79f0000c8b30068
:100aa80080df9f0080c0eb00e1cf9f00e78f5400fc
:100ab80007003c00100020008900dd008140e900ab
:100ac800e1cf9f008900e9008100dd0081df9f0000
:100ad800781890000008a30004003a00280090004d
:100ae800b80090000801780090ff07001fb1970038
:100af8000200e00004003200d81e9000bfb1970049
:100b08008d86410001003700bfb697000b00e0005a
:100b180004003200c0032000080040000008eb0079
:100b280002003700581a9000641c98000000eb007f
:100b3800800578000d00e00094003400b0af9f00fd
:100b48008005780000037800800378008000780032
:100b58006011b80092af9f00a3af9f00e30320008d
:100b68008301440083b79f006c024400f4af9f00e8
:100b78008fda97008582fb0085af9f0068074400e5
:100b880064014400e2af9f00cc0320000806460041
:100b9800a303200083014400a3b79f007002440010
:100ba800d4af9f008dbf9f00bfb29700818f5200c6
:100bb800180034008fb697009d06780062816600a1
:100bc80007003200070145001282fb000482ea0098
:100bd8000fa9970002026200cfa2de0005003700cd
:100be800070145008fd9970012c261000482fb00fb
:100bf8008002eb00070145009241780003c94100db
:100c08000603e800e00f5200e08f5a000d003a009a
:100c1800110037001fb297000400e0000e003200f8
:100c2800180178009801900092af9f00a3af9f0031
:100c380013002000b3af9f000002eb0094b79f00a1
:100c48000500370018017800980190007faa9700e6
:100c5800341c7100249471001801780098019000e8
:100c68001e0278009e02900083866200fdb79f00f6
:100c780082066200edb79f006fb29700ffb297003f
:100c8800e00f5200e08f5a0005003200efae9700e7
:100c98001d0278009d029000021c6a0003946a00fd
:100ca8001c017800afb19700930f51001e0035006a
:100cb8008b8f5300030032000b01450092417800ee
:100cc80003c94100dfae97001d0278009d02900025
:100cd800180178009801900085866100ddb79f00b3
:100ce80084066100cdb79f004fb19700dfb1970030
:100cf800e00f5100e08f5900020032000b0145005f
:100d08001204a0000000e800890f500007003a0014
:100d18000b004500efc9970010c861008b05e8007b
:100d28000000eb0001003700020ee800890f5300b5
:100d380002003a008703e8000003eb00180178007e
:100d4800980190008301d1000281d300028cbe007b
:100d58008100e8000fba9700848f500092ff3a0094
:100d680084067800bfaa97000500e000070032005b
:100d78001fa99700afa99700028cbe00c803b00056
:100d8800bfb19700988041000d8c500089d9b900f7
:100d9800000041004f0778004f06be004f05be0017
:100da8004f04be006f02b100000006004f02b00001
:100db800889fbe008a9fbe008c9fbe008e1f780051
:100dc80080047800b1b79f0002057800030478001a
:100dd8008405780095b79f00ef0f550008003c0088
:100de800100020008a00dd008100e90081af9f002b
:100df8008a00e9008100dd0081b79f000400370008
:100e08000000280080b79f008080eb0081af9f0022
:100e1800781890000008a30004003a002800900009
:100e2800b800900008017800c0fe07001fb19700c5
:100e38000200e00004003200d81e9000bfb1970005
:100e48008d86410001003700bfb697000b00e00017
:100e580004003200c0032000080040000008eb0036
:100e680002003700581a9000641c98008005eb00b7
:100e78000b0078000d00e0009c003400bbaf9f0021
:100e88000b0378008b0378008b0078006011b800a2
:100e980092af9f00a3af9f00e303200083014400ab
:100ea800f3af9f006c024400e4af9f006807440062
:100eb800e4024400d5af9f00cc032000080646009a
:100ec800a203200002014400a2b79f00f0014400e1
:100ed800c3af9f008dbf9f003fb29700810f5200a4
:100ee80019003400ffaa9700950278006281620019
:100ef800070032000701d000090141001282ea0010
:100f08008fb697000d0262008002eb0005003700e3
:100f18000701d000090141008fb1970012826100da
:100f28008002eb000701d00009014100920178001e
:100f3800038941000603e800e00f5200e08f5a00e1
:100f48000d003a00110037001fb297000400e000be
:100f58000e003200180178009801900092af9f00af
:100f6800a3af9f0013002000b3af9f000002eb0067
:100f780094b79f0005003700180178009801900089
:100f88006faa9700341c710024947100180178002e
:100f9800980190001e0278009e02900083866200ed
:100fa800fdb79f0082066200edb79f006fb2970001
:100fb800ffb29700e00f5200e08f5a0005003200a0
:100fc800dfae97001d0278009d029000021c6a00a7
:100fd80003946a001c017800afb19700930f510089
:100fe800210035008b8f5300040032000b01d00024
:100ff800090141009201780003894100cfae9700b2
:101008001d0278009d029000180178009801900058
:1010180085866100ddb79f0084066100cdb79f001b
:101028004fb19700dfb19700e00f5100e08f5900f2
:10103800030032000b01d000090141001200a0009a
:101048000000e8008a0f500008003a000b00d000aa
:10105800090040008fa99700108861008b05e800ff
:101068000000eb0001003700020ee8008a0f530071
:1010780002003a008703e8000003eb00180178003b
:10108800980190008301d1000281d300028cbe0038
:101098008100e8000fba9700848f50008eff3a0055
:1010a80084067800bfaa97000500e0000700320018
:1010b8001fa99700afa99700028cbe00c803b00013
:1010c800bfb19700988041000d8c50000000e000ef
:1010d800060034008b00d00089844000f000100026
:1010e800190178008110dd00810c78008addb900d3
:1010f800000045004f0778004f06be004f05be00b0
:101108004f04be004f02b10000000600e887470008
:10111800889fbe008a9fbe008c9fbe008e1f7800ed
:10112800000578008104780002047800781890009f
:101138000008a30004003a0028009000b8009000be
:1011480008017800f9fd07000900e0003a003400c2
:101158008001eb00830078000301780064004400fc
:10116800e0b79f00ee03200008074700e8054400a9
:101178000300450010427800044842000404e000df
:1011880005003d0018027800980290006fb39700a0
:10119800361c6a0026946a009e0378006282630007
:1011a8000d00320018027800980290000482ea00cc
:1011b8008582ea001b0390000503630086bf9f0039
:1011c8009b03780084836300f7b79f007fb2970082
:1011d8008fba9700070037001b0378009b03900025
:1011e800180278009802900087866200060662005e
:1011f8000c02be00e00f5200e08f5a0001003200de
:101208001004a0008100e800e88f500002003a00b6
:101218008301e8008000eb00180278009802900033
:101228008502d1000482d300048cbe000201e800cc
:10123800890f5100ceff3a004f0778004f06be00d5
:101248004f05be004f04be008f00b100000006002d
:10125800ee874700889fbe008a9fbe008c9fbe0015
:101268008e1f7800800578000105780082047800d8
:1012780003047800ef8f540007003c0010002000a2
:101288008900dd008100e900b1b79f000906e90087
:101298000c06dd00030037000c0028000080eb007e
:1012a800b0b79f00781890000008a30004003a0027
:1012b80028009000b8009000080178009bfd070006
:1012c8000a00e000400034008001eb008300780051
:1012d8000301780064024400c4b79f00ee032000b5
:1012e80008074700e80644000300d0000b00400050
:1012f80010027800040842000c0262000500320067
:1013080018027800980290004fb39700361c6a00c4
:1013180026946a009e037800628263000d00320002
:1013280018027800980290000482ea008582ea0098
:101338001d0390000503630086bf9f009d0378008e
:1013480084836300f7b79f007fb297008fba970036
:101358000a00370018027800980290001d039000d8
:1013680006836200e6b79f009d037800870362004a
:10137800d7b79f005fb29700efb29700e00f520017
:10138800e08f5a00010032001000a0008100e80040
:10139800898f500004003a00bfb0970010886000a1
:1013a8008301e8008000eb001802780098029000a2
:1013b8008502d1000482d300048cbe000201e8003b
:1013c8008a0f5100c8ff3a004f0778004f06be0049
:1013d8004f05be004f04be00ef00b100000006003c
:1013e800889fbe008a9fbe008c9fbe000100e0005f
:1013f8001a00340060059000f00590004006900047
:10140800d00690008004780039027800b90278008c
:101418000003eb000c0478008d03780004027500cb
:10142800858275008581630004016400e00f510026
:10143800e08f59000300320039066a00a9866a0065
:101448000c02be008502d1000482d3000603e80026
:10145800810f5300f1ff3a000488be004f06be001a
:101468004f05be004f04be0000000600c142200028
:1014780081004000110178000200a1000210a000c4
:101488000080e8000008eb00a0fe2f008008610043
:1014980000000600c1422000810040009100780051
:1014a800e880600005003200c14220008100400051
:1014b8001130a1008080e8008008eb00c1422000c4
:1014c8008100400091007800e4806000060032004e
:1014d8008080e8008008eb00c142200081004000c5
:1014e800b2fe2f0091086100900078000100e00032
:1014f80090003500c242200002014000120178002d
:101508006201610014003200020c2000828f50003a
:1015180006003a008080e8008008eb00c142200005
:10152800010040001040a10082003700a2422000c4
:1015380002014000c489de006fc96100b242200088
:10154800020140006fc96000c14220000100400054
:101558001010a10077003700c242200002014000ad
:1015680012417800614161002b003200c242200024
:10157800020140001200a100c20d2000828f50001d
:1015880014003200d20d2000828f500069003a000a
:10159800800078005101780082014000b4cdb3008a
:1015a800c44198000201e80082087800f140200058
:1015b800810f51005f0034008080e8008008eb0054
:1015c800c14220000100400090007800728870003d
:1015d80058003700800078005101780082014000ef
:1015e80004ccb300c44198000201e80082087800e6
:1015f800f1402000810f51004e0034008080e80047
:101608008008eb00c14220000100400090007800f3
:101618007288700047003700020c2000828f50004b
:1016280007003200b20d2000828f500031003a00ce
:10163800c1422000010040001000a0003d0037001a
:10164800c142200081004000110178000200a10081
:101658000210a00082087800b142200081004000fa
:10166800914078000104e0000c003200eacf5000fd
:101678000a003200eccf500008003200e9cf5000d9
:101688000600320090009000e18f50000300340003
:10169800c1422000810040001140a000900090004d
:1016a8000100e00003003a00c14220008100400030
:1016b8001140a000c1422000810040009100780044
:1016c800f0806000070032008080e8008008eb00ae
:1016d800c142200001004000b1fe2f0010886000c8
:1016e80014003700c1422000010040001020a00073
:1016f8001000370000017800d20178000302400092
:10170800414298008300e80001097800f240200077
:10171800828f5000070034008080e8008008eb00ca
:10172800c142200001004000900078000100a100a3
:101738007288700000000600889fbe008a9fbe0065
:101748008c9fbe008e1f780080047800010478000a
:10175800020678008305780001ccb3000900780000
:101768003c74020001000000c440dd00090078005c
:101778003c740200010000000045eb000b00e00093
:10178800240034000004eb000d0c2000be0d2000e6
:101798000800d0000c00400010007800804078005d
:1017a80000456d008d0f50000b0032008e0f500069
:1017b80012003a00b1cdb300090078003c74020071
:1017c80001000000d1cdb300090078003c7402008c
:1017d800010000000c003700b1cdb300090078000b
:1017e8003c74020001000000c1cdb300090078007c
:1017f8003c74020001000000030037000900780073
:101808003c740200010000000804e800888f5500bd
:10181800dfff3c00491090000038a30004003200ac
:101828008a407800090078003c740200010000003a
:1018380001ccb300090078003c74020001000000ec
:101848004f0778004f06be004f05be004f04be008c
:1018580000000600889fbe008a9fbe008c9fbe00c5
:101868008e1f7800000578000104780002077800d0
:101878008306780001ccb3000a0078003c740200ab
:1018880001000000c440dd000a0078003c7402003a
:10189800010000000d00e0003d0034000004eb00f2
:1018a8000cccb300bbcdb3008804d0008e844400b8
:1018b80099007800c808de008ccf50000b00320079
:1018c8008bcf500012003a008b4078000a00780055
:1018d8003c74020001000000d1cdb3000a0078007a
:1018e8003c740200010000000c0037008b407800b7
:1018f8000a0078003c74020001000000c1cdb3006a
:101908000a0078003c740200010000000300370060
:101918000a0078003c740200010000009940780039
:101928008ccf50000b0032008bcf500012003a00d1
:101938008b4078000a0078003c7402000100000027
:10194800d1cdb3000a0078003c7402000100000009
:101958000c0037008b4078000a0078003c740200c5
:1019680001000000c1cdb3000a0078003c740200f9
:1019780001000000030037000a0078003c740200f0
:10198800010000000804e800888f5600c6ff3c00ec
:1019980001ccb3000a0078003c740200010000008a
:1019a8004f0778004f06be004f05be004f04be002b
:1019b800000006000400fa00889fbe008a9fbe004f
:1019c8008c1f780080047800014578000244780074
:1019d800030678008405780001ccb300090078007c
:1019e8003c740200010000006f446400c450dd0034
:1019f80088c07000090078003c74020001000000f3
:101a08000045eb000b00e000260034000004eb006a
:101a18006160b80090bf9f00a1bf9f000cccb300cd
:101a28009fb89700010044009040780001456d0080
:101a38008ccf50000c003200b0cdb30080cf5000e6
:101a480012003a0080407800090078003c740200d7
:101a580001000000d1cdb300090078003c740200f9
:101a6800010000000c003700b1cdb3000900780078
:101a78003c74020001000000c1cdb30009007800e9
:101a88003c740200010000000300370009007800e0
:101a98003c740200010000000804e800888f55002b
:101aa800dfff3c00491090000038a300040032001a
:101ab8008a407800090078003c74020001000000a8
:101ac80001ccb300090078003c740200010000005a
:101ad8004f0678004f05be004f04be000080fa0094
:101ae80000000600e6874700889fbe008a9fbe0068
:101af8008c9fbe008e1f78000005be00820678000d
:101b080000042000808f5600010034008006780011
:101b18000d00e000440034000006eb008c0478005f
:101b28006158b800f0b79f0081bf9f00090778008f
:101b38006f8064001f003a00415825000a007800b1
:101b4800bc710200010000008c8f54000d003400ad
:101b58000c04780008804500904078000a0078005e
:101b680092740200010000000804e800890f540084
:101b7800f8ff35000c00e8000c86ea000c06470068
:101b88000c064000715825000a007800bc7102005c
:101b9800010000008e0078000a007800de70020064
:101ba80001000000a15825000a007800bc7102005d
:101bb80001000000ffb097000180440090407800c9
:101bc8000a0078004c71020001000000d15825007d
:101bd8000a007800bc710200010000008904e800d6
:101be800898f5600d1ff3c006f8066000e003200de
:101bf800415825000a007800bc710200010000006d
:101c08008c8f5600080034000c8045009040780006
:101c18000a00780092740200010000000c06e80037
:101c28008c8f5600f8ff3c004f0778004f06be0027
:101c38004f05be004f04be006f00b1000000060053
:101c4800889fbe008a9fbe008c9fbe008e1f7800b2
:101c58000005be00820678000d00e0004300340055
:101c68000006eb008c047800090778006f80640098
:101c780020003a00415825000a007800bc71020093
:101c8800010000008c8f54000e0034000c04780012
:101c98000800d0000b004000900078000a0078008f
:101ca80092740200010000000804e800890f540043
:101cb800f7ff35000c00e8000c86ea000c06470028
:101cc8000c064000715825000a007800bc7102001b
:101cd800010000008e0078000a007800de70020023
:101ce80001000000a15825000a007800bc7102001c
:101cf800010000000900d0000b00400090007800af
:101d08000a0078004c71020001000000d15825003b
:101d18000a007800bc710200010000008904e80094
:101d2800898f5600d0ff3c006f8066000f0032009c
:101d3800415825000a007800bc710200010000002b
:101d48008c8f5600090034000c00d0000b004000b6
:101d5800900078000a0078009274020001000000e8
:101d68000c06e8008c8f5600f7ff3c004f07780000
:101d78004f06be004f05be004f04be00000006001f
:101d8800889fbe008a9fbe008c9fbe008e1f780071
:101d98008004780001067800820578000b00e000d6
:101da8001e0034000004eb007d582500ae582500c5
:101db800670064000c003a008d0078000900780084
:101dc800bc7102000100000088007800090078005a
:101dd800de700200010000008e0078000900780023
:101de800bc710200010000000800d0000c00400097
:101df8009000780009007800de7002000100000001
:101e0800d158250009007800bc71020001000000cb
:101e18000804e800888f5500e5ff3c004f0778006c
:101e28004f06be004f05be004f04be00000006006e
:101e3800889fbe008a9fbe008c9fbe008e1f7800c0
:101e4800000578000104780002077800830678000e
:101e580001ccb3000a0078003c74020001000000c5
:101e6800c440dd000a0078003c7402000100000054
:101e78000d00e0003d0034000004eb000b0c2000d6
:101e8800bc0d20008804d0008e844400990078009e
:101e9800c808de008b8f50000b0032008c8f50007a
:101ea80012003a00b1cdb3000a0078003c74020079
:101eb80001000000d1cdb3000a0078003c74020094
:101ec800010000000c003700b1cdb3000a00780013
:101ed8003c74020001000000c1cdb3000a00780084
:101ee8003c74020001000000030037000a0078007b
:101ef8003c740200010000009980fb008b8f5000a9
:101f08000b0032008c8f500012003a00b1cdb300a4
:101f18000a0078003c74020001000000d1cdb30033
:101f28000a0078003c740200010000000c00370031
:101f3800b1cdb3000a0078003c7402000100000033
:101f4800c1cdb3000a0078003c7402000100000013
:101f5800030037000a0078003c740200010000000a
:101f68000804e800888f5600c6ff3c0001ccb30087
:101f78000a0078003c740200010000004f07780056
:101f88004f06be004f05be004f04be00000006000d
:020000040000fa
:020000040003f7
:101f9800000000004c00000099000000e50000006f
:101fa800310100007d010000c90100001602000097
:101fb80062020000ae020000fa02000047030000bf
:101fc80093030000df0300002b04000078040000e6
:101fd800c4040000100500005c050000a80500000e
:101fe800f4050000410600008d060000d906000037
:101ff8002507000071070000bd0700000908000060
:1020080056080000a2080000ee0800003a09000087
:1020180086090000d20900001e0a00006a0a0000b2
:10202800b60a0000020b00004e0b00009a0b0000dd
:10203800e60b0000320c00007d0c0000c90c00000b
:10204800150d0000610d0000ad0d0000f90d000038
:10205800450e0000900e0000dc0e0000280f000066
:10206800730f0000bf0f00000b1000005610000097
:10207800a2100000ee1000003911000085110000c8
:10208800d01100001c12000067120000b3120000fb
:10209800fe1200004a13000095130000e013000030
:1020a8002c14000077140000c21400000d15000065
:1020b80059150000a4150000ef1500003a1600009d
:1020c80085160000d01600001b17000066170000d8
:1020d800b1170000fc170000471800009218000014
:1020e800dc1800002719000072190000bd19000053
:1020f800071a0000521a00009d1a0000e71a000093
:10210800321b00007c1b0000c71b0000111c0000d4
:102118005b1c0000a61c0000f01c00003a1d00001b
:10212800851d0000cf1d0000191e0000631e000061
:10213800ad1e0000f71e0000411f00008b1f0000ad
:10214800d51f00001f20000068200000b2200000fa
:10215800fc200000462100008f210000d92100004a
:10216800222200006c220000b5220000fe2200009e
:102178004823000091230000da23000023240000f4
:102188006d240000b6240000ff240000482500004c
:1021980091250000d9250000222600006b260000aa
:1021a800b4260000fc260000452700008e2700000a
:1021b800d62700001e28000067280000af2800006e
:1021c800f72800004029000088290000d0290000d5
:1021d800182a0000602a0000a82a0000f02a00003f
:1021e800382b00007f2b0000c72b00000f2c0000ad
:1021f800562c00009e2c0000e52c00002c2d000021
:10220800742d0000bb2d0000022e0000492e000096
:10221800902e0000d72e00001e2f0000652f000012
:10222800ac2f0000f32f0000393000008030000090
:10223800c73000000d310000533100009a31000012
:10224800e0310000263200006c320000b23200009b
:10225800f83200003e33000084330000ca33000027
:1022680010340000553400009b340000e0340000b6
:10227800263500006b350000b0350000f53500004c
:102288003a36000080360000c436000009370000e6
:102298004e37000093370000d83700001c38000084
:1022a80061380000a5380000e93800002e39000028
:1022b80072390000b6390000fa3900003e3a0000d1
:1022c800823a0000c63a0000093b00004d3b00007e
:1022d800903b0000d43b0000173c00005a3c000033
:1022e8009e3c0000e13c0000243d0000673d0000ea
:1022f800aa3d0000ec3d00002f3e0000723e0000a9
:10230800b43e0000f73e0000393f00007b3f00006c
:10231800bd3f0000ff3f0000414000008340000037
:10232800c540000007410000494100008a41000003
:10233800cc4100000d4200004e4200008f420000d8
:10234800d0420000114300005243000093430000b4
:10235800d443000014440000554400009544000094
:10236800d64400001645000056450000964500007a
:10237800d645000016460000564600009546000067
:10238800d54600001447000054470000934700005a
:10239800d247000011480000504800008f48000054
:1023a800ce4800000d4900004b4900008a49000052
:1023b800c8490000064a0000444a0000824a00005a
:1023c800c04a0000fe4a00003c4b00007a4b000067
:1023d800b74b0000f54b0000324c00006f4c00007a
:1023e800ac4c0000e94c0000264d0000634d000095
:1023f800a04d0000dc4d0000194e0000554e0000b5
:10240800914e0000cd4e0000094f0000454f0000de
:10241800814f0000bd4f0000f84f0000345000000d
:102428006f500000ab500000e65000002151000042
:102438005c51000096510000d15100000c52000080
:102448004652000081520000bb520000f5520000c5
:102458002f53000069530000a3530000dc53000011
:10246800165400004f54000089540000c254000064
:10247800fb540000345500006d550000a5550000c0
:10248800de550000165600004f5600008756000023
:10249800bf560000f75600002f570000675700008e
:1024a8009f570000d65700000d58000045580000ff
:1024b8007c580000b3580000ea5800002159000079
:1024c800575900008e590000c4590000fb590000fc
:1024d800315a0000675a00009d5a0000d35a000084
:1024e800085b00003e5b0000735b0000a85b000017
:1024f800de5b0000135c0000485c00007c5c0000b0
:10250800b15c0000e55c00001a5d00004e5d000053
:10251800825d0000b65d0000ea5d00001e5e0000fe
:10252800515e0000855e0000b85e0000ec5e0000b1
:102538001f5f0000525f0000845f0000b75f00006b
:10254800ea5f00001c6000004e600000816000002f
:10255800b3600000e46000001661000048610000fc
:1025680079610000ab610000dc6100000d620000d1
:102578003e6200006f6200009f620000d0620000af
:102588000063000031630000616300009163000094
:10259800c1630000f0630000206400004f64000085
:1025a8007f640000ae640000dd6400000c6500007c
:1025b8003a6500006965000097650000c66500007f
:1025c800f465000022660000506600007e66000088
:1025d800ab660000d966000006670000336700009c
:1025e800606700008d670000ba670000e6670000ba
:1025f800136800003f6800006b68000097680000df
:10260800c3680000ef6800001b690000466900000d
:10261800716900009c690000c8690000f269000047
:102628001d6a0000486a0000726a00009c6a000087
:10263800c66a0000f06a00001a6b0000446b0000d4
:102648006d6b0000976b0000c06b0000e96b000029
:10265800126c00003b6c0000646c00008c6c000085
:10266800b46c0000dd6c0000056d00002c6d0000ee
:10267800546d00007c6d0000a36d0000ca6d000061
:10268800f26d0000196e00003f6e0000666e0000db
:102698008c6e0000b36e0000d96e0000ff6e000063
:1026a800256f00004b6f0000706f0000966f0000f0
:1026b800bb6f0000e06f0000057000002a7000008a
:1026c8004f7000007370000097700000bc7000002d
:1026d800e070000004710000277100004b710000d9
:1026e8006e71000091710000b5710000d871000092
:1026f800fa7100001d7200003f7200006272000053
:1027080084720000a6720000c8720000e97200001e
:102718000b7300002c7300004d7300006e730000f3
:102728008f730000b0730000d0730000f1730000d5
:1027380011740000317400005174000071740000bd
:1027480090740000b0740000cf740000ee740000b4
:102758000d7500002c7500004a75000069750000b1
:1027680087750000a5750000c3750000e1750000bd
:10277800ff7500001c7600003976000057760000cf
:102788007476000090760000ad760000ca760000ee
:10279800e6760000027700001e7700003a77000016
:1027a80055770000717700008c770000a77700004c
:1027b800c2770000dd770000f8770000127800008b
:1027c8002d78000047780000617800007b780000d1
:1027d80094780000ae780000c7780000e078000028
:1027e800f9780000127900002b7900004379000085
:1027f8005c790000747900008c790000a4790000ed
:10280800bb790000d3790000ea790000017a000062
:10281800187a00002f7a0000467a00005c7a0000df
:10282800727a0000887a00009e7a0000b47a00006c
:10283800ca7a0000df7a0000f57a00000a7b0000ff
:102848001f7b0000337b0000487b00005c7b00009e
:10285800717b0000857b0000997b0000ac7b000049
:10286800c07b0000d37b0000e77b0000fa7b000000
:102878000c7c00001f7c0000327c0000447c0000bf
:10288800567c0000687c00007a7c00008c7c00008c
:102898009d7c0000af7c0000c07c0000d17c000063
:1028a800e27c0000f27c0000037d0000137d000044
:1028b800237d0000337d0000437d0000527d000031
:1028c800627d0000717d0000807d00008f7d00002a
:1028d8009e7d0000ac7d0000bb7d0000c97d00002e
:1028e800d77d0000e57d0000f27d0000007e00003d
:1028f8000d7e00001a7e0000277e0000347e000056
:10290800417e00004d7e0000597e0000667e00007a
:10291800727e00007d7e0000897e0000947e0000ab
:102928009f7e0000ab7e0000b57e0000c07e0000e8
:10293800cb7e0000d57e0000df7e0000e97e00002f
:10294800f37e0000fd7e0000067f00000f7f000080
:10295800197f0000217f00002a7f0000337f0000dc
:102968003b7f0000437f00004b7f0000537f000047
:102978005b7f0000637f00006a7f0000717f0000ba
:10298800787f00007f7f0000867f00008c7f00003a
:10299800927f0000987f00009e7f0000a47f0000c7
:1029a800aa7f0000af7f0000b47f0000b97f00005d
:1029b800be7f0000c37f0000c87f0000cc7f0000fe
:1029c800d07f0000d47f0000d87f0000dc7f0000ab
:1029d800df7f0000e27f0000e57f0000e87f000065
:1029e800eb7f0000ee7f0000f07f0000f27f000028
:1029f800f47f0000f67f0000f87f0000f97f0000f8
:102a0800fb7f0000fc7f0000fd7f0000fe7f0000d0
:102a1800fe7f0000ff7f0000ff7f0000ff7f0000b7
:020000040000fa
:020000040003f7
:102a28008002780005027800011a7800020a78000e
:102a3800a3029800f81ab900840f510007003d005e
:102a4800110009000301d80000017800b2029800c3
:102a58000200e00003003c000d0037008101200067
:102a6800b1029800350190008000eb006c834200b1
:102a78008003eb000082eb008101d00086814100d9
:102a8800840978008100e800810f5100faff3c00ba
:102a9800c2029800f1ff2700d1029800000006004a
:102aa8008002780005027800011a7800020a78008e
:102ab800a3029800f81ab900840f510007003d00de
:102ac800110009000301d80000017800b202980043
:102ad8000200e00003003c000d00370081012000e7
:102ae800b1029800350190008000eb006c83420031
:102af8008003eb000082eb008101d0008681410059
:102b0800840978008100e800810f5100faff3c0039
:102b1800c2029800f1ff2700d102980000000600c9
:102b28008002780005027800011a7800020a78000d
:102b3800a3029800f81ab900840f510007003d005d
:102b4800110009000301d80000017800b2029800c2
:102b58000200e00003003c000d0037008101200066
:102b6800b1029800350190008000eb006c834200b0
:102b78008003eb000082eb008101d00086814100d8
:102b8800840978008100e800810f5100faff3c00b9
:102b9800c2029800f1ff2700d10298000000060049
:102ba8008000eb00022120000001410001097800ab
:102bb8002221200000014100010978004221200063
:102bc8000001410001097800622120000001410054
:102bd800010978008021b000010878000000060093
:102be8008000eb000212200000014100010978007a
:102bf8002212200000014100010978004212200041
:102c080000014100010978006012b0000108780055
:102c1800000006008000eb000212200000014100c5
:102c28000109780022122000000141000109780002
:102c38004212200000014100010978006012b00032
:102c48000108780000000600640140000089eb00dc
:102c58000001eb00e601400082097800f201400023
:102c6800130278000410a100e8024000820a7800ec
:102c78008082e800820a7800c2ff2f008209620081
:102c8800310290000400e00021003400610190004e
:102c9800e10f41000a0032000001eb006c834000a4
:102ca8008003eb00170037008201d00086814100c5
:102cb8008082eb00938f120012003a000100370067
:102cc8000001eb00a10190000382410082a2b9003b
:102cd800110242000408780023009800cf91de001a
:102ce80066014100e08149000201410083814900f9
:102cf8000281400004097800688140001209e90057
:102d0800030037000201e800820f5200e6ff3c0092
:102d18002108980041019000d1019000830f5100d3
:102d280001003d00d2009800000006006401400048
:102d38000089eb000001eb00e60140008209780001
:102d4800e8014000820978008081e8008209780063
:102d5800310290000400e00021003400610190007d
:102d6800e10f41000a0032000001eb006c834000d3
:102d78008003eb00170037008201d00086814100f4
:102d88008082eb00938f120012003a000100370096
:102d98000001eb00a10190000382410082a2b9006a
:102da800110242000408780023009800cf91de0049
:102db80066014100e0814900020141008381490028
:102dc8000281400004097800688140001209e90086
:102dd800030037000201e800820f5200e6ff3c00c2
:102de8005100980041019000d1019000830f5100db
:102df80001003d00d2009800000006006401400078
:102e08000089eb000001eb00e60140008209780030
:102e1800e8014000820978008081e8008209780092
:102e2800310290000400e0002000340061019000ad
:102e3800e10f41000a0032000001eb006c83400002
:102e48008003eb00160037008201d0008681410024
:102e58008082eb00938f120011003a0001003700c6
:102e68000001eb00210290008493b9009101430016
:102e780003087800240098006112b9006602420035
:102e8800e0824a000402420085824a000481400030
:102e980003097800688140001209e900030037003f
:102ea8000201e800820f5200e7ff3c005100980041
:102eb80041019000d1019000830f510001003d00b5
:102ec800d200980000000600881f7800b00190002a
:102ed8000300e000130034000001eb006c03400025
:102ee8008003eb000084eb00680040006112b90029
:102ef8000402420085824a000402430085824b0096
:102f0800948f100004003a000100e0000200320033
:102f1800080a78001008e8000201e800830f510051
:102f2800f2ff35004f04780000000600881f780083
:102f3800b00190000300e000130034000001eb0032
:102f48006c0340008003eb000084eb006800400045
:102f58006112b9000402420085824a00040243005b
:102f680085824b00948f100004003a000100e000b5
:102f780002003200080a78001008e8000201e800a0
:102f8800830f5100f2ff35004f047800000006005f
:102f9800881f7800b00190000300e000130034009f
:102fa8000001eb006c0340008003eb000084eb00a1
:102fb800680040006112b9000402420085824a009c
:102fc8000402430085824b00948f100004003a00ed
:102fd8000100e00002003200080a78001008e8004a
:102fe8000201e800830f5100f2ff35004f0478001a
:102ff800000006000000fa00a0089200f78f5000b9
:103008001a003c008100e80021089a00300992006b
:10301800828f50000100340031089a0004212000fa
:1030280000024200940078006109b9007611b800e6
:1030380002014000fc8157000a000900331978009a
:103048006201b1008100e800010a7800f88f5000a1
:1030580003003a0001212000808040008008eb0036
:103068008021b000dfb09700108840000080fa008f
:1030780000000600ee8747008e1f78006e87570015
:10308800011f7800020f7800b3bf9f00c4bf9f00e4
:10309800d5bf9f00e6bf9f00a0109100f78f50009a
:1030a80022003c008100e8002110990030119100b5
:1030b800828f500001003400311099000412200062
:1030c80000024200940278006129b9006c11b8002e
:1030d800020140006e8757003e037800be03780067
:1030e8000689be00820078004100b000be18780052
:1030f800be1078001e0178009e019000a200980082
:10310800b30098008500e800010a7800f88f5000a5
:1031180003003a0001122000808040008008eb0084
:103128008012b000cfb89700108840004f07780091
:10313800ef00b10000000600ee8747008e1f780000
:103148006e875700011f7800020f7800b3bf9f00f9
:10315800c4bf9f00d5bf9f00e6bf9f00a01091008d
:10316800f78f500022003c008100e80021109900f0
:1031780030119100828f5000010034003110990005
:103188000412200000024200940278006129b9006c
:103198006c11b800020140006e8757003e037800aa
:1031a800be0378000689be00820078004100b000a6
:1031b800be187800be1078001e0178009e019000ad
:1031c800a2009800b30098008500e800010a780082
:1031d800f88f500003003a00011220008080400060
:1031e8008008eb008012b000cfb89700108840002c
:1031f8004f077800ef00b10000000600889fbe006e
:10320800640140000089eb00a21220000101410086
:103218001200a000211291000400e00021003400f7
:103228002512200081824200150378006131b9001f
:103238006c11b8000281400032047800b2047800b2
:103248000888be00800178004300b000b2197800f9
:10325800b21178001204780092049000a801980036
:10326800b90198000601e800820a7800f80f5100b9
:1032780003003a0022122000010141000009eb007e
:1032880042122000010141000409e900a2122000b5
:10329800010141001200a1008112b000300190002c
:1032a800910811004f04be0000000600881f780036
:1032b800640140000089eb00a221200001014100c7
:1032c8001200a000210a92000400e0001a00340055
:1032d8002521200081824200150378006131b90060
:1032e8007611b800028140000a00090032187800ff
:1032f8006001b1006201b1000601e800820a7800ad
:10330800f80f510003003a0022212000010141007a
:103318000009eb0042212000010141000409e900f5
:10332800a2212000010141001200a1008121b0006a
:1033380030019000910811004f0478000000060049
:10334800889fbe00640140000089eb00a2122000a3
:10335800010141001200a000211291000400e000c8
:1033680021003400251220008182420015037800d4
:103378006131b9006c11b800028140003204780054
:10338800b20478000888be00800178004300b000cd
:10339800b2197800b21178001204780092049000f3
:1033a800a8019800b90198000601e800820a78008f
:1033b800f80f510003003a002212200001014100d9
:1033c8000009eb0042122000010141000409e90054
:1033d800a2122000010141001200a1008112b000d8
:1033e80030019000910811004f04be000000060053
:1033f8006203200000014100920278000580a100cc
:10340800f103200041109800430620005310980053
:10341800a100200071109800e1c4b3004148980051
:1034280091c3b3005148980061c3b3006148980044
:1034380001c3b300714898000150980011c4b3004b
:103448001150980041c0b300215098008000eb0053
:103458007e024000010a7800a4232000041098008e
:10346800f4ef24000482620004e0a000040978005c
:103478008203200000014100120278000400a1002c
:103488002503200015109800451f200025189800d6
:1034980013189800030320008081410081097800f7
:1034a8004002b0000108780060ff2f0000096200a8
:1034b80000000600f00890000128a3000400320074
:1034c800620320000001410012a0a00003003700a1
:1034d800620320000001410012a0a1000138a300ee
:1034e80004003200620320000001410012b0a00075
:1034f80003003700620320000001410012b0a10060
:103508000188a3000400320082032000000141006a
:103518001210a000030037008203200000014100c0
:103528001210a100820320000001410033ff2f0088
:103538001289610001017800320fb200cf91de00dc
:10354800210f2000810f5100e08f59000f023e002b
:10355800020601003201370022013700ff00370060
:10356800ef0037000902370008023700070237006a
:10357800060237000502370004023700030237004d
:10358800020237000102370000023700ff0137004e
:10359800fe013700fd0137005a013700fb013700f3
:1035a800fa013700f9013700f8013700f701370051
:1035b800f6013700f5013700f4013700f301370051
:1035c800f2013700f1013700f0013700ef01370051
:1035d800ee013700ed013700ec01370080013700bc
:1035e8007f013700e9013700e8013700e7013700bc
:1035f800e6013700e5013700e4013700e301370051
:10360800e2013700e1013700e0013700df01370050
:10361800de0137006201370049013700db0137005e
:10362800da013700d9013700d8013700d701370050
:10363800d6013700d5013700d4013700d301370050
:10364800d2013700d1013700d0013700cf01370050
:10365800ce0137000701370018013700cb013700ca
:10366800ca013700c9013700c8013700c701370050
:10367800c6013700c5013700c4013700c301370050
:10368800c2013700c1013700c0013700bf01370050
:10369800be013700bd013700bc013700bb01370050
:1036a800ba013700b9013700b8013700b701370050
:1036b800b6013700b5013700b4013700b301370050
:1036c800b2013700b1013700b0013700af01370050
:1036d800ae013700ad013700ac013700ab01370050
:1036e800aa013700a9013700a8013700a701370050
:1036f800a6013700a5013700a4013700a301370050
:10370800a2013700a1013700a00137009f0137004f
:103718009e0137009d0137009c0137009b0137004f
:103728009a0137009901370098013700970137004f
:10373800960137009501370094013700930137004f
:103748009201370091013700900137008f0137004f
:103758008e013700560137006501370044013700f4
:103768002f013700890137008801370087013700aa
:10377800860137008501370084013700830137004f
:103788008201370081013700800137007f0137004f
:103798007e0137000201370035013700200137006c
:1037a8005f0037007901370078013700770137006b
:1037b800760137007501370074013700730137004f
:1037c8007201370071013700700137006f0137004f
:1037d8006e013700360137006c01370044013700ad
:1037e800c8003700690137006801370067013700f2
:1037f800660137006501370064013700630137004f
:103808006201370061013700600137005f0137004e
:103818005e013700650037005c0137005b01370047
:103828005a0137005901370058013700570137004e
:10383800560137005501370054013700530137004e
:103848005201370051013700500137004f0137004e
:103858004e0137004d0137004c0137004b0137004e
:103868004a0137004901370048013700470137004e
:10387800460137004501370044013700430137004e
:103888004201370041013700400137003f0137004e
:103898003e0137003d0137003c0137003b0137004e
:1038a8003a0137003901370038013700370137004e
:1038b800360137003501370034013700330137004e
:1038c8003201370031013700300137002f0137004e
:1038d8002e0137002d0137002c0137002b0137004e
:1038e8002a0137002901370028013700270137004e
:1038f800260137002501370024013700230137004e
:103908002201370021013700200137001f0137004d
:103918001e0137001d013700090137001c0137005f
:103928002100200041089800024b2000220898003e
:103938006208980012002000520898002203200014
:1039480012109800421f20002218980042062000fa
:1039580012189800617098000d01370011002000be
:1039680041089800024b200022089800620898003d
:10397800510898002203200012109800421f2000ce
:1039880022189800420620001218980061709800ca
:1039980000119000a1232000810f5100fc003a0083
:1039a8000002b0000008eb00f900370021002000f9
:1039b80041089800025822002208980062089800de
:1039c8007a0140000009eb00220320001210980041
:1039d8004306200023189800121898006170980078
:1039e800eb0037002100200041089800025822000f
:1039f80022089800620898007a0140000009eb004c
:103a08002203200012109800421f2000221898005c
:103a1800420620001218980061709800dc003700f8
:103a2800110020004108980002582200220898003e
:103a3800620898007a0140000009eb002203200088
:103a480012109800421f20002218980042062000f9
:103a5800121898006170980000119000a1232000ae
:103a6800810f5100ca003a000002b0000008eb00c4
:103a7800c70037002100200041089800022c2100cf
:103a8800220898000258220062089800f2002000dc
:103a980052089800220320001210980043062000c4
:103aa8002318980012189800820320000001410092
:103ab8001220a00061709800b50037002100200096
:103ac80041089800025822002208980002b02400f9
:103ad8006208980002012000520898002203200082
:103ae8001210980043062000231898001218980016
:103af80082032000000141001220a000617098009c
:103b0800a30037002100200041089800022c210062
:103b18002208980062089800320020005208980095
:103b28002203200012109800421f2000221898003b
:103b3800420620001218980061709800940037001f
:103b48001100200041089800c212200022089800a5
:103b580062089800420020005208980022032000c2
:103b680012109800421f200022189800a20f20006f
:103b78001218980082032000000141001230a000b2
:103b88006170980000119000a1232000810f51005e
:103b98007f003a000002b0000008eb007c0037000c
:103ba8002100200041089800c11220002108980037
:103bb8006108980041002000510898002103200066
:103bc80011109800411f200021189800a10f200013
:103bd8001118980011c0b300617098006c0037008c
:103be8002100200041089800c112200021089800f7
:103bf8006108980031012000510898002103200035
:103c080011109800411f200021189800a10f2000d2
:103c18001118980011c0b300617098005c0037005b
:103c28002100200041089800c112200021089800b6
:103c38008125200061089800910020005108980013
:103c48002103200011109800411f2000211898001e
:103c5800a10f2000111898008103200080804000e7
:103c68001130a00011c0b3006170980048003700ff
:103c78002100200041089800c11220002108980066
:103c88006108980081002000510898002103200055
:103c980011109800411f200021189800a10f200042
:103ca8001118980011c0b3006170980038003700ef
:103cb8002100200041089800014b200021089800ad
:103cc80061089800c10020005108980021032000d5
:103cd80011109800411f200021189800410620006b
:103ce8001118980011c0b3006170980028003700bf
:103cf8002100200041089800014b2000210898006d
:103d08000196200061089800d10020005108980011
:103d18002103200011109800411f2000211898004d
:103d2800410620001118980081032000808040007f
:103d38001130a00011c0b300617098001400370062
:103d48002100200041089800827020002208980075
:103d580002e1200062089800e20020005208980062
:103d68002203200012109800421f200022189800f9
:103d7800420620001218980082032000000141002a
:103d88001230a00061709800010037000000fe00aa
:043d98000000060021
:020000040000fa
:020000040003f7
:103d9c006ca9000075a9000080a9000083a900008f
:103dac0073a900004ba9000019a90000eca80000a1
:103dbc00d2a80000d2a80000eca800001ba90000ab
:103dcc0058a9000097a90000caa90000eea900009c
:103ddc0001aa000001aa000063aa0000eca90000df
:103dec002fa900003ea8000036a7000040a6000046
:103dfc007da5000012a500001da50000ada50000ca
:103e0c00bda6000039a80000fda90000d8ab000039
:103e1c0090ad0000f0ae0000c7af0000e7af0000af
:103e2c00b2ae000048ad000013ab000024a80000a7
:103e3c00a0a40000cfa000001a9d0000ff99000074
:103e4c0003980000a997000062990000909d000063
:103e5c0077a400003aae0000d4ba00001fca0000dc
:103e6c00cfdb00006cef0000a9af0000bfad00007d
:103e7c00c2aa0000dea6000064a20000c49d0000df
:103e8c007e990000259600004f9400008494000059
:103e9c0033970000ad9c00001ca500007bb0000017
:103eac0099be000021cf000095e1000053f5000001
:103ebc00dc030000951900002f2f0000c443000004
:103ecc006f5600005f660000ec720000957b0000ee
:103edc00ff7f0000ff7f0000947b0000ee7200006b
:103eec006c660000935600000b4400009d2f0000f0
:103efc00221a000070040000d30400000c1a000009
:103f0c00de2e00007f42000032540000536300009c
:103f1c00506f0000ba7700004a7c0000da7c000089
:103f2c00657900000c72000010670000d558000085
:103f3c00d14700009f340000e71f0000570a000023
:103f4c0021090000681d0000c2300000654200001d
:103f5c009c510000e35d0000ed660000a86c0000c1
:103f6c00316f0000d66e00000a6c00006367000021
:103f7c008b610000365b000015550000ce4f000031
:103f8c00ef4b0000dc490000180a0000df1d0000a8
:103f9c00713000001f410000604f0000d75a000034
:103fac0051630000cd6800007c6b0000b16b000019
:103fbc00dc6900008066000030620000785d000063
:103fcc00da580000d0540000b5510000c24f000078
:103fdc00d7ee000043db0000b1c900008cba000032
:103fec0016ae00006aa400008e9d000063990000cc
:103ffc00a997000003980000ff9900001c9d000089
:10400c00dca00000c5a400006ba8000081ab000080
:10401c00d4ad000046af0000cfef0000b9db0000cc
:10402c0060c9000047b90000d9ab00005fa10000d7
:10403c00f299000088950000f4930000df940000d2
:10404c00d09700003a9c000081a1000006a7000058
:10405c0031ac000083b000009ab300002db5000015
:10406c001df4000016df000044cb00002db9000049
:10407c0043a90000ee9b00008f910000768a00009f
:10408c00da860000da860000758a00009191000043
:10409c00fb9b000068a9000074b90000b2cb0000c3
:1040ac00a2df0000b2f4000014f500008cdf000069
:1040bc00f3ca0000e7b7000007a70000e398000070
:1040cc00f38d00009b86000026830000b683000061
:1040dc0046880000ae900000a09c0000a9ab000038
:1040ec003abd0000b4d0000068e5000098fa00006a
:1040fc0047490000634b0000604f0000cd540000a6
:10410c00125b00007e610000616700000b6c000018
:10411c00d66e0000316f0000a76c0000ef66000047
:10412c00f05d0000c1510000ac42000030310000d5
:10413c00f51d0000b60900003e4a0000da4b0000f5
:10414c000f4f000088530000d5580000735e00002c
:10415c00c563000031680000216b00000c6c00008e
:10416c00786a00000d660000945e000002540000a6
:10417c007246000032360000ba2300009c0f00008b
:10418c008c4e0000364f0000f35000006e530000c0
:10419c004056000002590000625b00001e5d0000ea
:1041ac00085e0000085e00001d5d0000645b0000fe
:1041bc000f59000064560000b55300006151000017
:1041cc00c24f0000214f0000844f0000ad4f000093
:1041dc00a25000002852000003540000f6550000c5
:1041ec00c657000044590000535a0000e35a00001f
:1041fc00ef5a0000815a0000b3590000a558000086
:10420c007b570000635600008855000008550000dd
:10421c0053af00003baf000082ae000049ad000080
:10422c00b4ab0000f0a9000037a80000bea6000047
:10423c00ada500001da5000011a500007fa5000084
:10424c004da600005ba7000085a800009da90000fa
:10425c0078aa0000f8aa00004ab00000b1af000034
:10426c0031ae000003ac000077a90000e4a600000a
:10427c009ba40000e3a20000f8a10000f8a100003c
:10428c00e3a200009ca40000f1a600009ca9000081
:10429c004bac00009fae00003eb00000dfb0000051
:1042ac0098b400000db3000015b00000e9ab00009d
:1042bc00e1a6000074a10000389c0000d19700001a
:1042cc00df940000f493000088950000f39900003f
:1042dc006ca10000feab00008eb90000cec900003e
:1042ec0046dc000064f000008fb5000084b30000d1
:1042fc00c4af0000a4aa0000a5a40000689e0000a2
:10430c009c980000f69300002a910000cf900000ca
:10431c00599300001199000010a200003fae00005c
:10432c0054bd0000d0ce00000be200004af60000a5
:10433c00c20900005b1f0000313400008a470000f6
:10434c00b0580000046700000a7200006679000093
:10435c00da7c00004a7c0000ba770000526f000043
:10436c006063000057540000c64200004c2f000050
:10437c00981a000068050000b90a0000d21f00005e
:10438c00e03300004446000073560000f863000060
:10439c006e6e00008c7500002679000026790000f6
:1043ac008b7500006f6e00000564000098560000cd
:1043bc008c4600004e3400005e2000004e0b0000c6
:1043cc00080f00002e230000c43500002a46000010
:1043dc00de530000875e00000b660000796a000067
:1043ec000c6c0000216b000030680000c6630000fc
:1043fc007f5e0000fa580000cf5300007d4f000094
:10440c00664c0000d34a0000ff0f0000a5230000fb
:10441c0073350000e5440000a15100007c5b0000f6
:10442c006f6200009f66000057680000fd67000087
:10443c0001660000e4620000245f00003b5b0000aa
:10444c00955700007f5400002c520000ba50000019
:10445c00bef4000008e10000b3ce000052be000024
:10446c0057b000000fa50000ac9c00003497000072
:10447c00849400004f940000249600008099000062
:10448c00d09d000088a2000026a7000030ab0000e1
:10449c004bae00003eb00000b5f500007fe100001f
:1044ac0062ce00000dbd00001aae000003a2000099
:1044bc000f9900005a930000cf9000002a91000041
:1044cc00f69300009d980000759e0000caa40000a1
:1044dc00ebaa000032b0000011b4000024b60000ba
:1044ec0003fa0000dbe4000046d00000f2bc000040
:1044fc0084ab0000939c0000ad9000004788000046
:10450c00b6830000268300009b860000f48d00001b
:10451c00f09800002ba700002fb8000061cb000022
:10452c0019e00000a9f50000fbfa000052e50000bc
:10453c00f5cf0000adbb000048a900008799000032
:10454c00108d00006d8400000180000001800000cf
:10455c006c840000128d0000949900006da900007d
:10456c00f5bb000063d00000dee5000090fb00000e
:10457c002e4f000029510000625400009358000097
:10458c00535d0000236200007f660000dc690000c0
:10459c00b16b00007c6b0000cd6800005363000021
:1045ac00e45a0000854f000067410000df30000036
:1045bc006b1e0000ad0a0000255000009f5100004a
:1045cc00115400004d570000165b0000175f0000ef
:1045dc00e262000002660000fd6700005768000000
:1045ec009e66000070620000895b0000c6510000ee
:1045fc002c450000e135000031240000941000002f
:10460c0073540000fc540000f555000033570000b3
:10461c0081580000a7590000805a0000ef5a000092
:10462c00e35a0000535a000043590000c7570000da
:10463c000356000028540000705200001051000076
:10464c0039500000195000006a55000072550000e6
:10465c00a4550000ee550000445600009b56000087
:10466c00e3560000155700002e5700002e5700008f
:10467c0014570000e5560000a856000069560000cb
:10468c003656000012560000ff550000ff55000082
:020000040000fa
:020000040003f7
:10469c00dc5400004a0000008200000044656d00fc
:1046ac006f643a0020002000546f7400616c20008d
:1046bc004269740020436f00756e74003a2000004c
:1046cc00204269007420450072726f007220430012
:1046dc006f756e00743a2000007b000020002000f3
:1046ec006874740070733a002f2f7400617270003c
:1046fc006e2e6e0065742f00494c32005000000085
:10470c00f04f0000000200008200000000000100d9
:10471c000001000002000100000200000200030082
:10472c000001000002000200000300000200030070
:10473c00000300000400010000020000020003005e
:10474c00000200000300030000040000020003004c
:10475c000003000004000300000400000400050036
:10476c000001000002000200000300000200030030
:10477c00000300000400020000030000030004001a
:10478c000003000004000400000500000200030008
:10479c0000030000040003000004000004000500f6
:1047ac0000030000040004000005000004000500e4
:1047bc0000050000060001000002000002000300da
:1047cc0000020000030003000004000002000300cc
:1047dc0000030000040003000004000004000500b6
:1047ec0000020000030003000004000003000400aa
:1047fc000004000005000300000400000400050094
:10480c000004000005000500000600000200030083
:10481c000003000004000300000400000400050075
:10482c000003000004000400000500000400050063
:10483c000005000006000300000400000400050051
:10484c00000400000500050000060000040005003f
:10485c000005000006000500000600000600070029
:10486c00000100000200020000030000020003002f
:10487c000003000004000200000300000300040019
:10488c000003000004000400000500000200030007
:10489c0000030000040003000004000004000500f5
:1048ac0000030000040004000005000004000500e3
:1048bc0000050000060002000003000003000400d5
:1048cc0000030000040004000005000003000400c5
:1048dc0000040000050004000005000005000600af
:1048ec0000030000040004000005000004000500a3
:1048fc00000500000600040000050000050006008d
:10490c00000500000600060000070000020003007e
:10491c000003000004000300000400000400050074
:10492c000003000004000400000500000400050062
:10493c000005000006000300000400000400050050
:10494c00000400000500050000060000040005003e
:10495c000005000006000500000600000600070028
:10496c000003000004000400000500000400050022
:10497c00000500000600040000050000050006000c
:10498c0000050000060006000007000004000500fa
:10499c0000050000060005000006000006000700e8
:1049ac0000050000060006000007000006000700d6
:1049bc000007000008000000265500003000000031
:1049cc008200000000000000001000000100060042
:1049dc00000700000800c30000c40000ca00cb00a0
:1049ec0000cc0000cd00ce0000cf0000f0002f0066
:1049fc00004300000f006300008700000300af00bd
:104a0c0000e30000905500000a0000008200000046
:104a1c0054415200504e7300746174000000000049
:104a2c00845500000c0000008200000020200000d3
:104a3c000d0a00003a20000020000000f051000098
:104a4c0000020000820000000200020000020000d0
:104a5c00020002000002000002000200000200003e
:104a6c00020002000002000003000300000300002b
:104a7c000300030000030000030003000003000018
:104a8c000300030000030000030003000003000008
:104a9c0003000400000400000400040000040000f3
:104aac0004000400000400000400050000050000e0
:104abc0005000500000500000500050000050000cc
:104acc0006000600000600000600060000060000b6
:104adc00070007000007000007000700000800009f
:104aec000800080000080000090009000009000087
:104afc0009000a00000a00000a000b00000b00006d
:104b0c000b000c00000c00000c000d00000d000050
:104b1c000e000e00000f00000f001000001000002f
:104b2c00110011000012000012001300001300000d
:104b3c0014001500001500001600170000180000e6
:104b4c0018001900001a00001b001c00001d0000ba
:104b5c001e001f0000200000210022000023000086
:104b6c00240025000027000028002900002b00004d
:104b7c002c002e00002f0000310032000034000009
:104b8c0036003800003900003b003d00003f0000bb
:104b9c00420044000046000049004b0000070000a2
:104bac0007000700000700000700070000070000cf
:104bbc0007000700000800000800080000080000bb
:104bcc0008000800000800000800080000080000a9
:104bdc000900090000090000090009000009000093
:104bec0009000a00000a00000a000a00000a00007e
:104bfc000b000b00000b00000b000c00000c000065
:104c0c000c000d00000d00000d000e00000e000049
:104c1c000e000f00000f000010001000001100002b
:104c2c001100120000120000130014000014000008
:104c3c0015001600001700001800190000190000dc
:104c4c001a001b00001d00001e001f0000200000a9
:104c5c002200230000240000260028000029000068
:104c6c002b002d00002f0000310033000035000018
:104c7c0038003a00003d00004000430000460000b0
:104c8c0049004c000050000054005800005c00002b
:104c9c0060006500006a00006f007400007900007d
:104cac007f008500008c000093009a0000a100009a
:104cbc00a900b10000ba0000c300cd0000d700006d
:104ccc00e200ed0000f8000005011200011f0100d8
:104cdc002d013c00014c01005d016e0001800100c2
:104cec009401a80001bd0100d301eb0001030200f7
:104cfc001d0200009a550000060000008200000012
:104d0c004351420045455000565500002e0000000e
:104d1c008200000020200d000a20200073616d002d
:104d2c00706c65003a2000002c206f0075746500d3
:104d3c007220640065766900617469006f6e3a00d8
:104d4c0020002c00206465006d6170003a2000008a
:104d5c0000000000e0140000103b00008000000088
:104d6c001aa700000020000080000000cea2000066
:104d7c004c0400008000000006100000da04000063
:104d8c00800000007ece0000820100008000000048
:104d9c00bccd0000c200000080000000facc000076
:104dac00c20000008000000038cc0000c2000000ef
:104dbc008000000076cb0000c200000080000000e4
:104dcc00b4ca0000c200000080000000f2c900005c
:104ddc00c20000008000000030c90000c2000000ca
:104dec00800000006ec80000c200000080000000bf
:104dfc00acc70000c2000000800000001ac7000011
:104e0c00920000008000000000100000060000006e
:104e1c0080000000f0530000ec0000008200000055
:104e2c003d466900726d77006172650056723a00fa
:104e3c00003d530065726900616c4e006d6272003a
:104e4c003a003d0055707400696d65004d696c0049
:104e5c00533a00003d4272006453770063684d0082
:104e6c006f643a00003d41005832350052785000d2
:104e7c006b7473003a003d00494c3200505278007c
:104e8c00506b7400733a00003d494c003250520094
:104e9c0078556e0043723a00003d540078506b0018
:104eac0074436f00756e74003a003d0050726500db
:104ebc00616d62006c436e00743a3000303030002b
:104ecc00003d4c006f6f7000437963006c6573009c
:104edc003a003d004c6f73007441440043536d0025
:104eec00703a00003d3030003a003d0030313a005d
:104efc00003d3000323a00003d3033003a003d00b6
:104f0c0030343a00003d3000363a00003d30370076
:104f1c003a003d0030383a00003d3000393a00008c
:104f2c003d3041003a003d0030423a003030300014
:104f3c0030003d0030433a00003d3000443a000060
:104f4c003d3045003a003d0030463a00003d31000e
:104f5c00303a00003d3131003a0000000000000002
:020000040000fa
:020000040003f7
:104f6c000c00fa00889fbe008a9fbe008c9fbe007a
:104f7c00c1422000810040001150a0008000eb00d5
:104f8c0080037800640140008001eb00c9422000de
:104f9c0089044000070478000205be0082824000ac
:104fac009582fb000508a300010032001950a100f6
:104fbc008100e800ed8f5000f6ff3a000a02be00b7
:104fcc00905090008180fb000108a30003003a0080
:104fdc00c2422000020140001250a1002049900062
:104fec000281fb000306200003036100830f5300c2
:104ffc0003003200c3422000830140001350a10083
:10500c000306200003836000830f5300030032006b
:10501c00c3422000830140001350a10081006900ad
:10502c000178a30003003a00c14220008100400037
:10503c001150a100c24220000201400001022000d8
:10504c0092806000b4003200a05090001242200008
:10505c0002014000014978000181fb00534220000d
:10506c00830140007003610044b3de008649780080
:10507c000208a3000400320032422000020140006a
:10508c0063c960000c00370032422000020140006e
:10509c000049eb0082422000020140008180fb00ad
:1050ac008101d10067c961007242200002014000f9
:1050bc00c508de0001497800314220008100400023
:1050cc0091407800e1cf50000c003a007142200072
:1050dc008100400012422000020140001281fb00be
:1050ec004511de00824878002142200081004000fa
:1050fc00c2cfb3008248780029003700224220003a
:10510c0002014000c3cfb30003497800e3cf500045
:10511c0023003a00114220008100400091407800a9
:10512c000144a10022422000020140000149780004
:10513c0032c4b30082cf50001900320008003e0088
:10514c00efcf500016003200f2c2b30082cf5000f5
:10515c0013003200e3cf50000e003a00100037006d
:10516c0072c8b30082cf50000d00320004003e0024
:10517c0032c6b30082cf500006003a000800370058
:10518c00f2cab30082cf500005003200fdcf4000c0
:10519c0003003200c1422000810040001150a100e8
:1051ac0031422000810040001104e0000500320073
:1051bc00214220008100400032c0b300914f110009
:1051cc0008003a004142200081004000b05190009c
:1051dc0083487800c1422000810040001160a0008b
:1051ec000600370041422000810040008048eb005f
:1051fc00c1422000810040001160a100c14220008a
:10520c00810040001170a1008000eb009c41200047
:10521c000c0644008006eb006b0144006113b800df
:10522c0086bf9f0097bf9f003241200002044400bc
:10523c006141b800e2b79f00f3b79f0009ceb300fd
:10524c00f8c3b300ca4220000a054000ccb79f0047
:10525c00ddb79f000406be006109b9000c024100d5
:10526c009482fb008502d100cfb3970002824300e9
:10527c00054a78000fbb9700060241001483fb001f
:10528c000603d100864378006fb2970004014100f9
:10529c000649780085c2440088cf520001003600d0
:1052ac001a70a00089c3430088cf53000100360058
:1052bc001a70a0008100e800e68f5000e6ff3a006b
:1052cc00a0489000f2412000020140008181fb00c7
:1052dc008301d1006fc9610002422000020140002d
:1052ec00905190008381fb008301d1006fc9610054
:1052fc000104e00005003d00614220000100400077
:10530c0011c0b3000148780003003700614220004f
:10531c00010040000048eb004f06be004f05be00e8
:10532c004f04be000080fa0000000600889fbe00fb
:10533c00010378000001eb0018002000670040001a
:10534c008000eb008003eb00820478006112b9004e
:10535c00800142009381fb008301d10006024200d0
:10536c0094cf110001003200090478000201e8001a
:10537c00e60f5100f5ff3a00080078004f04be001c
:10538c0000000600889fbe008a9fbe0001047800c2
:10539c000001eb001a0020006e0040008000eb00c2
:1053ac008004eb00820578006112b900040342000e
:1053bc0085834a00800143009301d100080242001a
:1053cc0094cf1100010032000b0578000201e800b7
:1053dc00e60f5100f4ff3a000a0078004f05be00ba
:1053ec004f04be0000000600ec874700889fbe00fb
:1053fc008a1f78008e1f780001057800728757008d
:10540c0082ac820093ac8200029fbe00a2ac8200f0
:10541c00b3ac8200029fbe0081592500114f780069
:10542c00180020000001eb00f2815700611bb8004e
:10543c00750040008000eb00820478006112b90016
:10544c0086014200000242009341780094cf510043
:10545c0001003200090478000201e800e90f510054
:10546c00f6ff3a00e10f540002003a004a0fb00078
:10547c001a20a0004f0778004f0578004f04be009b
:10548c00cf00b10000000600889fbe008a1f780084
:10549c000004be0002057800c142200081004400d7
:1054ac000002200011006000210032002042200088
:1054bc000000440031c0b30090cf10001c003a0033
:1054cc0031412000810044006c80440062002000c7
:1054dc0066d70200010000000000e00014003a0052
:1054ec00600320000900400010c0a0004a0fb0006b
:1054fc001a30a0000000eb006c8344008003eb002a
:10550c0034412000040244008002eb006101b90028
:10551c008600410004014100924878000000e80038
:10552c00e60f5000f9ff3a00f2844400804ceb0087
:10553c004f0578004f04be00000006008201780081
:10554c00b2422000020140001282fb008002eb00fc
:10555c0061025200e0825a00ed0f5200e08f5a00b7
:10556c0096003e00040601000d00370012003700c3
:10557c00170037001d003700900037007a00370005
:10558c002400370048003700590037002d00370041
:10559c0054003700890037004600370026003700da
:1055ac00e102b00011027800404190000281fb0042
:1055bc0082087800860037008102b0001102780062
:1055cc00404190000281fb00820878008000370087
:1055dc00a102b0001102780040409000a2c0b300bc
:1055ec000440bc008208780079003700011a900052
:1055fc0040409000a2c0b3000440bc00609f20005b
:10560c00800f5100010036000001780082189800cc
:10561c006f003700404090000080fb00f0089800bd
:10562c00200f2000030040001070a000430fb000ba
:10563c001340a0006a003700230fb00013a0a00095
:10564c006700370040419000c240980050429000e3
:10565c00d4409800e0429000e540980070419000e2
:10566c00f2409800004a900084489800904a9000bc
:10567c009548980020499000a2489800304a900024
:10568c00b448980010009000e80f500054003a0005
:10569c0050a52a00e0a19800430fb00093027800b7
:1056ac00f88972004e003700230fb00013d0a00011
:1056bc004b0037004041900070c3b300804f510045
:1056cc0047003a006103b00011d0a000200f200069
:1056dc00030040001090a000430fb0001340a00046
:1056ec003f003700230fb00013e0a0003c00370050
:1056fc00100190000200e00039003400404190009d
:10570c0074cab300844f510005003200f04f4100c1
:10571c000e0032000204e000040032002a003700c0
:10572c00630fb0001300a0002d0037006328900019
:10573c00f32890004309b0000082eb008082eb005c
:10574c008419400085914800250037000102b00003
:10575c001102780050409000c2c3b3000440bc005a
:10576c00820878001a003700404190006f016100f8
:10577c00a2109800ef0f51000d0032004040900035
:10578c000048a30004003200200f2000030040005a
:10579c001070a00003003700200f20000300400011
:1057ac001090a000430fb0001340a0000c00370075
:1057bc004102b0008008eb00090037000001eb004b
:1057cc0002027800020037000001eb0002027800b0
:1057dc00820f520002003200430fb0001330a000c1
:1057ec00000006004027ef00230f200080814100bd
:1057fc00930278000500a1006033b8006620980081
:10580c00772098004620980057209800062898008a
:10581c0017289800262898003728980046289800c2
:10582c0057289800662898007728980006809800da
:10583c001780980026809800378098004680980042
:10584c00578098006638980077389800463898004a
:10585c00573898004690980057909800669098009a
:10586c0077909800069898001798980026989800ba
:10587c0037989800420f2000000141001202780076
:10588c000420a10026909800379098008000eb002f
:10589c00060d200000034300010b7800260d2000ac
:1058ac0000034300010b7800260e20000003430088
:1058bc00010b7800460e200000034300010b78001a
:1058cc00e60c200000034300010b7800f13f2000a0
:1058dc0031b098006033b8006698980077989800bb
:1058ec0006a0980017a09800a1472e00818962009d
:1058fc00a10026000109620046a0980057a098005c
:10590c00600fb00091ff2f001088600000000600af
:10591c000a00fa00889fbe008a9fbe008c9fbe00c2
:10592c008004780001067800020578008306780070
:10593c008006200009004000120020000300200017
:10594c0010084100509049000900780038e102002d
:10595c0001000000200f20000900400010f0a00002
:10596c00f9a0900040062000808f50000300360004
:10597c00200f20000900400010f0a10069289000c1
:10598c00f92890000982900099829000040250003e
:10599c008582580002e82e0063032000820f52001b
:1059ac00838f5a0003003600220f200009014100aa
:1059bc0012f0a10029829000b982900004025000dc
:1059cc008582580002f8240023012000820f520027
:1059dc00838f5a0003003600220f2000090141007a
:1059ec0012f0a10049829000d9829000040250006c
:1059fc008582580002e82e0063032000820f5200bb
:105a0c00838f5a0003003600220f20000901410049
:105a1c0012f0a10002402a0093ad2700820f500023
:105a2c00838f58000b003600140eab0009003a00af
:105a3c002d0892000000e00006003a0019b8900012
:105a4c000008a30003003a00200f200009004000ca
:105a5c0010f0a10029b890000008a3000a00320041
:105a6c0069299000f929900029889000b988900044
:105a7c00800f5100818f590003003900200f200046
:105a8c000900400010f0a10029b890000000e000cf
:105a9c000a003d0069299000f9299000498890007e
:105aac00d9889000800f5100818f59000300390074
:105abc00200f20000900400010f0a10019b8900040
:105acc000000e00001003d000060fe008001eb00e2
:105adc00d3b79f008302780005027800e881440068
:105aec00020120001100200076805700da860200a7
:105afc000100000008202000f605450006003700d4
:105b0c000a0078001e770200010000000000e0008f
:105b1c00010035002011880014118000040064007d
:105b2c0002003a001b00e000f5ff3c004a10900018
:105b3c000058a30006003200800220000a0040003a
:105b4c001050a100200e2000090040001008e800b1
:105b5c0069299000f929900049a09000d9a09000e3
:105b6c00820f5000838f580003003e00200f20004e
:105b7c00090040001040a100f40f20000500200097
:105b8c004903900085007800040063004c129000db
:105b9c008002eb00840f5000858f58000400360003
:105bac00200f2000090040001050a0000300370017
:105bbc00200f2000090040001050a10019b89000df
:105bcc00e6006000e28f5000070032000038a300ae
:105bdc0005003a00c9a89000e38f50001000340073
:105bec00128eab000e0032001c1a9000c107200070
:105bfc008980400002034200e08349008688be0091
:105c0c000008a30002003a00a2849800b384980014
:105c1c00200f2000090040001000a00013003700e6
:105c2c00693a9000f93a9000840f5100858f590021
:105c3c000e0039000008a30009003200c00a200041
:105c4c000900400030024100a08249000401be005e
:105c5c0029829000b98290000418510005905900d7
:105c6c00200f2000090040001000a10029b890006e
:105c7c0000c8a30024003200410f2000898040009e
:105c8c001100780000c0a1008008780000e8a30093
:105c9c0004003200400f20000900400010e0a10079
:105cac00190037000028a30017003200d6ac820080
:105cbc00e7ac8200e6b79f00f7b79f00f7ac820015
:105ccc0087bf9f0062002000f48057000900780015
:105cdc0066d70200010000000000e0000a0032005c
:105cec00e9409000ef806000803e20008088b90081
:105cfc0080bc98000000e00003003200400f200040
:105d0c000900400010d0a00019b8900000a8a30012
:105d1c003c003200200f20000900400010a0a10020
:105d2c00640446000800780094bb020001000000e7
:105d3c00984078007480570036740200010000000f
:105d4c0000047800dc40900074815700080041008a
:105d5c00367402000100000008044000ec40900082
:105d6c00f4815700088041003674020001000000e5
:105d7c0000044400fc40900074825700080042006c
:105d8c003674020001000000000444008c489000ae
:105d9c00f4825700088042003674020001000000b3
:105dac00000444009c489000748357000800430092
:105dbc00367402000100000000044400ac4890005e
:105dcc00f483570008804300367402000100000081
:105ddc0000044400bc489000748157000800410046
:105dec00367402000100000000024400f4815700e8
:105dfc000041eb00e1c0b3000a007800de8c020029
:105e0c000100000019b8900000c8a30020003a005f
:105e1c000c119000803e20000091b9006980900028
:105e2c00f98090000201400083814800699890003d
:105e3c00f9989000800f5100818f590014003100a7
:105e4c00692a9000f92a90000071220001002000bc
:105e5c000402400085824800f2ff2300030020006a
:105e6c0049039000830078000200630004004000a6
:105e7c0085804800808c9800918c9800e084980074
:105e8c00f1849800200f20000900400010c0a000f1
:105e9c00098990009989900069289000f928900050
:105eac00800f5100818f590018003e0019b89000e6
:105ebc0000c8a30015003200200f2000090040008c
:105ecc009000780001c0a10001b0a000010878008a
:105edc000c1090000000e00003003a00200f20009e
:105eec000900400010b0a10019b8900000b8a30040
:105efc0006003200600f2000090040001020a000b6
:105f0c00400f2000090040001040a00069289000bc
:105f1c00f928900069899000f9899000820f50004f
:105f2c00838f580001003900158ea90029b9900003
:105f3c000218a3000200320015aea8000b003700b7
:105f4c004a1190000248a3000200320015aea800ce
:105f5c00060037000991900099919000820f500033
:105f6c00838f58000100390015aea9002d0892004e
:105f7c000000e00003003c007a0090000000e0000c
:105f8c000200340014eea8000100370014eea90042
:105f9c0019b890000008a30003003a0039b890002b
:105fac000018a3000200320015cea8000100370033
:105fbc0015cea90019a8900089a89000810f500057
:105fcc000100320080ac980079b4900049a8900090
:105fdc0020b8020001000000800f540005003200c0
:105fec00200f2000090040001080a000490fb000d5
:105ffc001940a0004f06be004f05be004f04be0066
:10600c000080fa0000000600e6874700889fbe006b
:10601c008a9fbe008c9fbe008e1f78009601800068
:10602c000002be0004f0a1006403b0000402d00022
:10603c004240af008502e8000500b0004220ae00ef
:10604c004200a8000482d3008501780003d0fe0032
:10605c00040178009202780006d0fe000500a00032
:10606c00a4018000a301880005097800a401880020
:10607c000001be0002f0a1000203b0000201d0003a
:10608c004240af008301e8000300b0004220ae00a4
:10609c004200a8000281d300a40180008302780092
:1060ac00a50188008001eb0003097800a401880099
:1060bc000001be0002f0a1002203b0000201d000da
:1060cc004240af008301e8000300b0004220ae0064
:1060dc004200a8000281d300a40180008302780052
:1060ec00a5018800833e200003097800a4018800e4
:1060fc00940180000001be0002f0a1004203b00038
:10610c000201d0004240af008301e8000300b00060
:10611c004220ae004200a8000281d3008302780026
:10612c0005d0fe001201780004d0fe000200e00051
:10613c00a00034000002be0004f0a1008401b000f5
:10614c000402d0004240af008502e8000500b00018
:10615c004220ae004200a8000482d3000003be001f
:10616c0006f0a100c600b0000603d0004240af000c
:10617c008703e8000700b0004220ae004200a800f0
:10618c000683d3000201e900cf91de0002f0a100ea
:10619c006d014100e0814900020141008381490009
:1061ac00828fd2008381d20002f0a1000005d000c2
:1061bc008205d0000b0445004220a80083844800cf
:1061cc004200a9004220ae004200a8000884d3007f
:1061dc00f8b79f0089bf9f000c0120000001be0092
:1061ec0002f0a1000203b0000201d0004240af0057
:1061fc008301e8000300b0004220ae004200a8007a
:10620c000281d300030578008204780000f0a1001d
:10621c002003b0000000d0004240af008100e80035
:10622c000100b0004220ae004200a8000080d30064
:10623c00010478008005eb00a1018000a501880015
:10624c000c0a7800a10188009201800007d0fe00a2
:10625c009600780002d0fe000100e000100035002e
:10626c009301800005d0fe001401780003d0fe00dd
:10627c00818040000201e9000100e000fcff3d00cc
:10628c00a3018000a5018800020a7800a301880000
:10629c00a2018000a7018800010b7800a2018800f0
:1062ac009301800005d0fe001401780003d0fe009d
:1062bc009d0180000ad0fe00990178000dd0fe00ef
:1062cc00830f510004003400a3018000aa01880050
:1062dc00820c7800a30188009d01800008d0fe008c
:1062ec00900178000dd0fe00830f510004003d009a
:1062fc00a3018000a801880002087800a30188008f
:10630c00700111008208de00a3018000a701880043
:10631c00010b7800a30188000401be0002f0a1006b
:10632c008201b1000201d0004240af008301e900bc
:10633c000300b0004220ae004200a8000281d3004e
:10634c00a101800083067800ad0188000b0978005c
:10635c00a101880004f0a1002400b0000402d000c8
:10636c004240af008502e8000500b0004220ae00bc
:10637c004200a8000482d30006f0a1002600b00061
:10638c000603d0004240af008703e8000700b000ce
:10639c004220ae004200a8000683d300ffb0970055
:1063ac00810f5200a4ff3a000fb99700828f520060
:1063bc00a1ff3a004f0778004f06be004f05be0004
:1063cc004f04be006f00b10000000600f4874700c8
:1063dc00889fbe008a9fbe008c9fbe008e1f7800d7
:1063ec0080b79f0081bf9f00c2b79f000404be000e
:1063fc00920180000400be0000f0a1006003b00018
:10640c000000d0004240af008100e8000100b00065
:10641c004220ae004200a8000080d3008101780029
:10642c0003d0fe001000780002d0fe000008a3008c
:10643c0002003a000400be00f3fe07008fb2970082
:10644c00150078004fb397000600e0008f003c0069
:10645c000000eb0087003700ffb397000b0028000b
:10646c008b846300efb097008100e800e1b79f00d8
:10647c00f08f50000300320087834300f7b79f0072
:10648c000a0037001fb197000201e80092b79f0085
:10649c008200d0008fb1970083804000910078007b
:1064ac00f1b79f008002eb00e5b79f0092018000de
:1064bc000ed0fe009c00780002d0fe000100e0002f
:1064cc005d0034002fb19700bfb197008002eb0044
:1064dc009801800003d0fe009203780008d0fe00e3
:1064ec008703d100a8018000a30188000709780068
:1064fc00a80188000900e00014003200910180001e
:10650c000205be000af0a100ca00b0000a05d000c6
:10651c004240af008b05e8000b00b0004220ae00fb
:10652c004200a8000a85d3000b03780006d0fe00b9
:10653c001a03780001d0fe0086836b00a101800055
:10654c00a301880007097800a10188008d00d00004
:10655c008fbb97008780400011047800080444002a
:10656c00880878009a0180000203be0006f0a100a2
:10657c004602b0000603d0004240af008703e8009b
:10658c000700b0004220ae004200a8000683d300f2
:10659c00870578000bd0fe00160378000ad0fe00a9
:1065ac000600e000080032009701800003d0fe00d6
:1065bc001203780007d0fe00610363000600a200fe
:1065cc0086087400060037009701800003d0fe0097
:1065dc001203780007d0fe00610363008608740084
:1065ec000000e8000402e800f00f520002003a003c
:1065fc008d06e8000002eb008502e80002f0a10025
:10660c002200b0000201d0004240af008301e8003c
:10661c000300b0004220ae004200a8000281d3006b
:10662c00960180000ed0fe009c00780006d0fe0083
:10663c00858f5000a6ff3c005fb197000201e80077
:10664c00d2b79f00cfb19700830f510082ff3a0061
:10665c000400e000070034008d00d0008fba9700d2
:10666c008580400070021200110178000411dd00d9
:10667c00820878004f0778004f06be004f05be0019
:10668c004f04be004f01b1000000060001002800bd
:10669c008100600000004000f0b79f000000eb009c
:1066ac000002780080067800d0b79f00160020000a
:1066bc00e6b79f0090b79f000801be0002f0a10052
:1066cc004203b0000201d0004240af008301e80059
:1066dc000300b0004220ae004200a8000281d300ab
:1066ec0003077800a8b79f00b9b79f008104780012
:1066fc00020678006dff37000200400083804800de
:10670c00f217250013002000820f5000838f5800d1
:10671c000700340004e82a00e5ff2f0000004200c7
:10672c0081804a00820f5000838f5800fbff3c0091
:10673c0000000600f217250013002000820f500005
:10674c00838f58000700340004e82a00e5ff2f006f
:10675c000000420081804a00820f5000838f580055
:10676c00fbff3c00e00f5000e08f580005003d009f
:10677c000218250013002000000041008180490010
:10678c00fdff3300f2452500820f5000e08f5800ca
:10679c0012003c004b0add004501de0002017200d4
:1067ac00c589de000200410083804900c2fc28003c
:1067bc0013102000000141008181490091018000eb
:1067cc0002f0a4008381d20003d0fe0012017800f5
:1067dc0001d0fe000200780048003700f28b2a003e
:1067ec00820f5000e08f580015003c00028c2a00ec
:1067fc000300200000005100818059004b0add008d
:10680c004501de0002017200c589de000201410073
:10681c0083814900c0fc28001110200002004000b8
:10682c00838048009301800000f0a4008180d20096
:10683c0001d0fe001000780003d0fe002f003700be
:10684c00f2d12f00820f5000e08f580016003c0050
:10685c0002742500f3ff2f000000410081804900e5
:10686c004b0add004501de0002017200c589de0025
:10687c000201410083814900c0fc28001110200056
:10688c0002004000838048009301800000f0a400c7
:10689c008180d20001d0fe001000780003d0fe00f1
:1068ac000000ea0015003700021825001300200034
:1068bc0000005100818059004b0add004501de00cb
:1068cc0002017200c589de0002014100838149008a
:1068dc00c0fc2800111020000200400083804800fa
:1068ec009301800000f0a4008180d20001d0fe0052
:1068fc001000780003d0fe000000ea000000060043
:10690c000246250003002000000041008180490060
:10691c00f217250013002000820f5000838f5800bf
:10692c000700340004e82a00e5ff2f0000004200b5
:10693c0081804a00820f5000838f5800fbff3c007f
:10694c00e00f5000e08f580005003d0002182500b4
:10695c00130020000000410081804900fdff33003e
:10696c00f2452500820f5000e08f580012003c00c9
:10697c004b0add004501de0002017200c589de0014
:10698c000200410083804900c2fc28001310200043
:10699c0000014100818149009101800002f0a400b6
:1069ac008381d20003d0fe001201780001d0fe00da
:1069bc000200780048003700f28b2a00820f50004a
:1069cc00e08f580015003c00028c2a0003002000c8
:1069dc0000005100818059004b0add004501de00aa
:1069ec0002017200c589de00020141008381490069
:1069fc00c0fc2800111020000200400083804800d9
:106a0c009301800000f0a4008180d20001d0fe0030
:106a1c001000780003d0fe002f003700f2d12f00b9
:106a2c00820f5000e08f580016003c0002742500c5
:106a3c00f3ff2f0000004100818049004b0add006c
:106a4c004501de0002017200c589de000201410031
:106a5c0083814900c0fc2800111020000200400076
:106a6c00838048009301800000f0a4008180d20054
:106a7c0001d0fe001000780003d0fe000000ea00f8
:106a8c0015003700021825001300200000005100eb
:106a9c00818059004b0add004501de0002017200c5
:106aac00c589de000201410083814900c0fc280039
:106abc0011102000020040008380480093018000e8
:106acc0000f0a4008180d20001d0fe0010007800fc
:106adc0003d0fe000000ea00000006004400a900fc
:106aec001201c30000027800810278001201c0007c
:106afc000400cd0004007800000006004400a9004a
:106b0c00300190001201c300020278009002900044
:106b1c001201c00040039000a00390001201c600b7
:106b2c0050029000900278001201c0000400cd00c9
:106b3c008400780042009800510098000100780011
:106b4c0000000600889fbe008a1f78004400a90040
:106b5c00d00490006c0440001805780070014000cf
:106b6c00920178001201c30009027800a002900083
:106b7c001201c0000a037800b00390001201c60095
:106b8c0070029000c00290001201c4000302780051
:106b9c00900278001201c000100b9000900390003e
:106bac001201c6000400cd00840078007a00980021
:106bbc00090c78001308980001097800010078008e
:106bcc004f0578004f04be00000006000400fa00d8
:106bdc00889fbe008a9fbe008c1f780081037800be
:106bec008205780094bf9f00a5bf9f000306780024
:106bfc00860478004400a8008700d0000080400084
:106c0c00000478001fbd97008c0078000701780005
:106c1c00ca05c3000201e90004003b008b017800a7
:106c2c00028141008301d00003044400ca05c00066
:106c3c008100e900f7ff3a00090378000600c8005c
:106c4c000100cd00010078004f0678004f05be0012
:106c5c004f04be000080fa00000006000400fa0099
:106c6c00889fbe008a9fbe008c1f7800810378002d
:106c7c008205780094bf9f00a5bf9f000306780093
:106c8c00860478004400a8008700d00000804000f3
:106c9c00000478001fbd97008c0078000701780075
:106cac00c605c3000201e90004003b008b0178001b
:106cbc00028141008301d00003044400c605c000da
:106ccc008100e900f7ff3a00090378000600c800cc
:106cdc000100cd00010078004f0678004f05be0082
:106cec004f04be000080fa00000006000400fa0009
:106cfc00889fbe008a9fbe008c1f7800810378009d
:106d0c008205780094bf9f00a5bf9f008604780081
:106d1c008381d1004400a8000706d000000646007d
:106d2c000300e8000c0478001fbd97008000780079
:106d3c00070178008a05c3000281e90004003b00ca
:106d4c008b017800028141008301d00003044400d0
:106d5c008a05c0008100e900f7ff3a0009037800ba
:106d6c000600c8000100cd00010078004f06780035
:106d7c004f05be004f04be000080fa000000060064
:020000040000fa
:020000040003f7
:106d8c00881f78001e2eef001a2eef001c2eef002d
:106d9c00142eef00d0ff2f0080708800142ea90055
:106dac0040062000010020008edc020001000000e3
:106dbc0000302800120eb6000004eb000c003a0064
:106dcc00142ea80040062000010020008edc0200da
:106ddc0001000000003028009270800082006000ea
:106dec0018002000808f5000010032000004eb00de
:106dfc00142eef00f0ef2f0080708800150ea90004
:106e0c0040062000010020008edc02000100000082
:106e1c0000302000120eb6000b003a00150ea80030
:106e2c0040062000010020008edc02000100000062
:106e3c00003020009270800082006000808f500033
:106e4c0001003a000810a000142eef00f0ef2f0004
:106e5c0080708800150ea90040062000010020005b
:106e6c008edc02000100000000302400120eb6007f
:106e7c000b003a00150ea80040062000010020006f
:106e8c008edc0200010000000030240092708000b3
:106e9c0082006000808f500001003a000820a000a2
:106eac00142eef00f0ef2f0080708800150ea90053
:106ebc0040062000010020008edc020001000000d2
:106ecc0000302100120eb6000b003a00150ea8007f
:106edc0040062000010020008edc020001000000b2
:106eec00003021009270800082006000808f500082
:106efc0001003a000830a000e40f54000b003200ef
:106f0c0005003c00e10f54000c003200e30f54006c
:106f1c000b003a0009003700e60f54000300320062
:106f2c00ea0f540006003a00020037003800200037
:106f3c000300370048002000010037001800200033
:106f4c00080078004f0478000000060041a990006a
:106f5c00e10f51002400340071b190006f01610009
:106f6c00cf91de000202410083824900e2fc2d0039
:106f7c00131020000401410085814900910180001b
:106f8c0002f0a4008381d20003d0fe00120178002d
:106f9c0001d0fe0072089800310f2000810f5100c3
:106fac0023003a00201190006f016100cf91de00a8
:106fbc000202410083824900e2fc2d0013102000e4
:106fcc0004014100858149009101800002f0a40078
:106fdc008381d20003d0fe001201780001d0fe00a4
:106fec007208980012003700f1b09000e28f500048
:106ffc000a003200e38f50000b003200e18f50008a
:10700c00030032007e0040000008eb00080037004f
:10701c00010b2000710898000500370021002000aa
:10702c007108980002003700110f200071089800b9
:10703c000000060080007800907080004300de00a5
:10704c0061006000124eaf000010a000122eaf00c5
:10705c000020a000120ee20001003d000030a00054
:10706c00e18f50000700320003003c000100e000fb
:10707c000800320008003700e48f500006003c0086
:10708c000200370063006000030037006f006000ef
:10709c00010037000000eb00000006000002fa00bf
:1070ac000003780000e02f0000804700012f25002e
:1070bc007f0009003118780002f02f000281470090
:1070cc00001f25007f000900301978002023ef00f5
:1070dc002143a800f1cf2f0002322000128960005a
:1070ec00000e20002023b7002083a9002223ef00ec
:1070fc002423ef0025e3a80000f021002423b7008f
:10710c003223ef002623ef001100200041198800e4
:10711c002e23ef003023ef000e2ea80021e3a80051
:10712c002023a8002003ab00feff320001188000d2
:10713c00311398002023ef00ff8f50002000360001
:10714c00c508de00f107b2006609900003e12000db
:10715c00830f51000d0034008100d0000120b100dc
:10716c00ef8078000182400003b024001100090078
:10717c008201d80000017800110009000282d800b9
:10718c008000fd00310b98001a0037008100d00000
:10719c000110b1006f827800e322b90001e12000f8
:1071ac00110009008200d8000001780011000900cc
:1071bc000282d8008000fd00310b98000d003700d2
:1071cc00e6089000b24721000289b9004399de001d
:1071dc00cf88de00f6119000010151008391b900b7
:1071ec000200e00001003d006f0141004491de000f
:1071fc00320b9800b60890000100e00002003c0041
:10720c0011002000310b9800e60890002609900030
:10721c00110009008200d8008000fd00e38f5000af
:10722c000f003a00b60a900032002000110009004d
:10723c008202d800010178000200e0000800320050
:10724c00320020008502e800110009008202d800fb
:10725c00810178000300e000faff3a00350b98003a
:10726c000080fa00000006006601400092007800e1
:10727c008101d100030978000108a3000400320049
:10728c00900090008100d1006600400003886800e7
:10729c000000060020009000000006000080400066
:1072ac00680040001080fb000000060000804000d9
:1072bc00704092000080fb0000000600008040003f
:1072cc007020b0001080fb00000006000000e00001
:1072dc001a0032000100e0001800320000004100ea
:1072ec00704092000080fb0081004100f140920050
:1072fc008180fb0080804000220390000682e90020
:10730c00848f500009003600e10213008580400094
:10731c000603e9000100370080007800058040007a
:10732c0080014300830f5200fbff390081004100b4
:10733c00e88040001180fb00010037000000eb00ea
:10734c0000000600ea874700889fbe008a9fbe00a7
:10735c008c9fbe008e1f780001057800000d780010
:10736c001100200021059800120598006102b90057
:10737c00e00f5200e08f5a0009003400aa00900080
:10738c006011b8008180400061014100e08149003a
:10739c00840f5100858f5900faff350021059800a4
:1073ac0010002000300598002a0490000884e900a1
:1073bc006146b9000007eb00e00f5600e08f5e005d
:1073cc001c00350061065600e0865e00e6054500af
:1073dc00690045006101b800f2b79f0083bf9f00b0
:1073ec000a007800a0ff07001b007800ffb197008f
:1073fc00830046008048780080004500f8409a00e1
:10740c00e10f500005003a0061004600e0804e009c
:10741c004240a900010034000e07e8006106560046
:10742c00e0865e000844e90061004600e0804e0002
:10743c00ebff3b000040eb00711020008a80400005
:10744c0080487800712020008a80400080487800b5
:10745c002a0090008005eb001c0020000d0020008d
:10746c00e10f500015003c001f0037006104440080
:10747c00e0844c000a017800880078000c00780049
:10748c0092ff0700e10f5000f8ff3a00ffb09700a1
:10749c00018045000848780061064600e0864e00f1
:1074ac008b05e8005fb19700efb197008c0f51008e
:1074bc008d8f590009003c000b0037008120200003
:1074cc008a8040006109b800f2b79f0083bf9f001b
:1074dc006101b900d2b79f00e3b79f0018002000ec
:1074ec0009002000e3ff37000e0078004f077800fa
:1074fc004f06be004f05be004f04be00af00b100ea
:10750c0000000600e68747008e1f7800668757004c
:10751c00001f7800010f78000080eb000100e000f4
:10752c00200032000000eb00dfb897000100e00003
:10753c001c003200dfb9970003004100704092003c
:10754c000080fb00d0bf9f00668757005e004100a3
:10755c00704092000080fb00000f7800dfb89700ad
:10756c0000805000d0bf9f00dfb997000300e000ff
:10757c0008003d00a2009000dfb997000380400096
:10758c000000e900d0bf9f005fb897000000e0004a
:10759c00f9ff3500dfb89700010141006801410097
:1075ac001280fb004f0778006f00b100000006004e
:1075bc000e00fa00889fbe008a9fbe008c9fbe0002
:1075cc00200798008204780043079800840678000e
:1075dc000f0f78000100e900030178000200400061
:1075ec0010079800000178000200d0000080e8002d
:1075fc00808747001e0678000200e0000b00320076
:10760c000000eb006162b800800178000403be004a
:10761c00820278000001d0000601410003097800c5
:10762c000000e800808f5200faff3e0031079800fe
:10763c000005eb000100e0001a003a0020003700c2
:10764c008a05d0002e0090008085450069079800bf
:10765c008a0444000800d000ee00900001004000b5
:10766c000d017800900078001b00780017ff0700d0
:10767c008904d0008c844400990c68000804e8004c
:10768c005e019000820f5400f1ff3900ee0490006f
:10769c000a05e8003e009000800f550003003900f9
:1076ac0007003700ce009000510798000004eb0053
:1076bc004e0190000200e000e1ff3a00f4ff3700b9
:1076cc001e0090000000e0000d0032000000eb00f6
:1076dc008006eb001e029000ae0290006101b80023
:1076ec000201410083814900828042000c0141006b
:1076fc00920878000000e800800f5200f7ff3e006f
:10770c001e0090009e0778004f06be004f05be007d
:10771c004f04be000080fa0000000600111020008b
:10772c00a1028800010026008180e8009101ba00c6
:10773c00c819de0000017800035978009181ba0065
:10774c00034978008180e8001101ba0022409800ba
:10775c001101ba004811de00324098001181ba00c4
:10776c00424098008180e8001101ba005240980014
:10777c001101ba004811de00624098009180ba00f5
:10778c007140980000000600f10f2000a102880053
:10779c008000eb009100ba00011878002100200055
:1077ac001108ba0000000600889fbe008a1f7800ee
:1077bc0013102000a302880005002600b6aa2a0098
:1077cc00060bb8008701d10003824100e31bb9000e
:1077dc00868050008001eb001a0020003900200048
:1077ec00030478002700200020003700e18f5000b0
:1077fc000d00320005003900e28f500012003200fb
:10780c00e38f5000f9ff3a001600370005034200e1
:10781c001603ba0083004000864878008301e80014
:10782c008a00780011003700050342001603ba00e5
:10783c00830040004833de00864878008301e8006e
:10784c008700780009003700050342001683ba0050
:10785c0083004000864878008301e80089007800a6
:10786c00020037000482e80088007800830f510082
:10787c00deff3e004f0578004f04be0000000600fe
:10788c0011102000a102880001802f0006002600a4
:10789c00010363008000eb0005802000068140009e
:1078ac001202ba008101d000808141008409780065
:1078bc001281ba008101e8008301d000808141006f
:1078cc00820978008180e800858f5000f3ff3a0030
:1078dc0000000600101020006039880000802f0086
:1078ec00010026000081600052398800300024001d
:1078fc00403988000600fc005005200070398800d3
:10790c00a00a20007039880029e7a80000000000b8
:10791c00000000002807e200feff35000000060012
:10792c00a20f2000a2028800000178008001eb0069
:10793c00b209bb009289bb0022002000a00190007c
:10794c000309bb00300090000089bb001010200020
:10795c006039880000002600810040005139880001
:10796c0010002400403988000600fc00500520005f
:10797c0070398800a00a20007039880029e7a80017
:10798c0000000000000000002807e200feff3500a8
:10799c0000000600889fbe008a1f780080047800d3
:1079ac000004eb000a8020000800d0000900400011
:1079bc0088007800daff0700640444008a0f540042
:1079cc00f9ff3a004f0578004f04be000000060096
:1079dc00e6874700889fbe008a9fbe008c9fbe0032
:1079ec008e1f7800800478008105780002047800ee
:1079fc00030578000a007800a1ff0700b0aa2a004e
:107a0c000058b8008100d100e308b900808555000a
:107a1c000000eb00fe0f20002700200036002000a5
:107a2c00800278001400200031003700e18f5500ef
:107a3c001100320003003c000b00e0000600320095
:107a4c002b003700e28f550016003200e38f5500f3
:107a5c0027003a00240037004209dd000a014100ea
:107a6c00808144009381fb00030978000000e8004a
:107a7c00840578001e0037004209dd000a01410030
:107a8c009201670003097800808544009b85fb0008
:107a9c00c85ddd00038975000000e80087057800eb
:107aac00130037006109b900f2b79f0083bf9f0034
:107abc000206be004269dd00ce61de00830171006a
:107acc004261dd0062014100e08149000201450094
:107adc00808144009381fb00030978000000e800da
:107aec0086057800020037008100e80085057800e3
:107afc00880f5000cdff3900018020000a0078006b
:107b0c001cc50200010000000004be0071ff07004c
:107b1c000a0078009fff07000a00780058ff070052
:107b2c00018020000a0078001cc502000100000042
:107b3c0000006c0081806c000080700000f0a700d9
:107b4c000000ea000000ea004f00de004f0778005a
:107b5c004f06be004f05be004f04be006f00b100c3
:047b6c00000006000f
:020000040000fa
:020000040003f7
:107b700000000000e0fc000044fd00007efd00006d
:107b8000a8fd0000c8fd0000e2fd0000f9fd0000b6
:107b90000cfe00001dfe00002cfe00003afe00005e
:107ba00046fe000052fe00005dfe000067fe000081
:107bb00070fe000079fe000081fe000089fe0000da
:107bc00090fe000097fe00009efe0000a4fe000054
:107bd000aafe0000b0fe0000b6fe0000bbfe0000e2
:107be000c1fe0000c6fe0000cbfe0000cffe00007c
:107bf000d4fe0000d8fe0000ddfe0000e1fe000023
:107c0000e5fe0000e9fe0000edfe0000f1fe0000d0
:107c1000f4fe0000f8fe0000fbfe0000fffe000086
:107c200002ff000005ff000008ff00000bff00003e
:107c30000eff000011ff000014ff000017ff0000fe
:107c40001aff00001dff00001fff000022ff0000c0
:107c500025ff000027ff00002aff00002cff000086
:107c60002fff000031ff000033ff000036ff00004f
:107c700038ff00003aff00003cff00003fff00001b
:107c800041ff000043ff000045ff000047ff0000e8
:107c900049ff00004bff00004dff00004fff0000b8
:107ca00051ff000053ff000055ff000056ff000089
:107cb00058ff00005aff00005cff00005eff00005c
:107cc0005fff000061ff000063ff000064ff000031
:107cd00066ff000068ff000069ff00006bff000006
:107ce0006cff00006eff00006fff000071ff0000de
:107cf00072ff000074ff000075ff000077ff0000b6
:107d000078ff00007aff00007bff00007dff00008d
:107d10007eff00007fff000081ff000082ff000067
:107d200083ff000085ff000086ff000087ff000042
:107d300089ff00008aff00008bff00008dff00001c
:107d40008eff00008fff000090ff000091ff0000f9
:107d500093ff000094ff000095ff000096ff0000d5
:107d600097ff000099ff00009aff00009bff0000b2
:107d70009cff00009dff00009eff00009fff000091
:107d8000a0ff0000a2ff0000a3ff0000a4ff00006e
:107d9000a5ff0000a6ff0000a7ff0000a8ff00004d
:107da000a9ff0000aaff0000abff0000acff00002d
:107db000adff0000aeff0000afff0000b0ff00000d
:107dc000b1ff0000b2ff0000b3ff0000b4ff0000ed
:107dd000b5ff0000b6ff0000b7ff0000b8ff0000cd
:107de000b9ff0000b9ff0000baff0000bbff0000b0
:107df000bcff0000bdff0000beff0000bfff000091
:107e0000c0ff0000c1ff0000c2ff0000c2ff000071
:107e1000c3ff0000c4ff0000c5ff0000c6ff000054
:107e2000c7ff0000c7ff0000c8ff0000c9ff000037
:107e3000caff0000cbff0000ccff0000ccff000019
:107e4000cdff0000ceff0000cfff0000d0ff0000fc
:107e5000d0ff0000d1ff0000d2ff0000d3ff0000e0
:107e6000d3ff0000d4ff0000d5ff0000d6ff0000c4
:107e7000d6ff0000d7ff0000d8ff0000d9ff0000a8
:107e8000d9ff0000daff0000dbff0000dcff00008c
:107e9000dcff0000ddff0000deff0000dfff000070
:107ea000dfff0000e0ff0000e1ff0000e1ff000055
:107eb000e2ff0000e3ff0000e3ff0000e4ff00003a
:107ec000e5ff0000e5ff0000e6ff0000e7ff00001f
:107ed000e7ff0000e8ff0000e9ff0000e9ff000005
:107ee000eaff0000ebff0000ebff0000ecff0000ea
:107ef000edff0000edff0000eeff0000efff0000cf
:107f0000efff0000f0ff0000f1ff0000f1ff0000b4
:107f1000f2ff0000f2ff0000f3ff0000f4ff00009a
:107f2000f4ff0000f5ff0000f5ff0000f6ff000081
:107f3000f7ff0000f7ff0000f8ff0000f8ff000067
:107f4000f9ff0000faff0000faff0000fbff00004d
:107f5000fbff0000fcff0000fdff0000fdff000034
:107f6000feff0000feff0000ffff0000ffff00001b
:020000040000fa
:020000040003f7
:107f70000000000024030000480600006a09000019
:107f80008c0c0000ab0f0000c8120000e2150000ce
:107f9000f91800000b1c00001a1f0000232200002b
:107fa00028250000262800001f2b0000112e0000ad
:107fb000fb300000df330000ba3600008c390000cf
:107fc000563c0000173f0000ce4100007a440000fc
:107fd0001c470000b44900003f4c0000bf4e0000a9
:107fe000335100009b530000f5550000425800003b
:107ff000825a0000b35c0000d75e0000eb60000016
:10800000f1620000e8640000cf660000a66800008e
:108010006d6a0000236c0000c96d00005e6f0000f7
:10802000e270000054720000b57300000475000097
:10803000417600006b7700008478000089790000a9
:108040007c7a00005c7b0000297c0000e37c00005f
:10805000897d00001d7e00009c7e0000097f0000dd
:10806000617f0000a67f0000d87f0000f57f000040
:10807000ff7f0000f57f0000d87f0000a67f000092
:10808000617f0000097f00009c7e00001d7e0000d3
:10809000897d0000e37c0000297c00005c7b0000ff
:1080a0007c7a000089790000847800006b770000fa
:1080b0004176000004750000b573000054720000a2
:1080c000e27000005e6f0000c96d0000236c0000cc
:1080d0006d6a0000a6680000cf660000e86400003a
:1080e000f1620000eb600000d75e0000b35c0000ae
:1080f000825a000042580000f55500009b530000d2
:1081000033510000bf4e00003f4c0000b449000056
:108110001c4700007a440000ce410000173f0000d9
:10812000563c00008c390000ba360000df330000f6
:10813000fb300000112e00001f2b0000262800003d
:1081400028250000232200001a1f00000b1c00003d
:10815000f9180000e2150000c8120000ab0f000083
:108160008c0c00006a09000048060000240300008f
:1081700000000000dcfc0000b8f9000096f60000ea
:1081800074f3000055f0000038ed00001eea000016
:1081900007e70000f5e30000e6e00000dddd000099
:1081a000d8da0000dad70000e1d40000efd10000f7
:1081b00005cf000021cc000046c9000074c60000b5
:1081c000aac30000e9c0000032be000086bb000068
:1081d000e4b800004cb60000c1b3000041b100009b
:1081e000cdae000065ac00000baa0000bea70000e9
:1081f0007ea500004da3000029a10000159f0000ee
:108200000f9d0000189b0000319900005a97000054
:1082100093950000dd93000037920000a2900000cb
:108220001e8f0000ac8d00004b8c0000fc8a00000b
:10823000bf890000958800007c87000077860000d9
:1082400084850000a4840000d78300001d83000003
:1082500077820000e381000064810000f780000065
:108260009f8000005a800000288000000b800000e2
:10827000018000000b800000288000005a80000070
:108280009f800000f780000064810000e38100000f
:10829000778200001d830000d7830000a4840000c3
:1082a00084850000778600007c87000095880000a8
:1082b000bf890000fc8a00004b8c0000ac8d0000e0
:1082c0001e8f0000a290000037920000dd93000096
:1082d000939500005a97000031990000189b000008
:1082e0000f9d0000159f000029a100004da3000074
:1082f0007ea50000bea700000baa000065ac000030
:10830000cdae000041b10000c1b300004cb600008a
:10831000e4b8000086bb000032be0000e9c00000e7
:10832000aac3000074c6000046c9000021cc0000aa
:1083300005cf0000efd10000e1d40000dad7000043
:10834000d8da0000dddd0000e6e00000f5e3000023
:1083500007e700001eea000038ed000055f00000bd
:1083600074f3000096f60000b8f90000dcfc000091
:020000040000fa
:020000040003f7
:10837000ff7f0000ff7f0000ff7f0000ff7f000005
:10838000ff7f0000ff7f0000ff7f0000ff7f0000f5
:10839000ff7f0000ff7f0000ff7f0000ff7f0000e5
:1083a000ff7f0000ff7f0000ff7f0000ff7f0000d5
:1083b000ff7f0000ff7f0000ff7f0000ff7f0000c5
:1083c000ff7f0000ff7f0000ff7f0000ff7f0000b5
:1083d000ff7f0000ff7f0000ff7f0000ff7f0000a5
:1083e000ff7f0000ff7f0000ff7f0000ff7f000095
:1083f000ff7f0000ff7f0000ff7f0000ff7f000085
:10840000ff7f0000ff7f0000ff7f0000ff7f000074
:10841000ff7f0000ff7f0000ff7f0000ff7f000064
:10842000ff7f0000ff7f0000ff7f0000ff7f000054
:10843000ff7f0000ff7f0000ff7f0000ff7f000044
:10844000ff7f0000ff7f0000ff7f0000ff7f000034
:10845000ff7f0000ff7f0000ff7f0000ff7f000024
:10846000ff7f0000ff7f0000ff7f0000ff7f000014
:10847000fc7f0000047e00001b7c0000417a0000ad
:1084800075780000b6760000047500005e73000089
:10849000c471000035700000b06e0000376d000040
:1084a000c76b0000606a000003690000af6700004e
:1084b0006366000020650000e4630000b062000015
:1084c000836100005d6000003f5f0000265e0000e9
:1084d000145d0000095c0000035b0000035a00000b
:1084e00008590000135800002357000039560000b7
:1084f000535500007154000095530000bd52000018
:10850000e9510000195100004e500000864f000054
:10851000c24e0000024e0000464d00008d4c00008f
:10852000d84b0000264b0000774a0000cb490000e2
:10853000224900007d480000da4700003a47000069
:108540009d460000024600006a450000d544000038
:1085500042440000b243000024430000984200005f
:108560000e42000087410000024100007f400000f1
:10857000fe3f00007f3f0000023f0000873e0000fa
:108580000e3e0000963d0000203d0000ad3c000086
:108590003a3c0000ca3b00005b3b0000ee3a0000a2
:1085a000823a0000183a0000af3900004839000054
:1085b000e23800007d3800001a380000b9370000aa
:1085c00058370000f93600009b3600003f360000a7
:1085d000e33500008935000030350000d834000054
:1085e000823400002c340000d733000084330000b4
:1085f00032330000e03200009032000040320000d0
:10860000f2310000a4310000583100000c310000ac
:10861000c2300000783000002f300000e72f00004b
:108620009f2f0000592f0000132f0000ce2e0000b6
:108630008a2e0000472e0000042e0000c32d0000eb
:10864000812d0000412d0000012d0000c22c0000f2
:10865000842c0000472c00000a2c0000cd2b0000c9
:10866000922b0000572b00001c2b0000e32a000077
:10867000a92a0000712a0000392a0000012a0000fe
:10868000ca290000942900005e2900002929000061
:10869000f4280000c02800008d2800005a2800009f
:1086a00027280000f5270000c327000092270000bc
:1086b000612700003127000001270000d2260000ba
:1086c000a32600007526000047260000192600009a
:1086d000ec250000bf250000932500006725000061
:1086e0003b25000010250000e5240000bb2400000d
:1086f00091240000682400003e240000152400009e
:10870000ed230000c52300009d2300007523000019
:108710004e2300002823000001230000db2200007c
:10872000b5220000902200006a22000046220000cc
:1087300021220000fd210000d9210000b521000008
:10874000922100006f2100004c210000292100002f
:1087500007210000e5200000c4200000a220000046
:1087600081200000602000003f2000001f2000004a
:020000040000fa
:020000040003f7
:10877000889fbe000081eb000100e000150034007e
:108780000004eb0088047800874028008801d000ae
:10879000808141001302780089017800e1026100c4
:1087a0000201d10061036200850f53000100320015
:1087b000070169008301e800e88f510002003200e0
:1087c0000402d100f5ff37000804e800810f5400cf
:1087d000eeff3a000280ea004f04be0000000600ef
:1087e000881f78008a9fbe000081eb000100e00036
:1087f000140034000004eb006105b8008000200084
:10880000874028008a0144001382fb008001780021
:10881000e10261000201d10061036200850f530093
:1088200001003200070169008301e9000200320003
:108830000402d100f6ff37000804e800810f54005d
:10884000f0ff3a000280ea004f05be004f047800b6
:1088500000000600889fbe000004be000800be00a5
:10886000dfff07006149b900820044001182fb006c
:1088700061014100e0814900020144009280fb0057
:10888000c808dd00810072000100680000f0a70048
:108890000000ea000000e9004f00de004f04be00c7
:1088a000000006000400fa00889fbe008a9fbe00f8
:1088b0008c9fbe0000027800010678000080eb006b
:1088c0008080eb000c00e000230034000080eb000f
:1088d0008080eb008002eb006123b80086bf9f0020
:1088e00097bf9f00850678000a3228008bdb2e0098
:1088f000050178008fbb9700870141001383fb00bf
:108900008003eb008d017800610460008100d100dc
:108910000080d300cfc4de008002eb006102630060
:10892000840f5400858f5c00020032000a0068004a
:108930008b8068008301e800e88f5100030032005b
:108940008703d1000683d300efff37000201e80060
:108950008c0f5100e7ff3a000080ea008180ea00b6
:108960004f06be004f05be004f04be000080fa0057
:1089700000000600889fbe008a9fbe000004be0063
:108980000800be00c7ff07006149b90002024400a9
:108990001482fb008002eb0061034100e083490088
:1089a000060344001683fb008003eb00483ddd0016
:1089b000c835de008b0575004835dd0062034100d7
:1089c000e0834900060344001683fb008003eb00ac
:1089d000c033dd00060020000603750087837500a4
:1089e000040373008583730063014100e081490043
:1089f000020144001281fb008001eb00c812dd007f
:108a000004002000040173008581730002016800e6
:108a100083816800028171000200780000f0a700e5
:108a20000000ea000000e9004f00de004f05be0034
:108a30004f04be0000000600889fbe008a9fbe0053
:108a40008c9fbe008e1f780000027800810678009f
:108a50000080eb008080eb000d00e0001e00340081
:108a60000080eb008080eb000006eb000e01200090
:108a70000a3228008bdb2e008c02d0008482420058
:108a8000150378008003eb008e027800610460001b
:108a90008100d1000080d300cfc4de008001eb0054
:108aa00061016300820f5400838f5c00020032007a
:108ab0000a0068008b8068008502e900030032002c
:108ac0008703d1000683d300f0ff37000c06e800cf
:108ad0008d0f5600e8ff3a000080ea008180ea002e
:108ae0004f0778004f06be004f05be004f04be0082
:108af00000000600f6874700889fbe008a9fbe00e0
:108b00008c9fbe008e1f7800f2af9f0042012000b4
:108b10005200980042002000620098006601400068
:108b20000009eb00730020000001eb007faa970012
:108b30000400e00094003400820578000b01780006
:108b4000610eb8008cb79f009db79f000ecdb3009b
:108b5000e60240008b0378000b067800850678005b
:108b60000fb2970084004600914078000ec5400087
:108b7000e94f55000d003600f5cbb30005c24000ab
:108b8000f94f520003003e0096ccb30006c54000ea
:108b900006003700f5c9b30005c24000f94f520086
:108ba00066003e0096cab30006c540000a04e00015
:108bb000500035000a04fb00cfc4de00e54ab900ce
:108bc0006544b8008904420041612d00c1b79f008f
:108bd00014102000d4b79f004fb29700dfb2970067
:108be0000404440085844c000a05fb00cfd5de0058
:108bf00061054500e0854d00e55ab9006555b800ae
:108c00008b05420081027800a5b79f005fb39700f3
:108c1000b6b79f004fb29700dfb29700040545003a
:108c200085854d008cbf9f008d02780091018000ea
:108c3000080678000cf0a4008986d200ecb79f00eb
:108c4000fdb79f000dd0fe001c43780001d0fe0050
:108c50000602fb004240a9001100340087007800a2
:108c60000fbe9700020141000200a0008301e8004e
:108c7000ef8f510006003400950178008306d00084
:108c800090864600820e7800830ae800870178000b
:108c90008100e800848f5000f2ff35008cbf9f00f8
:108ca0000604e0000a003400020141008301e800ec
:108cb000ef8f510006003400950078008101d0004c
:108cc0009081410082097800810ae80087017800dc
:108cd00061044400e0844c008a0f5400d3ff3a0042
:108ce0008b8f5400d1ff3a000fbe970085067800a5
:108cf0001200370001c2b300814f55000f003a0047
:108d0000410020008d027800020141008301e8004b
:108d1000ef8f510006003400950178000302d00067
:108d200010024200020a7800830ae80087017800f6
:108d30008100e900f4ff3a00850678003100200048
:108d40008d027800020141008301e800ef8f51009d
:108d500006003400950178000302d00010024200a2
:108d6000020a7800830ae800870178008100e900a0
:108d7000f4ff3a00850678000c06e8007faa970009
:108d8000840f560076ff3a00410020006602400042
:108d90000003eb00020141008301e800ef8f510066
:108da00006003400940178008302d00090824200d3
:108db000820a7800030ae800860178008100e90051
:108dc000f4ff3a000300e0000c003400ef8f510084
:108dd00004003c00020141008301e800f08f5100d3
:108de000fcff3a00e6004000910178000302d00049
:108df00010024200020a78008308e800b0009000e8
:108e0000c408dd00410098004f0778004f06be00ff
:108e10004f05be004f04be006f01b1000000060008
:108e2000f0874700889fbe008a9fbe008c9fbe00cf
:108e30008e1f7800028651008002eb00e5b79f008c
:108e400016002000850578008b0278008b037800df
:108e50000b0578000304ea00b8b79f00a3b79f0092
:108e60008501d00080814100130478008004eb006c
:108e70008502e800848f5200010035000a03780063
:108e80000200e000380034008c815300f2b79f00ec
:108e90008cbf9f00c8b79f00d9b79f00820678009b
:108ea0000700e00003003a000b04d0000104440076
:108eb0000a0c78000fbc9700870f54001300350090
:108ec000080678004fb49700dfb497008b01d000fc
:108ed00081814100870656008d06e90003003300ba
:108ee0000804440089844c00fbff37009309740098
:108ef000828343008b06e800edb79f00afb1970077
:108f0000878f510021003400170037000b07d00075
:108f1000010747004fb49700dfb4970003067800bd
:108f20000c06e900030033008904d1000884d30053
:108f3000fbff37001e0f74003fb497008703440007
:108f4000878646008b05e8000b04d000010444002e
:108f50000a0c78003fb697008c8141000d00e000bc
:108f6000cfff3c000fbe97000600e000bcff3a00b8
:108f70006fb097004f0778004f06be004f05be0048
:108f80004f04be000f01b10000000600efb59700ce
:108f90008a037800f4ff3700889fbe008a9fbe00d6
:108fa0008c1f7800839ab900cf24de00048244002d
:108fb0008484d1004240a900080034000002eb0084
:108fc000040378008402d00081824200860a78007f
:108fd0000402e800890f5200faff3a000200e000a4
:108fe000210034008002eb000504780005027800bf
:108ff000050378006105b800050078008a83420007
:109000009783fb000608a30007003a004f36de00f6
:10901000060346000600a10001034300c83bdd0033
:10902000168b7300050037004f36de00060346003e
:109030000600a10001034300168b73000402e80040
:10904000830f520002003a000804e8000002780092
:109050008502e800828f52000300320083a3b9002a
:1090600008034300e5ff3700090078004f06780049
:109070004f05be004f04be00000006000002eb00da
:109080000100e00014003400840178006103b8009e
:109090000308a300070032008402d000828242004d
:1090a000068041001080fb00950a70000402e80071
:1090b000060037000400d000020040008682410014
:1090c0009582fb00c82add00050878008301e800ce
:1090d000818f5100eeff3a000100a7000402e80072
:1090e00004007800000006008001eb000100e000b1
:1090f0000f00340003027800840178008302d0005e
:10910000808242000403410095439000074b7800a1
:109110000403410095427800154398000482e8005a
:109120008301e800818f5100f4ff3a008101d000f3
:089130000300780000000600b6
:020000040000fa
:020000040003f7
:10913800ffff0000feff0000000000000500000027
:109148000a0000000c00000007000000fcff0000ff
:10915800f1ff0000e9ff0000ebff0000f7ff00004f
:1091680009000000190000001f000000180000009e
:1091780006000000f3ff0000e7ff0000e7ff000023
:10918800f2ff0000ffff00000600000004000000de
:10919800fcff0000f9ff00000200000016000000bc
:1091a8002c000000330000001e000000f0ff00004b
:1091b800bbff000099ff0000a2ff0000d9ff0000dc
:1091c800290000006f000000880000006600000011
:1091d8001a000000c8ff000097ff00009aff000077
:1091e800c7ff0000fcff0000180000000e00000090
:1091f800f1ff0000e5ff000006000000510000003c
:109208009e000000b40000006a000000caff0000d1
:1092180013ff0000a4fe0000c5fe00007eff000052
:10922800880000006b010000b90100004a0100003d
:10923800530000004cff0000b1fe0000bbfe000020
:1092480049ff0000f2ff00004b0000002d00000065
:10925800d0ff0000a7ff0000120000000c01000072
:1092680013020000650200007001000040ff0000ca
:10927800a7fc0000f3fa000049fb0000fcfd000019
:10928800340200002c060000f20700005d06000012
:10929800be010000ddfb000048f7000028f60000d2
:1092a80037f9000050ff0000e60500001e0a000024
:1092b8001e0a0000e605000050ff000037f9000014
:1092c80028f6000048f70000ddfb0000be010000a2
:1092d8005d060000f20700002c06000034020000c2
:1092e800fcfd000049fb0000f3fa0000a7fc0000a9
:1092f80040ff00007001000065020000130200003a
:109308000c01000012000000a7ff0000d0ff0000c1
:109318002d0000004b000000f2ff000049ff000094
:10932800bbfe0000b1fe00004cff0000530000002f
:109338004a010000b90100006b010000880000002c
:109348007eff0000c5fe0000a4fe000013ff000021
:10935800caff00006a000000b40000009e00000080
:109368005100000006000000e5ff0000f1ff0000ca
:109378000e00000018000000fcff0000c7ff0000fe
:109388009aff000097ff0000c8ff00001a000000c5
:1093980066000000880000006f000000290000003f
:1093a800d9ff0000a2ff000099ff0000bbff0000ea
:1093b800f0ff00001e000000330000002c00000039
:1093c8001600000002000000f9ff0000fcff00008a
:1093d8000400000006000000ffff0000f2ff00008c
:1093e800e7ff0000e7ff0000f3ff000006000000b1
:1093f800180000001f00000019000000090000000c
:10940800f7ff0000ebff0000e9ff0000f1ff00009c
:10941800fcff0000070000000c0000000a0000002c
:109428000500000000000000feff0000ffff000034
:020000040000fa
:020000040003f7
:10943800feff0000090000001100000010000000fd
:1094480006000000f8ff0000edff0000ecff000040
:10945800f5ff0000050000001400000018000000df
:109468000f000000feff0000efff0000e8ff000013
:10947800efff0000feff00000c00000011000000dc
:109488000c00000003000000fdff0000feff0000cc
:109498000300000004000000fcff0000ecff0000d7
:1094a800e2ff0000e9ff0000050000002c000000ba
:1094b800450000003a00000006000000c0ff000060
:1094c8008fff000098ff0000e0ff00004700000049
:1094d800950000009900000047000000c5ff00004b
:1094e80059ff000042ff000091ff00001f0000002c
:1094f8009d000000c6000000860000000400000077
:109508008cff00005eff00008aff0000e7ff0000fc
:10951800370000004c0000002d000000060000008d
:109528000700000034000000610000004c0000004b
:10953800daff000038ff0000d2fe000012ff000032
:10954800090000004f01000024020000e0010000b3
:10955800680000005efe0000e1fc0000f2fc000074
:10956800cbfe0000a0010000f0030000530400003f
:1095780052020000cbfe000094fb000083fa0000ba
:1095880063fc000064000000760400005a06000036
:10959800e6040000ba000000fefb00003ff90000ee
:1095a8000bfa000008fe0000210300009e060000e0
:1095b8009e0600002103000008fe00000bfa0000d0
:1095c8003ff90000fefb0000ba000000e6040000be
:1095d8005a060000760400006400000063fc0000e6
:1095e80083fa000094fb0000cbfe0000520200004a
:1095f80053040000f0030000a0010000cbfe0000af
:10960800f2fc0000e1fc00005efe000068000000c3
:10961800e0010000240200004f01000009000000e2
:1096280012ff0000d2fe000038ff0000daff000041
:109638004c0000006100000034000000070000003a
:10964800060000002d0000004c000000370000005c
:10965800e7ff00008aff00005eff00008cff0000ab
:109668000400000086000000c60000009d00000005
:109678001f00000091ff000042ff000059ff00009a
:10968800c5ff000047000000990000009500000099
:1096980047000000e0ff000098ff00008fff000077
:1096a800c0ff0000060000003a000000450000006e
:1096b8002c00000005000000e9ff0000e2ff0000a8
:1096c800ecff0000fcff00000400000003000000a5
:1096d800feff0000fdff0000030000000c0000007a
:1096e800110000000c000000feff0000efff00006a
:1096f800e8ff0000efff0000feff00000f00000081
:10970800180000001400000005000000f5ff00002c
:10971800ecff0000edff0000f8ff0000060000006d
:10972800100000001100000009000000feff00000a
:020000040000fa
:020000040003f7
:109738003d0000004d0000004a000000000000004d
:1097480043ff00002efe000054fd0000a2fd0000b3
:1097580000000000c8040000630b00004c12000069
:109768008e170000851900008e1700004c120000ab
:10977800630b0000c804000000000000a2fd000008
:1097880054fd00002efe000043ff00000000000012
:109798004a0000004d0000003d000000530000009a
:1097a800560000006d000000390000006fff000047
:1097b80012fe0000c1fc00009cfc0000cdfe000071
:1097c800de030000360b0000151300002519000009
:1097d8006d1b00002519000015130000360b000052
:1097e800de030000cdfe00009cfc0000c1fc000070
:1097f80012fe00006fff0000390000006d0000003d
:1098080056000000530000006b00000061000000db
:1098180092000000780000009eff0000f4fd0000a8
:1098280023fc000081fb000081fd0000e102000034
:10983800070b0000ef130000de1a00007d1d00007a
:10984800de1a0000ef130000070b0000e102000021
:1098580081fd000081fb000023fc0000f4fd0000f6
:109868009eff0000780000009200000061000000e8
:109878006b000000820000006b000000b7000000d1
:10988800b4000000ccff0000d7fd00008afb0000f8
:109898006efa00003efc0000eb010000d80a000050
:1098a800c31400008b1c00007d1f00008b1c0000ef
:1098b800c3140000d80a0000eb0100003efc0000c1
:1098c8006efa00008afb0000d7fd0000ccff000004
:1098d800b4000000b70000006b0000008200000028
:1098e8009800000074000000d9000000ec0000009f
:1098f800f7ff0000bbfd0000fafa00006cf9000059
:1099080010fb000005010000ac0a000089150000ea
:109918001d1e00005e2100001d1e000089150000ac
:10992800ac0a00000501000010fb00006cf9000003
:10993800fafa0000bbfd0000f7ff0000ec00000091
:10994800d90000007400000098000000b600000074
:1099580081000000090100003b0100003300000005
:1099680095fd000031fa000006f800006bf90000d0
:10997800c4ff0000700a00009e1600004c20000082
:10998800fc2300004c2000009e160000700a000016
:10999800c4ff00006bf9000006f8000031fa00006f
:1099a80095fd0000330000003b01000009010000a4
:1099b80081000000b6000000d20000008d00000009
:1099c80035010000820100006900000072fd0000fe
:1099d8007cf90000c2f60000eef70000a2fe0000cd
:1099e800390a000098170000452200005926000097
:1099f8004522000098170000390a0000a2fe000066
:109a0800eef70000c2f600007cf9000072fd0000cd
:109a18006900000082010000350100008d0000008f
:049a2800d200000068
:020000040000fa
:020000040003f7
:109a2c00610000006d000000ceff0000ccfd0000c6
:109a3c0001fc0000cbfe000061090000e0180000f2
:109a4c008c2400008c240000e01800006109000048
:109a5c00cbfe000001fc0000ccfd0000ceff00009e
:109a6c006d00000061000000710000008f0000001c
:109a7c0016000000c2fd000015fb000038fd0000c0
:109a8c00600800009d190000dd260000dd260000a6
:109a9c009d1900006008000038fd000015fb000057
:109aac00c2fd0000160000008f00000071000000d5
:109abc0083000000b20000005e000000b8fd000052
:109acc0026fa0000a1fb00005c0700005e1a0000f3
:109adc0035290000352900005e1a00005c070000e3
:109aec00a1fb000026fa0000b8fd00005e0000009b
:109afc00b20000008300000098000000dd000000b0
:109b0c00b8000000abfd0000fff80000a9f9000050
:109b1c001b0600004b1b00001a2c00001a2c000026
:109b2c004b1b00001b060000a9f90000fff8000009
:109b3c00abfd0000b8000000dd0000009800000044
:109b4c00a90000000001000001010000a1fd0000bf
:109b5c000ff800000ff80000160500000d1c0000a7
:109b6c00752e0000752e00000d1c0000160500005f
:109b7c000ff800000ff80000a1fd0000010100002b
:109b8c0000010000a9000000bf0000002d01000032
:109b9c005e01000093fd0000dcf6000003f60000ff
:109bac00c7030000041d000078310000783100006c
:109bbc00041d0000c703000003f60000dcf60000e3
:109bcc0093fd00005e0100002d010000bf000000ad
:109bdc00d50000005a010000bd01000086fd000008
:109bec00a5f50000eff3000074020000ff1d00005b
:109bfc008634000086340000ff1d00007402000053
:109c0c00eff30000a5f5000086fd0000bd0100008b
:109c1c005a010000d5000000ec0000008901000092
:109c2c001e02000078fd000066f40000cff1000079
:109c3c001a010000ff1e0000a6370000a637000026
:109c4c00ff1e00001a010000cff1000066f40000b6
:109c5c0078fd00001e02000089010000ec000000ed
:109c6c0008010000c10100009402000067fd000023
:109c7c00e1f2000037ef000072ff00003920000015
:109c8c00793b0000793b00003920000072ff000096
:109c9c0037ef0000e1f2000067fd000094020000c5
:109cac00c10100000801000023010000f8010000c0
:109cbc000703000057fd000068f10000b2ec000043
:109ccc00d7fd0000692100002d3f00002d3f000052
:109cdc0069210000d7fd0000b2ec000068f1000023
:109cec0057fd000007030000f801000023010000ed
:020000040000fa
:020000040003f7
:109cfc004006000040060000400600004006000040
:109d0c00400600004006000040060000400600002f
:109d1c00400600004006000040060000400600001f
:109d2c00400600004006000040060000400600000f
:109d3c0040060000400600004006000040060000ff
:109d4c0040060000400600004006000040060000ef
:109d5c0040060000410600004106000042060000db
:109d6c004406000046060000490600004e060000ae
:109d7c00550600005d060000680600007506000030
:109d8c008406000093060000a4060000b50600003f
:109d9c00c4060000d3060000e0060000ea0600003e
:109dac00f2060000f8060000fb060000fc060000ae
:109dbc00fb060000f8060000f2060000ea060000b0
:109dcc00e0060000d30600008406000093060000a5
:109ddc00a4060000b5060000c5060000d30600006e
:109dec00e0060000eb060000f3060000fa06000097
:109dfc00ff06000002070000040700000607000031
:109e0c00070700000707000008070000080700000c
:109e1c00c4060000b5060000a4060000930600006e
:109e2c008306000075060000680600005d06000051
:109e3c00550600004e0600004906000046060000cc
:109e4c0044060000420600004106000041060000e6
:109e5c004006000040060000c4060000b5060000e5
:109e6c00a40600009306000084060000750600009e
:109e7c00680600005e060000560600005006000052
:109e8c004d0600004c0600004d0600005006000078
:109e9c00560600005e06000068060000750600000d
:109eac00080700000807000008070000080700006a
:109ebc00080700000807000008070000070700005b
:109ecc000707000006070000040700000207000057
:109edc00ff060000fa060000f3060000eb06000087
:109eec00e0060000d3060000080700000807000089
:109efc00080700000807000008070000080700001a
:109f0c000807000008070000080700000807000009
:109f1c0008070000080700000807000008070000f9
:109f2c0008070000080700000807000008070000e9
:020000040000fa
:020000040003f7
:109f3c000280000001800000018000000180000010
:109f4c000180000001800000018000000180000001
:109f5c0001800000018000000180000001800000f1
:109f6c0001800000018000000180000001800000e1
:109f7c0001800000018000000280000001800000d0
:109f8c0001800000018000000280000006800000bb
:109f9c000e8000002380000052800000b68000007c
:109fac007f810000f982000096850000eb8900009b
:109fbc00aa900000889a000011a8000081b9000046
:109fcc0097ce000083e60000000000007d19000021
:109fdc00683100007a460000e15700005665000029
:109fec00056f000060750000ec7800000f7a00002f
:109ffc00ec78000060750000056f000056650000ed
:10a00c00e15700007a46000097ce000083e600007e
:10a01c00000000007d1900006a3100007f4600003e
:10a02c00ef57000078650000566f000015760000b1
:10a03c006a7a0000077d0000817e00004a7f0000e4
:10a04c00ae7f0000dd7f0000f27f0000fa7f000091
:10a05c00693100007d1900000000000083e600005b
:10a06c0096ce000081b9000011a80000889a00006b
:10a07c00aa900000eb89000096850000f982000090
:10a08c007f810000b6800000528000002380000019
:10a09c000e80000006800000693100007d19000070
:10a0ac000000000083e6000098ce000086b9000096
:10a0bc001fa80000aa9a0000fb900000a08a0000d4
:10a0cc0014870000f185000014870000a08a0000ae
:10a0dc00fb900000aa9a00001fa8000086b900009f
:10a0ec00fe7f0000ff7f0000ff7f0000ff7f00006d
:10a0fc00fe7f0000fa7f0000f27f0000dd7f000091
:10a10c00ae7f00004a7f0000817e0000077d0000ca
:10a11c006a7a000015760000566f00007865000022
:10a12c00ef5700007f460000fe7f0000ff7f00001d
:10a13c00ff7f0000ff7f0000ff7f0000ff7f00001b
:10a14c00ff7f0000ff7f0000ff7f0000ff7f00000b
:10a15c00ff7f0000ff7f0000ff7f0000ff7f0000fb
:10a16c00ff7f0000ff7f0000ff7f0000ff7f0000eb
:020000040000fa
:020000040003f7
:10a17c0000000000000000000000000003000000d0
:10a18c0000000000050000000e00000007000000a9
:10a19c0000000000090000000e0000000b00000091
:10a1ac000e0000000d0000000e0000000e0000006c
:10a1bc00000000000300000003000000030000008a
:10a1cc00040000000d000000060000000300000069
:10a1dc00080000000d0000000a0000000300000051
:10a1ec000d0000000d0000000e0000000d0000002e
:10a1fc000000000005000000020000000b00000041
:10a20c00050000000500000006000000050000002d
:10a21c00080000000b0000000b0000000b00000009
:10a22c000c000000050000000e0000000b000000f8
:10a23c000800000001000000060000000300000000
:10a24c0006000000050000000600000006000000eb
:10a25c000800000008000000080000000b000000cf
:10a26c00080000000d000000060000000f000000b8
:10a27c0000000000090000000200000007000000c0
:10a28c0004000000070000000700000007000000a9
:10a29c0009000000090000000a000000090000008d
:10a2ac000c000000090000000e0000000700000078
:10a2bc0004000000010000000a0000000300000080
:10a2cc00040000000400000004000000070000006f
:10a2dc000a000000090000000a0000000a0000004b
:10a2ec00040000000d0000000a0000000f00000038
:10a2fc00020000000100000002000000020000004b
:10a30c000c00000005000000020000000700000027
:10a31c000c00000009000000020000000b0000000f
:10a32c000c0000000c0000000c0000000f000000ee
:10a33c00010000000100000002000000010000000c
:10a34c000400000001000000060000000f000000e7
:10a35c0008000000010000000a0000000f000000cf
:10a36c000c0000000f0000000f0000000f000000a8
:020000040000fa
:020000040003f7
:10a37c0000000000010000000100000001000000ce
:10a38c0001000000010000000100000001000000bd
:10a39c0001000000010000000100000001000000ad
:10a3ac00010000000100000000000000010000009e
:10a3bc00010000000100000001000000000000008e
:10a3cc00010000000100000001000000010000007d
:10a3dc00010000000100000001000000010000006d
:10a3ec00010000000000000001000000010000005e
:10a3fc00010000000100000001000000010000004d
:10a40c00010000000000000001000000010000003d
:10a41c00010000000100000001000000000000002d
:10a42c00010000000100000001000000010000001c
:10a43c00010000000100000001000000010000000c
:10a44c0001000000010000000000000001000000fd
:10a45c0000000000010000000100000001000000ed
:10a46c0001000000010000000100000001000000dc
:10a47c0001000000010000000100000001000000cc
:10a48c0001000000010000000100000000000000bd
:10a49c0001000000000000000100000001000000ad
:10a4ac00010000000100000001000000010000009c
:10a4bc00010000000100000001000000010000008c
:10a4cc00000000000100000001000000010000007d
:10a4dc00010000000100000000000000010000006d
:10a4ec00010000000100000001000000010000005c
:10a4fc00010000000100000000000000010000004d
:10a50c00010000000100000001000000010000003b
:10a51c00010000000100000001000000010000002b
:10a52c00000000000100000001000000010000001c
:10a53c00010000000000000001000000010000000c
:10a54c0001000000010000000100000001000000fb
:10a55c0001000000010000000100000001000000eb
:10a56c0001000000010000000100000000000000dc
:020000040000fa
:020000040003f7
:10a57c00889fbe008a9fbe00100c9000800890003f
:10a58c000104440010017800900190000204440082
:10a59c00e08449000888be00e10f4400e08f5c00b5
:10a5ac000f0034000801be0006002000f7ff2f004a
:10a5bc00f4ff2f00050020000201430083814b00b3
:10a5cc00840f5100858f5900fbff3c00e18454003f
:10a5dc006011b8008901ea000218440003904c0095
:10a5ec001004780090049000e00f5400e08f5c00a1
:10a5fc0011003d000801be000400200015002000e1
:10a60c000201420083814a00fdff330060014400d7
:10a61c00e1814c000884ea008984ea00404cde00a9
:10a62c0009002000c044dd000800200002044400a2
:10a63c0083844c000888be000a0024000b00200014
:10a64c000805450089854d003a0098004b0098009c
:10a65c00e10f4500e08f5d00150034000a01be00db
:10a66c0006002000f7ff2f00f4ff2f00050020004c
:10a67c000201430083814b00840f5100858f5900e8
:10a68c00fbff3c00e185550004002400f5ff2f0082
:10a69c000802420089824a006011b8008501ea0074
:10a6ac000a0541008b8549003a0098004b00980040
:10a6bc00c848dd004841de0002817000c8c9de00d8
:10a6cc00020241008382490082fb2b001310200000
:10a6dc0004024100858249009101800004f0a4002d
:10a6ec008582d20005d0fe001402780001d0fe0055
:10a6fc0024009800c858dd004852de000482700027
:10a70c00c8dade000402420085824a0004014100de
:10a71c00858149009101800002f0a4008381d20060
:10a72c0003d0fe001201780001d0fe005200980008
:0ca73c004f05be004f04be0000000600e8
:020000040000fa
:020000040003f7
:10a74800f3ff0000fbff000002000000050000000e
:10a7580001000000f8ff0000e9ff0000daff000038
:10a76800d0ff0000cdff0000d5ff0000e5ff00008e
:10a77800f7ff000002000000feff0000e6ff0000f7
:10a78800bdff00008fff000069ff00005cff0000b4
:10a798006dff000099ff0000d0ff0000f9ff0000e6
:10a7a800fdff0000ceff000072ff000001ff000067
:10a7b800a0fe000074fe000094fe0000fbfe0000f6
:10a7c80086ff0000000000002f000000eeff0000e0
:10a7d80040ff000051fe00006ffd0000f2fc000089
:10a7e80018fd0000eafd000031ff00007d000000b8
:10a7f800460100001f010000deff0000bdfd000053
:10a8080059fb00008df9000039f90000fcfa00003e
:10a81800f7fe0000b8040000420b00004b110000d6
:10a828008b150000131700008b1500004b1100005a
:10a83800420b0000b8040000f7fe0000fcfa00001c
:10a8480039f900008df9000059fb0000bdfd00003a
:10a85800deff00001f010000460100007d0000002f
:10a8680031ff0000eafd000018fd0000f2fc0000c6
:10a878006ffd000051fe000040ff0000eeff0000e9
:10a888002f0000000000000086ff0000fbfe000013
:10a8980094fe000074fe0000a0fe000001ff00000e
:10a8a80072ff0000ceff0000fdff0000f9ff00006e
:10a8b800d0ff000099ff00006dff00005cff000062
:10a8c80069ff00008fff0000bdff0000e6ff0000e9
:10a8d800feff000002000000f7ff0000e5ff000097
:10a8e800d5ff0000cdff0000d0ff0000daff000018
:10a8f800e9ff0000f8ff000001000000050000006b
:0ca9080002000000fbff0000f3ff000055
:020000040000fa
:020000040003f7
:10a9140000037800007020004628b700102bef00d9
:10a9240065902000e558880025002000955888008f
:10a934000402e900f4588800162bef001a2bef00ec
:10a94400a6588800c1588800202bef0040902000b2
:10a95400605988001559880074598800262bef0027
:10a964002a2bef0022598800435988000308a900c4
:10a974002308a90020002a00005988008058880074
:10a9840001c8a90021c8a80000000600889fbe00d5
:10a994008a1f78000284d1002400200015002000c2
:10a9a400840f5100040034008502e80004024200d0
:10a9b400840f5100fcff3c0042a1de00f28412002f
:10a9c40043a2de00020154004295de000300e000d1
:10a9d4000f0032000001eb00040545006113b900cb
:10a9e4000603430087834b0006024000940278006c
:10a9f40089aade0085024500050a5400068340004a
:10aa0400088b42000201e800828f5100f3ff3e00f0
:10aa14004f0578004f04be0000000600889fbe006a
:10aa24000004be000029ef000229ef0000c021004d
:10aa34000029b7000629ef00130020000801780060
:10aa44004190200060902000d0ff070000fe2f00fe
:10aa54000209b600c000b300104888000900e000f5
:10aa640002003a000389a900010037000389a80005
:10aa7400700020000029b7000621ef001021ef002c
:10aa84000804e9006808880011a1a80010c1a90001
:10aa94001021a900f0fc2f001021b60011e1a8003c
:10aaa40000e8a90020e8a9004f04be000000060049
:020000040000fa
:020000040003f7
:10aab400f0ff0000d3ff0000b6ff0000a3ff00007a
:10aac4009fff0000acff0000c6ff0000e7ff00008e
:10aad400030000000d00000000000000dcff000087
:10aae400acff000080ff00006fff00008aff000041
:10aaf400d9ff000055000000e800000073010000c9
:10ab0400d0010000e6010000a901000026010000b8
:10ab140080000000e9ff000090ff000096ff0000a5
:10ab240000000000ad0000005c010000bc0100005a
:10ab34008001000076000000a1fe00003bfc000044
:10ab4400b5f90000a1f7000093f60000fcf6000040
:10ab540008f9000093fc000020010000f505000046
:10ab6400390a0000270d0000310e0000270d0000f7
:10ab7400390a0000f50500002001000093fc0000e4
:10ab840008f90000fcf6000093f60000a1f70000ad
:10ab9400b5f900003bfc0000a1fe000076000000b7
:10aba40080010000bc0100005c010000ad00000059
:10abb4000000000096ff000090ff0000e9ff000085
:10abc4008000000026010000a9010000e601000049
:10abd400d001000073010000e800000055000000ef
:10abe400d9ff00008aff00006fff000080ff000013
:10abf400acff0000dcff0000000000000d000000be
:10ac040003000000e7ff0000c6ff0000acff0000e7
:10ac14009fff0000a3ff0000b6ff0000d3ff000069
:04ac2400f0ff00003d
:020000040000fa
:020000040003f7
:10ac28000303000003030000030100000303000006
:10ac380003030000010100000303000003010000fa
:10ac480001010000030300000101000001010000f0
:10ac580003010000010100000101000003030000de
:10ac680003030000010300000303000001010000ca
:10ac780003030000010100000103000001010000be
:10ac880001010000010300000000000000030000b3
:10ac980001010000010000000301000003010000a1
:10aca8000003000001010000000000000100000096
:10acb8000000000000010000010300000100000086
:10acc8000303000001000000000100000101000072
:10acd8000100000001010000000000000001000068
:10ace800030300000300000003010000030000004c
:10acf8000001000003010000010000000303000040
:10ad08000000000000030000010000000000000037
:10ad1800030300000300000000010000030300001b
:10ad2800010000000303000001030000000100000f
:10ad38000301000000000000010100000100000004
:10ad480000030000000000000000000001010000f6
:10ad580003000000000100000101000003000000e2
:10ad680001030000030000000003000001010000cf
:10ad780003000000030100000303000000030000bb
:08ad88000301000001000000be
:020000040000fa
:020000040003f7
:10ad90000202be0000004000818048006011b8003f
:10ada0006033b800f4070200000000000008a300b0
:10adb0000400320062004000e08048006001490069
:10adc000e08149008301d1000281d3008180d3005a
:10add0000080d300000006008002780001037800a4
:10ade000110009008602d800000178008692b9009f
:10adf000848f5200010034000201e8000200780054
:10ae000000000600800278000103780011000900ac
:10ae10008602d800000178008692b900848f520023
:10ae2000010034000201e800020078000000060082
:10ae30000080fb008000eb004240a9000e003400bf
:10ae40006101b900020141008381490080db2b00d0
:10ae50001110200002004000838048009201800011
:10ae600000f0a4008180d20001d0fe001000780024
:10ae700002d0fe008000780001007800000006008b
:10ae8000889fbe00480620008884b900cfc4de0039
:10ae90004788de00e6ff0700cf80de0008044000a0
:10aea00089844800a125200081c9b9000140b8006b
:10aeb0008100410042062000030020006e060200cf
:10aec000000000004f04be0000000600889fbe0086
:10aed0008a9fbe00170020000200e0000e00340030
:10aee0008001eb006105b800610cb8000300780038
:10aef000611ab9000a0342000802420016437800b2
:10af0000944f530001003200800378008301e80071
:10af1000828f5100f6ff3a00070078004f05be000f
:10af20004f04be00000006000001eb000100e0003d
:10af30000c00340003c2b30090cf110009003200ae
:10af40006103b80003427800030037008601410026
:10af5000934f1200030032000201e800828f50007c
:10af6000faff3c0002007800000006000002eb003f
:10af70000100e0000b003400040178006103b80018
:10af800005cdb3008601410093c14200e9cf5100d5
:10af900001003e000402e8000201e800810f5100b8
:10afa000f8ff3a000400780000000600889fbe0009
:10afb0000002eb000100e0000c0034000401780006
:10afc0006104b800f6cdb300e5c5b30088014100c7
:10afd0009341430085cf510001003e000402e80088
:10afe0000201e800810f5100f8ff3a0004007800e8
:08aff0004f04be000000060042
:020000040000fa
:020000040003f7
:10aff800200000001600000007000000f5ff000018
:10b00800e3ff0000d5ff0000ccff0000ccff0000ec
:10b01800d6ff0000e9ff0000020000001e0000004b
:10b02800380000004b000000500000004300000002
:10b0380022000000eeff0000a9ff00005cff0000f6
:10b0480011ff0000d3fe0000b1fe0000b8fe0000b2
:10b05800f4fe00006eff000028000000220100003e
:10b0680053020000ad0300001f0500009106000018
:10b07800eb07000016090000fd0900008f0a000018
:10b08800c10a00008f0a0000fd090000160900002f
:10b09800eb070000910600001f050000ad0300004b
:10b0a8005302000022010000280000006eff00008b
:10b0b800f4fe0000b8fe0000b1fe0000d3fe000060
:10b0c80011ff00005cff0000a9ff0000eeff000078
:10b0d8002200000043000000500000004b00000068
:10b0e800380000001e00000002000000e9ff000018
:10b0f800d6ff0000ccff0000ccff0000d5ff000009
:10b10800e3ff0000f5ff0000070000001600000044
:04b118002000000013
:020000040000fa
:020000040003f7
:10b11c000000000036000000ad11000036000000f9
:10b12c000000000065000000981100001b000000ea
:10b13c0000000000b3000000581100000d000000da
:10b14c00000000002e010000e510000006000000c9
:10b15c0000000000e00100003610000002000000ba
:10b16c0000000000d5020000430f000001000000a9
:10b17c000000000011040000080e00000000000098
:10b18c00000000008e0500008a0c0000000000008a
:10b19c00000000003f070000d90a0000000000007a
:10b1ac00000000000c0900000c0900000000000069
:10b1bc0000000000d90a00003f070000000000005a
:10b1cc00000000008a0c00008e050000000000004a
:10b1dc0000000000080e0000110400000000000038
:10b1ec0001000000430f0000d50200000000000029
:10b1fc000200000036100000e0010000000000001a
:10b20c0006000000e51000002e0100000000000008
:10b21c000d00000058110000b300000000000000f9
:10b22c001b000000981100006500000000000000e9
:020000040000fa
:020000040003f7
:10b23c00000000000100000068290000010000006f
:10b24c00000000002e00000049290000f3ff000060
:10b25c000000000097000000e0280000f3ff000051
:10b26c00000000006301000010280000f7ff000040
:10b27c0000000000c0020000b0260000faff000031
:10b28c0000000000d804000095240000fdff000021
:10b29c0000000000c5070000a6210000ffff000011
:10b2ac0000000000850b0000e61d0000ffff000001
:10b2bc0000000000ed0f00007d19000000000000f0
:10b2cc0000000000b5140000b514000000000000e0
:10b2dc00000000007d190000ed0f000000000000d0
:10b2ec00ffff0000e61d0000850b000000000000c1
:10b2fc00ffff0000a6210000c507000000000000b1
:10b30c00fdff000095240000d804000000000000a0
:10b31c00faff0000b0260000c00200000000000090
:10b32c00f7ff00001028000063010000000000007f
:10b33c00f3ff0000e0280000970000000000000070
:10b34c00f3ff0000492900002e000000000000005f
:020000040000fa
:020000040003f7
:10b35c0001800000018000000180000001800000dd
:10b36c0001800000018000000180000001800000cd
:10b37c0001800000018000000280000006800000b7
:10b38c0020800000aa800000d68200009e89000068
:10b39c00119a000009b900004fe60000b019000036
:10b3ac00f2460000d0650000b9750000557a000027
:10b3bc00b9750000d0650000f24600004fe60000b1
:10b3cc00b1190000f7460000ef650000627600003e
:10b3dc002a7d0000567f0000e07f0000fa7f00000d
:10b3ec00b11900004fe6000009b90000119a0000e5
:10b3fc009e890000d6820000aa80000020800000f8
:10b40c0006800000b119000050e600000eb90000e3
:10b41c00309a0000478a0000ab850000478a000084
:10b42c00309a00000eb90000ff7f0000fe7f000084
:10b43c00fa7f0000e07f0000567f00002a7d0000ac
:10b44c0062760000ef650000f7460000ff7f000009
:10b45c00ff7f0000ff7f0000ff7f0000ff7f0000e8
:10b46c00ff7f0000ff7f0000ff7f0000ff7f0000d8
:020000040000fa
:020000040003f7
:10b47c0001000000050000000b000000100000009f
:10b48c001000000007000000f5ff0000e1ff0000c5
:10b49c00d2ff0000cbff0000d1ff0000e2ff000054
:10b4ac00feff00001f0000003d0000004f000000e8
:10b4bc004e0000003400000002000000beff00003f
:10b4cc0074ff000034ff000015ff00002cff00008b
:10b4dc008bff00003f0000004c010000a8020000a0
:10b4ec0042040000fb050000b00700003a09000010
:10b4fc00730a00003d0b0000820b00003d0b0000a6
:10b50c00730a00003a090000b0070000fb050000b8
:10b51c0042040000a80200004c0100003f000000a3
:10b52c008bff00002cff000015ff000034ff000013
:10b53c0074ff0000beff0000020000003400000099
:10b54c004e0000004f0000003d0000001f000000f6
:10b55c00feff0000e2ff0000d1ff0000cbff000067
:10b56c00d2ff0000e1ff0000f5ff00000700000023
:10b57c0010000000100000000b000000050000008f
:04b58c0001000000ba
:020000040000fa
:020000040003f7
:10b59000889fbe000003eb000200e00017003400ab
:10b5a0008601780003037800f80f200007ff2400cd
:10b5b000611ab9000402420085824a008484400076
:10b5c000040240009904780014826c008802620032
:10b5d0008502d000878242004822de000402d000ab
:10b5e00007024200950278001482420004034300df
:10b5f0008301e800828f5100edff3a0006007800d9
:10b600004f04be0000000600889fbe008a1f78001d
:10b610000003eb000200e000110034008601780016
:10b6200003037800610cb8008000eb0007ff2400e2
:10b63000611ab90008054200000242001a4578006c
:10b6400014426d000482fb000402d0000702420095
:10b65000140343008301e800828f5100f4ff3a0095
:10b66000060078004f0578004f04be000000060079
:10b6700000017800f20fb2000201d00001ff2400a7
:10b68000010141004800de000000d00081004000c0
:0cb69000120178001100410000000600cb
:020000040000fa
:020000040003f7
:10b69c008a000000b1000000a5000000610000005d
:10b6ac00ebff00005cff0000d6fe000081fe0000f6
:10b6bc0080fe0000e8fe0000b7ff0000d400000090
:10b6cc000a02000014030000aa0300008a03000011
:10b6dc0090020000be00000046fe000089fb000046
:10b6ec000cf9000067f700002ef70000d5f80000f9
:10b6fc009bfc000078020000140a0000d21200002b
:10b70c00da1b00003a240000042b0000702f00000c
:10b71c00f9300000702f0000042b00003a240000c8
:10b72c00da1b0000d2120000140a0000780200009c
:10b73c009bfc0000d5f800002ef7000067f7000016
:10b74c000cf9000089fb000046fe0000be00000062
:10b75c00900200008a030000aa03000014030000fa
:10b76c000a020000d4000000b7ff0000e8fe000051
:10b77c0080fe000081fe0000d6fe00005cff000091
:10b78c00ebff000061000000a5000000b10000000c
:04b79c008a0000001f
:020000040000fa
:020000040003f7
:10b7a000c028ef004427ef0061042000313a8800f0
:10b7b000e40f500010003a0000aeef00e0b32800a4
:10b7c00080708800042eef0000042000a070880024
:10b7d00010002000707088001e2eef000c2eef006d
:10b7e000e0812800e070880000012000507088008f
:10b7f0001a2eef000f00370000aeef00e0b2280075
:10b8000080708800042eef0000052000a0708800e2
:10b8100010002000707088001e2eef000c2eef002c
:10b82000e0802800e070880000012000507088004f
:10b830001a2eef0000fc2f002234800082006000ee
:10b840000100a000213488000234800082006000e2
:10b850003100b3000134880001f82f002236800047
:10b86000828060005102b300213688008806b6004d
:10b870000040a00040348800f08f2f004e08b60032
:10b880000080a00070428800f0ff28004408b60045
:10b8900000c0a0002042880000000600889fbe0073
:10b8a0000004be00e00f5000e08f58001900320085
:10b8b0001e21ef002021ef001821ef001421ef00de
:10b8c000823e20000300200000002800413f2000ad
:10b8d000c8d60200010000008889b90080cab900fa
:10b8e000040141000800b80081004100d008880030
:10b8f000e10888000388a9001e61a8001fe1a800d4
:10b90000010021001240800002806000fdff320033
:10b910001e21ef004f04be0000000600889fbe00fd
:10b920000004be001e21ef002021ef001621ef00d1
:10b930001421ef0002242400f3002000000028005e
:10b94000413f2000c8d60200010000008889b900ec
:10b9500080cab900040141000800b800810041001c
:10b96000d0088800e10888000388a9001e61a800ab
:10b970001fe1a80001002100124080000280600049
:10b98000fdff32001e21ef004f04be000000060044
:020000040000fa
:020000040003f7
:10b99000fdff0000f7ff0000efff0000e5ff0000e3
:10b9a000d8ff0000c8ff0000b6ff0000a3ff0000a2
:10b9b00090ff000080ff000077ff000078ff00008c
:10b9c00087ff0000a8ff0000ddff00002900000045
:10b9d0008f0000000e010000a501000051020000d0
:10b9e0000f030000d9030000a90400007605000041
:10b9f0003a060000eb06000084070000fc07000088
:10ba0000500800007b0800007b0800005008000080
:10ba1000fc07000084070000eb0600003a06000067
:10ba200076050000a9040000d90300000f03000000
:10ba300051020000a50100000e0100008f0000006f
:10ba400029000000ddff0000a8ff000087ff0000c4
:10ba500078ff000077ff000080ff000090ff0000eb
:10ba6000a3ff0000b6ff0000c8ff0000d8ff0000e1
:10ba7000e5ff0000efff0000f7ff0000fdff000002
:020000040000fa
:020000040003f7
:10ba8000deff0000caff0000b9ff0000b2ff0000a7
:10ba9000bbff0000d4ff0000f3ff00000100000026
:10baa000e4ff00008bff0000fffe00006afe0000c4
:10bab0000bfe00001efe0000b4fe00009fff000011
:10bac00071000000a1000000c7ff0000defd0000c3
:10bad00065fb00004ff90000bff800009efa00006f
:10bae00030ff0000e1050000520d0000b913000016
:10baf0006b1700006b170000b9130000520d000017
:10bb0000e105000030ff00009efa0000bff80000d1
:10bb10004ff9000065fb0000defd0000c7ff0000dc
:10bb2000a1000000710000009fff0000b4fe0000b3
:10bb30001efe00000bfe00006afe0000fffe00007b
:10bb40008bff0000e4ff000001000000f3ff000095
:10bb5000d4ff0000bbff0000b2ff0000b9ff0000ef
:08bb6000caff0000deff000037
:020000040000fa
:020000040003f7
:10bb68002023ef0021a3a8002183a8002143a800d7
:10bb7800f0cf2f002003b6000080a0000019880035
:10bb8800f0f12f002003b6000070a0000019880013
:10bb98002083a9002043a8002223ef002423ef00dc
:10bba80025e3a80000f021002423b7003223ef008a
:10bbb8003303a8002623ef002823ef002e23ef00ed
:10bbc8003023ef000e0ea80021e3a80000000600b5
:10bbd800002bef002023ef000000060083ff2f005a
:10bbe80014428000848161006300b300134288001e
:10bbf800002bef000330200063588800d30020009a
:10bc0800135888000201e90072588800062bef00db
:10bc1800205888000a2bef00415888000088a900a6
:10bc28002088a800c0ff2f00000bb6000010a0005d
:0cbc38000058880001eba8000000060086
:020000040000fa
:020000040003f7
:10bc440078000000c1ff0000fcfe0000f3fe0000cd
:10bc5400f5ff000057010000b70100000e000000ce
:10bc6400e5fc0000cffa00006bfd00005407000063
:10bc740015180000812b0000203b00001d4100002e
:10bc8400203b0000812b0000151800005407000021
:10bc94006bfd0000cffa0000e5fc00000e00000080
:10bca400b701000057010000f5ff0000f3fe00009b
:0cbcb400fcfe0000c1ff00007800000052
:020000040000fa
:020000040003f7
:10bcc0001f00000041000000640000006a00000046
:10bcd0001f0000005cff00003bfe00003cfd000078
:10bce0002bfd0000ddfe0000c20200008f080000f6
:10bcf0002c0f0000fb140000611800006118000008
:10bd0000fb1400002c0f00008f080000c20200008e
:10bd1000ddfe00002bfd00003cfd00003bfe0000ae
:10bd20005cff00001f0000006a00000064000000cb
:08bd3000410000001f000000ab
:020000040000fa
:020000040003f7
:10bd3800000000007f1900004a0f0000fdff00000e
:10bd480013220000b8060000f3ff000016270000c9
:10bd5800c0010000d6ff000004290000efff00002a
:10bd6800b0ff000068290000b0ff0000efff0000ee
:10bd780004290000d6ff0000c001000016270000bb
:10bd8800f3ff0000b806000013220000fdff0000ca
:0cbd98004a0f00007f19000000000000ae
:020000040000fa
:020000040003f7
:10bda40042010000b0010000a5020000cc03000025
:10bdb400140500006b060000b6070000dc08000054
:10bdc400c3090000570a0000890a0000570a00004e
:10bdd400c3090000dc080000b60700006b06000081
:10bde40014050000cc030000a5020000b00100000f
:04bdf4004201000008
:020000040000fa
:020000040003f7
:10bdf80010270000f220000082100000e7fa00007f
:10be0800e4e60000bfda000045da00009ce5000027
:10be180038f90000f30e000000200000062700009b
:10be2800d42100000912000098fc000038e8000046
:08be38004bdb0000ddd9000026
:020000040000fa
:020000040003f7
:10be400000000000fd14000067230000ba26000077
:10be5000ec1d0000bf0b0000e4f5000033e3000020
:10be600088d90000e9db000098e900004cfe0000e2
:10be700088130000a6220000ea260000fe1e000033
:08be80005c0d00008cf70000ce
:020000040000fa
:020000040003f7
:10be880010270000c8170000e4f50000e9db0000f7
:10be98002cde0000e7fa00009f1b0000ba26000015
:10bea800881300000df1000045da000002e10000ef
:10beb80000000000fe1e0000bb250000f30e00007d
:08bec80078ec000046d90000ef
:020000040000fa
:020000040003f7
:10bed00000000000fe1e0000bb250000f30e000065
:10bee00078ec000046d9000061e40000190500006c
:10bef000d4210000172400001c0a000038e80000cc
:10bf0000f0d8000038e800001c0a000017240000e8
:08bf1000d42100001905000016
:020000040000fa
:020000040003f7
:10bf18009afe0000b7fd00009efd0000c1ff000072
:10bf2800e7040000a10c000024150000d01b00004d
:10bf3800581e0000d01b000024150000a10c0000b2
:10bf4800e7040000c1ff00009efd0000b7fd0000ef
:04bf58009afe00004d
:020000040000fa
:020000040003f7
:10bf5c0003000000010000000200000000000000cf
:10bf6c0002000000030000000000000001000000bf
:10bf7c0001000000000000000300000002000000af
:10bf8c00000000000200000001000000030000009f
:020000040000fa
:020000040003f7
:10bf9c000000000041000000b00000004000000064
:10bfac00a3000000f100000002000000930000005c
:10bfbc009100000092000000a0000000a200000010
:10bfcc00310000002200000023000000f3000000fc
:020000040000fa
:020000040003f7
:10bfdc000100000001000000000000000000000053
:10bfec000100000000000000010000000000000043
:10bffc000000000001000000000000000100000033
:10c00c000000000000000000010000000100000022
:020000040000fa
:020000040003f7
:10c01c000100000000000000010000000000000012
:10c02c000000000000000000010000000100000002
:10c03c0001000000010000000000000000000000f2
:10c04c0000000000010000000000000001000000e2
:020000040000fa
:020000040003f7
:10c05c001821ef002021ef000000e900e008880023
:10c06c0021a1a80020c1a9002021a900f0fc2f00cb
:10c07c002021b60021e1a8000388a9002388a9008b
:04c08c0000000600aa
:020000040000fa
:020000040003f7
:10c0900010270000ec1d0000c806000078ec00002e
:10c0a0004bdb00004bdb000078ec0000c806000012
:10c0b000ec1d000010270000ec1d0000c806000069
:020000040000fa
:020000040003f7
:10c0c000000000001c19000078260000d4210000a8
:10c0d0005c0d0000a4f200002cde000088d90000f6
:10c0e000e4e60000000000001c19000078260000b3
:020000040000fa
:020000040003f7
:10c0f000102700009f1b00000000000061e400000a
:10c10000f0d8000061e40000000000009f1b000068
:10c11000102700009f1b00000000000061e40000e9
:020000040000fa
:020000040003f7
:10c12000000000009f1b0000102700009f1b000064
:10c130000000000061e40000f0d8000061e40000ad
:10c14000000000009f1b0000102700009f1b000044
:020000040000fa
:020000040003f7
:10c150000071000062130000542500003647000003
:10c16000384900005a2b00006c1d00000e7f0000b3
:020000040000fa
:020000040003f7
:10c1700000000000267e0000ba2a00005390000054
:10c1800073af000065540000226d000092d00000e3
:020000040000fa
:020000040003f7
:10c19000ff7f0000ad1500005887000075c100004a
:10c1a000796300003c6000001fbd00001e89000094
:020000040000fa
:020000040003f7
:10c1b00000000000e67f00000b0a0000e4800000a1
:10c1c000faeb0000897d0000e11d0000cf84000033
:020000040000fa
:020000040003f7
:10c1d000ff7f00000605000066800000f5f000000b
:10c1e0006c7e0000f91800008a83000042dd000028
:020000040000fa
:020000040003f7
:10c1f00000000000d47e000035220000668a0000a6
:10c2000014be0000d2630000d85c000038b5000006
:020000040000fa
:020000040003f7
:10c21000ff7f000043110000a984000079cd0000d9
:10c22000b76d00001e500000e5a700001f98000039
:020000040000fa
:020000040003f7
:10c2300000000000ff7f00001e01000004800000dd
:10c24000c4fd0000f77f00005a03000010800000ca
:020000040000fa
:020000040003f7
:10c25000ff7f00008f0000000280000053fe0000fe
:10c26000fa7f0000cb0200000c80000017fc0000e9
:020000040000fa
:020000040003f7
:10c270002108a900003190009031900062289800b8
:0cc28000732898002108a80000000600a8
:020000040000fa
:020000040003f7
:10c28c00030000000200000001000000000000009c
:020000040000fa
:020000040003f7
:10c29c000000000001000000000000000000000091
:020000040000fa
:020000040003f7
:10c2ac00020000000300000000000000000000007d
:020000040000fa
:020000040003f7
:10c2bc000700000007000000000000000000000064
:020000040000fa
:020000040003f7
:10c2cc000100000003000000ffff0000fdff000064
:020000040000fa
:02000004000af0
:108800002f08b000889fbe008a9fbe008c9fbe00cc
:108810008e1f7800c3e8a9002168a9002188a9005b
:108820000168a9000188a900c028ef004427ef00d3
:1088300060042000303a880000aeef00e0b228006b
:1088400080708800042eef0000052000a0708800d2
:1088500010002000707088001e2eef000c2eef001c
:108860001c2eef000a2eef001a2eef0000fc2f0046
:1088700022348000820060000100a00021348800c2
:1088800001f82f0023368000838060005102b3007e
:108890002136880004348000840060003100b30079
:1088a000013488008806b6000040a00040348800eb
:1088b0000a2ea8001a2ea8002022ef00f011200096
:1088c000401188008000280000118800005120001d
:1088d00010118800800409000000000015aea800f7
:1088e00014eea800158ea80015cea80000002200e6
:1088f0000100200002002300030020000008eb001c
:1089000062004000e0804800820f5000838f5800d2
:10891000faff3a006033b800e6a79f00f7a79f0070
:1089200014002000949f9f000004eb00a89f9f006c
:108930006055b800baa79f00cba79f00fa979f0089
:108940008b9f9f0088057800dba79f006011b8000f
:108950008b027800c59f9f00b59f9f00d59f9f0009
:10896000f59f9f00e59f9f006000b8000c0022006b
:108970008ca79f00cdf92f008d864700ed979f00b3
:108980000d83e8006134b800b8979f00c9979f0035
:1089900049f92f0089844700d9979f000985e8008d
:1089a000aa979f00060037006fa69700ffa69700c2
:1089b00061064600e0864e00eca79f00fda79f00e1
:1089c0000400e0001200320006242400f70020001a
:1089d0006fa49700ffa49700860f5400878f5c0058
:1089e0000b003a00071020000004be001a1180009e
:1089f0008a806300fdff32000800be00b60420003c
:108a0000261188006066b800eca79f00fda79f00b4
:108a10000060fe002202ab00e3ff32003411800050
:108a200026052000860f520002003a000000fe00da
:108a30001300370066052000860f520010003a0030
:108a400006102000850378000002be0007007800b1
:108a50001d1180008d006300fdff320000037800cf
:108a60000400be008602780044042000241188001f
:108a700015cea9000002eb00d4a79f006b013700c0
:108a80005fa497006143b900ea0f5300e08f5b00d9
:108a900066013e00060601000a0037004d0037005f
:108aa000630037007d00370092003700a9003700cf
:108ab000c0003700dc003700f10037000c01370040
:108ac0003b01370015cea900a6032000860f5200f7
:108ad00056013a009f9c97000900e00035003200e3
:108ae0002c27ef002a27ef003000240040398800af
:108af0000600fc005005200070398800a00a200004
:108b00007039880029e7a80000000000000000007c
:108b10002807e200feff35000005eb00da8f9f001a
:108b2000a00f2000a002880001402400010dbb001e
:108b300020002000008dbb00510020000108bb0078
:108b40008a0078000188bb002c27ef002a27ef005d
:108b500010002400403988000600fc005005200069
:108b600070398800a00a20007039880029e7a80021
:108b700000000000000000002807e200feff3500b2
:108b80000000eb00a08f9f00b08f9f00c08f9f0060
:108b9000909f9f00fc0020000d002000bca79f00bc
:108ba000cda79f000280200003002000400020008d
:108bb00001002000dfa697008d06e800dda79f00da
:108bc0008002eb00c59f9f00b59f9f00d59f9f002f
:108bd00048033700158ea90006fd2f00040343004b
:108be000e90f53000d003600f6f92f00040343008f
:108bf000e50f530003003e0096fa2f0004034300e4
:108c000006003700f6fb2f0004034300e50f530076
:108c100053033e0096fc2f00040343004433dd0061
:108c2000b69f9f0024002000d4a79f00ff003700bc
:108c300014eea90006fd2f0004034300e90f5300c2
:108c40000d003600f6f92f0004034300e50f530032
:108c500003003e0096fa2f0004034300060037008d
:108c6000f6fb2f0004034300e50f530044033e00ce
:108c700096fc2f0004034300bf9b970087037300fb
:108c8000b79f9f005f9c970007044400d89f9f00f8
:108c900039002000d9a79f00e400370006fd2f000f
:108ca00004034300e90f53000d003600f6f92f00ce
:108cb00004034300e50f530003003e0096fa2f0023
:108cc0000403430006003700f6fb2f0004034300b3
:108cd000e50f530032033e0096fc2f0004034300cf
:108ce0004c33dd00e69f9f004a002000daa79f007a
:108cf000ce00370006fd2f0004034300e90f5300a8
:108d00000d003600f6f92f0004034300e50f530071
:108d100003003e0096fa2f000403430006003700cc
:108d2000f6fb2f0004034300e50f530024033e002d
:108d300096fc2f00040343004833dd00ef9d9700ad
:108d40008b057300eb9f9f005c002000dca79f0059
:108d5000b600370006fd2f0004034300e90f53005f
:108d60000d003600f6f92f0004034300e50f530011
:108d700003003e0096fa2f0004034300060037006c
:108d8000f6fb2f0004034300e50f530014033e00dd
:108d900096fc2f00040343004433dd00ef9e970050
:108da0008d067300ed9f9f0064002000d4a79f00f4
:108db0009e00370006fd2f0004034300e90f530017
:108dc0000d003600f6f92f0004034300e50f5300b1
:108dd00003003e0096fa2f0004034300060037000c
:108de000f6fb2f0004034300e50f530004033e008d
:108df00096fc2f0004034300ef9b9700870373004a
:108e0000e79f9f00483bde000782fb00040243000f
:108e10005f9c970004044400d89f9f0079002000c5
:108e2000d9a79f008100370006fd2f0004034300ef
:108e3000e90f53000d003600f6f92f00040343003c
:108e4000e50f530003003e0096fa2f000403430091
:108e500006003700f6fb2f0004034300e50f530024
:108e6000ef023e0096fc2f00040343004433dd0074
:108e7000f69f9f008a002000daa79f006b00370052
:108e800006fd2f0004034300e90f53000d003600d8
:108e9000f6f92f0004034300e50f530003003e00e2
:108ea00096fa2f000403430006003700f6fb2f005c
:108eb00004034300e50f5300e1023e0096fc2f003f
:108ec00004034300ff9d97008b057300fb9f9f00e9
:108ed0005f9e97000b064600dc9f9f009d002000d0
:108ee000dda79f000002eb00c49f9f004f003700ea
:108ef000ed0f520002003200ea0f52000c003a005f
:108f0000150020002f7b97000604e00001003200ce
:108f10002500200015aea80014eea800158ea800ac
:108f200015cea8008003eb00d7a79f003f003700b5
:108f30004f9c97000803d00029f72f008f8444002e
:108f400006834400000beb0006fd2f0004034300e2
:108f5000e90f53000d003600f6f92f00040343001b
:108f6000e50f530003003e0096fa2f000403430070
:108f700006003700f6fb2f0004034300e50f530003
:108f8000b7023e0096fc2f00040343004f9d97005c
:108f90000a02d0004433dd0086057800e408b10001
:108fa0008b377a00ac002000dca79f001f00370041
:108fb00006fd2f0004034300e90f53000d003600a7
:108fc000f6f92f0004034300e50f530003003e00b1
:108fd00096fa2f000403430006003700f6fb2f002b
:108fe00004034300e50f5300a5023e0096fc2f004a
:108ff00004034300cf9e97000d02d00027f72f00f7
:109000008f8343000482430014037300060a780030
:109010005f9c970006044400d89f9f008d06e800df
:10902000cd9f9f0099002000d9a79f00e18f52009b
:1090300030023a007f9d9700e10f5500ec003200ae
:1090400003003900e40f55000f023a00090237000f
:10905000bf9e9700616eb800acb79f00bdb79f0080
:10906000e00f5600e08f5e000c0232007f93970005
:109070008f9b9700c032dd0004002000ef9b97001b
:1090800004824300e0824a000004eb006033b80031
:1090900019002000c9af9f002bf72f008f854500d6
:1090a000615db8008ab79f009bb79f003fa69700fd
:1090b000cfa697008c0f52008d8f5a00800036008b
:1090c00063054000e0854800eaaf9f00fbaf9f00ca
:1090d000fc3f24005d0020008c0f55008d8f5d004b
:1090e00077003e00820f5000838f58001d0039002a
:1090f0000a802f0039002400e6af9f00f7af9f00e1
:109100000403be0063398800820665005d3988006b
:10911000493988000600fc00550520007539880093
:10912000a50a20007539880029e7a8000000000082
:10913000000000002807e200feff35000480200048
:10914000050020000201420083814a00800f510087
:10915000818f5900ebff36000602be006fab97000f
:10916000ffab9700a90f2000a90288008004eb0044
:109170002f8d97008a0cbb00bf8d97008b8cbb0096
:10918000290020004f8e97008c0cbb00df8e9700cb
:109190008d8cbb00400dde000b0020000a0778001c
:1091a0006a39880080047800503988001a00240049
:1091b0004a3988000600fc005a0520007a398800e8
:1091c000aa0a20007a39880029e7a80000000000d8
:1091d000000000002807e200feff3500ae02880014
:1091e0001905ba00ea8f9f009985ba00fb8f9f008e
:1091f0002f8e97008c0f550004003a00bf8e970009
:109200008b8f560004003a00050037000005eb0084
:10921000caaf9f00020037008005eb00cbaf9f0074
:1092200062004000e0804800a10288008984e800d4
:109230001900ba0080979f009984ba0099979f00ff
:109240004f8e97008c0f500004003a00df8e97007d
:109250008d8f540004003a00050037000000eb0039
:10926000c0af9f00020037008000eb00c1af9f003d
:109270008500d1000480d30081047800a9a79f0055
:10928000c9ff2f008084640099a79f001fa097004a
:10929000afa09700000540008185480067064500a3
:1092a000e0864d00bca79f00cda79f008004eb0087
:1092b000a98f9f00b98f9f00c98f9f00d98f9f00f2
:1092c000fdff20008d0f5200e08f5a00190036007c
:1092d0008505d1000485d300e30465000408a300dc
:1092e0000c0032008904d0002902b0002af72f00b8
:1092f0000f054500890445000805d0008fb597008b
:109300000b0545001a0578004855dd00990c7500dd
:109310002a0037008904d0000805d0000fb6970056
:109320000c0545009a067800c906b1008db77c008f
:10933000220037008505d1000485d300e3046500d1
:109340000408a300110032000807d0000fb69700f0
:109350000c0747001e0778004877dd008904d0001d
:109360002902b0002df72f008f8646008984460021
:10937000990c77000a0545008b854d008fa4970056
:109380000a8544001a0d77000c0037000807d0004a
:109390000fb697000c0747001e0778008904d0001d
:1093a000c906b1008eb77c000a0545008b854d00cb
:1093b0008fa497000a8544000e0d780061034300d6
:1093c000e0834b000804e80061024200e0824a00aa
:1093d0002fb59700bfb59700860f5500878f5d00aa
:1093e00032ff3e001b002000ab9f9f00280137008a
:1093f0001b0020002f9e97000c00e0006e00320042
:109400008006eb00ad9f9f00f43f24005500200034
:10941000840f5000858f580067003e00820f500077
:10942000838f58001700390005802f003800240072
:109430000680200007002000633988000282620055
:1094400054398800483988000600fc005405200083
:1094500074398800a40a20007439880029e7a8001c
:1094600000000000000000002807e200feff3500b9
:109470000201430083814b00820f5000838f58000c
:10948000edff3100a20f2000a20288000001eb00d6
:10949000af8a97000509bb00bf8997000389bb000d
:1094a00022002000cf8997000309bb00df899700c5
:1094b0000389bb00613988005039880012002400fc
:1094c000423988000600fc005205200072398800ed
:1094d000a20a20007239880029e7a80000000000d5
:1094e000000000002807e200feff35000003eb004b
:1094f0001b002000ef939700613eb800df949700b7
:10950000614cb80088b79f0099b79f0006047800a7
:10951000af9197006119b800e2af9f00f3af9f00d1
:10952000ccaf9f00ddaf9f00a10288009003ba007e
:109530006136b800acb79f00bdb79f004269dd003f
:10954000ce61de00830171004261dd00cfae970085
:109550008d024100870a78001082ba00bf949700fc
:1095600089034100840b78000fb597008a034100fe
:1095700095027800978f520005003a006fae970071
:109580000c014100920f520003003a000300370023
:109590008805780001003700880578000603e80098
:1095a00062004000e0804800e20f5300deff3a0016
:1095b0008006eb00ad9f9f002c27ef002a27ef00cd
:1095c00030002400403988000600fc0050052000cf
:1095d00070398800a00a20007039880029e7a800a7
:1095e00000000000000000002807e200feff350038
:1095f00022002000030020000002eb006000b80001
:109600008fa29700e5af9f00050378008682e800ef
:10961000612cb800c8af9f00d9af9f00e40243009f
:10962000612eb800acaf9f00bdaf9f00e6024300c3
:10963000612bb80086af9f0097af9f00ebb79f00ec
:10964000a50f2000a50288006123b800433cdd007f
:10965000cd34de00890474004334dd00a8b79f00d8
:10966000b9b79f006fae97000805be00080446001a
:10967000e0844c008002eb00980abb004fab9700df
:10968000dfab97000a0343008b834b00c6b79f00f4
:10969000d7b79f00968abb002fae9700bfae97004a
:1096a0000a0346008b834e002d002000960ebb005f
:1096b0000fae97009fae97000a0546008b854e00bf
:1096c0008ab79f009bb79f002d0020009a8ebb0099
:1096d000400ede000d0020008c0278006c398800fe
:1096e00000057800503988001e0024004e3988009b
:1096f0000600fc005e0520007e398800ae0a2000ce
:109700007e39880029e7a800000000000000000062
:10971000efb59700f2b79f0083bf9f004fb6970049
:10972000dfb69700a6b79f00b7b79f002807e200f3
:10973000feff3500ebb79f007fb197008fb9970010
:10974000ccb79f00ddb79f002fb39700bfb3970042
:10975000a50288009a02ba00e58f9f001a85ba0018
:10976000fa8f9f00988f520004003a004fb697007e
:109770009c0f550004003a00050037000004eb0080
:10978000e8b79f00020037008004eb00e9b79f00b4
:10979000a30288009202ba0085979f001284ba0043
:1097a00098979f00968f520004003a008fb297005e
:1097b000950f540004003a00050037000005eb0047
:1097c000eab79f00020037008005eb00ebb79f006f
:1097d00064004000e08048000402e80064014100a9
:1097e000e08149000c8020008c0f5000e08f580071
:1097f00093ff3a00efb59700020021008fa6970073
:10980000828646008da79f0002102000e18f550040
:109810000f003a00820178000002be0010118000a3
:1098200080806100fdff3200a20520002211880027
:10983000031020001211800082806100fdff3200c1
:109840000400be000000fe006011b80013003700e5
:109850000002be001311800083006100fdff320092
:109860000400be0062042000221188006011b800cc
:10987000150037002f3a97006123b800f6979f0034
:10988000879f9f000500370017002000c7af9f008b
:109890004fac9700e10f54000b003a000510200078
:1098a0000003be001911800089806200fdff3200b4
:1098b0000600be00b4042000241188000002eb0062
:1098c0008402780038fc3700051020000003be0039
:1098d0001a1180008a806200fdff32000600be007f
:1098e00064042000241188000002eb008402780048
:1098f0002dfc3700e28f52000b003a0005102000cb
:109900000003be001b1180008b806200fdff32004f
:109910000600be00e4042000241188000002eb00d1
:109920008402780020fc37000002eb00e38f520035
:109930001dfc3a00051020000003be001c11800031
:109940008c806200fdff32000600be00840520000e
:10995000241188000002eb008402780012fc37001a
:1099600015aea80014eea800158ea80015cea8000c
:109970008006eb00dda79f0035002000ddff3700eb
:1099800015aea80014eea800158ea80015cea800ec
:109990000002eb00d4a79f0035002000d5ff370060
:1099a00015aea80014eea800158ea80015cea800cc
:1099b0008002eb00d5a79f0035002000cdff3700c7
:1099c00015aea80014eea800158ea80015cea800ac
:1099d0000003eb00d6a79f0035002000c5ff37002d
:1099e00015aea80014eea800158ea80015cea8008c
:1099f0008003eb00d7a79f0035002000bdff370094
:109a000015aea80014eea800158ea80015cea8006b
:109a10000004eb00d8a79f0035002000b5ff3700f9
:109a200015aea80014eea800158ea80015cea8004b
:109a30008004eb00d9a79f0035002000adff370060
:109a400015aea80014eea800158ea80015cea8002b
:109a50000005eb00daa79f0035002000a5ff3700c6
:109a600015aea80014eea800158ea80015cea8000b
:109a70008005eb00dba79f00350020009dff37002d
:109a800015aea80014eea800158ea80015cea800eb
:109a90000006eb00dca79f002500200095ff3700a3
:109aa00000000000000000000000000000000000b6
:109ab00000000000000000000000000000000000a6
:109ac0000000000000000000000000000000000096
:109ad0000000000000000000000000000000000086
:109ae0000000000000000000000000000000000076
:109af0000000000000000000000000000000000066
:109b00000000000000000000000000000000000055
:109b10000000000000000000000000000000000045
:109b20000000000000000000000000000000000035
:109b30000000000000000000000000000000000025
:109b40000000000000000000000000000000000015
:109b50000000000000000000000000000000000005
:109b600000000000000000000000000000000000f5
:109b700000000000000000000000000000000000e5
:109b800000000000000000000000000000000000d5
:109b900000000000000000000000000000000000c5
:109ba00000000000000000000000000000000000b5
:109bb00000000000000000000000000000000000a5
:109bc0000000000000000000000000000000000095
:109bd0000000000000000000000000000000000085
:109be0000000000000000000000000000000000075
:109bf0000000000000000000000000000000000065
:109c00000000000000000000000000000000000054
:109c10000000000000000000000000000000000044
:109c20000000000000000000000000000000000034
:109c30000000000000000000000000000000000024
:109c40000000000000000000000000000000000014
:109c50000000000000000000000000000000000004
:109c600000000000000000000000000000000000f4
:109c700000000000000000000000000000000000e4
:109c800000000000000000000000000000000000d4
:109c900000000000000000000000000000000000c4
:109ca00000000000000000000000000000000000b4
:109cb00000000000000000000000000000000000a4
:109cc0000000000000000000000000000000000094
:109cd0000000000000000000000000000000000084
:109ce0000000000000000000000000000000000074
:109cf0000000000000000000000000000000000064
:109d00000000000000000000000000000000000053
:109d10000000000000000000000000000000000043
:109d20000000000000000000000000000000000033
:109d30000000000000000000000000000000000023
:109d40000000000000000000000000000000000013
:109d50000000000000000000000000000000000003
:109d600000000000000000000000000000000000f3
:109d700000000000000000000000000000000000e3
:109d800000000000000000000000000000000000d3
:109d900000000000000000000000000000000000c3
:109da00000000000000000000000000000000000b3
:109db00000000000000000000000000000000000a3
:109dc0000000000000000000000000000000000093
:109dd0000000000000000000000000000000000083
:109de0000000000000000000000000000000000073
:109df0000000000000000000000000000000000063
:109e00000000000000000000000000000000000052
:109e10000000000000000000000000000000000042
:109e20000000000000000000000000000000000032
:109e30000000000000000000000000000000000022
:109e40000000000000000000000000000000000012
:109e50000000000000000000000000000000000002
:109e600000000000000000000000000000000000f2
:109e700000000000000000000000000000000000e2
:109e800000000000000000000000000000000000d2
:109e900000000000000000000000000000000000c2
:109ea00000000000000000000000000000000000b2
:109eb00000000000000000000000000000000000a2
:109ec0000000000000000000000000000000000092
:109ed0000000000000000000000000000000000082
:109ee0000000000000000000000000000000000072
:109ef0000000000000000000000000000000000062
:109f00000000000000000000000000000000000051
:109f10000000000000000000000000000000000041
:109f20000000000000000000000000000000000031
:109f30000000000000000000000000000000000021
:109f40000000000000000000000000000000000011
:109f50000000000000000000000000000000000001
:109f600000000000000000000000000000000000f1
:109f700000000000000000000000000000000000e1
:109f800000000000000000000000000000000000d1
:109f900000000000000000000000000000000000c1
:109fa00000000000000000000000000000000000b1
:109fb00000000000000000000000000000000000a1
:109fc0000000000000000000000000000000000091
:109fd0000000000000000000000000000000000081
:109fe0000000000000000000000000000000000071
:109ff0000000000000000000000000000000000061
:10a000000000000000000000000000000000000050
:10a010000000000000000000000000000000000040
:10a020000000000000000000000000000000000030
:10a030000000000000000000000000000000000020
:10a040000000000000000000000000000000000010
:10a050000000000000000000000000000000000000
:10a0600000000000000000000000000000000000f0
:10a0700000000000000000000000000000000000e0
:10a0800000000000000000000000000000000000d0
:10a0900000000000000000000000000000000000c0
:10a0a00000000000000000000000000000000000b0
:10a0b00000000000000000000000000000000000a0
:10a0c0000000000000000000000000000000000090
:10a0d0000000000000000000000000000000000080
:10a0e0000000000000000000000000000000000070
:10a0f0000000000000000000000000000000000060
:10a10000000000000000000000000000000000004f
:10a11000000000000000000000000000000000003f
:10a12000000000000000000000000000000000002f
:10a13000000000000000000000000000000000001f
:10a14000000000000000000000000000000000000f
:10a1500000000000000000000000000000000000ff
:10a1600000000000000000000000000000000000ef
:10a1700000000000000000000000000000000000df
:10a1800000000000000000000000000000000000cf
:10a1900000000000000000000000000000000000bf
:10a1a00000000000000000000000000000000000af
:10a1b000000000000000000000000000000000009f
:10a1c000000000000000000000000000000000008f
:10a1d000000000000000000000000000000000007f
:10a1e000000000000000000000000000000000006f
:10a1f000000000000000000000000000000000005f
:10a20000000000000000000000000000000000004e
:10a21000000000000000000000000000000000003e
:10a22000000000000000000000000000000000002e
:10a23000000000000000000000000000000000001e
:10a24000000000000000000000000000000000000e
:10a2500000000000000000000000000000000000fe
:10a2600000000000000000000000000000000000ee
:10a2700000000000000000000000000000000000de
:10a2800000000000000000000000000000000000ce
:10a2900000000000000000000000000000000000be
:10a2a00000000000000000000000000000000000ae
:10a2b000000000000000000000000000000000009e
:10a2c000000000000000000000000000000000008e
:10a2d000000000000000000000000000000000007e
:10a2e000000000000000000000000000000000006e
:10a2f000000000000000000000000000000000005e
:10a30000000000000000000000000000000000004d
:10a31000000000000000000000000000000000003d
:10a32000000000000000000000000000000000002d
:10a33000000000000000000000000000000000001d
:10a34000000000000000000000000000000000000d
:10a3500000000000000000000000000000000000fd
:10a3600000000000000000000000000000000000ed
:10a3700000000000000000000000000000000000dd
:10a3800000000000000000000000000000000000cd
:10a3900000000000000000000000000000000000bd
:10a3a00000000000000000000000000000000000ad
:10a3b000000000000000000000000000000000009d
:10a3c000000000000000000000000000000000008d
:10a3d000000000000000000000000000000000007d
:10a3e000000000000000000000000000000000006d
:10a3f000000000000000000000000000000000005d
:10a40000000000000000000000000000000000004c
:10a41000000000000000000000000000000000003c
:10a42000000000000000000000000000000000002c
:10a43000000000000000000000000000000000001c
:10a44000000000000000000000000000000000000c
:10a4500000000000000000000000000000000000fc
:10a4600000000000000000000000000000000000ec
:10a4700000000000000000000000000000000000dc
:10a4800000000000000000000000000000000000cc
:10a4900000000000000000000000000000000000bc
:10a4a00000000000000000000000000000000000ac
:10a4b000000000000000000000000000000000009c
:10a4c000000000000000000000000000000000008c
:10a4d000000000000000000000000000000000007c
:10a4e000000000000000000000000000000000006c
:10a4f000000000000000000000000000000000005c
:10a50000000000000000000000000000000000004b
:10a51000000000000000000000000000000000003b
:10a52000000000000000000000000000000000002b
:10a53000000000000000000000000000000000001b
:10a54000000000000000000000000000000000000b
:10a5500000000000000000000000000000000000fb
:10a5600000000000000000000000000000000000eb
:10a5700000000000000000000000000000000000db
:10a5800000000000000000000000000000000000cb
:10a5900000000000000000000000000000000000bb
:10a5a00000000000000000000000000000000000ab
:10a5b000000000000000000000000000000000009b
:10a5c000000000000000000000000000000000008b
:10a5d000000000000000000000000000000000007b
:10a5e000000000000000000000000000000000006b
:10a5f000000000000000000000000000000000005b
:10a60000000000000000000000000000000000004a
:10a61000000000000000000000000000000000003a
:10a62000000000000000000000000000000000002a
:10a63000000000000000000000000000000000001a
:10a64000000000000000000000000000000000000a
:10a6500000000000000000000000000000000000fa
:10a6600000000000000000000000000000000000ea
:10a6700000000000000000000000000000000000da
:10a6800000000000000000000000000000000000ca
:10a6900000000000000000000000000000000000ba
:10a6a00000000000000000000000000000000000aa
:10a6b000000000000000000000000000000000009a
:10a6c000000000000000000000000000000000008a
:10a6d000000000000000000000000000000000007a
:10a6e000000000000000000000000000000000006a
:10a6f000000000000000000000000000000000005a
:10a700000000000000000000000000000000000049
:10a710000000000000000000000000000000000039
:10a720000000000000000000000000000000000029
:10a730000000000000000000000000000000000019
:10a740000000000000000000000000000000000009
:10a7500000000000000000000000000000000000f9
:10a7600000000000000000000000000000000000e9
:10a7700000000000000000000000000000000000d9
:10a7800000000000000000000000000000000000c9
:10a7900000000000000000000000000000000000b9
:10a7a00000000000000000000000000000000000a9
:10a7b0000000000000000000000000000000000099
:10a7c0000000000000000000000000000000000089
:10a7d0000000000000000000000000000000000079
:10a7e0000000000000000000000000000000000069
:10a7f0000000000000000000000000000000000059
:10a800000000000000000000000000000000000048
:10a810000000000000000000000000000000000038
:10a820000000000000000000000000000000000028
:10a830000000000000000000000000000000000018
:10a840000000000000000000000000000000000008
:10a8500000000000000000000000000000000000f8
:10a8600000000000000000000000000000000000e8
:10a8700000000000000000000000000000000000d8
:10a8800000000000000000000000000000000000c8
:10a8900000000000000000000000000000000000b8
:10a8a00000000000000000000000000000000000a8
:10a8b0000000000000000000000000000000000098
:10a8c0000000000000000000000000000000000088
:10a8d0000000000000000000000000000000000078
:10a8e0000000000000000000000000000000000068
:10a8f0000000000000000000000000000000000058
:10a900000000000000000000000000000000000047
:10a910000000000000000000000000000000000037
:10a920000000000000000000000000000000000027
:10a930000000000000000000000000000000000017
:10a940000000000000000000000000000000000007
:10a9500000000000000000000000000000000000f7
:10a9600000000000000000000000000000000000e7
:10a9700000000000000000000000000000000000d7
:10a9800000000000000000000000000000000000c7
:10a9900000000000000000000000000000000000b7
:10a9a00000000000000000000000000000000000a7
:10a9b0000000000000000000000000000000000097
:10a9c0000000000000000000000000000000000087
:10a9d0000000000000000000000000000000000077
:10a9e0000000000000000000000000000000000067
:10a9f0000000000000000000000000000000000057
:10aa00000000000000000000000000000000000046
:10aa10000000000000000000000000000000000036
:10aa20000000000000000000000000000000000026
:10aa30000000000000000000000000000000000016
:10aa40000000000000000000000000000000000006
:10aa500000000000000000000000000000000000f6
:10aa600000000000000000000000000000000000e6
:10aa700000000000000000000000000000000000d6
:10aa800000000000000000000000000000000000c6
:10aa900000000000000000000000000000000000b6
:10aaa00000000000000000000000000000000000a6
:10aab0000000000000000000000000000000000096
:10aac0000000000000000000000000000000000086
:10aad0000000000000000000000000000000000076
:10aae0000000000000000000000000000000000066
:10aaf0000000000000000000000000000000000056
:10ab00000000000000000000000000000000000045
:10ab10000000000000000000000000000000000035
:10ab20000000000000000000000000000000000025
:10ab30000000000000000000000000000000000015
:10ab40000000000000000000000000000000000005
:10ab500000000000000000000000000000000000f5
:10ab600000000000000000000000000000000000e5
:10ab700000000000000000000000000000000000d5
:10ab800000000000000000000000000000000000c5
:10ab900000000000000000000000000000000000b5
:10aba00000000000000000000000000000000000a5
:10abb0000000000000000000000000000000000095
:10abc0000000000000000000000000000000000085
:10abd0000000000000000000000000000000000075
:10abe0000000000000000000000000000000000065
:10abf0000000000000000000000000000000000055
:10ac00000000000000000000000000000000000044
:10ac10000000000000000000000000000000000034
:10ac20000000000000000000000000000000000024
:10ac30000000000000000000000000000000000014
:10ac40000000000000000000000000000000000004
:10ac500000000000000000000000000000000000f4
:10ac600000000000000000000000000000000000e4
:10ac700000000000000000000000000000000000d4
:10ac800000000000000000000000000000000000c4
:10ac900000000000000000000000000000000000b4
:10aca00000000000000000000000000000000000a4
:10acb0000000000000000000000000000000000094
:10acc0000000000000000000000000000000000084
:10acd0000000000000000000000000000000000074
:10ace0000000000000000000000000000000000064
:10acf0000000000000000000000000000000000054
:10ad00000000000000000000000000000000000043
:10ad10000000000000000000000000000000000033
:10ad20000000000000000000000000000000000023
:10ad30000000000000000000000000000000000013
:10ad40000000000000000000000000000000000003
:10ad500000000000000000000000000000000000f3
:10ad600000000000000000000000000000000000e3
:10ad700000000000000000000000000000000000d3
:10ad800000000000000000000000000000000000c3
:10ad900000000000000000000000000000000000b3
:10ada00000000000000000000000000000000000a3
:10adb0000000000000000000000000000000000093
:10adc0000000000000000000000000000000000083
:10add0000000000000000000000000000000000073
:10ade0000000000000000000000000000000000063
:10adf0000000000000000000000000000000000053
:10ae00000000000000000000000000000000000042
:10ae10000000000000000000000000000000000032
:10ae20000000000000000000000000000000000022
:10ae30000000000000000000000000000000000012
:10ae40000000000000000000000000000000000002
:10ae500000000000000000000000000000000000f2
:10ae600000000000000000000000000000000000e2
:10ae700000000000000000000000000000000000d2
:10ae800000000000000000000000000000000000c2
:10ae900000000000000000000000000000000000b2
:10aea00000000000000000000000000000000000a2
:10aeb0000000000000000000000000000000000092
:10aec0000000000000000000000000000000000082
:10aed0000000000000000000000000000000000072
:10aee0000000000000000000000000000000000062
:10aef0000000000000000000000000000000000052
:10af00000000000000000000000000000000000041
:10af10000000000000000000000000000000000031
:10af20000000000000000000000000000000000021
:10af30000000000000000000000000000000000011
:10af40000000000000000000000000000000000001
:10af500000000000000000000000000000000000f1
:10af600000000000000000000000000000000000e1
:10af700000000000000000000000000000000000d1
:10af800000000000000000000000000000000000c1
:10af900000000000000000000000000000000000b1
:10afa00000000000000000000000000000000000a1
:10afb0000000000000000000000000000000000091
:10afc0000000000000000000000000000000000081
:08afd000000000000000000079
:020000040000fa
:02000004000af0
:04afe000cfff00009f
:020000040000fa
:02000004000af0
:04afe400efff00007b
:020000040000fa
:02000004000af0
:04afe800f9ff00006d
:020000040000fa
:02000004000af0
:04afec0039ff000029
:020000040000fa
:02000004000af0
:04aff0007bff0000e3
:020000040000fa
:02000004000af0
:04aff400ffffff005c
:00000001FF
