:020000040000fa
:080000000002040000000000f2
:020000040000fa
:040008006806000086
:020000040000fa
:04000c005406000096
:020000040000fa
:04001000580600008e
:020000040000fa
:040014005a06000088
:020000040000fa
:040018005e06000080
:020000040000fa
:04001c006206000078
:020000040000fa
:04002000680600006e
:020000040000fa
:04002400680600006a
:020000040000fa
:040028006806000066
:020000040000fa
:04002c006806000062
:020000040000fa
:04003000680600005e
:020000040000fa
:04003400680600005a
:020000040000fa
:04003800fa020000c8
:020000040000fa
:04003c006806000052
:020000040000fa
:04004000680600004e
:020000040000fa
:040044008004000034
:020000040000fa
:040048009804000018
:020000040000fa
:04004c006806000042
:020000040000fa
:04005000680600003e
:020000040000fa
:040054001e05000085
:020000040000fa
:04005800f4050000ab
:020000040000fa
:04005c006806000032
:020000040000fa
:04006000cc030000cd
:020000040000fa
:04006400680600002a
:020000040000fa
:040068006806000026
:020000040000fa
:04006c006806000022
:020000040000fa
:04007000680600001e
:020000040000fa
:04007400680600001a
:020000040000fa
:040078006806000016
:020000040000fa
:04007c006806000012
:020000040000fa
:04008000680600000e
:020000040000fa
:04008400680600000a
:020000040000fa
:040088006804000008
:020000040000fa
:04008c006806000002
:020000040000fa
:0400900068060000fe
:020000040000fa
:0400940068060000fa
:020000040000fa
:0400980068060000f6
:020000040000fa
:04009c0068060000f2
:020000040000fa
:0400a000dc0500007b
:020000040000fa
:0400a4000c06000046
:020000040000fa
:0400a80068060000e6
:020000040000fa
:0400ac0068060000e2
:020000040000fa
:0400b00068060000de
:020000040000fa
:0400b40068060000da
:020000040000fa
:0400b80068060000d6
:020000040000fa
:0400bc0068060000d2
:020000040000fa
:0400c00068060000ce
:020000040000fa
:0400c40068060000ca
:020000040000fa
:0400c80068060000c6
:020000040000fa
:0400cc0068060000c2
:020000040000fa
:0400d00068060000be
:020000040000fa
:0400d40068060000ba
:020000040000fa
:0400d80068060000b6
:020000040000fa
:0400dc0068060000b2
:020000040000fa
:0400e00068060000ae
:020000040000fa
:0400e40068060000aa
:020000040000fa
:0400e80068060000a6
:020000040000fa
:0400ec0068060000a2
:020000040000fa
:0400f000680600009e
:020000040000fa
:0400f400680600009a
:020000040000fa
:0400f8006806000096
:020000040000fa
:0400fc006806000092
:020000040000fa
:04010000680600008d
:020000040000fa
:040104006806000089
:020000040000fa
:040108006806000085
:020000040000fa
:04010c006806000081
:020000040000fa
:04011000680600007d
:020000040000fa
:040114006806000079
:020000040000fa
:040118006806000075
:020000040000fa
:04011c006806000071
:020000040000fa
:04012000680600006d
:020000040000fa
:040124006806000069
:020000040000fa
:040128006806000065
:020000040000fa
:04012c0024060000a5
:020000040000fa
:040130003c06000089
:020000040000fa
:040134006806000059
:020000040000fa
:040138006806000055
:020000040000fa
:04013c006806000051
:020000040000fa
:04014000680600004d
:020000040000fa
:040144006806000049
:020000040000fa
:040148006806000045
:020000040000fa
:04014c006806000041
:020000040000fa
:04015000680600003d
:020000040000fa
:040154006806000039
:020000040000fa
:040158006806000035
:020000040000fa
:04015c006806000031
:020000040000fa
:04016000680600002d
:020000040000fa
:040164006806000029
:020000040000fa
:040168006806000025
:020000040000fa
:04016c006806000021
:020000040000fa
:04017000680600001d
:020000040000fa
:040174006806000019
:020000040000fa
:040178006806000015
:020000040000fa
:04017c006806000011
:020000040000fa
:04018000680600000d
:020000040000fa
:040184006806000009
:020000040000fa
:040188006806000005
:020000040000fa
:04018c006806000001
:020000040000fa
:0401900068060000fd
:020000040000fa
:0401940068060000f9
:020000040000fa
:0401980068060000f5
:020000040000fa
:04019c0068060000f1
:020000040000fa
:0401a00068060000ed
:020000040000fa
:0401a40068060000e9
:020000040000fa
:0401a80068060000e5
:020000040000fa
:0401ac0068060000e1
:020000040000fa
:0401b00068060000dd
:020000040000fa
:0401b40068060000d9
:020000040000fa
:0401b80068060000d5
:020000040000fa
:0401bc0068060000d1
:020000040000fa
:0401c00068060000cd
:020000040000fa
:0401c40068060000c9
:020000040000fa
:0401c80068060000c5
:020000040000fa
:0401cc0068060000c1
:020000040000fa
:0401d00068060000bd
:020000040000fa
:0401d40068060000b9
:020000040000fa
:0401d80068060000b5
:020000040000fa
:0401dc0068060000b1
:020000040000fa
:0401e00068060000ad
:020000040000fa
:0401e40068060000a9
:020000040000fa
:0401e80068060000a5
:020000040000fa
:0401ec0068060000a1
:020000040000fa
:0401f000680600009d
:020000040000fa
:0401f4006806000099
:020000040000fa
:0401f8006806000095
:020000040000fa
:0401fc006806000091
:020000040000fa
:04020000680600008c
:020000040000fa
:040204006806000088
:020000040000fa
:040208006806000084
:020000040000fa
:04020c006806000080
:020000040000fa
:04021000680600007c
:020000040000fa
:040214006806000078
:020000040000fa
:040218006806000074
:020000040000fa
:04021c006806000070
:020000040000fa
:04022000680600006c
:020000040000fa
:040224006806000068
:020000040000fa
:040228006806000064
:020000040000fa
:04022c006806000060
:020000040000fa
:04023000680600005c
:020000040000fa
:040234006806000058
:020000040000fa
:040238006806000054
:020000040000fa
:04023c006806000050
:020000040000fa
:04024000680600004c
:020000040000fa
:040244006806000048
:020000040000fa
:040248006806000044
:020000040000fa
:04024c006806000040
:020000040000fa
:04025000680600003c
:020000040000fa
:040254006806000038
:020000040000fa
:040258006806000034
:020000040000fa
:04025c006806000030
:020000040000fa
:04026000680600002c
:020000040000fa
:040264006806000028
:020000040000fa
:040268006806000024
:020000040000fa
:04026c006806000020
:020000040000fa
:04027000680600001c
:020000040000fa
:040274006806000018
:020000040000fa
:040278006806000014
:020000040000fa
:04027c006806000010
:020000040000fa
:04028000680600000c
:020000040000fa
:100400004f5a25000eff27000e0188000000000053
:10041000000020000000e000020032000001200087
:1004200020028800140007002b0207000000e000f3
:1004300003003a0080342a00110020000200370037
:100440000000200001002000810f70000100320038
:100450000f000700000020000000e0000200320052
:100460000000020000000000046e02000000000016
:100470000040da000000fe00200020000000e00044
:1004800002003200100020009001880000000600e9
:10049000a1028800800478000000eb001f003700f4
:1004a000e284440054a0b4009905ba00e2844400f8
:1004b00054a0b4009906ba00e284440054a0b400e9
:1004c0000006eb00476fde00fd07b200ae018800ba
:1004d000636ce10003003a000ad801000000eb0061
:1004e0000e003700606ce10008003a00004deb00a0
:1004f0000a05e800020039003420ec000af0a000f0
:100500008b05e900f9ff3e00040037006168e10057
:10051000010032000086eb000b00070019c7ba008b
:100520000e04e0001905ba0003003a000a00e000da
:10053000dbff3a0000000600fe07b200ae028800b2
:100540008a047800f5ff37000cd0a300e20f4d00bd
:100550001c003b0089027800354dba000a05e8000e
:10056000020039003420ec000af0a0008b05e900fd
:100570000f003200254dba000a05e80002003900dc
:100580003420ec000af0a0008b05e90008003200de
:100590000c00e0000600320015cdba000a05e800a4
:1005a000020039003420ec000af0a0008b05e900bd
:1005b0008984e80054a0b4000b00e000e2ff3a0098
:1005c000000006009902ba00055d78008b05e9007d
:1005d000f7ff3200c82ade00055d78008b05e900d0
:1005e000f3ff32000c00e000f1ff320019ddba0029
:1005f000eeff37003600f800809fbe00829fbe00ed
:10060000849fbe00869fbe008e1f78003200f800d7
:100610003400f80010002000a00188001000200025
:1006200000d0fe00ee8747000088a9000210ab0052
:10063000250032000080800090f3890061f3810082
:1006400072f3810083f3810000027800a5f381003a
:10065000b6f3810040d323003e9802000100000061
:1006600000e881000000e0001400340081cf230086
:100670006c8057009a960200010000006c875700ba
:100680003e007800be00780060f3890071f38900b5
:100690003e007800be00780080f3890091f3890065
:1006a0001e0078009e009000a0f38900b1f389003d
:1006b00061f381004158880027003700e05f210086
:1006c0001008e800240037000080800030f3890023
:1006d00001f3810012f3810023f38100000278000e
:1006e00045f3810056f3810040d323003e98020079
:1006f0000100000000e881000000e0001400340068
:1007000081cf23006c8057009a9602000100000000
:100710006c8757003e007800be00780000f3890027
:1007200011f389003e007800be00780020f38900b4
:1007300031f389001e0078009e00900040f389008c
:1007400051f3890001f3810021588800020037002d
:10075000e05f21001008e800108080008080ea003f
:10076000e18060000000a10000807000108088001f
:10077000ef00b1003400f9003200f9004f077800b3
:100780004f03be004f02be004f01be004f00be002f
:100790003600f900004006003600f800809fbe00d9
:1007a000829fbe00849fbe00869fbe00881f780087
:1007b0003200f8003400f80010002000a00188008a
:1007c0001000200000d0fe0001c8a900b0e78100a1
:1007d0000008a3001c003a000028a3000d0032000e
:1007e000a7512100064e2100e565210044eb2300be
:1007f0008368210082cd2300c1cc230040cb23009d
:1008000038ff02000000000060cf23001020a1008c
:1008100026003700a7512100064e2100e565210082
:1008200044eb23008368210082cd230001cc230008
:1008300080ca230038ff02000000000060cf2300c0
:100840001020a0001900370068cf23001800a10075
:10085000102bef00202bef000629ef0013002000e3
:10086000023020004190200060902000ead4020075
:10087000010000001810a100b0ab8000c1ab8000e7
:10088000e25d21004406200005002000041940001c
:100890000591480083a88000e258210000824100b1
:1008a000e08248000489be0021c8a9003400f90094
:1008b0003200f9004f0478004f03be004f02be0023
:1008c0004f01be004f00be003600f9000040060098
:1008d0003200f8003400f800881f7800180020006b
:1008e000a80188001800200008d0fe004f047800fe
:1008f0000308a9003400f9003200f90000400600a6
:100900003200f8003400f800881f7800180020003a
:10091000a80188001800200008d0fe004f047800cd
:1009200000e8a9003400f9003200f9000040060098
:10093000809fbe00829fbe003200f8003400f800a5
:1009400010002000a00188001000200000d0fe0050
:100950000108a90090b0800070088800a0b0800055
:1009600081612100910f500001003e000e21ec003a
:1009700061612100910f500002003a0040612100a6
:100980000008eb00406121001008e800a06521008c
:1009900010007800610060000a003200a1612100af
:1009a0001100e80080087800a1632100910f500039
:1009b00004003900c06521001000a000a0612100e2
:1009c0000008eb00a06521001000780062006000c4
:1009d0000a003200c16121001100e800800878009f
:1009e000c1632100910f500004003900c06521004f
:1009f0001010a000c06121000008eb00e0b28000f0
:100a00000008a30008003200c16521000000a10019
:100a100080087800a0572100120020000300200069
:100a200010084100509049003400f9003200f900ec
:100a30004f01be004f00be0000400600809fbe0078
:100a4000829fbe00849fbe00869fbe00889fbe001e
:100a50008a9fbe008c9fbe008e1f78003200f80077
:100a60003400f80010002000a001880010002000d1
:100a700000d0fe000168a90061682100060c20007a
:100a8000c26621008567210083662100cd672100b1
:100a9000e4672100ee652100ec6621003600370096
:100aa0003711800011047800700064002c003a00b7
:100ab00012007800950f500025003d0013047800c7
:100ac0006145b9008a8fd2008b85d2000af0a1005f
:100ad0008a04d0003e00d000008544004220a800d7
:100ae000ae854d004200a9004220ae004200a800a1
:100af0000a85d300a00180008b047800a90188003a
:100b0000074d7800a00188000804e80088097800f3
:100b10001200e800000978009c0f5000010034002a
:100b2000000e7800950f540002003a000004eb001c
:100b300088097800140ae800868f53000e003a00f6
:100b4000930e78008004eb00090a78000a00370051
:100b50009d097800140950001140a00006003700dc
:100b6000868f530004003a00110078000050a00066
:100b70000040a100800878002202ab00c8ff3a00c4
:100b80002222ab00010032002222a9003400f90029
:100b90003200f9004f0778004f06be004f05be0037
:100ba0004f04be004f03be004f02be004f01be0007
:100bb0004f00be00004006003200f8003400f8008c
:100bc000881f780018002000a80188001800200065
:100bd00008d0fe004f04780003c8a9003400f900d3
:100be0003200f900004006003200f8003400f8003e
:100bf000881f780018002000a80188001800200035
:100c000008d0fe004f0478000188a9003400f900e4
:100c10003200f900004006003200f8003400f8000d
:100c2000881f780018002000a80188001800200004
:100c300008d0fe004f04780003e8a9003400f90052
:100c40003200f900004006003200f8003400f800dd
:100c5000881f780018002000a801880018002000d4
:100c600008d0fe004f0478000828a9003400f900dd
:100c70003200f900004006003200f8003400f800ad
:100c8000881f780018002000a801880018002000a4
:100c900008d0fe004f0478000848a9003400f9008d
:100ca0003200f90000400600c068a90000400600bc
:100cb00000400600c048a90000400600c088a90006
:100cc00000400600c0a8a900f02bef00004006007d
:100cd0000040da000000fe0000000500839f68006d
:100ce0000100e00002003d0060001000e0801800fc
:100cf0000300e00002003d0060011100e0811900e6
:100d0000050007004f00e00002003b0060001000fb
:100d1000e0801800000006006022b80006022000f3
:100d20000000d0008180d2000482d2008582d200ef
:100d30000000a0000202520083825a00030031002a
:100d40000202420083824a000000a1000603e9007b
:100d5000f3ff3a0000000600889fbe008a9fbe0095
:100d600030044200b0844a0030054b0090854b00af
:100d70006000b1000898be000a90be000440e10087
:100d800005c8e10006d0e10007d8e100020031000b
:100d9000680040001008e8004f05be004f04be0088
:100da00000000600889fbe008a9fbe0010047800e5
:100db0009004900020059000b005900004185400a5
:100dc00005985c0006185d0007985d001100200082
:100dd0000440e10005c8e10006d0e10007d8e100c9
:100de000010039008000eb00108810004f05be00a4
:100df0004f04be0000000600f4874700889fbe0035
:100e00008a9fbe008c9fbe008e1f7800d0b79f00c7
:100e1000e1b79f00f2b79f0083bf9f000605be00a9
:100e20000404be00cfae97000000eb00c0b79f00e7
:100e3000b0b79f00a0b79f0090b79f0080b79f00fa
:100e4000000678004fb09700000140000000e0006d
:100e500006003d003c0007000f0747004500070063
:100e60000f004000bcff07000500370036000700f8
:100e70000f0747003f0007000f004000c9ff0700b1
:100e80004fb797000e00e0000c0035005fb29700ee
:100e9000efb297007fb397008fbb97001000200040
:100ea000010020006011b80000027200818272000f
:100eb00002037300838373001c0007000c06e80024
:100ec00001042000810f5600deff3a000e00e00012
:100ed00005003d000802be000a03be0000fe2f0010
:100ee0000f0040009cff07000d00e00005003a00e5
:100ef0000fb297009fb297002fb39700bfb3970030
:100f00000a0007005fb09700efb097007fb197002d
:100f10008fb997004f0778004f06be004f05be00ff
:100f20004f04be004f01b1000000060001000700a1
:100f30000000060094b79f00a5b79f00b6b79f00ba
:100f4000c7b79f00000006009fb097004f08de0063
:100f500002017000a2b79f000fb097004f01de00a2
:100f6000818040008100710091b79f000efe2f002c
:100f700000000600de0078004f09de00000040009f
:100f80000000710080b79f006fa897004f01de003e
:100f900081804000010f71000e0007004f3ade0013
:100fa0000000400004007000e0af9f00090007004f
:100fb0000402420085824a0006034b0087834b00ef
:100fc000dcff07000802be000a03be0000fe2f007f
:100fd000000006001fb29700afb297003fb3970022
:100fe000cfb3970000000600881f7800180020008b
:100ff000881f780080ff07008f87e9004f04780082
:1010000000000600801feb007bff07008f87e900d0
:1010100000000600889fbe008a9fbe00e00f5000bf
:10102000e08f5800e00f5900e08f59000c003d00a0
:101030006044b8006055b8000000540081805c0036
:1010400002015d0083815d0018002000150007008b
:1010500008003d00180007000004eb000500370001
:101060000004eb000f00070002003d001200070023
:1010700018002000dcff07000800e0000600320036
:101080006022b8006033b8000000520081805a002e
:1010900002015b0083815b004f05be004f04be0070
:1010a00000000600e00f5200e08f5a00e00f5b00e6
:1010b000e08f5b00000006006044b8006055b80097
:1010c0000402540085825c0006035d0087835d0096
:1010d00000000600889fbe008a9fbe008c1f78001b
:1010e000e00f5000e08f5800e00f5900e08f5900ea
:1010f0000d003d006044b8006055b8000000540089
:1011000081805c0002015d0083815d001c00200085
:101110000820e10009a8e1000ab0e1000bb8e100f5
:101120000d003d00080037000006eb00e00f520004
:10113000e08f5a00e00f5b00e08f5b0006003d008f
:101140006044b8006055b8000402540085825c0019
:1011500006035d0087835d00aaff07000c00e00026
:10116000060032006022b8006033b8000000520070
:1011700081805a0002015b0083815b004f0678008a
:0c1180004f05be004f04be00000006003a
:020000040000fa
:10118c003a300000323000003030000030300000c7
:10119c00343000003030000061660000300a00007e
:1011ac003a31000030380000383000003030000098
:1011bc003032000066300000386200003030000031
:1011cc0030380000383900006662000065300000dd
:1011dc0030380000613900006662000065300000a4
:1011ec003038000063390000666200006530000092
:1011fc0030630000630a00003a3100003038000010
:10120c00383100003030000030380000653100000b
:10121c006637000038300000306300003365000092
:10122c0038610000393000003032000031360000e7
:10123c0038610000393000003032000031380000d5
:10124c00386100003930000030350000620a0000bf
:10125c003a310000303800003832000030300000e5
:10126c0030300000313600003861000039300000a9
:10127c003030000031380000386100003930000097
:10128c00306300003032000038650000663000002a
:10129c003034000034320000376500006630000046
:1012ac0030640000330a00003a310000303800008e
:1012bc003833000030300000303600003030000091
:1012cc003432000030300000303300003033000086
:1012dc0061380000383000003066000030660000d5
:1012ec0065320000663000003030000030370000fe
:1012fc00303800003830000030610000640a000013
:10130c003a31000030380000383400003030000032
:10131c0030650000306200003232000038300000ce
:10132c003038000030370000303800003830000012
:10133c00303000003432000065650000663000007b
:10134c00303000003030000035320000303000000a
:10135c0030620000300a00003a31000030380000e2
:10136c0038350000303000003061000030370000ac
:10137c0030380000383000003031000030300000d0
:10138c0030320000303000003037000030370000c1
:10139c003038000038300000303100006532000079
:1013ac00656500006630000030610000640a0000d2
:1013bc003a31000030380000383600003030000080
:1013cc0030300000633200006565000066300000bc
:1013dc0030310000633200006565000066300000ab
:1013ec00303000006132000065650000663000009e
:1013fc00303100006132000065650000663000008d
:10140c0030340000380a00003a3100003038000057
:10141c0038370000303000003030000030660000fb
:10142c0063320000663000003032000032330000be
:10143c00343800003030000030380000323000000a
:10144c003036000030300000303000003130000009
:10145c00306100003030000030370000340a0000ea
:10146c003a310000303800003838000030300000cd
:10147c0030320000313300003438000038300000c6
:10148c003030000031660000383200006630000059
:10149c0030320000333300003638000030300000aa
:1014ac003038000033380000303600003030000097
:1014bc0030610000370a00003a310000303800007b
:1014cc003839000030300000303500003130000079
:1014dc003262000033300000303200003133000043
:1014ec003638000038300000303000003433000053
:1014fc003438000030300000303800003430000048
:10150c00303600003030000030350000370a000063
:10151c003a310000303800003861000030300000f3
:10152c0030330000313000003062000033300000f6
:10153c003030000031330000343800003830000007
:10154c0030380000383000003662000036300000c1
:10155c0030300000303400003061000030300000ca
:10156c0030300000330a00003a31000030380000ff
:10157c00386200003030000030340000303300009e
:10158c003438000038300000303000006132000088
:10159c00656100003830000030310000613200001d
:1015ac00656100003830000030320000303200003d
:1015bc00326500006630000030620000620a0000f4
:1015cc003a31000030380000386300003030000041
:1015dc003066000030310000313200003030000045
:1015ec003034000030310000313800003830000059
:1015fc00303800003030000030320000383000004d
:10160c00303000003031000031380000383000003c
:10161c0030360000640a00003a3100003038000017
:10162c0038640000303000003030000030350000ed
:10163c003132000030300000303100003031000019
:10164c0031380000383000003038000030300000f5
:10165c0034300000393000003030000030300000f1
:10166c00303000003030000030660000310a0000dd
:10167c003a3100003038000038650000303000008e
:10168c003031000035610000656100003830000029
:10169c003031000034650000656100003830000016
:1016ac003031000035380000656100003830000032
:1016bc0030310000356300006561000038300000f7
:1016cc0030390000640a00003a3100003038000064
:1016dc003866000030300000303000003030000040
:1016ec003032000032300000303000003130000069
:1016fc00303200003030000030300000323000005a
:10170c003032000033300000303000003330000045
:10171c00303200003030000030650000640a0000f8
:10172c003a31000030380000393000003030000011
:10173c0030300000303000003865000062300000ae
:10174c003036000032300000303400003030000001
:10175c0030650000303800003034000038300000b4
:10176c0030380000323000006635000030300000a8
:10177c0030340000390a00003a31000030380000e3
:10178c0039310000303000003038000033380000b0
:10179c0066350000383000003066000061660000dd
:1017ac00663300006130000030360000303300003a
:1017bc0033620000383000003065000036610000f4
:1017cc00373900006630000030340000330a000066
:1017dc003a3100003038000039320000303000005f
:1017ec0030660000376100003739000066300000b9
:1017fc003031000034300000303200003030000056
:10180c0030390000343900006639000066300000c1
:10181c0030300000303000003465000062300000d1
:10182c0030310000350a00003a3100003038000039
:10183c0039330000303000003061000038390000ce
:10184c00663900006630000030360000303500008c
:10185c003562000038300000306200006161000029
:10186c003739000066300000306300006261000010
:10187c00373900006630000030640000330a000085
:10188c003a310000303800003934000030300000ac
:10189c003066000061390000373900006630000006
:1018ac0030380000623900006639000066300000f4
:1018bc003038000038300000353700003830000078
:1018cc0030640000626100003739000066300000af
:1018dc0030300000380a00003a3100003038000087
:1018ec003935000030300000303600003031000057
:1018fc0031620000383000003038000062300000e7
:10190c0032370000383000003063000035390000f9
:10191c006639000066300000306200003539000086
:10192c00663900006630000030660000330a0000a3
:10193c003a310000303800003936000030300000f9
:10194c003064000035390000663900006630000054
:10195c003066000035390000663900006630000042
:10196c003065000035390000663900006630000033
:10197c00303600003030000030620000383000009b
:10198c0030380000360a00003a31000030380000d0
:10199c003937000030300000303000006330000078
:1019ac00303200003230000030380000636100003b
:1019bc0037390000663000003063000064660000b8
:1019cc003932000066300000303800006438000006
:1019dc00363400003730000030610000380a000057
:1019ec003a31000030380000393800003030000047
:1019fc0030650000643900003739000066300000a3
:101a0c0030300000643800003365000038300000ce
:101a1c0030360000313300003462000038300000f2
:101a2c0030620000383900003739000066300000a1
:101a3c0030310000310a00003a310000303800002b
:101a4c0039390000303000003063000039390000b3
:101a5c003739000066300000303400003966000071
:101a6c003932000066300000303800003938000090
:101a7c003434000037300000306400003939000085
:101a8c00373900006630000030300000340a0000a6
:101a9c003a3100003038000039610000303000006d
:101aac003030000039380000356500003830000057
:101abc0030610000613900003739000066300000e9
:101acc00303000003630000030330000373000007a
:101adc0030360000666100003639000037300000f7
:101aec0030380000380a00003a310000303800006d
:101afc003962000030300000306600006661000082
:101b0c00363900003730000030360000313000002c
:101b1c0036340000363000003065000030380000ec
:101b2c003634000065300000306500006361000051
:101b3c00373900006630000030650000380a0000bc
:101b4c003a310000303800003963000030300000ba
:101b5c003066000064610000373900006630000018
:101b6c0030300000343000003065000030300000b0
:101b7c0030310000323000003033000032300000d1
:101b8c0030300000363200003432000034300000b7
:101b9c0030650000650a00003a3100003038000062
:101bac00396400003030000030660000373000002f
:101bbc00303200003030000030360000666100002a
:101bcc0034390000373000003066000066610000d8
:101bdc003439000037300000303800003630000057
:101bec00663500003430000030620000330a00001b
:101bfc003a31000030380000396500003030000008
:101c0c0030380000373800006635000063300000c3
:101c1c0030300000623000003033000061300000d2
:101c2c00303000003731000030320000303000001e
:101c3c0030300000303000003462000065300000ad
:101c4c0030640000370a00003a31000030380000e0
:101c5c003966000030300000303100006131000086
:101c6c00313800003030000030380000613800009e
:101c7c00303600003330000030660000646600002f
:101c8c006633000032300000303000003830000085
:101c9c00306200006530000030360000620a00003f
:101cac003a31000030380000613000003030000064
:101cbc00306200003630000034320000303000005a
:101ccc00303200003631000031380000383000006e
:101cdc00303600003036000036620000383000002c
:101cec003065000063610000373900006630000089
:101cfc0030310000640a00003a3100003038000036
:101d0c00613100003030000030660000646100007a
:101d1c0037390000663000003030000030360000eb
:101d2c0030660000653000003032000032300000b8
:101d3c003261000062300000306500003366000044
:101d4c00663300003230000030640000320a0000bc
:101d5c003a310000303800006132000030300000b1
:101d6c0030330000343100003138000030300000d6
:101d7c0030320000363000003532000030300000c8
:101d8c00303800003630000066350000323000007c
:101d9c003030000032300000303300006130000081
:101dac0030310000330a00003a31000030380000b6
:101dbc006133000030300000303000003030000063
:101dcc003066000065300000303100003330000018
:101ddc003033000037300000303600003630000061
:101dec003532000030300000303800003630000052
:101dfc00663500003230000030370000630a000006
:101e0c003a310000303800006134000030300000fe
:101e1c003031000030300000303300006130000001
:101e2c00303000003631000030320000303000001d
:101e3c0030380000353000003337000038300000f7
:101e4c00303000003030000032620000653000009d
:101e5c0030650000360a00003a31000030380000ce
:101e6c0061350000303000003030000037300000a9
:101e7c003037000038300000303100006431000091
:101e8c003138000030300000303800006430000081
:101e9c00303600003330000030660000646600000d
:101eac00663300003230000030630000620a00002c
:101ebc003a3100003038000061360000303000004c
:101ecc003030000030300000333700003830000074
:101edc00303000003430000030620000653000000b
:101eec003038000036300000323700003830000047
:101efc003034000034300000343200003030000048
:101f0c0030360000310a00003a3100003038000051
:101f1c0061370000303000003032000034310000f6
:101f2c0031380000383000003031000035630000db
:101f3c0065610000393000003030000030300000a6
:101f4c003265000062300000306400003461000033
:101f5c00373900006630000030610000360a00009e
:101f6c003a31000030380000613800003030000099
:101f7c003036000062300000313300003730000092
:101f8c003035000066610000343900003730000045
:101f9c00303600003134000033620000393000006c
:101fac003065000061300000663500003330000001
:101fbc0030300000300a00003a31000030380000a8
:101fcc00613900003030000030650000303800000e
:101fdc0066350000623000003036000036300000fc
:101fec003133000065300000303000003630000026
:101ffc00363000003130000030300000613000001d
:10200c00303300003730000030310000390a000056
:10201c003a310000303800006161000030300000bf
:10202c0030340000643000003033000037300000e2
:10203c003036000033300000303300003730000001
:10204c0030370000643000003033000037300000bf
:10205c0030390000323000003033000037300000df
:10206c0030320000620a00003a31000030380000c3
:10207c006162000030300000306100003930000037
:10208c003033000037300000306300003030000087
:10209c003033000037300000306400006330000043
:1020ac003033000037300000306600003130000063
:1020bc00303300003730000030610000340a00007b
:1020cc003a3100003038000061630000303000000d
:1020dc003030000063300000313300003730000036
:1020ec003033000062300000313300003730000024
:1020fc0030310000356300006561000039300000ac
:10210c003061000036300000333200003030000007
:10211c0030390000610a00003a310000303800000c
:10212c0061640000303000003038000036300000b0
:10213c0066350000323000003035000036300000cb
:10214c003133000061300000303900006639000086
:10215c0063390000373000003030000039300000a7
:10216c00306500003030000030360000330a0000cb
:10217c003a3100003038000061650000303000005a
:10218c0030330000353000003033000032300000b6
:10219c00303200006332000037650000663000000a
:1021ac0030320000613200003765000066300000fc
:1021bc00303300003030000030320000343000008a
:1021cc0030340000390a00003a3100003038000089
:1021dc006166000030300000303400003033000005
:1021ec003938000038300000303000003630000044
:1021fc0030660000633000003035000030300000e5
:10220c003532000030300000303700003033000031
:10221c00393800003830000030630000640a0000d8
:10222c003a310000303800006230000030300000dd
:10223c0030610000303000006132000030300000ae
:10224c0030370000303300003938000038300000df
:10225c003032000039650000376100003830000072
:10226c0030300000303000003030000030300000e2
:10227c0030620000320a00003a31000030380000b1
:10228c00623100003030000030300000303000008f
:10229c0030300000303000003032000038300000a8
:1022ac0037650000323000003066000065660000c3
:1022bc006633000035300000303000003030000054
:1022cc00356500006230000030320000320a000038
:1022dc003a3100003038000062320000303000002b
:1022ec003064000061380000663900006630000080
:1022fc0030610000303000006632000030300000e9
:10230c0030610000303000003238000038300000fe
:10231c003030000031340000303200003430000026
:10232c0030640000660a00003a31000030380000ca
:10233c0062330000303000003030000031300000db
:10234c006462000062300000303200003030000067
:10235c0030320000303000003030000030380000e7
:10236c006462000062300000303500003130000043
:10237c00303200003030000030370000330a0000eb
:10238c003a31000030380000623400003030000078
:10239c003030000031300000386200006230000044
:1023ac003038000061300000303700003830000059
:1023bc00303000003138000038620000623000001c
:1023cc0030320000633200003765000066300000d8
:1023dc0030640000390a00003a3100003038000047
:1023ec0062350000303000003032000061320000f5
:1023fc0037650000663000003031000030300000de
:10240c003032000034300000303400003033000033
:10241c003938000038300000303000003630000011
:10242c00306600006330000030390000650a00009f
:10243c003a310000303800006236000030300000c5
:10244c0030350000303000003532000030300000f4
:10245c0030370000303300003938000038300000cd
:10246c00306100003030000061320000303000007c
:10247c0030370000303300003938000038300000ad
:10248c0030360000340a00003a31000030380000c9
:10249c006237000030300000303200003965000037
:1024ac003761000038300000303000003030000060
:1024bc003030000030300000303000003030000090
:1024cc003030000030300000303200003830000076
:1024dc00376500003230000030320000630a000023
:1024ec003a31000030380000623800003030000013
:1024fc003066000065660000663300003530000071
:10250c0030300000303000003065000062300000d8
:10251c003061000030380000663900006630000081
:10252c003062000030380000663900006630000070
:10253c0030310000630a00003a31000030380000ee
:10254c006239000030300000306300003038000089
:10255c006639000066300000303900003039000068
:10256c006639000066300000306600006330000001
:10257c003032000030300000303000006430000099
:10258c00303200003030000030640000300a0000af
:10259c003a31000030380000626100003030000039
:1025ac0030620000636100003739000066300000c3
:1025bc0030630000646100003739000066300000b1
:1025cc003030000032380000303200003030000073
:1025dc00303000003330000030320000303000006a
:1025ec0030650000620a00003a310000303800000b
:1025fc0062620000303000003034000030300000e7
:10260c00303200003030000030300000313000003b
:10261c003032000030300000306400006661000091
:10262c0036390000373000003038000064300000cc
:10263c00366500003830000030390000640a0000b4
:10264c003a31000030380000626300003030000086
:10265c00306400006461000037390000663000000f
:10266c00303800003030000032650000623000006d
:10267c003063000035390000663900006630000018
:10268c003062000035390000663900006630000009
:10269c0030310000660a00003a310000303800008a
:1026ac0062640000303000003064000035390000f6
:1026bc00663900006630000030340000383000000d
:1026cc003333000037300000303100003538000063
:1026dc0065610000393000003030000036660000c3
:1026ec00643200006630000030380000320a00000e
:1026fc003a310000303800006265000030300000d4
:10270c00303000003430000033340000333000002f
:10271c0030650000393000006635000033300000b1
:10272c0030300000643000003033000036300000e0
:10273c00306600003666000039320000663000005a
:10274c0030380000660a00003a31000030380000d2
:10275c006266000030300000303000003430000081
:10276c003334000033300000306500003530000099
:10277c00663500003330000030300000333000008c
:10278c003033000065300000303900003666000040
:10279c00613200006630000030650000340a000031
:1027ac003a31000030380000633000003030000057
:1027bc00303000003430000033340000333000007f
:1027cc00303000003630000030330000373000006d
:1027dc003066000036660000623200006630000091
:1027ec00303000003430000033340000333000004f
:1027fc0030370000330a00003a3100003038000056
:10280c0063310000303000003065000035300000ce
:10281c0066350000333000003035000033300000e6
:10282c00333300006530000030390000366600009c
:10283c00633200006630000030300000343000009d
:10284c00333400003330000030360000650a0000dd
:10285c003a310000303800006332000030300000a4
:10286c003034000034330000336400006430000066
:10287c003062000036390000663900006630000016
:10288c0030320000343000003032000030300000b4
:10289c0030640000346100003739000066300000fd
:1028ac0030390000650a00003a3100003038000071
:1028bc0063330000303000003066000066300000ea
:1028cc003033000037300000303100003465000038
:1028dc0065610000393000003030000036660000c1
:1028ec0064320000663000003030000034300000ec
:1028fc00333400003330000030640000370a00002d
:10290c003a310000303800006334000030300000f1
:10291c0030650000393000006635000033300000af
:10292c0030300000643000003033000036300000de
:10293c003066000036660000393200006630000058
:10294c0030300000343000003334000033300000ed
:10295c0030320000650a00003a31000030380000c7
:10296c006335000030300000306500003530000069
:10297c00663500003330000030300000333000008a
:10298c00303300006530000030390000366600003e
:10299c00613200006630000030300000343000003e
:1029ac00333400003330000030380000330a0000ac
:1029bc003a3100003038000063360000303000003f
:1029cc00303000003630000030330000373000006b
:1029dc00306600003666000062320000663000008f
:1029ec00303000003430000033340000333000004d
:1029fc0030650000353000006635000033300000d3
:102a0c0030310000360a00003a3100003038000046
:102a1c0063370000303000003034000034300000e8
:102a2c00333300006530000030390000366600009a
:102a3c00633200006630000030300000343000009b
:102a4c00333400003330000030620000663900007f
:102a5c00623900003730000030370000330a0000c4
:102a6c003a3100003038000063380000303000008c
:102a7c0030380000373000003337000033300000ae
:102a8c003062000037390000663900006630000003
:102a9c003035000066390000633900003730000023
:102aac003030000037300000343400003430000087
:102abc0030310000310a00003a310000303800009b
:102acc0063390000303000003064000038390000f9
:102adc0066390000663000003033000039300000e9
:102aec0030320000303000003064000039610000ea
:102afc0037390000663000003065000034300000cb
:102b0c00303300003730000030320000620a000021
:102b1c003a310000303800006361000030300000b2
:102b2c003030000036660000643200006630000071
:102b3c0030300000343000003334000033300000fb
:102b4c00306500003930000066350000333000007d
:102b5c0030300000643000003033000036300000ac
:102b6c0030620000610a00003a3100003038000089
:102b7c0063620000303000003066000036660000f2
:102b8c003932000066300000303000003430000074
:102b9c003334000033300000306500003530000065
:102bac006635000033300000303000003330000058
:102bbc00303300006530000030630000340a000040
:102bcc003a31000030380000636300003030000000
:102bdc0030390000366600006132000066300000bb
:102bec00303000003430000033340000333000004b
:102bfc003030000036300000303300003730000039
:102c0c00306600003666000062320000663000005c
:102c1c0030330000650a00003a3100003038000003
:102c2c0063640000303000003030000034300000ad
:102c3c0033340000333000003065000035300000c4
:102c4c0066350000333000003033000032300000b5
:102c5c003333000065300000303900003666000068
:102c6c00633200006630000030630000660a00002a
:102c7c003a3100003038000063650000303000004d
:102c8c0030300000343000003334000033300000aa
:102c9c003034000063330000336400006430000003
:102cac0030650000363900006639000066300000df
:102cbc003034000061300000303200003030000051
:102ccc0030350000300a00003a3100003038000086
:102cdc006366000030300000306400006161000069
:102cec0037390000663000003063000065300000aa
:102cfc003033000037300000303000003666000002
:102d0c0064320000663000003030000034300000c7
:102d1c00333400003330000030640000330a00000c
:102d2c003a310000303800006430000030300000d0
:102d3c00306500003930000066350000333000008b
:102d4c0030300000643000003033000036300000ba
:102d5c003066000036660000393200006630000034
:102d6c0030300000343000003334000033300000c9
:102d7c0030360000640a00003a31000030380000a0
:102d8c006431000030300000306500003530000048
:102d9c006635000033300000303000003330000066
:102dac00303300006530000030390000366600001a
:102dbc00613200006630000030300000343000001a
:102dcc00333400003330000030630000320a00005e
:102ddc003a3100003038000064320000303000001e
:102dec003030000036300000303300003730000047
:102dfc00306600003666000062320000663000006b
:102e0c003030000034300000333400003330000028
:102e1c0030650000353000006635000033300000ae
:102e2c0030350000350a00003a310000303800001f
:102e3c0064330000303000003032000034300000c9
:102e4c003333000065300000303900003666000076
:102e5c006332000066300000303000003430000077
:102e6c0033340000333000003034000038330000bd
:102e7c00336400006430000030360000620a000049
:102e8c003a3100003038000064340000303000006b
:102e9c0030650000663900006439000037300000ee
:102eac00303800006230000035370000333000004d
:102ebc0030650000623900006639000066300000a1
:102ecc00303500006330000030320000303000003c
:102edc0030350000380a00003a310000303800006c
:102eec006435000030300000306400006361000085
:102efc0037390000663000003062000036300000c8
:102f0c0030330000373000003030000036660000ef
:102f1c0064320000663000003030000034300000b5
:102f2c00333400003330000030380000380a000021
:102f3c003a310000303800006436000030300000b8
:102f4c003065000039300000663500003330000079
:102f5c0030300000643000003033000036300000a8
:102f6c003066000036660000393200006630000022
:102f7c0030300000343000003334000033300000b7
:102f8c0030300000640a00003a3100003038000094
:102f9c006437000030300000306500003530000030
:102fac006635000033300000303000003330000054
:102fbc003033000065300000303900003666000008
:102fcc006132000066300000303000003430000008
:102fdc00333400003330000030360000320a000079
:102fec003a31000030380000643800003030000006
:102ffc003030000036300000303300003730000035
:10300c003066000036660000623200006630000058
:10301c003030000034300000333400003330000016
:10302c00306500003530000066350000333000009c
:10303c0030660000350a00003a31000030380000dc
:10304c0064390000303000003031000034300000b2
:10305c003333000065300000303900003666000064
:10306c006332000066300000303000003430000065
:10307c0033340000333000003034000034330000af
:10308c00336400006430000030310000660a000038
:10309c003a3100003038000064610000303000002c
:1030ac0030650000663900006539000037300000db
:1030bc003038000064300000363700003330000038
:1030cc00306500006439000066390000663000008d
:1030dc003036000034300000303200003030000058
:1030ec0030650000610a00003a3100003038000001
:1030fc006462000030300000306400003461000075
:10310c0037390000663000003039000065300000af
:10311c0030330000373000003030000036660000dd
:10312c0064320000663000003030000034300000a3
:10313c00333400003330000030340000380a000013
:10314c003a31000030380000646300003030000079
:10315c003065000039300000663500003330000067
:10316c003030000064300000303300003630000096
:10317c003066000036660000393200006630000010
:10318c0030300000343000003334000033300000a5
:10319c0030610000640a00003a3100003038000051
:1031ac0064640000303000003065000035300000f1
:1031bc006635000033300000303000003330000042
:1031cc0030330000653000003039000036660000f6
:1031dc0061320000663000003030000034300000f6
:1031ec00333400003330000030300000320a00006d
:1031fc003a310000303800006465000030300000c7
:10320c003030000036300000303300003730000022
:10321c003066000036660000623200006630000046
:10322c003030000034300000333400003330000004
:10323c00306500003530000066350000333000008a
:10324c0030390000350a00003a31000030380000f7
:10325c006466000030300000303000003430000074
:10326c003333000065300000303900003666000052
:10327c006332000066300000303000003430000053
:10328c003334000033300000306500006639000034
:10329c00623900003730000030300000320a000084
:1032ac003a3100003038000065300000303000004a
:1032bc003038000037300000333700003330000066
:1032cc0030650000373900006639000066300000b8
:1032dc0030340000383300006264000065300000b8
:1032ec0030300000373800003266000062300000d9
:1032fc0030350000620a00003a310000303800001e
:10330c0065310000303000003030000034300000f7
:10331c0032340000333000003035000066390000d4
:10332c0063390000373000003030000034300000ca
:10333c0034340000343000003064000038390000b0
:10334c00663900006630000030310000350a00009c
:10335c003a31000030380000653200003030000097
:10336c0030370000393000003032000030300000bf
:10337c00306400003961000037390000663000000d
:10338c00303800003130000030330000373000009e
:10339c0030300000366600006432000066300000f9
:1033ac0030610000300a00003a3100003038000073
:1033bc006533000030300000303000003430000045
:1033cc003334000033300000306500003930000029
:1033dc0066350000333000003030000064300000ef
:1033ec0030330000363000003066000036660000d6
:1033fc00393200006630000030330000630a0000f0
:10340c003a310000303800006534000030300000e4
:10341c003030000034300000333400003330000012
:10342c003065000035300000663500003330000098
:10343c0030300000333000003033000065300000c5
:10344c003039000036660000613200006630000042
:10345c0030390000310a00003a31000030380000e9
:10346c006535000030300000303000003430000092
:10347c0033340000333000003030000036300000b0
:10348c003033000037300000306600003666000034
:10349c006232000066300000303000003430000032
:1034ac00333400003330000030320000310a0000a9
:1034bc003a31000030380000653600003030000032
:1034cc0030650000353000006635000033300000f8
:1034dc0030650000663000003233000065300000bb
:1034ec0030390000366600006332000066300000a0
:1034fc003030000034300000333400003330000032
:10350c0030380000310a00003a3100003038000039
:10351c0065370000303000003034000034330000d8
:10352c00336400006430000030660000363900005f
:10353c006639000066300000303800006130000051
:10354c003032000030300000306400006161000057
:10355c00373900006630000030610000300a00008e
:10356c003a3100003038000065380000303000007f
:10357c00303600006230000030330000373000007d
:10358c003030000036660000643200006630000007
:10359c003030000034300000333400003330000091
:1035ac003065000039300000663500003330000013
:1035bc0030370000390a00003a3100003038000082
:1035cc0065390000303000003030000064300000fd
:1035dc0030330000363000003066000036660000e4
:1035ec00393200006630000030300000343000000a
:1035fc0033340000333000003065000035300000fb
:10360c00663500003330000030650000300a0000e1
:10361c003a310000303800006561000030300000a5
:10362c0030300000333000003033000065300000d3
:10363c003039000036660000613200006630000050
:10364c0030300000343000003334000033300000e0
:10365c0030300000363000003033000037300000ce
:10366c0030330000620a00003a31000030380000ac
:10367c0065620000303000003066000036660000e5
:10368c006232000066300000303000003430000040
:10369c00333400003330000030650000353000005a
:1036ac00663500003330000030650000313000001a
:1036bc00323300006530000030650000300a000035
:1036cc003a310000303800006563000030300000f3
:1036dc0030390000366600006332000066300000ae
:1036ec003030000034300000333400003330000040
:1036fc003066000066390000643900003730000085
:10370c0030380000623000003537000033300000e4
:10371c0030360000310a00003a3100003038000029
:10372c006564000030300000306600006239000033
:10373c006639000066300000303500006639000044
:10374c006539000037300000303000006230000076
:10375c00363400003630000030640000633900005d
:10376c00663900006630000030350000340a000075
:10377c003a31000030380000656500003030000040
:10378c00303900006430000030320000303000006e
:10379c0030640000646100003739000066300000be
:1037ac003030000030300000326500006230000024
:1037bc0030630000343900006639000066300000c8
:1037cc0030620000330a00003a310000303800004b
:1037dc0065660000303000003034000066300000b8
:1037ec0030330000373000003065000064300000da
:1037fc0066350000323000003030000032300000fe
:10380c0030330000323000003065000061300000c1
:10381c00663500003230000030310000660a0000ce
:10382c003a310000303800006630000030300000c3
:10383c003030000063300000303300006130000095
:10384c0030310000353000003032000030300000e4
:10385c00303200006637000062390000373000005b
:10386c00303000003630000034650000303000008d
:10387c0030620000620a00003a310000303800006b
:10388c006631000030300000303000003130000074
:10389c003033000032300000303200003530000090
:1038ac003032000030300000303100003561000053
:1038bc0065610000383000003031000034650000d4
:1038cc00656100003830000030630000340a0000ed
:1038dc003a31000030380000663200003030000011
:1038ec0030310000353800006561000038300000d0
:1038fc003031000035630000656100003830000095
:10390c0030380000303000003365000062300000b9
:10391c003064000037610000373900006630000069
:10392c0030650000300a00003a31000030380000e9
:10393c006633000030300000303300006630000089
:10394c00303300003730000030340000663900009e
:10395c006339000037300000303000003830000090
:10396c003364000030300000303200003966000053
:10397c00373200006630000030300000660a00006c
:10398c003a3100003038000066340000303000005e
:10399c003038000066380000343400003430000049
:1039ac003030000036380000333400003430000072
:1039bc0030300000303000006265000062300000e2
:1039cc0030300000366600006432000066300000c3
:1039dc0030640000350a00003a3100003038000035
:1039ec00663500003030000030300000343000000c
:1039fc0033340000333000003065000039300000f3
:103a0c0066350000333000003030000064300000b8
:103a1c00303300003630000030660000366600009f
:103a2c00393200006630000030310000620a0000bc
:103a3c003a310000303800006636000030300000ab
:103a4c0030300000343000003334000033300000dc
:103a5c003065000035300000663500003330000062
:103a6c00303000003330000030330000653000008f
:103a7c00303900003666000061320000663000000c
:103a8c0030370000300a00003a31000030380000b6
:103a9c006637000030300000303000003430000059
:103aac00333400003330000030300000363000007a
:103abc0030330000373000003066000036660000fe
:103acc0062320000663000003030000034300000fc
:103adc00333400003330000030300000300a000076
:103aec003a310000303800006638000030300000f9
:103afc0030650000353000006635000033300000c2
:103b0c0030620000373000003233000065300000b6
:103b1c003039000036660000633200006630000069
:103b2c0030300000343000003334000033300000fb
:103b3c0030390000380a00003a31000030380000fb
:103b4c006639000030300000303400006639000067
:103b5c006439000037300000303000006130000064
:103b6c003264000030300000303400003433000088
:103b7c003364000064300000303800003630000040
:103b8c00353700003830000030310000620a000088
:103b9c003a3100003038000066610000303000001f
:103bac003065000034300000386200003130000015
:103bbc0030380000623300003737000061300000fd
:103bcc003061000063300000303200003030000003
:103bdc00306400006361000037390000663000007b
:103bec0030660000610a00003a31000030380000f5
:103bfc00666200003030000030310000663000009a
:103c0c0030330000373000003030000036660000e2
:103c1c0064320000663000003030000034300000a8
:103c2c0033340000333000003065000039300000c0
:103c3c00663500003330000030390000340a0000d3
:103c4c003a3100003038000066630000303000006c
:103c5c00303000006430000030330000363000009b
:103c6c003066000036660000393200006630000015
:103c7c0030300000343000003334000033300000aa
:103c8c003065000035300000663500003330000030
:103c9c0030610000660a00003a3100003038000044
:103cac00666400003030000030300000333000001b
:103cbc0030330000653000003039000036660000fb
:103ccc0061320000663000003030000034300000fb
:103cdc003334000033300000303000003630000048
:103cec00303300003730000030300000610a000033
:103cfc003a310000303800006665000030300000ba
:103d0c00306600003666000062320000663000004b
:103d1c003030000034300000333400003330000009
:103d2c00306500003530000066350000333000008f
:103d3c003061000035300000323300006530000087
:103d4c0030650000620a00003a3100003038000093
:103d5c006666000030300000303900003666000026
:103d6c006332000066300000303000003430000058
:103d7c00333400003330000030630000663900003b
:103d8c00653900003730000030300000643000002e
:103d9c00326400003030000030380000330a00007c
:103dac003a31000030390000303000003030000073
:103dbc0030320000376600003732000066300000f9
:103dcc003038000066380000333400003330000017
:103ddc003030000034380000323400003330000042
:103dec003031000034300000333700003330000035
:103dfc0030360000620a00003a3100003039000011
:103e0c00303100003030000030300000363000001f
:103e1c006137000038300000303500006639000092
:103e2c0063390000373000003030000036300000bd
:103e3c0034340000343000003064000038390000a5
:103e4c00663900006630000030640000320a000061
:103e5c003a310000303900003032000030300000c0
:103e6c003038000064300000366500003830000047
:103e7c0030630000643900006639000066300000d1
:103e8c003039000039300000303200003030000092
:103e9c0030640000396100003739000066300000e2
:103eac0030650000320a00003a3100003039000061
:103ebc003033000030300000306500003138000035
:103ecc006635000032300000303300003030000026
:103edc0032330000613000003037000066390000da
:103eec0064390000373000003065000031300000cc
:103efc00663500003530000030300000610a0000eb
:103f0c003a3100003039000030340000303000000d
:103f1c0030650000633000003033000032300000a8
:103f2c0030300000333000003033000039300000f6
:103f3c00306500003430000066350000353000007c
:103f4c003030000066300000323300006130000079
:103f5c0030330000330a00003a31000030390000e1
:103f6c0030350000303000003030000039300000b7
:103f7c003233000037300000306200006639000038
:103f8c006539000037300000303600003136000053
:103f9c006562000038300000306100006362000090
:103fac00373900006630000030350000310a00005f
:103fbc003a3100003039000030360000303000005b
:103fcc003062000064620000373900006630000087
:103fdc0030650000303000006635000036300000df
:103fec003065000030380000663500006530000098
:103ffc0030300000633000003233000032300000fb
:10400c0030390000620a00003a31000030390000fb
:10401c0030370000303000003037000066390000c7
:10402c0033390000373000003038000066390000aa
:10403c00623900003730000030630000303300007c
:10404c003264000064300000303000003430000076
:10405c00303200003030000030390000330a0000ec
:10406c003a310000303900003038000030300000a8
:10407c0030650000663900006239000037300000fe
:10408c00303000003438000032340000333000008f
:10409c003065000030380000323400006130000020
:1040ac003030000030300000346500006230000019
:1040bc0030350000620a00003a310000303900004f
:1040cc003039000030300000303600003033000052
:1040dc00336200003830000030310000393000000d
:1040ec0030320000303000003063000039610000d5
:1040fc006639000066300000303200006266000055
:10410c00373200006630000030650000340a0000d1
:10411c003a310000303900003061000030300000ce
:10412c0030380000663800003534000035300000af
:10413c003036000031350000646200003830000079
:10414c003038000061620000373900006630000032
:10415c003039000062620000373900006630000020
:10416c0030320000300a00003a31000030390000d3
:10417c003062000030300000303300006661000017
:10418c0036390000373000003063000066610000f3
:10419c003639000037300000303800006330000042
:1041ac006635000032300000303800006438000002
:1041bc00663500006130000030630000350a0000f5
:1041cc003a3100003039000030630000303000001c
:1041dc003038000030300000303300003630000042
:1041ec003036000033300000353400003030000031
:1041fc0030650000303800003534000038300000e5
:10420c003065000061610000663900006630000016
:10421c0030350000640a00003a31000030390000eb
:10422c003064000030300000306600006261000035
:10423c006639000066300000306600006333000011
:10424c00663200003430000030350000643000006d
:10425c003032000030300000303800006330000095
:10426c00663500003530000030370000620a00006f
:10427c003a31000030390000306500003030000069
:10428c0030380000643800006635000064300000ef
:10429c00303700003730000030330000653000004c
:1042ac00303800003230000066350000303000003d
:1042bc00303800003338000066350000383000001c
:1042cc0030300000370a00003a310000303900006d
:1042dc0030660000303000003031000064300000e7
:1042ec0030330000393000003030000061380000fd
:1042fc0030320000663000003033000039300000ee
:10430c0030320000343000003065000036610000af
:10431c00663900006630000030640000300a00008e
:10432c003a310000303900003130000030300000ec
:10433c00306600003761000066390000663000000e
:10434c003030000034300000336200006530000073
:10435c0030360000333300003938000038300000ac
:10436c0030380000323000003636000035300000a6
:10437c0030340000340a00003a31000030390000bb
:10438c003131000030300000303500006433000063
:10439c003938000038300000303400003933000068
:1043ac003938000038300000303000003630000062
:1043bc0030660000633000003035000035300000fe
:1043cc00353200003030000030610000620a00001d
:1043dc003a3100003039000031320000303000003a
:1043ec003037000035330000393800003830000019
:1043fc0030610000353000006132000030300000c8
:10440c0030370000353300003938000038300000f8
:10441c003032000039650000376100003830000090
:10442c0030340000630a00003a31000030390000db
:10443c0031330000303000003030000030300000ec
:10444c0030300000303000003030000030300000e0
:10445c0030300000303000003032000038300000c6
:10446c0037650000323000003066000065660000e1
:10447c00663300003530000030650000630a000030
:10448c003a31000030390000313400003030000087
:10449c003030000034380000303200003030000082
:1044ac003030000035300000303200003030000079
:1044bc003030000032300000313400003230000067
:1044cc003038000033380000313400006130000017
:1044dc0030630000330a00003a310000303900002c
:1044ec003135000030300000303800003030000032
:1044fc0066350000313000003038000031380000e3
:10450c00663500003930000030650000626600003e
:10451c0066330000363000003030000036300000ca
:10452c00326200006530000030650000300a000087
:10453c003a310000303900003136000030300000d4
:10454c003036000066610000623900003730000030
:10455c0030660000666100006239000037300000f0
:10456c00306100003930000066320000303000004d
:10457c003061000039300000323800003830000063
:10458c0030300000320a00003a31000030390000af
:10459c00313700003030000030380000303000007f
:1045ac0034650000623000003032000066380000d4
:1045bc0064390000373000003038000061300000f2
:1045cc006362000062300000306200006638000058
:1045dc00643900003730000030660000390a0000f2
:1045ec003a31000030390000313800003030000022
:1045fc003038000062380000636200006230000056
:10460c003032000039300000303200003030000011
:10461c003034000066380000653900003730000087
:10462c00303800006330000063620000623000002c
:10463c0030660000640a00003a3100003039000096
:10464c003139000030300000306400006638000062
:10465c006539000037300000303800006438000045
:10466c006362000062300000303400003030000023
:10467c0064640000653000003030000062300000df
:10468c00303200003030000030610000310a000090
:10469c003a31000030390000316100003030000048
:1046ac003030000061300000373700003830000037
:1046bc00303600006133000039380000383000001b
:1046cc003038000030300000343700003830000043
:1046dc00303500003033000039380000383000002d
:1046ec0030660000650a00003a31000030390000e5
:1046fc0031620000303000003031000061300000c9
:10470c0030320000343000003034000061330000df
:10471c0039380000383000003030000036300000ee
:10472c00306600006330000030350000613000005e
:10473c00353200003030000030650000350a0000d2
:10474c003a31000030390000316300003030000095
:10475c003037000061330000393800003830000079
:10476c003061000061300000613200003030000028
:10477c003037000061330000393800003830000059
:10478c00303200003965000037610000383000001d
:10479c0030390000640a00003a3100003039000062
:1047ac003164000030300000303000003030000048
:1047bc00303000003030000030300000303000006d
:1047cc003030000030300000303200003830000053
:1047dc00376500003230000030660000656600006e
:1047ec00663300003530000030340000630a0000ee
:1047fc003a310000303900003165000030300000e3
:10480c0030610000653000003238000038300000a4
:10481c00303100003930000035620000613000009a
:10482c003065000061380000663900006630000019
:10483c00303900003938000035620000613000006a
:10484c0030370000660a00003a31000030390000b1
:10485c003166000030300000306600006238000025
:10486c006639000066300000303200006638000007
:10487c00653900003730000030380000633000002c
:10488c006635000035300000303000003430000058
:10489c00303300006130000030630000340a000047
:1048ac003a31000030390000323000003030000066
:1048bc0030620000663800006539000037300000b7
:1048cc0030380000623800006635000036300000d9
:1048dc003030000034300000303300006130000014
:1048ec00303000003530000030330000373000002d
:1048fc0030390000300a00003a3100003039000035
:10490c003231000030300000303000003030000018
:10491c00356500006230000030630000616100000a
:10492c006639000066300000303000003230000084
:10493c0030330000373000003038000030300000d9
:10494c00356500006230000030390000640a000058
:10495c003a310000303900003232000030300000b3
:10496c0030630000626100006639000066300000b0
:10497c00303600003230000030340000303000009f
:10498c003065000030380000303400003830000052
:10499c003061000031300000323800003830000047
:1049ac0030620000300a00003a310000303900005b
:1049bc00323300003030000030380000393800004d
:1049cc003465000038300000303100003930000010
:1049dc0030620000613000003038000030390000d7
:1049ec0037390000663000003039000039380000db
:1049fc00346200006130000030640000390a0000ad
:104a0c003a31000030390000323400003030000000
:104a1c0030390000393900003739000066300000a9
:104a2c003034000066380000653900003730000073
:104a3c003038000063300000663500003030000074
:104a4c0030300000343000003033000061300000a2
:104a5c0030620000320a00003a31000030390000a8
:104a6c003235000030300000306400006638000041
:104a7c006539000037300000303800006438000021
:104a8c006635000034300000303000003430000057
:104a9c003033000061300000303000003530000051
:104aac00303300003730000030320000300a000094
:104abc003a3100003039000032360000303000004e
:104acc0030300000303000003065000062300000f3
:104adc003063000030610000663900006630000071
:104aec00303000003230000030330000373000002e
:104afc0030380000303000003065000062300000bb
:104b0c0030360000310a00003a3100003039000024
:104b1c00323700003030000030630000316100009b
:104b2c006639000066300000303800003530000077
:104b3c0030640000313000003030000034380000a8
:104b4c003064000033300000303800003130000099
:104b5c00343700003830000030330000350a0000d4
:104b6c003a3100003039000032380000303000009b
:104b7c0030610000396100003739000066300000f8
:104b8c0030630000396600006632000066300000b9
:104b9c00303800003038000034360000343000006b
:104bac0030390000396100003739000066300000f0
:104bbc0030620000310a00003a3100003039000048
:104bcc0032390000303000003031000066610000e6
:104bdc0030390000373000003061000066610000a1
:104bec003039000037300000303000003030000029
:104bfc00353400003030000030380000313800000f
:104c0c00353400003830000030660000660a0000c1
:104c1c003a310000303900003261000030300000c1
:104c2c0030360000373000003634000035300000dc
:104c3c00306500003038000036340000643000006d
:104c4c0030620000636100003739000066300000fc
:104c5c0030630000646100003739000066300000ea
:104c6c0030340000340a00003a31000030390000c2
:104c7c00326200003030000030380000303000006c
:104c8c0034650000623000003061000039380000eb
:104c9c0066390000663000003062000039380000d0
:104cac0066390000663000003063000039380000bf
:104cbc00663900006630000030380000610a0000e0
:104ccc003a3100003039000032630000303000000f
:104cdc00306400003938000066390000663000008e
:104cec003066000064660000663200003030000060
:104cfc0030380000643000006635000032300000af
:104d0c00306500003038000066350000613000006e
:104d1c0030630000340a00003a31000030390000e2
:104d2c0032640000303000003031000039300000b7
:104d3c0030330000363000003038000035300000d1
:104d4c003564000031300000303000003438000091
:104d5c003564000033300000306500003330000053
:104d6c00343600003530000030330000630a000098
:104d7c003a3100003039000032650000303000005c
:104d8c003030000034300000386100003330000057
:104d9c00303000006330000030330000323000004f
:104dac00303800003930000034640000303000002e
:104dbc003032000039300000326200003030000028
:104dcc0030350000390a00003a310000303900005b
:104ddc0032660000303000003032000061660000a6
:104dec0037320000663000003030000066300000c2
:104dfc003534000035300000303800003930000008
:104e0c003434000035300000303000003830000001
:104e1c00356400003030000030310000360a0000ec
:104e2c003a310000303900003330000030300000df
:104e3c003038000066620000353900003730000061
:104e4c003030000062300000353400003530000096
:104e5c003031000061300000353700003830000080
:104e6c003034000038350000356400006430000038
:104e7c0030310000630a00003a3100003039000084
:104e8c003331000030300000303900003930000080
:104e9c006337000035300000303200006130000014
:104eac00303300003730000030380000393000005b
:104ebc003464000030300000303000003830000026
:104ecc00356400003030000030390000380a000032
:104edc003a3100003039000033320000303000002d
:104eec0030300000666200003639000037300000b8
:104efc0030300000633000003534000035300000e5
:104f0c0030390000613000003637000038300000c6
:104f1c003063000039300000366200003130000090
:104f2c0030660000330a00003a31000030390000ce
:104f3c003333000030300000303800006462000071
:104f4c003737000063300000303200003230000090
:104f5c0030330000373000003038000035300000ae
:104f6c00356400003130000030300000343800006f
:104f7c00356400003330000030350000640a000056
:104f8c003a3100003039000033340000303000007a
:104f9c00306500003330000034360000353000003e
:104fac003030000034300000386100003330000035
:104fbc00303100003130000030330000323000005e
:104fcc003030000038300000376400003030000012
:104fdc0030300000300a00003a3100003039000057
:104fec0033350000303000003030000066620000c5
:104ffc0036390000373000003030000063300000dc
:10500c0037340000373000003031000065300000cc
:10501c0037370000383000003034000038370000db
:10502c00376400006430000030310000650a000075
:10503c003a310000303900003336000030300000c7
:10504c00303800003930000034640000303000008b
:10505c003032000039300000326200003030000085
:10506c003032000064660000373200006630000009
:10507c00303800006638000036340000363000004e
:10508c0030310000370a00003a310000303900009e
:10509c003337000030300000303800003938000061
:1050ac003434000036300000303900003930000054
:1050bc0063370000373000003030000061300000f2
:1050cc003534000035300000303800006238000004
:1050dc00353400006430000030630000640a0000c6
:1050ec003a31000030390000333800003030000015
:1050fc0030380000666100003439000037300000a1
:10510c0030300000613800003534000034300000cd
:10511c00303100006130000064370000373000008f
:10512c0030300000633000003033000037300000b6
:10513c0030350000660a00003a31000030390000ba
:10514c0033390000303000003030000038300000bf
:10515c003764000030300000303000006662000020
:10516c00363900003730000030300000633000006a
:10517c00373400003730000030310000653000005b
:10518c00373700003830000030390000620a000068
:10519c003a3100003039000033610000303000003b
:1051ac00303800003930000034640000303000002a
:1051bc0030630000393000003662000031300000ee
:1051cc0030380000656200003737000063300000a3
:1051dc003030000061300000353400003530000004
:1051ec0030630000620a00003a31000030390000e0
:1051fc0033620000303000003038000062380000ac
:10520c003534000064300000303800006661000066
:10521c0034390000373000003030000061380000b5
:10522c0035340000343000003030000065300000b0
:10523c00643700003830000030320000300a0000c3
:10524c003a31000030390000336300003030000088
:10525c0030360000313000003334000033300000b1
:10526c00306500003038000033340000623000003c
:10527c003030000038300000346500003830000059
:10528c003036000031300000323400003230000083
:10529c0030610000660a00003a310000303900002d
:1052ac0033640000303000003065000030380000fe
:1052bc0032340000613000003032000066620000c1
:1052cc0035390000373000003062000066620000a3
:1052dc00353900003730000030380000363000001f
:1052ec00663500003530000030370000310a000010
:1052fc003a310000303900003365000030300000d6
:10530c00303800003738000066350000643000008b
:10531c003033000032660000663300006530000058
:10532c0030310000623000003032000030300000bc
:10533c003061000062390000663900006630000000
:10534c0030370000370a00003a31000030390000d5
:10535c00336600003030000030320000383000007e
:10536c003133000037300000303100006230000073
:10537c00303200003030000030320000663900005e
:10538c006539000037300000303000006330000019
:10539c00306500003030000030380000320a000068
:1053ac003a31000030390000343000003030000059
:1053bc003036000065300000303300003230000021
:1053cc0030380000303000003665000062300000dc
:1053dc00306100006439000066390000663000005e
:1053ec0030660000343300006632000034300000b8
:1053fc0030300000390a00003a310000303900002a
:10540c003431000030300000303500003530000001
:10541c0030320000303000003038000034300000f2
:10542c0066350000303000003038000035380000a0
:10543c006635000038300000303600003730000090
:10544c00303300006530000030650000330a000086
:10545c003a310000303900003432000030300000a6
:10546c00303800003230000066350000303000006b
:10547c00303800003338000066350000383000004a
:10548c00303100003730000030330000393000007c
:10549c00303000003538000030320000663000003b
:1054ac0030650000640a00003a3100003039000019
:1054bc00343300003030000030330000383000004e
:1054cc00303200003430000030300000363800003c
:1054dc003032000030300000303000003730000037
:1054ec003032000030300000303600003333000022
:1054fc00393800003830000030640000660a0000c3
:10550c003a310000303900003434000030300000f3
:10551c0030300000323800003236000032300000eb
:10552c0030350000343300003938000038300000ca
:10553c0030340000383300003938000038300000b7
:10554c003030000036300000306600006330000060
:10555c0030310000360a00003a31000030390000ca
:10556c00343500003030000030350000343000009d
:10557c00353200003030000030370000343300008a
:10558c003938000038300000306100003430000041
:10559c00613200003030000030370000343300003e
:1055ac00393800003830000030350000620a000045
:1055bc003a31000030390000343600003030000041
:1055cc0030320000396500003761000038300000cf
:1055dc00303000003030000030300000303000003f
:1055ec00303000003030000030300000303000002f
:1055fc0030320000383000003765000032300000d7
:10560c0030330000330a00003a310000303900001a
:10561c003437000030300000306600006566000052
:10562c0066330000353000003030000032300000ae
:10563c0031340000333000003038000033380000c3
:10564c00313400006230000030380000323000008d
:10565c00663500003030000030340000340a0000a1
:10566c003a3100003039000034380000303000008e
:10567c003038000033380000663500003830000048
:10568c0030650000646600006633000031300000b5
:10569c003061000032300000663200003030000013
:1056ac003061000032300000323800003830000029
:1056bc0030350000380a00003a3100003039000063
:1056cc003439000030300000303000003030000041
:1056dc003165000062300000306100006638000067
:1056ec0061390000373000003030000035300000e8
:1056fc003962000062300000306200006638000041
:10570c00393900003730000030360000380a00000c
:10571c003a310000303900003461000030300000b4
:10572c003030000033380000396200006230000075
:10573c0030320000323000003032000030300000d7
:10574c003063000066380000393900003730000043
:10575c00303000003330000039620000623000004d
:10576c0030370000640a00003a3100003039000084
:10577c0034620000303000003064000066380000f5
:10578c003939000037300000303000003338000069
:10579c003962000062300000303600003133000006
:1057ac00393800003830000030350000303300004c
:1057bc00393800003830000030330000330a000064
:1057cc003a31000030390000346300003030000002
:1057dc003031000032300000303200003430000034
:1057ec00303400003233000039380000383000000b
:1057fc0030300000363000003066000063300000ae
:10580c0030350000323000003532000030300000fe
:10581c0030650000610a00003a31000030390000a8
:10582c0034640000303000003037000032330000a8
:10583c003938000038300000306100003230000090
:10584c00613200003030000030370000323300008d
:10585c003938000038300000303200003965000063
:10586c00376100003830000030610000320a00005f
:10587c003a3100003039000034650000303000004f
:10588c00303000003030000030300000303000008c
:10589c00303000003030000030300000303000007c
:1058ac003032000038300000376500003230000024
:1058bc00306600006566000066330000353000007d
:1058cc0030330000390a00003a3100003039000052
:1058dc003466000030300000303000003030000002
:1058ec00336500006230000030310000623000008f
:1058fc0030320000303000003065000066390000a6
:10590c0033390000373000003036000031330000ee
:10591c00656200003830000030640000330a00007b
:10592c003a310000303900003530000030300000d2
:10593c003064000066390000343900003730000054
:10594c003036000031340000636200003830000053
:10595c003038000038620000373900006630000033
:10596c003039000039620000373900006630000021
:10597c0030310000660a00003a3100003039000076
:10598c00353100003030000030300000363000007f
:10599c0034370000383000003061000066390000f8
:1059ac003139000037300000303600003131000052
:1059bc0039620000383000003065000032610000b0
:1059cc00663900006630000030390000300a0000f3
:1059dc003a31000030390000353200003030000020
:1059ec00306600003361000066390000663000004c
:1059fc00306300006361000066390000663000000f
:105a0c0030640000646100006639000066300000fc
:105a1c0030610000313000003238000038300000b6
:105a2c0030380000610a00003a31000030390000c3
:105a3c0035330000303000003039000030300000c9
:105a4c00336200006130000030360000313300005a
:105a5c0036620000383000003061000063620000e4
:105a6c0037390000663000003062000064620000cc
:105a7c00373900006630000030370000610a000042
:105a8c003a3100003039000035340000303000006d
:105a9c0030340000323600003964000064300000fd
:105aac003063000065360000316400006530000092
:105abc003038000033300000313700003130000046
:105acc0030340000323600003164000064300000d5
:105adc0030310000310a00003a310000303900004a
:105aec003535000030300000306300006661000086
:105afc006539000037300000303800006430000099
:105b0c0032340000313000003038000037300000f3
:105b1c0061370000383000003031000030380000b0
:105b2c00326200006130000030640000320a000074
:105b3c003a310000303900003536000030300000ba
:105b4c003062000066390000343900003730000044
:105b5c0030380000393000003334000031300000a0
:105b6c00303800003430000062370000383000005c
:105b7c00303000006662000035390000373000001c
:105b8c0030650000320a00003a3100003039000064
:105b9c003537000030300000303800006130000034
:105bac003334000031300000303900003530000053
:105bbc003237000038300000303900003738000030
:105bcc006635000032300000303000003530000007
:105bdc00303300006130000030350000370a00001f
:105bec003a31000030390000353800003030000008
:105bfc003036000066610000653900003730000067
:105c0c0030300000633000003134000031300000cf
:105c1c0030390000323000006635000032300000b0
:105c2c0030300000333000003033000061300000b1
:105c3c0030610000390a00003a31000030390000b0
:105c4c0035390000303000003030000033300000b7
:105c5c00303300003730000030380000383000009e
:105c6c003537000038300000303000003130000093
:105c7c00303300003730000030380000383000007e
:105c8c00353700003830000030340000660a000060
:105c9c003a3100003039000035610000303000002e
:105cac003030000036300000336500003830000022
:105cbc00303600003230000030340000303000004c
:105ccc0030650000303800003034000038300000ff
:105cdc0030650000323000006635000033300000c3
:105cec0030330000630a00003a3100003039000004
:105cfc003562000030300000306400006566000042
:105d0c006633000061300000303800003030000095
:105d1c00366500006230000030610000643900001c
:105d2c00663900006630000030320000633200003b
:105d3c00376500006630000030660000360a00004f
:105d4c003a3100003039000035630000303000007b
:105d5c003032000061320000376500006630000010
:105d6c00303300003030000030320000343000009e
:105d7c003034000030330000393800003830000077
:105d8c003030000036300000306600006330000018
:105d9c0030300000340a00003a3100003039000085
:105dac003564000030300000303500003030000029
:105dbc003532000030300000303700003033000046
:105dcc0039380000383000003061000030300000fd
:105ddc0061320000303000003037000030330000fa
:105dec00393800003830000030650000610a0000ce
:105dfc003a310000303900003565000030300000c9
:105e0c003032000039650000376100003830000086
:105e1c0030300000303000003030000030300000f6
:105e2c0030300000303000003030000030300000e6
:105e3c00303200003830000037650000323000008e
:105e4c0030620000320a00003a31000030390000a4
:105e5c0035660000303000003066000065660000da
:105e6c006633000035300000303200003230000064
:105e7c003032000030300000303000003330000091
:105e8c003032000030300000303000003030000084
:105e9c00326500006230000030650000370a0000f7
:105eac003a3100003039000036300000303000004c
:105ebc003036000030300000306200003830000016
:105ecc0030380000666100003239000037300000c5
:105edc003065000035610000663900006630000056
:105eec00303000003530000033370000383000000f
:105efc0030630000370a00003a31000030390000ee
:105f0c0036310000303000003038000036380000e8
:105f1c0032650000383000003036000031320000ad
:105f2c00636200003830000030630000386100000c
:105f3c0066390000663000003064000039610000f2
:105f4c00663900006630000030640000380a00003a
:105f5c003a31000030390000363200003030000099
:105f6c003065000034300000323400003330000063
:105f7c00303600003132000065620000383000001d
:105f8c00306100006361000066390000663000007b
:105f9c003062000064610000663900006630000069
:105fac0030630000350a00003a310000303900003f
:105fbc003633000030300000306500003630000011
:105fcc003234000033300000303600003132000033
:105fdc00626200003830000030380000366100008a
:105fec00663900006630000030390000376100006f
:105ffc00663900006630000030300000320a0000c4
:10600c003a310000303900003634000030300000e6
:10601c003065000062620000373900006630000015
:10602c003061000035300000663200003030000076
:10603c00306100003530000032380000383000008c
:10604c00303600003132000033620000383000007e
:10605c0030390000610a00003a310000303900008c
:10606c00363500003030000030340000333300008f
:10607c00636400006430000030630000643300008f
:10608c003464000065300000303800003930000006
:10609c00343700003430000030340000333300005b
:1060ac00346400006430000030370000610a0000e6
:1060bc003a31000030390000363600003030000034
:1060cc003061000038620000373900006630000093
:1060dc003062000039620000373900006630000081
:1060ec003036000066610000653900003730000072
:1060fc0030300000383000003562000065300000a0
:10610c0030360000650a00003a31000030390000da
:10611c0036370000303000003030000038300000de
:10612c003434000036300000306500003038000098
:10613c003434000063300000303800003030000090
:10614c003265000062300000303900003830000049
:10615c00616200006230000030310000650a00000e
:10616c003a31000030390000363800003030000081
:10617c0030340000666100006239000037300000e6
:10618c0030640000666100006239000037300000a6
:10619c003030000061300000333400003330000038
:1061ac0030380000623800003334000062300000e8
:1061bc0030370000660a00003a3100003039000028
:1061cc0036390000303000003063000036620000c9
:1061dc003739000066300000306400003762000080
:1061ec0037390000663000003039000036380000c6
:1061fc006162000062300000303200006661000015
:10620c00653900003730000030330000320a0000de
:10621c003a310000303900003661000030300000a7
:10622c003062000066610000653900003730000004
:10623c003030000061300000333400003630000094
:10624c003038000062380000333400006530000044
:10625c00303200006430000030320000303000007a
:10626c0030620000610a00003a3100003039000051
:10627c00366200003030000030390000363000004b
:10628c006562000062300000303000006661000082
:10629c0065390000373000003039000066610000bd
:1062ac0065390000373000003030000061300000ec
:1062bc00353400003630000030620000650a000002
:1062cc003a310000303900003663000030300000f5
:1062dc0030380000623800003534000065300000b2
:1062ec003038000061620000373900006630000071
:1062fc00303900006262000037390000663000005f
:10630c0030320000643000003032000030300000c9
:10631c0030310000650a00003a31000030390000cd
:10632c003664000030300000303900006138000065
:10633c006562000062300000303400003030000034
:10634c0065640000653000003030000064300000ef
:10635c003032000030300000303800006330000074
:10636c00323700003830000030340000380a0000aa
:10637c003a31000030390000366500003030000042
:10638c00303600006333000039380000383000002c
:10639c00303000003030000035370000383000005d
:1063ac003035000030330000393800003830000040
:1063bc003031000065300000303200003430000015
:1063cc0030370000640a00003a3100003039000018
:1063dc0036660000303000003034000065330000b9
:1063ec003938000038300000303000003630000002
:1063fc00306600006330000030350000653000006e
:10640c0035320000303000003037000065330000ba
:10641c00393800003830000030390000370a0000ed
:10642c003a310000303900003730000030300000c5
:10643c003061000065300000613200003030000037
:10644c003037000065330000393800003830000068
:10645c003032000039650000376100003830000030
:10646c0030300000303000003030000030300000a0
:10647c0030380000610a00003a3100003039000069
:10648c003731000030300000303000003030000078
:10649c0030300000303000003065000066620000d3
:1064ac0035390000373000003066000032620000e1
:1064bc0037390000663000003038000033620000cd
:1064cc00663900006630000030650000350a0000b7
:1064dc003a31000030390000373200003030000013
:1064ec00303400006662000036390000373000009e
:1064fc00306400006662000036390000373000005e
:10650c003061000036620000373900006630000050
:10651c00306200003762000037390000663000003e
:10652c0030360000380a00003a31000030390000e3
:10653c0037330000303000003032000038300000bb
:10654c0037650000323000003066000065660000e0
:10655c0066330000353000003065000062620000d8
:10656c0037390000663000003037000066620000ea
:10657c00313900003730000030640000650a00003b
:10658c003a31000030390000373400003030000060
:10659c0030380000666200003939000037300000e6
:1065ac003063000063620000373900006630000081
:1065bc00306400006462000037390000663000006f
:1065cc0030320000666200003339000037300000c2
:1065dc0030360000630a00003a3100003039000008
:1065ec003735000030300000306200006662000079
:1065fc0033390000373000003061000035300000c6
:10660c0032380000383000003039000061300000b2
:10661c003262000061300000306500003538000047
:10662c00663900006630000030360000380a000081
:10663c003a310000303900003736000030300000ad
:10664c00303100006138000035620000613000001c
:10665c0030660000613800006639000066300000ca
:10666c003039000038380000663500003230000048
:10667c003030000034300000303300006130000056
:10668c0030630000310a00003a310000303900005c
:10669c0037370000303000003034000066620000f4
:1066ac00363900003730000030390000633000000c
:1066bc00663500003530000030300000343000000a
:1066cc003033000061300000303000003530000005
:1066dc00303300003730000030640000330a000013
:1066ec003a310000303900003738000030300000fb
:1066fc0030300000303000003465000062300000a3
:10670c003065000038620000373900006630000048
:10671c0030300000323000003033000037300000e1
:10672c00303800003030000034650000623000006a
:10673c0030300000340a00003a31000030390000db
:10674c00373900003030000030650000396200003d
:10675c003739000066300000306100003330000033
:10676c003238000038300000303900003230000080
:10677c003262000061300000303800003539000012
:10678c00373900006630000030350000340a000054
:10679c003a31000030390000376100003030000021
:1067ac0030310000323800003462000061300000eb
:1067bc0030390000383900003739000066300000ed
:1067cc0030390000363800006635000032300000e9
:1067dc0030300000343000003033000061300000f5
:1067ec0030650000360a00003a31000030390000f4
:1067fc003762000030300000303800006662000064
:10680c0032390000373000003039000035300000dc
:10681c0066350000343000003030000034300000a9
:10682c0030330000613000003030000035300000a3
:10683c00303300003730000030350000660a0000ad
:10684c003a3100003039000037630000303000006e
:10685c003030000030300000356500006230000040
:10686c0030650000616200003739000066300000be
:10687c003030000032300000303300003730000080
:10688c003038000030300000356500006230000008
:10689c0030630000300a00003a310000303900004b
:1068ac003764000030300000306500006262000088
:1068bc0037390000663000003036000034300000fc
:1068cc0030340000303000003065000030380000fb
:1068dc00303400003830000030300000343000001c
:1068ec00326500003830000030300000650a0000ce
:1068fc003a310000303900003765000030300000bc
:10690c0030360000343000003134000031300000eb
:10691c0030650000303800003134000039300000a0
:10692c00303000006338000030320000303000009e
:10693c003038000063300000663500003030000055
:10694c0030390000320a00003a31000030390000c2
:10695c003766000030300000306500003038000031
:10696c006635000038300000303900003366000016
:10697c006633000061300000306500006662000084
:10698c003539000037300000303000003230000064
:10699c00303200003130000030370000380a00007f
:1069ac003a3100003039000038300000303000003f
:1069bc0030380000666100003639000037300000c6
:1069cc003038000032380000363400003630000019
:1069dc003038000064610000373900006630000078
:1069ec003030000032310000303200003030000016
:1069fc0030330000390a00003a3100003039000011
:106a0c0038310000303000003065000031380000b3
:106a1c006635000035300000303000006630000074
:106a2c00303300006130000030380000323000009c
:106a3c0031370000383000003030000030300000ba
:106a4c00326200006530000030370000660a00003a
:106a5c003a3100003039000038320000303000008c
:106a6c00303100003031000031380000303000008f
:106a7c003038000030380000303600003130000073
:106a8c00306600006466000066330000323000009f
:106a9c003061000032300000353200003030000030
:106aac0030340000310a00003a3100003039000067
:106abc00383300003030000030320000323100003a
:106acc003138000038300000303000003331000025
:106adc003032000030300000303100003231000024
:106aec0031380000303000003038000032380000ff
:106afc00303600003130000030330000340a000022
:106b0c003a310000303900003834000030300000d9
:106b1c00306600006466000066330000323000000e
:106b2c00303000003430000030620000653000006e
:106b3c00303000003030000030660000653000005e
:106b4c003036000030310000316200003830000077
:106b5c0030300000310a00003a31000030390000ba
:106b6c003835000030300000303100003330000088
:106b7c00303300003730000030300000303000007f
:106b8c00326200006530000030310000333100000b
:106b9c003138000030300000303800003330000055
:106bac00303600003130000030370000360a00006b
:106bbc003a31000030390000383600003030000027
:106bcc00306600006466000066330000323000005e
:106bdc0030300000343000003062000065300000be
:106bec00303600003230000034320000303000000b
:106bfc0030320000323100003138000038300000f3
:106c0c0030630000370a00003a31000030390000d0
:106c1c0038370000303000003036000030310000d2
:106c2c003162000038300000303100003530000097
:106c3c003033000037300000303200006633000083
:106c4c00613900003730000030360000313200006e
:106c5c00336200003830000030330000370a000087
:106c6c003a31000030390000383800003030000074
:106c7c0030660000363900003739000066300000fd
:106c8c0030380000373900006639000066300000eb
:106c9c003030000035300000303300003730000059
:106cac00303100003730000030320000303000004e
:106cbc0030370000340a00003a310000303900004f
:106ccc0038390000303000003063000037610000bc
:106cdc006639000066300000303400006661000048
:106cec00633900003730000030650000313000009f
:106cfc006635000034300000303000006230000097
:106d0c00303300006130000030390000380a0000d8
:106d1c003a3100003039000038610000303000009a
:106d2c0030300000353100003032000030300000cf
:106d3c00303000003030000033620000653000005d
:106d4c0030310000393100003138000030300000a3
:106d5c003038000039380000303600003230000086
:106d6c0030610000640a00003a3100003039000044
:106d7c0038620000303000003066000064660000ad
:106d8c006633000032300000303000003630000036
:106d9c0030620000653000003062000034300000ca
:106dac00343200003030000030320000343100004a
:106dbc00313800003830000030320000310a000059
:106dcc003a310000303900003863000030300000e8
:106ddc0030300000303000003265000062300000be
:106dec0030380000343000003237000038300000fa
:106dfc003033000038660000633300003730000089
:106e0c0030300000353100003032000030300000ee
:106e1c0030300000640a00003a31000030390000c4
:106e2c00386400003030000030300000303000009a
:106e3c003362000065300000303100006131000029
:106e4c00313800003030000030380000613800006c
:106e5c0030360000323000003066000064660000fe
:106e6c00663300003230000030380000320a000077
:106e7c003a31000030390000386500003030000035
:106e8c003030000036300000306200006530000009
:106e9c003036000034300000343200003030000056
:106eac00303200003431000031380000383000003e
:106ebc0030300000303000003265000062300000dd
:106ecc0030380000320a00003a310000303900003e
:106edc0038660000303000003038000034300000dc
:106eec003237000038300000303200006466000099
:106efc00633300003730000030650000323800008a
:106f0c006635000032300000303000006230000086
:106f1c00303300006130000030300000320a0000d5
:106f2c003a310000303900003930000030300000b8
:106f3c0030300000353100003032000030300000bd
:106f4c00303000003030000033620000653000004b
:106f5c003031000062310000313800003030000068
:106f6c00303800006238000030360000323000004b
:106f7c0030340000380a00003a310000303900008b
:106f8c0039310000303000003066000064660000cb
:106f9c006633000032300000303000003630000024
:106fac0030620000653000003065000034300000b5
:106fbc003432000030300000303200003431000038
:106fcc00313800003830000030390000300a000041
:106fdc003a31000030390000393200003030000006
:106fec0030300000303000003265000062300000ac
:106ffc0030380000343000003237000038300000e8
:10700c00303200003066000063330000373000007f
:10701c00303000003030000032650000623000007b
:10702c0030300000630a00003a31000030390000b3
:10703c003933000030300000306500003338000078
:10704c00663500003230000030310000646600000c
:10705c006333000061300000303000003531000037
:10706c003032000030300000303000003030000092
:10707c00336200006530000030310000610a00000e
:10708c003a31000030390000393400003030000053
:10709c003031000063310000313800003030000026
:1070ac003038000063380000303600003230000009
:1070bc003066000064660000663300003230000069
:1070cc0030300000363000003062000065300000c7
:1070dc0030300000610a00003a3100003039000005
:1070ec0039350000303000003038000034300000fa
:1070fc0035320000303000003032000034310000f6
:10710c0031380000383000003030000030300000e2
:10711c00326500006230000030380000343000006e
:10712c00323700003830000030620000360a0000b0
:10713c003a310000303900003936000030300000a0
:10714c00303100003266000063330000373000003d
:10715c0030310000356100006561000038300000fe
:10716c0030310000346500006561000038300000eb
:10717c003031000035380000656100003830000007
:10718c0030350000320a00003a310000303900007e
:10719c00393700003030000030310000356300001a
:1071ac0065610000383000003038000030300000dd
:1071bc00366500006230000030640000646100003d
:1071cc0037390000663000003033000035300000e5
:1071dc00303200003030000030370000330a00003d
:1071ec003a310000303900003938000030300000ee
:1071fc003064000064660000663300003730000025
:10720c00303100003561000065610000383000004d
:10721c00303100003465000065610000383000003a
:10722c003031000035380000656100003830000056
:10723c0030360000340a00003a31000030390000ca
:10724c003939000030300000303100003563000067
:10725c006561000038300000303000003030000034
:10726c0032650000623000003064000034610000c0
:10727c003739000066300000303300003530000034
:10728c00303200003030000030650000300a000061
:10729c003a31000030390000396100003030000014
:1072ac0030640000356600006633000037300000a3
:1072bc00303100003561000065610000383000009d
:1072cc00303100003465000065610000383000008a
:1072dc0030310000353800006561000038300000a6
:1072ec0030340000630a00003a31000030390000ed
:1072fc00396200003030000030310000356300008e
:10730c00656100003830000030380000303000007b
:10731c00326500006230000030640000356100000e
:10732c003739000066300000303300003530000083
:10733c00303200003030000030330000660a0000ac
:10734c003a31000030390000396300003030000061
:10735c0030630000646600006633000037300000c4
:10736c0030310000356100006561000038300000ec
:10737c0030310000346500006561000038300000d9
:10738c0030310000353800006561000038300000f5
:10739c0030330000340a00003a310000303900006c
:1073ac0039640000303000003031000035630000db
:1073bc0065610000383000003030000030300000d3
:1073cc00336500006230000030640000366100005c
:1073dc0037390000663000003033000035300000d3
:1073ec00303200003030000030390000640a0000f8
:1073fc003a310000303900003965000030300000af
:10740c003063000035660000663300003730000042
:10741c00303100003561000065610000383000003b
:10742c003031000034650000656100003830000028
:10743c003031000035380000656100003830000044
:10744c0030310000630a00003a310000303900008e
:10745c003966000030300000303100003563000028
:10746c00656100003830000030380000303000001a
:10747c0033650000623000003064000037610000aa
:10748c003739000066300000303300003530000022
:10749c00303200003030000030660000630a00001b
:1074ac003a3100003039000061300000303000000b
:1074bc003062000064660000663300003730000064
:1074cc00303100003561000065610000383000008b
:1074dc003031000034650000656100003830000078
:1074ec003031000035380000656100003830000094
:1074fc0030300000330a00003a310000303900000f
:10750c006131000030300000303100003563000084
:10751c006561000038300000303000003030000071
:10752c0034650000623000003064000038610000f7
:10753c003739000066300000303300003530000071
:10754c00303200003030000030350000390a0000c5
:10755c003a31000030390000613200003030000058
:10756c0030620000356600006633000037300000e2
:10757c0030310000356100006561000038300000da
:10758c0030310000346500006561000038300000c7
:10759c0030310000353800006561000038300000e3
:1075ac0030650000620a00003a31000030390000fa
:1075bc0061330000303000003031000035630000d2
:1075cc0065610000383000003038000030300000b9
:1075dc003465000062300000306400003961000046
:1075ec0037390000663000003033000035300000c1
:1075fc00303200003030000030620000380a0000e9
:10760c003a310000303900006134000030300000a5
:10761c003061000064660000663300003730000003
:10762c003031000035610000656100003830000029
:10763c003031000034650000656100003830000016
:10764c003031000035380000656100003830000032
:10765c0030640000330a00003a3100003039000079
:10766c00613500003030000030310000356300001f
:10767c006561000038300000303000003030000010
:10768c00356500006230000030640000616100006c
:10769c003739000066300000303300003530000010
:1076ac00303200003030000030310000360a00006b
:1076bc003a310000303900006136000030300000f3
:1076cc003061000035660000663300003730000082
:1076dc003031000035610000656100003830000079
:1076ec003031000034650000656100003830000066
:1076fc003031000035380000656100003830000082
:10770c0030620000620a00003a310000303900009b
:10771c00613700003030000030310000356300006c
:10772c006561000038300000303800003030000057
:10773c0035650000623000003064000062610000ba
:10774c00373900006630000030330000353000005f
:10775c00303200003030000030370000350a0000b5
:10776c003a31000030390000613800003030000040
:10777c0030390000646600006633000037300000ca
:10778c0030310000356100006561000038300000c8
:10779c0030310000346500006561000038300000b5
:1077ac0030310000353800006561000038300000d1
:1077bc0030610000330a00003a310000303900001b
:1077cc0061390000303000003031000035630000ba
:1077dc0065610000383000003030000030300000af
:1077ec003665000062300000306400006361000008
:1077fc0037390000663000003032000035300000b0
:10780c00303200003030000030650000330a0000d8
:10781c003a31000030390000616100003030000066
:10782c003039000035660000663300003730000048
:10783c0030300000303000003030000030300000bc
:10784c0030300000303000003030000030300000ac
:10785c00303000003030000030300000303000009c
:10786c0030650000620a00003a3000003030000041
:10787c00303000003030000031460000460000007f
:020000040000fa
:10788c003805fa00889fbe008a9fbe008c9fbe0000
:10789c008004eb002b5120000b05470064014500d0
:1078ac008052200002377800e8024500c3522000c5
:1078bc0005b77900614eb9007660b8008479240070
:1078cc0000044200c10f24000a0078002896020030
:1078dc00010000008b0247000a000900351c7800eb
:1078ec006801b1006c66b80008fd24000c0444006b
:1078fc0081cf23000a0078009a9602000100000054
:10790c001a0078009a009000009cbe008352200060
:10791c006e8279001401780094019000029cbe00e4
:10792c00c5522000ee867a003d1c78002d1478009c
:10793c008904e800e38f5400deff3a006000210068
:10794c00c0758a0060182100d0758a00602421005f
:10795c00e0758a00a0382100f0758a00e0e72c0061
:10796c001100200000768a0011768a00c0db2c0002
:10797c001100200060768a0071768a00a0cf2c005e
:10798c001100200080768a0091768a0080c32c003a
:10799c001100200020768a0031768a0060b72c0016
:1079ac001100200040768a0051768a0040ab2c00f2
:1079bc0011002000a0768a00b1768a00209f2c004e
:1079cc0011002000c0768a00d1768a0000932c002a
:1079dc0011002000e0768a00f1768a00e0862c0007
:1079ec001100200000778a0011778a00c07a2c00e1
:1079fc001100200020778a0031778a00e04c2100aa
:107a0c0040b68800a0712c001100200050b68800f0
:107a1c0061b688000006200000808800300f20002e
:107a2c00e14f210011006000e20f5000060032000f
:107a3c0011032000810f50002c0032000000e000e8
:107a4c00610032008d00370010002000907c8a000d
:107a5c00c0b688000090200020808800c000200064
:107a6c0020418a00e0448a00008524001000a10017
:107a7c00808c24001000a100020c20000e0141009b
:107a8c0030002000010020009a8402000100000058
:107a9c007eb890000010a00070bf98000e01780016
:107aac0030002000010020009a8402000100000038
:107abc00020420000e0141003000200001002000d3
:107acc009a84020001000000fe1890000110a00032
:107adc00711f98007e3990000210a000723f980030
:107aec006009200080af880064003700400020004f
:107afc00907c8a00c0b6880000202100208088007d
:107b0c00020c20000e01410030002000010020007a
:107b1c009a84020001000000feb990000310a0003e
:107b2c0073bf9800c0af80000000e0002300340059
:107b3c000004eb00a97d24008c5f21006140b9009a
:107b4c0082072000828bb9000202b8008502430034
:107b5c00a404b0000580b00004824400c3002000df
:107b6c00030a7800060278000201b8008301420083
:107b7c006207b0000380b000028144001200a10033
:107b8c00460ddd00ca05de008b0575004605dd00df
:107b9c000a01470030002000010020009a840200f6
:107bac0001000000ea03b0000a0047001010a0001a
:107bbc000804e8009c0f1400e0ff3c00803e20000d
:107bcc0080af88002d0037000000eb00907c8a000d
:107bdc00c0b688000048200020808800c00020002b
:107bec0020418a00e0448a00008524001000a10096
:107bfc00808c24001000a100020c20000e0141001a
:107c0c0030002300610020009a8402000100000073
:107c1c007eba90000410a00074bf98000e0178008a
:107c2c0030002300610020009a8402000100000053
:107c3c00020420000e0141003000230061002000ee
:107c4c009a84020001000000fe1a90000510a000aa
:107c5c00751f98007e3b90000610a000763f9800a0
:107c6c0000808000cf00de00008040000080d1004a
:107c7c0000808800803e200080af8800c0af80006c
:107c8c000000e000150034000004eb004915200052
:107c9c00ac4f2100ad7d24006145b9000950b800fe
:107cac00021020000e0141000000410000550200ae
:107cbc0001000000800720000050b8000d004000bb
:107ccc009c00780022380200010000000804e80043
:107cdc00835f2100930f1400efff3c002080800095
:107cec008ae002000100000080eb2400aea5020037
:107cfc000000000080682100b02602000100000096
:107d0c008000eb000030200032d5020001000000a2
:107d1c000c1020000e0646008c0678006c00460005
:107d2c006102b800c65220000e034300041b780009
:107d3c000513780043eb2300e2652100014e21007e
:107d4c00a0512100a4ac02000100000050af800043
:107d5c00cf80de0012022000820f5000e08f58000e
:107d6c00a7093e000006010021003700690037001a
:107d7c009a003700ae0137009b02370047033700eb
:107d8c006d033700bd033700d9033700710437008a
:107d9c00ed0437009a0937005c053700730937008a
:107dac00830937008c093700930937009409370091
:107dbc003a0237002d01370003063700a0043700c4
:107dcc007f063700a3063700d70637001d0837009b
:107ddc006d073700cf073700fb0737004408370023
:107dec0087093700f70637003b0737004a0737008b
:107dfc001000200060af880000802000c1602100ce
:107e0c0011006000040032000100780010b0a100e5
:107e1c00c000200060af880000802000e1602100dd
:107e2c0011006000040032000100780010b0a100c5
:107e3c009001200060af880000402000e16021002c
:107e4c0011006000040032000100780010a0a100b5
:107e5c00a001200060af880070b080000098a300e3
:107e6c00020032006101200061af8800010820008f
:107e7c00c260210092806000040032008200780011
:107e8c001170a100f100200061af880001102000ea
:107e9c00c2602100928060000400320082007800f1
:107eac001180a1000101200061af88000038a300ff
:107ebc0011003200d0ae8000e1ae8000e00f500027
:107ecc00e08f580008003200625721003202100087
:107edc00a2821800027c220093002000820f520024
:107eec00838f5a0004003600e06021001030a1009e
:107efc00d000200060af880000202000c16021006d
:107f0c00110060008bff3200d000200060af8800b1
:107f1c0088ff370090af80000000e00003003400c1
:107f2c00004e210076b8020001000000c0f2810072
:107f3c000000e00010003400c84f20000804470087
:107f4c004ad3230069502000890447008be52300a5
:107f5c008a00780008007800a49902000100000053
:107f6c0098007800190078009a9702000100000030
:107f7c001b00e000f6ff3c000210a900028080000c
:107f8c0061f3810000f3810014de020001000000a7
:107f9c00d6dd020001000000208080008ae0020093
:107fac000100000000082000e160210011006000c9
:107fbc0005003200010078001070a1004001200083
:107fcc0060af88005bff37002000200060af8800a6
:107fdc00006121001020a10056ff37000000220094
:107fec00c160210011006000130032000100780014
:107ffc0010d0a10040c3b300c34f20008301470041
:10800c0080497800e2c2b300d14f200002f778001b
:10801c00e14f200000f77800f14f200000f77800c6
:10802c00440020000041eb00e1c0b300e0652100fa
:10803c00de8c020001000000e2652100014e2100ef
:10804c00a051210054fe020000000000300f20005f
:10805c00e14f210011006000e20f50001e003200c1
:10806c0011032000810f5000030032000000e000db
:10807c00310032004200370000fd2400801f7800e0
:10808c0080eb2400801f7800c70f240046142400c6
:10809c008579240044d32300a37d2400821324007b
:1080ac00014e2100a0512100aeec020000000000a6
:1080bc008c027800e46521002394240042142400ef
:1080cc008e007800a051210080f602000000000014
:1080dc00e48757002a00370000fd2400801f780039
:1080ec0080eb2400801f7800c70f24004614240066
:1080fc008579240044d32300a37d2400821324001b
:10810c00014e2100a0512100c4eb02000000000030
:10811c008c027800e465210023942400421424008e
:10812c008e007800a051210080f6020000000000b3
:10813c00e487570012003700c70f240046142400b0
:10814c008579240044d32300a37d240082132400ca
:10815c0081eb2400a05121008eee020000000000f3
:10816c008c027800e465210023942400421424003e
:10817c008e007800a051210080f602000000000063
:10818c0083952400a2512100014e2100e0652100bd
:10819c0094fb020000000000136eab0009003200db
:1081ac00615f21001100e8008008780081af800039
:1081bc00810f500003003400b1af8800e060210053
:1081cc001080a00000022000e1602100110060007e
:1081dc000d00320001007800900078000150a100e1
:1081ec0004a62e000500200063572100e25a21004e
:1081fc003319420023914a000100a00001087800c5
:10820c003001200060af8800e06021001000780091
:10821c007000600004003200e06021001040a100fa
:10822c00c05e21000008eb0000102000e16021007e
:10823c001100600004003200010078001080a100e1
:10824c008000200060af880000002200e160210067
:10825c0011006000b7fe32000100780010d0a100c0
:10826c00f001200060af8800b2fe3700300f200014
:10827c00e14f210011006000e20f50001e0032009f
:10828c0011032000810f5000030032000000e000b9
:10829c00310032004200370000fd2400801f7800be
:1082ac0080eb2400801f7800c70f240046142400a4
:1082bc008579240044d32300a37d24008213240059
:1082cc00014e2100a0512100aeec02000000000084
:1082dc008c027800e46521002394240042142400cd
:1082ec008e007800a051210080f6020000000000f2
:1082fc00e48757002a00370000fd2400801f780017
:10830c0080eb2400801f7800c70f24004614240043
:10831c008579240044d32300a37d240082132400f8
:10832c00014e2100a0512100c4eb0200000000000e
:10833c008c027800e465210023942400421424006c
:10834c008e007800a051210080f602000000000091
:10835c00e487570012003700c70f2400461424008e
:10836c008579240044d32300a37d240082132400a8
:10837c0081eb2400a05121008eee020000000000d1
:10838c008c027800e465210023942400421424001c
:10839c008e007800a051210080f602000000000041
:1083ac0000f48100e10f50001b0034002851200024
:1083bc0081e723000e004400289602000100000013
:1083cc00050d2400080347000a000900b61a7800be
:1083dc00b4a78000d3a78000c2a78000010c2000a6
:1083ec008e804000000d2400c85d020001000000da
:1083fc00f687470076845700000d24000a00090018
:10840c00301c78006801b10040eb2300fe9702009d
:10841c000100000088077800400682000000e000a0
:10842c0044fe34003000200060af880041fe37006d
:10843c00300f2000e14f210011006000e20f5000ce
:10844c001e00320011032000810f50000300320087
:10845c000000e000310032004200370000fd240033
:10846c00801f780080eb2400801f7800c70f240049
:10847c00461424008579240044d32300a37d2400d2
:10848c0082132400014e2100a0512100aeec020009
:10849c00000000008c027800e46521002394240085
:1084ac00421424008e007800a051210080f60200b6
:1084bc0000000000e48757002a00370000fd24006c
:1084cc00801f780080eb2400801f7800c70f2400e9
:1084dc00461424008579240044d32300a37d240072
:1084ec0082132400014e2100a0512100c4eb020094
:1084fc00000000008c027800e46521002394240025
:10850c00421424008e007800a051210080f6020055
:10851c0000000000e487570012003700c70f24004a
:10852c00461424008579240044d32300a37d240021
:10853c008213240081eb2400a05121008eee020056
:10854c00000000008c027800e465210023942400d4
:10855c00421424008e007800a051210080f6020005
:10856c000000000000f481000000e0004500340031
:10857c00e06021001060a0002851200081e723005a
:10858c000e0044002896020001000000010d24009a
:10859c00080147000a000900b218780050d82400de
:1085ac00c3c0b30090cf11001d003a00200e240070
:1085bc001010a000c1952400000e24001148780072
:1085cc00d1952400100e240011487800a0952400a9
:1085dc001082e90004087800200d24000008eb004c
:1085ec004240a9000e0034000000eb0081952400ed
:1085fc00648440008004eb00668340008003eb0041
:10860c006101b900880041000601410092487800e0
:10861c000000e800800f5200f9ff3c0094068a002d
:10862c00d4a78000c3a78000020c20000e014100db
:10863c0081952400000d2400565d0200010000000d
:10864c00a05c2100d14a82004f8ade0010984000c5
:10865c0010104a00f687470076845700050d240059
:10866c000a000900351c78006801b10040eb2300ba
:10867c00fe9702000100000060d8240010a0a100a9
:10868c008807780040068200e10f5000a9fd3400f5
:10869c002001200060af8800a6fd3700300f2000bd
:1086ac00e14f210011006000e20f50001e0032006b
:1086bc0011032000810f5000030032000000e00085
:1086cc00310032004200370000fd2400801f78008a
:1086dc0080eb2400801f7800c70f24004614240070
:1086ec008579240044d32300a37d24008213240025
:1086fc00014e2100a0512100aeec02000000000050
:10870c008c027800e4652100239424004214240098
:10871c008e007800a051210080f6020000000000bd
:10872c00e48757002a00370000fd2400801f7800e2
:10873c0080eb2400801f7800c70f2400461424000f
:10874c008579240044d32300a37d240082132400c4
:10875c00014e2100a0512100c4eb020000000000da
:10876c008c027800e4652100239424004214240038
:10877c008e007800a051210080f60200000000005d
:10878c00e487570012003700c70f2400461424005a
:10879c008579240044d32300a37d24008213240074
:1087ac0081eb2400a05121008eee0200000000009d
:1087bc008c027800e46521002394240042142400e8
:1087cc008e007800a051210080f60200000000000d
:1087dc00c0f281000000e00056fd3a00400020008d
:1087ec0060af880053fd3700300f2000e14f2100af
:1087fc0011006000e20f50001e0032001103200037
:10880c00810f5000030032000000e0003100320004
:10881c004200370000fd2400801f780080eb24000c
:10882c00801f7800c70f240046142400857924008b
:10883c0044d32300a37d240082132400014e210085
:10884c00a0512100aeec0200000000008c02780068
:10885c00e465210023942400421424008e00780047
:10886c00a051210080f6020000000000e4875700b0
:10887c002a00370000fd2400801f780080eb2400c4
:10888c00801f7800c70f240046142400857924002b
:10889c0044d32300a37d240082132400014e210025
:1088ac00a0512100c4eb0200000000008c027800f3
:1088bc00e465210023942400421424008e007800e7
:1088cc00a051210080f6020000000000e487570050
:1088dc0012003700c70f24004614240085792400a9
:1088ec0044d32300a37d24008213240081eb2400b5
:1088fc00a05121008eee0200000000008c027800d6
:10890c00e465210023942400421424008e00780096
:10891c00a051210080f602000000000060b0800031
:10892c00f100600056003a000058a300110032001c
:10893c0000612100900078000101d1000281ea0061
:10894c0061016100020141000110a1000288700068
:10895c00c06021001040a0006157210052a8800087
:10896c00205e2100311841000003eb0021104b0068
:10897c0043003700006121001010a1000ede020040
:10898c0001000000114ea900b0ab8000c1ab80000b
:10899c00d0ac8800e1ac8800044c2d001500200000
:1089ac00225b21000419400005914800e060210081
:1089bc0010f0a000140ea8002851200041eb230059
:1089cc000e0044005a9902000100000080cd2300e3
:1089dc00880047000a0009003118780081682100de
:1089ec0080cd2300defe02000000000060cf2300db
:1089fc00900078000120a1000110a0000100a1004e
:108a0c0001087800a7512100064e2100e5652100e0
:108a1c0044eb23008368210082cd230001cc23008a
:108a2c0080ca230038ff020000000000a75121007b
:108a3c00064e2100e565210044eb230083682100ec
:108a4c0082cd2300c1cc230040cb230038ff020091
:108a5c00000000000409200063e6810002e68100aa
:108a6c00a1e5810040e58100acd4020001000000ca
:108a7c008000eb000030200032d502000100000025
:108a8c0060cf23001000780062006000a9fc320067
:108a9c005000200060af8800a6fc370000f4810075
:108aac000000e0000600340083952400a251210050
:108abc00014e2100e065210094fb02000000000043
:108acc0000022000e1602100110060000d00320066
:108adc0001007800900078000150a10004a62e003f
:108aec000500200063572100e25a2100331942008f
:108afc0023914a000100a0000108780060002000ca
:108b0c0060af880060cf2300100078006200600026
:108b1c0088fc3a00b2ab8000c3ab8000e058210067
:108b2c00b00f5100a08f590082fc3600700020005d
:108b3c0060af88007ffc370000f481000000e0008b
:108b4c0045003400e06021001060a0002851200096
:108b5c0081e723000e00440028960200010000006b
:108b6c00020d2400880147000a000900331978001f
:108b7c0050d82400c4c0b300904f12001d003a001e
:108b8c00200e24001010a000c1952400000e24001b
:108b9c0011487800d1952400100e2400114878005b
:108bac00a09524001082e90004087800200d240010
:108bbc000008eb004240a9000e0034000000eb005e
:108bcc0081952400648440008004eb00668340009f
:108bdc008003eb006101b9008200440006014100f2
:108bec00924878000000e800800f5200f9ff3c002a
:108bfc0094068a00d4a78000c3a78000020c200032
:108c0c000e01410081952400000d2400565d0200e8
:108c1c0001000000a05c2100d14a8200cf8ade0056
:108c2c001098400010904a00f68747007684570051
:108c3c00060d24000a000900361c78006801b100fa
:108c4c0040eb2300fe9702000100000060d82400d6
:108c5c0010a0a1008807780000042000e16021002a
:108c6c001100600033fc3200010078001060a1009c
:108c7c005000200060af88002efc3700140ea900b5
:108c8c00b0ab8000c1ab8000a3a88000225e2100a5
:108c9c0000824100e08248000489be00c2602100cd
:108cac001240a000225c210032024000a282480047
:108cbc00a35921003319520023915a0090ac88001b
:108ccc00a1ac8800e0602100e1ff27001088600063
:108cdc00400682000000e00002003400e060210049
:108cec001070a000c05e21000008eb0011fc3700e2
:108cfc0060cf230010007800620060003c003a0056
:108d0c0060cf2300900078000130a0000140a1004a
:108d1c000120a1000110a0000100a10001087800b1
:108d2c00a7512100064e2100e565210044eb2300ec
:108d3c008368210082cd230001cc230080ca23004c
:108d4c0038ff020000000000a7512100064e210050
:108d5c00e565210044eb23008368210082cd2300cc
:108d6c00c1cc230040cb230038ff020000000000e0
:108d7c000ede0200010000000409200063e6810001
:108d8c0002e68100a1e5810040e58100acd402003f
:108d9c00010000008000eb000030200032d5020002
:108dac0001000000114ea900b2ab8000c3ab8000e3
:108dbc00d2ac8800e3ac8800044c2d0015002000d8
:108dcc00205b21000418410005904900e06021005f
:108ddc009000780001f0a00001087800140ea800a3
:108dec00f2ab880003ac88000110a10001087800e8
:108dfc00c060210051ff2f001088600015aea90043
:108e0c0014eea900158ea90015cea900e05721007b
:108e1c00615721001102780091029000300152003c
:108e2c00a0815a000200be0005712200850f51007e
:108e3c00e08f59000100360015aea80086af220065
:108e4c00860f5000e08f58000100360014eea80089
:108e5c0002ee2200820f5000e08f58000100360015
:108e6c00158ea800832c2300830f5000e08f580030
:108e7c000100360015cea80004532700840f5000c3
:108e8c00e08f5800010036000000fe00136eab00ae
:108e9c002a003a00635f21001301e900820978007f
:108eac004240a90025003c00030178000009eb00ba
:108ebc0062cf23001240a000c2a78000e10f510036
:108ecc000f003a0085af2200850f5000e08f58004c
:108edc0002003600e260210012b0a00006ee220073
:108eec00860f5000e08f580005003600e06021002e
:108efc009000780001b0a10001a0a000010878004a
:108f0c00e057210061572100110278009102900076
:108f1c0030015200a0815a00852c2300850f51008e
:108f2c00e08f590005003600e060210090007800c9
:108f3c0001a0a1000190a00001087800b0af800052
:108f4c000000e0007bfb3a009000200060af88003e
:108f5c0078fb37008c1f7800e7652100869524008c
:108f6c00050d240044eb2300030c20008e814100ee
:108f7c0082e72300014e2100a0512100c2f902001a
:108f8c0000000000e060210010e0a00080512100f2
:108f9c0010007800680060008f87e9000000e00096
:108fac0024003a0090af80000000e0000300340081
:108fbc00004e210076b8020001000000c0f28100d2
:108fcc000000e00010003400c84f200008044700e7
:108fdc004ad3230069502000890447008be5230005
:108fec008a00780008007800a499020001000000b3
:108ffc0098007800190078009a9702000100000090
:10900c001b00e000f6ff3c000210a900028080006b
:10901c0061f3810000f3810014de02000100000006
:10902c00d6dd020001000000208080008ae00200f2
:10903c00010000005001200060af88003dfb3700ac
:10904c0060cf2300100078006200600039fb3a000a
:10905c002851200041eb23000e0044005a990200d5
:10906c000100000086cd2300080047000a0009001b
:10907c00301b78008168210080cd2300defe0200c9
:10908c000000000060cf2300900078000120a100b8
:10909c000110a0000100a10001087800a7512100d7
:1090ac00064e2100e565210044eb23008368210076
:1090bc0082cd230001cc230080ca230038ff02009c
:1090cc0000000000a7512100064e2100e56521009b
:1090dc0044eb23008368210082cd2300c1cc230004
:1090ec0040cb230038ff02000000000004092000e0
:1090fc0063e6810002e68100a1e5810040e5810084
:10910c00acd40200010000008000eb000030200015
:10911c0032d5020001000000a000200060af8800e2
:10912c00e0fa240090007800817d8a00825f2100a3
:10913c0092017800d3af880011002000010978005b
:10914c0001087800fbfa3700300f2000e14f2100b6
:10915c0011006000e20f50001e00320011032000cd
:10916c00810f5000030032000000e000310032009b
:10917c004200370000fd2400801f780080eb2400a3
:10918c00801f7800c70f2400461424008579240022
:10919c0044d32300a37d240082132400014e21001c
:1091ac00a0512100aeec0200000000008c027800ff
:1091bc00e465210023942400421424008e007800de
:1091cc00a051210080f6020000000000e487570047
:1091dc002a00370000fd2400801f780080eb24005b
:1091ec00801f7800c70f24004614240085792400c2
:1091fc0044d32300a37d240082132400014e2100bc
:10920c00a0512100c4eb0200000000008c02780089
:10921c00e465210023942400421424008e0078007d
:10922c00a051210080f6020000000000e4875700e6
:10923c0012003700c70f240046142400857924003f
:10924c0044d32300a37d24008213240081eb24004b
:10925c00a05121008eee0200000000008c0278006c
:10926c00e465210023942400421424008e0078002d
:10927c00a051210080f602000000000060cf230006
:10928c001000780062006000aafa3a00b0ab8000cf
:10929c00c1ab8000e25d2100b20f5000a28f5800dc
:1092ac00a4fa3600847d8200747d8a00d5af8000dc
:1092bc00c5af8800140ea900a3a88000225e21006f
:1092cc0000824100e08248000489be00c260210097
:1092dc001240a000225c210032024000a282480011
:1092ec00a35921003319520023915a0090ac8800e5
:1092fc00a1ac8800e0602100e1ff2700108860002d
:10930c00c05e21000008eb008afa3700300f200005
:10931c00e14f210011006000e20f50001e003200ee
:10932c0011032000810f5000030032000000e00008
:10933c00310032004200370000fd2400801f78000d
:10934c0080eb2400801f7800c70f240046142400f3
:10935c008579240044d32300a37d240082132400a8
:10936c00014e2100a0512100aeec020000000000d3
:10937c008c027800e465210023942400421424001c
:10938c008e007800a051210080f602000000000041
:10939c00e48757002a00370000fd2400801f780066
:1093ac0080eb2400801f7800c70f24004614240093
:1093bc008579240044d32300a37d24008213240048
:1093cc00014e2100a0512100c4eb0200000000005e
:1093dc008c027800e46521002394240042142400bc
:1093ec008e007800a051210080f6020000000000e1
:1093fc00e487570012003700c70f240046142400de
:10940c008579240044d32300a37d240082132400f7
:10941c0081eb2400a05121008eee02000000000020
:10942c008c027800e465210023942400421424006b
:10943c008e007800a051210080f602000000000090
:10944c00c060210010b0a100b0ab8000c1ab8000a7
:10945c0030ad880041ad8800e20f4000e08f58002d
:10946c000c0036000001eb002553200002b77a00f7
:10947c0015a980000353200005b77900625a21001a
:10948c000303470036027800a60278000419500046
:10949c00059158002851200081e723000e0044005c
:1094ac002896020001000000040d240088024700e9
:1094bc000a000900351a780060512100104078002c
:1094cc00e14f500003003200e24f500031003a00ef
:1094dc000600370062002000c14e2100000d240060
:1094ec009cc50200010000002a0037008400200007
:1094fc001300200003017800010c20008e80400036
:10950c00000d2400c85d020001000000f687470032
:10951c00f6845700060d24000a000900b61c7800da
:10952c006901b10040eb2300fe970200010000002e
:10953c002851200081e723000e00440028960200e9
:10954c0001000000000d2400880047000a000900fb
:10955c0031187800014e2100c0952400565a0200a3
:10956c0001000000a8952400000c780014002000d5
:10957c0084017800020c20000e014100819524002a
:10958c00000d2400565d020001000000000ceb00f1
:10959c0089077800f687470076845700020d24006f
:1095ac000a000900321c78006801b10040eb23006e
:1095bc00fe970200010000004000200060af880010
:1095cc0088077800dbf93700300f2000e14f2100cd
:1095dc0011006000e20f50001e0032001103200049
:1095ec00810f5000030032000000e0003100320017
:1095fc004200370000fd2400801f780080eb24001f
:10960c00801f7800c70f240046142400857924009d
:10961c0044d32300a37d240082132400014e210097
:10962c00a0512100aeec0200000000008c0278007a
:10963c00e465210023942400421424008e00780059
:10964c00a051210080f6020000000000e4875700c2
:10965c002a00370000fd2400801f780080eb2400d6
:10966c00801f7800c70f240046142400857924003d
:10967c0044d32300a37d240082132400014e210037
:10968c00a0512100c4eb0200000000008c02780005
:10969c00e465210023942400421424008e007800f9
:1096ac00a051210080f6020000000000e487570062
:1096bc0012003700c70f24004614240085792400bb
:1096cc0044d32300a37d24008213240081eb2400c7
:1096dc00a05121008eee0200000000008c027800e8
:1096ec00e465210023942400421424008e007800a9
:1096fc00a051210080f602000000000041eb230085
:10970c00c04f2000000047005a99020001000000e1
:10971c0000f48100e10f50001b00340028512000a0
:10972c0081e723000e00440028960200010000008f
:10973c00030d2400080247000a000900b419780040
:10974c00b4a78000d3a78000c2a78000010c200022
:10975c008e804000000d2400c85d02000100000056
:10976c00f687470076845700050d24000a0009008f
:10977c00351c78006801b10040eb2300fe97020015
:10978c000100000088077800f687470076845700b0
:10979c00c04f2000000347000a000900361c780067
:1097ac006801b10040eb2300fe97020001000000ad
:1097bc002001200060af8800880778005df9370031
:1097cc00b0ab8000c1ab80002259210032025000a6
:1097dc00a28258000401be00853e2000850f510076
:1097ec00e08f590053f93600114ea900d0ac880017
:1097fc00e1ac8800044c2d0015002000225b2100f8
:10980c000419400005914800e060210010f0a00010
:10981c00140ea8008c1f7800e765210086952400a3
:10982c00050d240044eb2300030c20008e81410025
:10983c0082e72300014e2100a0512100c2f9020051
:10984c00000000007001200060af88008f87e900e5
:10985c0038f937002851200041eb23000e0044005a
:10986c005a9902000100000086cd23000800470031
:10987c000a000900301b78008168210080cd23008c
:10988c00defe02000000000060cf23009000780094
:10989c000120a1000110a0000100a1000108780026
:1098ac00a7512100064e2100e565210044eb230061
:1098bc008368210082cd230001cc230080ca2300c1
:1098cc0038ff020000000000a7512100064e2100c5
:1098dc00e565210044eb23008368210082cd230041
:1098ec00c1cc230040cb230038ff02000000000055
:1098fc000409200063e6810002e68100a1e58100f5
:10990c0040e58100acd40200010000008000eb00b7
:10991c000030200032d50200010000008001200040
:10992c0060af880003f93700136eab000200320001
:10993c00e06021001090a100400682000000e000d1
:10994c00fcf83a0060cf2300100078006200600041
:10995c00f8f83a00b0ab8000c1ab8000e2582100af
:10996c00b20f5000a28f5800f2f83600140ea90066
:10997c00a3a88000225e210000824100e082480002
:10998c000489be00c26021001240a000225c2100ac
:10999c0032024000a2824800a35921003319520020
:1099ac0023915a0090ac8800a1ac8800e0602100a3
:1099bc00e1ff270010886000c05e21000008eb006a
:1099cc00dcf8370060cf23001000780062006000e4
:1099dc003e003a0060cf2300900078000130a000d8
:1099ec000140a100821b2000f2b688000120a100da
:1099fc000110a0000100a10001087800a75121006e
:109a0c00064e2100e565210044eb2300836821000c
:109a1c0082cd230001cc230080ca230038ff020032
:109a2c0000000000a7512100064e2100e565210031
:109a3c0044eb23008368210082cd2300c1cc23009a
:109a4c0040cb230038ff0200000000000ede0200b5
:109a5c00010000000409200063e6810002e6810099
:109a6c00a1e5810040e58100acd4020001000000ba
:109a7c008000eb000030200032d502000100000015
:109a8c00114ea900b2ab8000c3ab8000d2ac8800f1
:109a9c00e3ac8800044c2d0015002000205b210055
:109aac000418410005904900e06021009000780006
:109abc0001f0a00001087800140ea800f2ab880099
:109acc0003ac88000110a1000108780000022000fe
:109adc0060af880097f83700e057210061572100ec
:109aec00110278009102900030015200a0815a00be
:109afc0050b080008000eb00800f5100818f590026
:109b0c008cf8360060cf23001040a000100220001b
:109b1c0060af880087f8370060cf23001000780012
:109b2c006200600083f83a00140ea900b0ab80000c
:109b3c00c1ab8000a3a88000225e210000824100fe
:109b4c00e08248000489be00c26021001240a000df
:109b5c00225c210032024000a2824800a35921005d
:109b6c003319520023915a0090ac8800a1ac8800a4
:109b7c00e0602100e1ff270010886000c05e21003a
:109b8c000008eb006bf83700b0ab8000c1ab800075
:109b9c002259210032025000a28258000401be005a
:109bac00853e2000850f5100e08f590061f836008a
:109bbc00114ea900d0ac8800e1ac8800044c2d00fb
:109bcc0015002000225b210004194000059148007b
:109bdc00e060210010f0a000140ea8002851200015
:109bec0081e723000e0044002896020001000000cb
:109bfc00060d2400080047000a000900301b7800fd
:109c0c00d3a78000c2a78000010c20008e804000ea
:109c1c00000d2400945d020001000000f68747004f
:109c2c00f6845700010d24000a000900b11c7800cd
:109c3c006901b10040eb2300fe9702000100000017
:109c4c0041eb23000e0044005a9902000100000071
:109c5c0082cd2300880147000a00090033197800df
:109c6c008168210080cd2300defe02000000000090
:109c7c0060cf2300900078000120a1000110a0000b
:109c8c000100a10001087800a7512100064e210017
:109c9c00e565210044eb23008368210082cd23007d
:109cac0001cc230080ca230038ff02000000000012
:109cbc00a7512100064e2100e565210044eb23004d
:109ccc008368210082cd2300c1cc230040cb23002c
:109cdc0038ff0200000000000409200063e6810048
:109cec0002e68100a1e5810040e58100acd40200d0
:109cfc00010000008000eb000030200032d5020093
:109d0c0001000000b001200060af880089077800d6
:109d1c0008f8370000f481000000e0001a0034005d
:109d2c002851200081e723000e00440028960200f1
:109d3c0001000000040d2400880247000a000900fd
:109d4c00351a7800d3a78000c2a78000010c200030
:109d5c008e804000000d2400945d02000100000084
:109d6c00f687470076845700060d24000a00090088
:109d7c00361c78006801b10040eb2300fe9702000e
:109d8c000100000088077800a059210061572100cc
:109d9c00110278009102900030015200a0815a000b
:109dac0000982a0031002000800f5100818f59004b
:109dbc0002003e00136eab00def73200c001200043
:109dcc0060af8800dbf73700400682000000e0003f
:109ddc00d8f73a0060cf23001000780062006000d2
:109dec00d4f73a00140ea900b0ab8000c1ab8000d0
:109dfc00a3a88000225e210000824100e08248007e
:109e0c000489be00c26021001240a000225c210027
:109e1c0032024000a2824800a3592100331952009b
:109e2c0023915a0090ac8800a1ac8800e06021001e
:109e3c00e1ff270010886000c05e21000008eb00e5
:109e4c00bcf7370090af80000000e0000300340046
:109e5c00004e210076b8020001000000c0f2810023
:109e6c000000e00010003400c84f20000804470038
:109e7c004ad3230069502000890447008be5230056
:109e8c008a00780008007800a49902000100000004
:109e9c0098007800190078009a97020001000000e1
:109eac001b00e000f6ff3c000210a90002808000bd
:109ebc0061f3810000f3810014de02000100000058
:109ecc00d6dd020001000000208080008ae0020044
:109edc0001000000b0ab8000c1ab800030ac88004a
:109eec0041ac8800d001200060af880091f73700aa
:109efc00300f2000e14f210011006000e20f5000f4
:109f0c001e00320011032000810f500003003200ac
:109f1c000000e000310032004200370000fd240058
:109f2c00801f780080eb2400801f7800c70f24006e
:109f3c00461424008579240044d32300a37d2400f7
:109f4c0082132400014e2100a0512100aeec02002e
:109f5c00000000008c027800e465210023942400aa
:109f6c00421424008e007800a051210080f60200db
:109f7c0000000000e48757002a00370000fd240091
:109f8c00801f780080eb2400801f7800c70f24000e
:109f9c00461424008579240044d32300a37d240097
:109fac0082132400014e2100a0512100c4eb0200b9
:109fbc00000000008c027800e4652100239424004a
:109fcc00421424008e007800a051210080f602007b
:109fdc0000000000e487570012003700c70f240070
:109fec00461424008579240044d32300a37d240047
:109ffc008213240081eb2400a05121008eee02007c
:10a00c00000000008c027800e465210023942400f9
:10a01c00421424008e007800a051210080f602002a
:10a02c0000000000415f21001100e800800878006a
:10a03c00815f2100910f500002003900405f210028
:10a04c000008eb00a4af80006121b800c021200003
:10a05c000010b80082352400020040001000e0001f
:10a06c0048003400285120008002eb00c021200061
:10a07c000022b80041142400810042000e0044006c
:10a08c005a990200010000002194240008014700a5
:10a09c000a000900b2187800495f21009901780084
:10a0ac00c619dd002a942400830147000201200018
:10a0bc00514a82001a0078002c890200010000002d
:10a0cc00190078006102b800865220000e0343008c
:10a0dc00041b7800051378004815200096017800c1
:10a0ec000818b8000000470060029100f0029100cf
:10a0fc00465320000e034300041b78000513780020
:10a10c000a007800e256020001000000865220008e
:10a11c00ee017b00081ab800c410b00084004700a0
:10a12c00445320000e02420034017800a401780050
:10a13c004f83de000202400083024b008488be0085
:10a14c00190078008000eb000801b8008210b00004
:10a15c0002014700434a8200c419dd000800b80020
:10a16c008010b00000004700cf98de00309941000d
:10a17c00209148009a007800b04a8200689702004b
:10a18c0001000000b0ab8000c1ab8000a2582100e0
:10a19c0032025000a28258000401be00853e20000d
:10a1ac00850f5100e08f59005d00360050ac8800df
:10a1bc0061ac88006258210032025000a282580023
:10a1cc000400be00b55d2000850f5000e08f5800e4
:10a1dc0005003e00c6af80000000eb000600e0006a
:10a1ec0006003c00430037000004eb00c0af8000c9
:10a1fc000000e00018003c003e003700471520002e
:10a20c00688446008004eb006022b8008d01780061
:10a21c008152200003b77800cd5220008e86460074
:10a22c003d017800ad0178000205be000781b90040
:10a23c00880041008488be000a0141000489be00e8
:10a24c000000e800860f5000f8ff3a008252200010
:10a25c00ee067900e4ff3700688046006101b80023
:10a26c00845220000e024200021a78000312780079
:10a27c002a4f2100a99524004215200002c1b900e3
:10a28c00c65220006e027b008400410085522000e3
:10a29c006e827a0002004200880178001103780077
:10a2ac009103900010027800900290001a417800ff
:10a2bc00c14e2100c0952400e658020001000000a8
:10a2cc00800c780000027800c39524000041eb005c
:10a2dc0082407800e0652100de8c02000100000065
:10a2ec00800ceb000804e800c0af8000880f500021
:10a2fc00e1ff3c00027d200003002000615721009b
:10a30c00605b21003118410021904900158eab0093
:10a31c0002003200158ea90001003700158ea8002e
:10a32c0060582100615721001102780091029000c1
:10a33c0030015200a0815a00007c220091002000c4
:10a34c00800f5100818f590002003e00136eab004c
:10a35c0078f632000ede020001000000158ea90016
:10a36c00c05e21000008eb0072f637000ede020022
:10a37c0001000000a2702100014e2100a05121001b
:10a38c0054ea02000000000000302000c1602100ef
:10a39c0011006000030032000001200060af880053
:10a3ac0064f63700c05e21000008eb0061f6370050
:10a3bc000ede020001000000a2702100014e2100ff
:10a3cc00a051210034eb020000000000c05e21000f
:10a3dc000008eb0057f63700e06521006e770200ad
:10a3ec00010000004f06be004f05be004f04be002a
:10a3fc000080fa00000006000000fe004df6370059
:10a40c000000fe004bf63700841afa00889fbe004d
:10a41c008a9fbe008c9fbe0060002100406c8a00a9
:10a42c0060182100506c8a0060242100606c8a0046
:10a43c00a0382100706c8a00e0e72c00110020008d
:10a44c00806c8a00916c8a00c0db2c00110020000b
:10a45c00e06c8a00f16c8a00a0cf2c001100200067
:10a46c00006d8a00116d8a0080c32c001100200041
:10a47c00a06c8a00b16c8a0060b72c00110020001f
:10a48c00c06c8a00d16c8a0040ab2c0011002000fb
:10a49c00206d8a00316d8a00209f2c001100200055
:10a4ac00406d8a00516d8a0000932c001100200031
:10a4bc00606d8a00716d8a00e0862c00110020000e
:10a4cc00806d8a00916d8a00c07a2c0011002000ea
:10a4dc00a06d8a00b16d8a00e04c210040b6880066
:10a4ec00a0712c001100200050b6880061b68800c5
:10a4fc0042a1210002014700300020000100200091
:10a50c009a8402000100000020a5210000004700f1
:10a51c001010a000429d21000201470030002000d5
:10a52c00010020009a8402000100000020a12100fb
:10a53c00000047001010a000a8a62100c10f2400a5
:10a54c000e004400289602000100000080792400cf
:10a55c00880047000a00090031187800c10f240058
:10a56c000e0044002896020001000000e27a24004c
:10a57c00880147000a0009003319780081cf2300b5
:10a58c000e0044009a960200010000000e004400e8
:10a59c0030027800b002780004758a0015758a00c4
:10a5ac0030017800b001780022758a0033758a007a
:10a5bc00100278009002900044758a0055758a004c
:10a5cc0081cf23000e0044009a9602000100000087
:10a5dc00080078000e00400030017800b0017800cf
:10a5ec0062758a0073758a0030027800b0027800b8
:10a5fc0084758a0095758a0010017800900190008e
:10a60c00a2758a00b3758a00c16c21008e8040004f
:10a61c000e0078004e01020001000000c16c210008
:10a62c008e80400060b62000000047004e01020002
:10a63c000100000000b0800081b5200000b7780058
:10a64c00e16b210000b7780040b620000000470005
:10a65c001070a100a06c2100000047001070a10038
:10a66c000006200000808800300f2000e14f210000
:10a67c001100600021082000810f5000640032009e
:10a68c0022003c0031022000810f500044003200b7
:10a69c000c003c00e30f5000da00320003003c00d9
:10a6ac00e10f500049013a00eb003700f10f500068
:10a6bc000001320021022000810f500043013a00ba
:10a6cc003d00370011042000810f5000250132009d
:10a6dc0007003c0001032000810f5000b400320041
:10a6ec0001042000810f500038013a0002013700ac
:10a6fc0001082000810f50005a0032001108200080
:10a70c00810f500031013a006a00370031092000f6
:10a71c00810f5000b50032000f003c0001092000f1
:10a72c00810f50009c00320004003c0031082000d6
:10a73c00810f500025013a008800370011092000d4
:10a74c00810f50002c00320021092000810f500095
:10a75c001e013a007b003700310a2000810f5000a7
:10a76c00ce00320007003c00010a2000810f50008f
:10a77c0036003200210a2000810f500013013a00ec
:10a78c0046003700010b2000810f5000ac00320056
:10a79c00110f2000810f50000c013a0054003700bb
:10a7ac0040b62000000047001060a000a06c210003
:10a7bc00000047001060a0003001200010738a00d8
:10a7cc0040002000c0b688000020210020808800b6
:10a7dc00c000200020418a00e0448a00008524004b
:10a7ec001000a100808c24001000a000803e2000ee
:10a7fc0080af8800f500370040b62000000047000d
:10a80c001060a000a06c2100000047001060a000a8
:10a81c008000200010738a00c0b688000020210040
:10a82c0020808800c000200020418a00e0448a007b
:10a83c00008524001000a100808c24001000a100d1
:10a84c00803e200080af8800e000370040b620003a
:10a85c00000047001060a000a06c21000000470021
:10a86c001060a000c000200010738a00c0b68800e1
:10a87c00019020002180880020418a00e0448a0059
:10a88c00008524001000a100808c24001000a10081
:10a89c00803e200080af8800cc00370040b62000fe
:10a8ac00000047001060a000a06c210000004700d1
:10a8bc001060a000d000200010738a00c0b6880081
:10a8cc0000902000208088006000200020418a0039
:10a8dc00e0448a00008524001000a100808c240034
:10a8ec001000a100803e200080af8800b700370028
:10a8fc0040b62000000047001060a000a06c2100b2
:10a90c00000047001060a000e000200010738a00d7
:10a91c00c0b68800009020002080880080002000b5
:10a92c0020418a00e0448a00008524001000a10028
:10a93c00808c24001000a100803e200080af880095
:10a94c00a200370040b62000000047001060a000b5
:10a95c00a06c2100000047001060a00090002000b7
:10a96c0010738a00c0b68800002021002080880067
:10a97c00c000200020418a00e0448a0000852400a9
:10a98c001000a100808c24001000a100803e20004b
:10a99c0080af88008d00370040b6200000004700d3
:10a9ac001060a000a06c2100000047001060a00007
:10a9bc004000200010738a00c0b6880000202100df
:10a9cc0020808800c000200020418a00e0448a00da
:10a9dc00008524001000a100808c24001000a10030
:10a9ec00803e200080af88007800370040b6200001
:10a9fc00000047001060a000a06c21000000470080
:10aa0c001060a0001000200010738a00c0b68800ef
:10aa1c000090200020808800c000200020418a0087
:10aa2c00e0448a00008524001000a100808c2400e2
:10aa3c001000a1006009200080af8800630037007f
:10aa4c0040b62000000047001060a000a06c210060
:10aa5c00000047001060a0000000eb0010738a009b
:10aa6c00c0b688000048200020808800c00020006c
:10aa7c0020418a00e0448a00008524001000a100d7
:10aa8c00808c24001000a0000003200000808800af
:10aa9c00803e200080af88004c00370040b620007c
:10aaac00000047001060a000a06c210000004700cf
:10aabc001060a0003000200010738a00c0b688001f
:10aacc0000482000208088008001200020418a005e
:10aadc00e0448a00008524001000a100808c240032
:10aaec001000a0000003200000808800803e2000a1
:10aafc0080af88003500370041b620008100470048
:10ab0c00a06c210000004700100178000260a0003a
:10ab1c00910178000360a0000370a0008308780006
:10ab2c000270a00002087800f000200010738a0068
:10ab3c00c0b68800006020002080880090002000b3
:10ab4c0020418a00e0448a00008524001000a10006
:10ab5c00808c24001000a000803e200080af880074
:10ab6c001a00370041b6200081004700a06c21007c
:10ab7c0000004700100178000260a00091017800ed
:10ab8c000360a0000370a000830878000270a0008e
:10ab9c00020878000001200010738a00c0b68800fb
:10abac0000482000208088006000200020418a009e
:10abbc00e0448a00008524001000a100808c240051
:10abcc001000a000803e200080af880080d82400b8
:10abdc00aea502000000000080682100b026020033
:10abec0001000000a84f210098007800a07d2400ef
:10abfc002238020001000000980078002085240013
:10ac0c0022380200010000008000eb000030200020
:10ac1c0032d5020001000000208080008ae0020092
:10ac2c0001000000aca621008c06470043a52100c2
:10ac3c008304470043eb2300e2652100014e210011
:10ac4c00a0512100a4ac02000100000050af800014
:10ac5c00cf80de0014022000840f5000e08f5800db
:10ac6c007f0b3e0000060100210037006900370011
:10ac7c0098003700c10237008b043700c405370039
:10ac8c00ea053700fb05370017063700af0637001b
:10ac9c0024073700720b3700210837004b0b3700a5
:10acac005b0b3700640b37006b0b37006c0b3700fa
:10acbc009c033700b801370054093700d806370019
:10accc00540a3700750a3700a80a3700640b37009e
:10acdc00630b3700620b3700610b3700600b3700da
:10acec005f0b3700c80a37000c0b37001b0b370003
:10acfc001000200060af880000802000c16021009f
:10ad0c0011006000040032000100780010b0a100b6
:10ad1c00c000200060af880000802000e1602100ae
:10ad2c0011006000040032000100780010b0a10096
:10ad3c009001200060af880000402000e1602100fd
:10ad4c0011006000040032000100780010a0a10086
:10ad5c00a001200060af880070b080000098a300b4
:10ad6c00020032006101200061af88000108200060
:10ad7c00c2602100928060000400320082007800e2
:10ad8c001170a100f100200061af880001102000bb
:10ad9c00c2602100928060000400320082007800c2
:10adac001180a1000101200061af88000038a300d0
:10adbc0011003200d0ae8000e1ae8000e00f5000f8
:10adcc00e08f580008003200625721003202100058
:10addc00a2821800027c220093002000820f5200f5
:10adec00838f5a0004003600e06021001030a1006f
:10adfc00d000200060af880000202000c16021003e
:10ae0c00110060008bff3200d000200060af880082
:10ae1c0088ff370090af80000000e0000300340092
:10ae2c00004e210076b8020001000000c0f2810043
:10ae3c000000e0000e0034004ad32300e8a52100f6
:10ae4c00080447008be523008a007800090078008d
:10ae5c00a499020001000000990078001800780005
:10ae6c009a970200010000001b00e000f6ff3c0076
:10ae7c000210a9000280800061f3810000f38100c0
:10ae8c0014de020001000000d6dd0200010000000b
:10ae9c00208080008ae002000100000000082000f1
:10aeac00e160210011006000050032000100780013
:10aebc001070a1004001200060af88005dff3700da
:10aecc002000200060af8800006121001020a1004c
:10aedc0058ff370000002200c16021001100600003
:10aeec00120032000100780010d0a10040c3b30062
:10aefc00804c7800e2c2b30051a5210002f7780023
:10af0c0061a5210000f7780071a5210000f77800f9
:10af1c0044002000890178000041eb00e1c0b3003f
:10af2c00e0652100de8c020001000000e2652100da
:10af3c00014e2100a051210054fe0200000000002f
:10af4c00300f2000e14f210011006000210820008b
:10af5c00810f5000440032001e003c0031022000e2
:10af6c00810f50000a003c0021022000810f50008c
:10af7c006d003d00e30f500080003200f10f5000d7
:10af8c0095003200e10f5000c8003a00a4003700d1
:10af9c0011042000810f500007003c000104200028
:10afac00810f5000b0003d0001032000810f5000c4
:10afbc00be003a007100370001082000810f5000dc
:10afcc002900320011082000810f5000b7003a0010
:10afdc003e00370031092000810f5000670032001d
:10afec000f003c0001092000810f5000630032006b
:10affc0004003c0031082000810f5000ab003a00e7
:10b00c003200370011092000810f50001600320069
:10b01c0021092000810f5000a4003a002b003700ba
:10b02c00310a2000810f50006b00320007003c00f9
:10b03c00010a2000810f50000b003200210a200071
:10b04c00810f500099003a0020003700010b2000be
:10b05c00810f500072003200110f2000810f500040
:10b06c0092003a001900370000ea2400801f780093
:10b07c0080d82400801f7800c70f240046142400b9
:10b08c008579240044d32300a37d2400821324005b
:10b09c00014e2100a0512100eae80200000000004e
:10b0ac008e027800e46521002394240042142400cd
:10b0bc00419d210081004700a051210076f3020040
:10b0cc0000000000e48757007800370000ea2400f5
:10b0dc00801f780080d82400801f7800c70f2400c0
:10b0ec00461424008579240044d32300a37d240036
:10b0fc0082132400014e2100a051210096e9020088
:10b10c00000000000e027800e36521002294240068
:10b11c0041142400a051210082f002000000000024
:10b12c00e48757006100370080d82400801f780026
:10b13c00c70f2400461424008579240044d323002f
:10b14c00a37d240082132400014e2100a051210074
:10b15c00b4ed0200000000000e027800e36521004f
:10b16c002294240041142400a051210082f00200fa
:10b17c00000000008f87e9004c00370000ea240033
:10b18c00801f780080d82400801f7800c70f24000f
:10b19c00461424008579240044d32300a37d240085
:10b1ac0082132400014e2100a0512100c4eb0200a7
:10b1bc00000000000e027800e365210022942400b8
:10b1cc0041142400a051210082f002000000000074
:10b1dc00e487570035003700c70f240046142400bd
:10b1ec008579240044d32300a37d240082132400fa
:10b1fc0081d82400a05121008eee02000000000036
:10b20c000e027800e36521002294240041142400ee
:10b21c00a051210082f00200000000002300370042
:10b22c00c70f2400461424008579240044d323003e
:10b23c00a37d24008213240081d82400a051210076
:10b24c008eee0200000000000e027800e365210083
:10b25c002294240041142400a051210082f0020009
:10b26c000000000011003700c70f24004614240012
:10b27c008579240044d32300a37d24008213240069
:10b28c0081d82400a051210060ef020000000000d2
:10b29c000e027800e365210022942400411424005e
:10b2ac00a051210082f002000000000083952400d0
:10b2bc00a2512100014e2100e065210094fb020007
:10b2cc0000000000136eab0009003200615f21002a
:10b2dc001100e8008008780081af8000810f5000d9
:10b2ec0003003400b1af8800e06021001080a000a2
:10b2fc0000022000e1602100110060000d0032000e
:10b30c0001007800900078000150a10004a62e00e6
:10b31c000500200063572100e25a21003319420036
:10b32c0023914a000100a0000108780030012000a0
:10b33c0060af8800e06021001000780070006000b1
:10b34c0004003200e06021001040a100c05e21002a
:10b35c000008eb0000102000e160210011006000eb
:10b36c0004003200010078001080a1008000200051
:10b37c0060af880000002200e16021001100600035
:10b38c002cfe32000100780010d0a100f00120004a
:10b39c0060af880027fe3700300f2000e14f2100fe
:10b3ac001100600021082000810f50004400320081
:10b3bc001e003c0031022000810f50000a003c00ae
:10b3cc0021022000810f50006d003d00e30f500062
:10b3dc0080003200f10f500095003200e10f500058
:10b3ec00c8003a00a400370011042000810f50005f
:10b3fc0007003c0001042000810f5000b0003d000c
:10b40c0001032000810f5000be003a00710037008c
:10b41c0001082000810f5000290032001108200083
:10b42c00810f5000b7003a003e0037003109200070
:10b43c00810f5000670032000f003c000109200012
:10b44c00810f50006300320004003c0031082000e2
:10b45c00810f5000ab003a00320037001109200078
:10b46c00810f50001600320021092000810f50007e
:10b47c00a4003a002b003700310a2000810f500045
:10b48c006b00320007003c00010a2000810f5000c5
:10b49c000b003200210a2000810f500099003a0065
:10b4ac0020003700010b2000810f50007200320089
:10b4bc00110f2000810f500092003a001900370044
:10b4cc0000ea2400801f780080d82400801f7800b8
:10b4dc00c70f2400461424008579240044d323008c
:10b4ec00a37d240082132400014e2100a0512100d1
:10b4fc00eae80200000000008e027800e4652100fa
:10b50c002394240042142400419d21008100470013
:10b51c00a051210076f3020000000000e4875700e0
:10b52c007800370000ea2400801f780080d82400bf
:10b53c00801f7800c70f240046142400857924004e
:10b54c0044d32300a37d240082132400014e210048
:10b55c00a051210096e90200000000000e027800c4
:10b56c00e36521002294240041142400a051210001
:10b57c0082f0020000000000e487570061003700f1
:10b58c0080d82400801f7800c70f240046142400a4
:10b59c008579240044d32300a37d24008213240046
:10b5ac00014e2100a0512100b4ed0200000000006a
:10b5bc000e027800e365210022942400411424003b
:10b5cc00a051210082f00200000000008f87e900ea
:10b5dc004c00370000ea2400801f780080d824003b
:10b5ec00801f7800c70f240046142400857924009e
:10b5fc0044d32300a37d240082132400014e210098
:10b60c00a0512100c4eb0200000000000e027800e3
:10b61c00e36521002294240041142400a051210050
:10b62c0082f0020000000000e4875700350037006c
:10b63c00c70f2400461424008579240044d323002a
:10b64c00a37d24008213240081d82400a051210062
:10b65c008eee0200000000000e027800e36521006f
:10b66c002294240041142400a051210082f00200f5
:10b67c000000000023003700c70f240046142400ec
:10b68c008579240044d32300a37d24008213240055
:10b69c0081d82400a05121008eee02000000000091
:10b6ac000e027800e365210022942400411424004a
:10b6bc00a051210082f002000000000011003700b0
:10b6cc00c70f2400461424008579240044d323009a
:10b6dc00a37d24008213240081d82400a0512100d2
:10b6ec0060ef0200000000000e027800e36521000c
:10b6fc002294240041142400a051210082f0020065
:10b70c000000000081e723000d007800289602005d
:10b71c0001000000050d24000c0347000a0009007d
:10b72c00b61a7800b3a78000d2a78000c1a780000a
:10b73c00000d2400dc5e020001000000f6874700cb
:10b74c0076845700000d24000a000900301c780094
:10b75c006801b10040eb2300fe97020001000000dd
:10b76c0088077800400682000000e00031fd3400bc
:10b77c003000200060af88002efd3700300f200015
:10b78c00e14f21001100600021082000810f5000c2
:10b79c00440032001e003c0031022000810f50009a
:10b7ac000a003c0021022000810f50006d003d007a
:10b7bc00e30f500080003200f10f50009500320072
:10b7cc00e10f5000c8003a00a4003700110420001b
:10b7dc00810f500007003c0001042000810f500035
:10b7ec00b0003d0001032000810f5000be003a0064
:10b7fc007100370001082000810f50002900320031
:10b80c0011082000810f5000b7003a003e003700ad
:10b81c0031092000810f5000670032000f003c00fe
:10b82c0001092000810f50006300320004003c002d
:10b83c0031082000810f5000ab003a003200370075
:10b84c0011092000810f5000160032002109200040
:10b85c00810f5000a4003a002b003700310a200061
:10b86c00810f50006b00320007003c00010a2000e1
:10b87c00810f50000b003200210a2000810f500074
:10b88c0099003a0020003700010b2000810f500076
:10b89c0072003200110f2000810f500092003a000c
:10b8ac001900370000ea2400801f780080d824009b
:10b8bc00801f7800c70f24004614240085792400cb
:10b8cc0044d32300a37d240082132400014e2100c5
:10b8dc00a0512100eae80200000000008e0278006e
:10b8ec00e46521002394240042142400419d21008e
:10b8fc0081004700a051210076f3020000000000f7
:10b90c00e48757007800370000ea2400801f780095
:10b91c0080d82400801f7800c70f24004614240010
:10b92c008579240044d32300a37d240082132400b2
:10b93c00014e2100a051210096e9020000000000f8
:10b94c000e027800e36521002294240041142400a7
:10b95c00a051210082f0020000000000e487570093
:10b96c006100370080d82400801f7800c70f2400a6
:10b97c00461424008579240044d32300a37d24009d
:10b98c0082132400014e2100a0512100b4ed0200cd
:10b99c00000000000e027800e365210022942400d0
:10b9ac0041142400a051210082f00200000000008c
:10b9bc008f87e9004c00370000ea2400801f7800d4
:10b9cc0080d82400801f7800c70f24004614240060
:10b9dc008579240044d32300a37d24008213240002
:10b9ec00014e2100a0512100c4eb02000000000018
:10b9fc000e027800e36521002294240041142400f7
:10ba0c00a051210082f0020000000000e4875700e2
:10ba1c0035003700c70f2400461424008579240014
:10ba2c0044d32300a37d24008213240081d8240056
:10ba3c00a05121008eee0200000000000e027800e2
:10ba4c00e36521002294240041142400a05121001c
:10ba5c0082f002000000000023003700c70f240012
:10ba6c00461424008579240044d32300a37d2400ac
:10ba7c008213240081d82400a05121008eee0200f4
:10ba8c00000000000e027800e365210022942400df
:10ba9c0041142400a051210082f00200000000009b
:10baac0011003700c70f24004614240085792400a8
:10babc0044d32300a37d24008213240081d82400c6
:10bacc00a051210060ef0200000000000e0278007f
:10badc00e36521002294240041142400a05121008c
:10baec0082f00200000000000e03780045eb2300fa
:10bafc0084e72300030d240082952400014e2100cd
:10bb0c00a051210050e80200000000004006820015
:10bb1c00e10f500047fc34002001200060af88008a
:10bb2c0044fc3700300f2000e14f21001100600071
:10bb3c0021082000810f5000440032001e003c0000
:10bb4c0031022000810f50000a003c00210220002d
:10bb5c00810f50006d003d00e30f5000800032005b
:10bb6c00f10f500095003200e10f5000c8003a0070
:10bb7c00a400370011042000810f500007003c0086
:10bb8c0001042000810f5000b0003d000103200093
:10bb9c00810f5000be003a007100370001082000f0
:10bbac00810f50002900320011082000810f500035
:10bbbc00b7003a003e00370031092000810f5000d9
:10bbcc00670032000f003c0001092000810f50007b
:10bbdc006300320004003c0031082000810f50004b
:10bbec00ab003a003200370011092000810f5000e1
:10bbfc001600320021092000810f5000a4003a00e9
:10bc0c002b003700310a2000810f50006b003200ee
:10bc1c0007003c00010a2000810f50000b0032008d
:10bc2c00210a2000810f500099003a0020003700b3
:10bc3c00010b2000810f500072003200110f200008
:10bc4c00810f500092003a001900370000ea2400de
:10bc5c00801f780080d82400801f7800c70f240034
:10bc6c00461424008579240044d32300a37d2400aa
:10bc7c0082132400014e2100a0512100eae80200a9
:10bc8c00000000008e027800e4652100239424005b
:10bc9c0042142400419d210081004700a051210045
:10bcac0076f3020000000000e487570078003700ac
:10bcbc0000ea2400801f780080d82400801f7800c0
:10bccc00c70f2400461424008579240044d3230094
:10bcdc00a37d240082132400014e2100a0512100d9
:10bcec0096e90200000000000e027800e3652100d6
:10bcfc002294240041142400a051210082f002005f
:10bd0c0000000000e48757006100370080d8240051
:10bd1c00801f7800c70f2400461424008579240066
:10bd2c0044d32300a37d240082132400014e210060
:10bd3c00a0512100b4ed0200000000000e027800ba
:10bd4c00e36521002294240041142400a051210019
:10bd5c0082f00200000000008f87e9004c003700e1
:10bd6c0000ea2400801f780080d82400801f78000f
:10bd7c00c70f2400461424008579240044d32300e3
:10bd8c00a37d240082132400014e2100a051210028
:10bd9c00c4eb0200000000000e027800e3652100f5
:10bdac002294240041142400a051210082f00200ae
:10bdbc0000000000e487570035003700c70f24004f
:10bdcc00461424008579240044d32300a37d240049
:10bddc008213240081d82400a05121008eee020091
:10bdec00000000000e027800e3652100229424007c
:10bdfc0041142400a051210082f002000000000038
:10be0c0023003700c70f2400461424008579240032
:10be1c0044d32300a37d24008213240081d8240062
:10be2c00a05121008eee0200000000000e027800ee
:10be3c00e36521002294240041142400a051210028
:10be4c0082f002000000000011003700c70f240030
:10be5c00461424008579240044d32300a37d2400b8
:10be6c008213240081d82400a051210060ef02002d
:10be7c00000000000e027800e365210022942400eb
:10be8c0041142400a051210082f0020000000000a7
:10be9c00c0f281000000e00066fb3a004000200088
:10beac0060af880063fb3700300f2000e14f2100aa
:10bebc001100600021082000810f50004400320066
:10becc001e003c0031022000810f50000a003c0093
:10bedc0021022000810f50006d003d00e30f500047
:10beec0080003200f10f500095003200e10f50003d
:10befc00c8003a00a400370011042000810f500044
:10bf0c0007003c0001042000810f5000b0003d00f0
:10bf1c0001032000810f5000be003a007100370071
:10bf2c0001082000810f5000290032001108200068
:10bf3c00810f5000b7003a003e0037003109200055
:10bf4c00810f5000670032000f003c0001092000f7
:10bf5c00810f50006300320004003c0031082000c7
:10bf6c00810f5000ab003a0032003700110920005d
:10bf7c00810f50001600320021092000810f500063
:10bf8c00a4003a002b003700310a2000810f50002a
:10bf9c006b00320007003c00010a2000810f5000aa
:10bfac000b003200210a2000810f500099003a004a
:10bfbc0020003700010b2000810f5000720032006e
:10bfcc00110f2000810f500092003a001900370029
:10bfdc0000ea2400801f780080d82400801f78009d
:10bfec00c70f2400461424008579240044d3230071
:10bffc00a37d240082132400014e2100a0512100b6
:10c00c00eae80200000000008e027800e4652100de
:10c01c002394240042142400419d210081004700f8
:10c02c00a051210076f3020000000000e4875700c5
:10c03c007800370000ea2400801f780080d82400a4
:10c04c00801f7800c70f2400461424008579240033
:10c05c0044d32300a37d240082132400014e21002d
:10c06c00a051210096e90200000000000e027800a9
:10c07c00e36521002294240041142400a0512100e6
:10c08c0082f0020000000000e487570061003700d6
:10c09c0080d82400801f7800c70f24004614240089
:10c0ac008579240044d32300a37d2400821324002b
:10c0bc00014e2100a0512100b4ed0200000000004f
:10c0cc000e027800e3652100229424004114240020
:10c0dc00a051210082f00200000000008f87e900cf
:10c0ec004c00370000ea2400801f780080d8240020
:10c0fc00801f7800c70f2400461424008579240083
:10c10c0044d32300a37d240082132400014e21007c
:10c11c00a0512100c4eb0200000000000e027800c8
:10c12c00e36521002294240041142400a051210035
:10c13c0082f0020000000000e48757003500370051
:10c14c00c70f2400461424008579240044d323000f
:10c15c00a37d24008213240081d82400a051210047
:10c16c008eee0200000000000e027800e365210054
:10c17c002294240041142400a051210082f00200da
:10c18c000000000023003700c70f240046142400d1
:10c19c008579240044d32300a37d2400821324003a
:10c1ac0081d82400a05121008eee02000000000076
:10c1bc000e027800e365210022942400411424002f
:10c1cc00a051210082f00200000000001100370095
:10c1dc00c70f2400461424008579240044d323007f
:10c1ec00a37d24008213240081d82400a0512100b7
:10c1fc0060ef0200000000000e027800e3652100f1
:10c20c002294240041142400a051210082f0020049
:10c21c000000000060b08000f100600055003a00a2
:10c22c000058a3001100320000612100900078003a
:10c23c000101d1000281ea006101610002014100ab
:10c24c000110a10002887000c06021001040a00005
:10c25c006157210052a88000205e21003118410056
:10c26c008001eb0021904900420037000061210061
:10c27c001010a1000ede020001000000114ea900fa
:10c28c00b0ab8000c1ab8000d0ac8800e1ac8800c2
:10c29c00225b2100044c2d001500200004194000e5
:10c2ac0005914800e060210010f0a000140ea800d9
:10c2bc0041eb23000d0078005a99020001000000a8
:10c2cc0085cd23000c0347000a000900b61a78003c
:10c2dc008168210080cd2300defe020000000000fa
:10c2ec0060cf2300900078000120a1000110a00075
:10c2fc000100a10001087800a7512100064e210081
:10c30c00e565210044eb23008368210082cd2300e6
:10c31c0001cc230080ca230038ff0200000000007b
:10c32c00a7512100064e2100e565210044eb2300b6
:10c33c008368210082cd2300c1cc230040cb230095
:10c34c0038ff0200000000000409200063e68100b1
:10c35c0002e68100a1e5810040e58100acd4020039
:10c36c00010000008000eb000030200032d50200fc
:10c37c000100000060cf2300100078006200600014
:10c38c002cfa32005000200060af880029fa3700e8
:10c39c0000f481000000e0000600340083952400c6
:10c3ac00a2512100014e2100e065210094fb020006
:10c3bc000000000000022000e1602100110060007c
:10c3cc000d00320001007800900078000150a100af
:10c3dc0004a62e000500200063572100e25a21001c
:10c3ec003319420023914a000100a0000108780093
:10c3fc006000200060af880060cf23001000780040
:10c40c00620060000bfa3a00b2ab8000c3ab800054
:10c41c00e0582100b00f5100a08f590005fa3600ea
:10c42c007000200060af880002fa37000e0378001d
:10c43c0045eb230084e72300030d240082952400a0
:10c44c00014e2100a051210050e802000000000024
:10c45c0000042000e160210011006000f5f93200b9
:10c46c00010078001060a1005000200060af88002f
:10c47c00f0f93700140ea900b0ab8000c1ab8000fe
:10c48c00a3a88000225e210000824100e0824800c7
:10c49c000489be00c26021001240a000225c210071
:10c4ac0032024000a2824800a359210033195200e5
:10c4bc0023915a0090ac8800a1ac8800e060210068
:10c4cc00e1ff270010886000400682000000e000b9
:10c4dc0002003400e06021001070a000c05e21005a
:10c4ec000008eb00d3f9370060cf23001000780070
:10c4fc00620060003c003a0060cf2300900078009e
:10c50c000130a0000140a1000120a1000110a000f9
:10c51c000100a10001087800a7512100064e21005e
:10c52c00e565210044eb23008368210082cd2300c4
:10c53c0001cc230080ca230038ff02000000000059
:10c54c00a7512100064e2100e565210044eb230094
:10c55c008368210082cd2300c1cc230040cb230073
:10c56c0038ff0200000000000ede02000100000097
:10c57c000409200063e6810002e68100a1e5810048
:10c58c0040e58100acd40200010000008000eb000b
:10c59c000030200032d5020001000000114ea9002d
:10c5ac00b2ab8000c3ab8000d2ac8800e3ac880097
:10c5bc00205b2100044c2d001500200004184100c4
:10c5cc0005904900e06021009000780001f0a00087
:10c5dc0001087800140ea800f2ab880003ac8800a8
:10c5ec000110a10001087800c060210051ff2f004c
:10c5fc001088600015aea90014eea900158ea900d4
:10c60c0015cea900e05721006157210011027800d6
:10c61c009102900030015200a0815a000200be002d
:10c62c0005712200850f5100e08f59000100360082
:10c63c0015aea80086af2200860f5000e08f580080
:10c64c000100360014eea80002ee2200820f50000a
:10c65c00e08f580001003600158ea800832c2300b3
:10c66c00830f5000e08f58000100360015cea80053
:10c67c0004532700840f5000e08f5800010036004f
:10c68c000000fe00136eab002a003a00635f21002d
:10c69c001301e900820978004240a90025003c0002
:10c6ac00030178000009eb0062cf23001240a000c8
:10c6bc00c2a78000e10f51000f003a0085af2200a5
:10c6cc00850f5000e08f580002003600e260210018
:10c6dc0012b0a00006ee2200860f5000e08f58002a
:10c6ec0005003600e06021009000780001b0a10048
:10c6fc0001a0a00001087800e0572100615721003b
:10c70c00110278009102900030015200a0815a0071
:10c71c00852c2300850f5100e08f59000500360051
:10c72c00e06021009000780001a0a1000190a00021
:10c73c0001087800b0af80000000e0003df93a003d
:10c74c009000200060af88003af937008e03780023
:10c75c00e665210085952400040d240043eb23009d
:10c76c0082e72300014e2100a0512100aefa020005
:10c77c0000000000e060210010e0a00080512100ca
:10c78c00100078006800600022003a0090af800032
:10c79c000000e00003003400004e210076b80200d7
:10c7ac0001000000c0f281000000e0000e00340027
:10c7bc004ad32300e8a52100080447008be5230099
:10c7cc008a00780009007800a4990200010000009a
:10c7dc0099007800180078009a9702000100000078
:10c7ec001b00e000f6ff3c000210a9000280800054
:10c7fc0061f3810000f3810014de020001000000ef
:10c80c00d6dd020001000000208080008ae00200da
:10c81c00010000005001200060af880005f93700ce
:10c82c0060cf2300100078006200600001f93a002c
:10c83c0041eb23000d0078005a9902000100000022
:10c84c0086cd23000c0047000a000900301b78003d
:10c85c008168210080cd2300defe02000000000074
:10c86c0060cf2300900078000120a1000110a000ef
:10c87c000100a10001087800a7512100064e2100fb
:10c88c00e565210044eb23008368210082cd230061
:10c89c0001cc230080ca230038ff020000000000f6
:10c8ac00a7512100064e2100e565210044eb230031
:10c8bc008368210082cd2300c1cc230040cb230010
:10c8cc0038ff0200000000000409200063e681002c
:10c8dc0002e68100a1e5810040e58100acd40200b4
:10c8ec00010000008000eb000030200032d5020077
:10c8fc0001000000a000200060af8800e2e72400e7
:10c90c009200780001748a00805f21009001780009
:10c91c00d3af8800110020000109780001087800cd
:10c92c00c4f83700300f2000e14f210011006000e7
:10c93c0021082000810f5000440032001e003c00f2
:10c94c0031022000810f50000a003c00210220001f
:10c95c00810f50006d003d00e30f5000800032004d
:10c96c00f10f500095003200e10f5000c8003a0062
:10c97c00a400370011042000810f500007003c0078
:10c98c0001042000810f5000b0003d000103200085
:10c99c00810f5000be003a007100370001082000e2
:10c9ac00810f50002900320011082000810f500027
:10c9bc00b7003a003e00370031092000810f5000cb
:10c9cc00670032000f003c0001092000810f50006d
:10c9dc006300320004003c0031082000810f50003d
:10c9ec00ab003a003200370011092000810f5000d3
:10c9fc001600320021092000810f5000a4003a00db
:10ca0c002b003700310a2000810f50006b003200e0
:10ca1c0007003c00010a2000810f50000b0032007f
:10ca2c00210a2000810f500099003a0020003700a5
:10ca3c00010b2000810f500072003200110f2000fa
:10ca4c00810f500092003a001900370000ea2400d0
:10ca5c00801f780080d82400801f7800c70f240026
:10ca6c00461424008579240044d32300a37d24009c
:10ca7c0082132400014e2100a0512100eae802009b
:10ca8c00000000008e027800e4652100239424004d
:10ca9c0042142400419d210081004700a051210037
:10caac0076f3020000000000e4875700780037009e
:10cabc0000ea2400801f780080d82400801f7800b2
:10cacc00c70f2400461424008579240044d3230086
:10cadc00a37d240082132400014e2100a0512100cb
:10caec0096e90200000000000e027800e3652100c8
:10cafc002294240041142400a051210082f0020051
:10cb0c0000000000e48757006100370080d8240043
:10cb1c00801f7800c70f2400461424008579240058
:10cb2c0044d32300a37d240082132400014e210052
:10cb3c00a0512100b4ed0200000000000e027800ac
:10cb4c00e36521002294240041142400a05121000b
:10cb5c0082f00200000000008f87e9004c003700d3
:10cb6c0000ea2400801f780080d82400801f780001
:10cb7c00c70f2400461424008579240044d32300d5
:10cb8c00a37d240082132400014e2100a05121001a
:10cb9c00c4eb0200000000000e027800e3652100e7
:10cbac002294240041142400a051210082f00200a0
:10cbbc0000000000e487570035003700c70f240041
:10cbcc00461424008579240044d32300a37d24003b
:10cbdc008213240081d82400a05121008eee020083
:10cbec00000000000e027800e3652100229424006e
:10cbfc0041142400a051210082f00200000000002a
:10cc0c0023003700c70f2400461424008579240024
:10cc1c0044d32300a37d24008213240081d8240054
:10cc2c00a05121008eee0200000000000e027800e0
:10cc3c00e36521002294240041142400a05121001a
:10cc4c0082f002000000000011003700c70f240022
:10cc5c00461424008579240044d32300a37d2400aa
:10cc6c008213240081d82400a051210060ef02001f
:10cc7c00000000000e027800e365210022942400dd
:10cc8c0041142400a051210082f002000000000099
:10cc9c0060cf23001000780062006000e5f73a00d6
:10ccac00b0ab8000c1ab8000e25d2100b20f500040
:10ccbc00a28f5800dff7360004748200f4738a00e8
:10cccc00d5af8000c5af8800140ea900a3a88000c2
:10ccdc00225e210000824100e08248000489be00ef
:10ccec00c26021001240a000225c210032024000f0
:10ccfc00a2824800a35921003319520023915a00f3
:10cd0c0090ac8800a1ac8800e0602100e1ff270016
:10cd1c0010886000c05e21000008eb00c5f73700ea
:10cd2c00300f2000e14f210011006000210820008d
:10cd3c00810f5000440032001e003c0031022000e4
:10cd4c00810f50000a003c0021022000810f50008e
:10cd5c006d003d00e30f500080003200f10f5000d9
:10cd6c0095003200e10f5000c8003a00a4003700d3
:10cd7c0011042000810f500007003c00010420002a
:10cd8c00810f5000b0003d0001032000810f5000c6
:10cd9c00be003a007100370001082000810f5000de
:10cdac002900320011082000810f5000b7003a0012
:10cdbc003e00370031092000810f5000670032001f
:10cdcc000f003c0001092000810f5000630032006d
:10cddc0004003c0031082000810f5000ab003a00e9
:10cdec003200370011092000810f5000160032006c
:10cdfc0021092000810f5000a4003a002b003700bd
:10ce0c00310a2000810f50006b00320007003c00fb
:10ce1c00010a2000810f50000b003200210a200073
:10ce2c00810f500099003a0020003700010b2000c0
:10ce3c00810f500072003200110f2000810f500042
:10ce4c0092003a001900370000ea2400801f780095
:10ce5c0080d82400801f7800c70f240046142400bb
:10ce6c008579240044d32300a37d2400821324005d
:10ce7c00014e2100a0512100eae802000000000050
:10ce8c008e027800e46521002394240042142400cf
:10ce9c00419d210081004700a051210076f3020042
:10ceac0000000000e48757007800370000ea2400f7
:10cebc00801f780080d82400801f7800c70f2400c2
:10cecc00461424008579240044d32300a37d240038
:10cedc0082132400014e2100a051210096e902008a
:10ceec00000000000e027800e3652100229424006b
:10cefc0041142400a051210082f002000000000027
:10cf0c00e48757006100370080d82400801f780028
:10cf1c00c70f2400461424008579240044d3230031
:10cf2c00a37d240082132400014e2100a051210076
:10cf3c00b4ed0200000000000e027800e365210051
:10cf4c002294240041142400a051210082f00200fc
:10cf5c00000000008f87e9004c00370000ea240035
:10cf6c00801f780080d82400801f7800c70f240011
:10cf7c00461424008579240044d32300a37d240087
:10cf8c0082132400014e2100a0512100c4eb0200a9
:10cf9c00000000000e027800e365210022942400ba
:10cfac0041142400a051210082f002000000000076
:10cfbc00e487570035003700c70f240046142400bf
:10cfcc008579240044d32300a37d240082132400fc
:10cfdc0081d82400a05121008eee02000000000038
:10cfec000e027800e36521002294240041142400f1
:10cffc00a051210082f00200000000002300370045
:10d00c00c70f2400461424008579240044d3230040
:10d01c00a37d24008213240081d82400a051210078
:10d02c008eee0200000000000e027800e365210085
:10d03c002294240041142400a051210082f002000b
:10d04c000000000011003700c70f24004614240014
:10d05c008579240044d32300a37d2400821324006b
:10d06c0081d82400a051210060ef020000000000d4
:10d07c000e027800e3652100229424004114240060
:10d08c00a051210082f0020000000000c0602100cd
:10d09c0010b0a100b0ab8000c1ab800030ad8800f7
:10d0ac0041ad8800e20f4000e08f58000c003600c4
:10d0bc000001eb0025a8210002b77a0015a9800019
:10d0cc0003a8210005b77900625a21000303470029
:10d0dc0036027800a6027800041950000591580019
:10d0ec0081e723000d007800289602000100000063
:10d0fc00040d24008c0247000a000900351a780040
:10d10c006051210010407800e14f500003003200c4
:10d11c00e24f500030003a00060037006200200059
:10d12c00c14e2100000d24009cc50200010000002e
:10d13c002900370084002000130020000301780030
:10d14c0041a121008e804000000d2400c85d02002a
:10d15c0001000000f687470076855700060d240075
:10d16c000a000900361d78006a01b10040eb23006b
:10d17c00fe9702000100000081e723000d007800fb
:10d18c002896020001000000000d24008c004700ce
:10d19c000a00090031187800014e2100c0952400c6
:10d1ac00565a020001000000a8952400000c7800db
:10d1bc00140020008401780042a121000e014100de
:10d1cc0081952400000d2400565d02000100000032
:10d1dc00000ceb008a077800f6874700768457002e
:10d1ec00020d24000a000900321c78006801b1000d
:10d1fc0040eb2300fe9702000100000040002000dd
:10d20c0060af8800880778008af63700300f20005e
:10d21c00e14f21001100600021082000810f500017
:10d22c00440032001e003c0031022000810f5000ef
:10d23c000a003c0021022000810f50006d003d00cf
:10d24c00e30f500080003200f10f500095003200c7
:10d25c00e10f5000c8003a00a40037001104200070
:10d26c00810f500007003c0001042000810f50008a
:10d27c00b0003d0001032000810f5000be003a00b9
:10d28c007100370001082000810f50002900320086
:10d29c0011082000810f5000b7003a003e00370003
:10d2ac0031092000810f5000670032000f003c0054
:10d2bc0001092000810f50006300320004003c0083
:10d2cc0031082000810f5000ab003a0032003700cb
:10d2dc0011092000810f5000160032002109200096
:10d2ec00810f5000a4003a002b003700310a2000b7
:10d2fc00810f50006b00320007003c00010a200037
:10d30c00810f50000b003200210a2000810f5000c9
:10d31c0099003a0020003700010b2000810f5000cb
:10d32c0072003200110f2000810f500092003a0061
:10d33c001900370000ea2400801f780080d82400f0
:10d34c00801f7800c70f2400461424008579240020
:10d35c0044d32300a37d240082132400014e21001a
:10d36c00a0512100eae80200000000008e027800c3
:10d37c00e46521002394240042142400419d2100e3
:10d38c0081004700a051210076f30200000000004c
:10d39c00e48757007800370000ea2400801f7800eb
:10d3ac0080d82400801f7800c70f24004614240066
:10d3bc008579240044d32300a37d24008213240008
:10d3cc00014e2100a051210096e90200000000004e
:10d3dc000e027800e36521002294240041142400fd
:10d3ec00a051210082f0020000000000e4875700e9
:10d3fc006100370080d82400801f7800c70f2400fc
:10d40c00461424008579240044d32300a37d2400f2
:10d41c0082132400014e2100a0512100b4ed020022
:10d42c00000000000e027800e36521002294240025
:10d43c0041142400a051210082f0020000000000e1
:10d44c008f87e9004c00370000ea2400801f780029
:10d45c0080d82400801f7800c70f240046142400b5
:10d46c008579240044d32300a37d24008213240057
:10d47c00014e2100a0512100c4eb0200000000006d
:10d48c000e027800e365210022942400411424004c
:10d49c00a051210082f0020000000000e487570038
:10d4ac0035003700c70f240046142400857924006a
:10d4bc0044d32300a37d24008213240081d82400ac
:10d4cc00a05121008eee0200000000000e02780038
:10d4dc00e36521002294240041142400a051210072
:10d4ec0082f002000000000023003700c70f240068
:10d4fc00461424008579240044d32300a37d240002
:10d50c008213240081d82400a05121008eee020049
:10d51c00000000000e027800e36521002294240034
:10d52c0041142400a051210082f0020000000000f0
:10d53c0011003700c70f24004614240085792400fd
:10d54c0044d32300a37d24008213240081d824001b
:10d55c00a051210060ef0200000000000e027800d4
:10d56c00e36521002294240041142400a0512100e1
:10d57c0082f002000000000041eb2300090078005b
:10d58c005a9902000100000081e723000d00780089
:10d59c002896020001000000030d24000c02470035
:10d5ac000a000900b4197800b3a78000d2a7800044
:10d5bc00c1a78000000d2400dc5e02000100000009
:10d5cc00f6874700f6825700060d24000a00090072
:10d5dc00b61a780040eb2300fe9702000100000011
:10d5ec00f687470040a52100f68057000001470050
:10d5fc000a000900b218780040eb2300fe970200e5
:10d60c00010000002001200060af8800cf02b100b3
:10d61c0088f53700b0ab8000c1ab800022592100e7
:10d62c0032025000a28258000401be00853e200048
:10d63c00850f5100e08f59007ef53600114ea90080
:10d64c00d0ac8800e1ac8800225b2100044c2d009a
:10d65c00150020000419400005914800e0602100ed
:10d66c0010f0a000140ea8008e037800e6652100cf
:10d67c0085952400040d240043eb230082e723004e
:10d68c00014e2100a0512100aefa02000000000062
:10d69c007001200060af880066f5370041eb230075
:10d6ac000d0078005a9902000100000085cd23007e
:10d6bc000c0347000a000900b61a780081682100a3
:10d6cc0080cd2300defe02000000000060cf2300ae
:10d6dc00900078000120a1000110a0000100a10021
:10d6ec0001087800a7512100064e2100e5652100b4
:10d6fc0044eb23008368210082cd230001cc23005e
:10d70c0080ca230038ff020000000000a75121004e
:10d71c00064e2100e565210044eb230083682100bf
:10d72c0082cd2300c1cc230040cb230038ff020064
:10d73c00000000000409200063e6810002e681007d
:10d74c00a1e5810040e58100acd40200010000009d
:10d75c008000eb000030200032d5020001000000f8
:10d76c008001200060af880032f53700136eab00eb
:10d77c0002003200e06021001090a10040068200ff
:10d78c000000e0002bf53a0060cf23001000780079
:10d79c006200600027f53a00b0ab8000c1ab80009e
:10d7ac00e2582100b20f5000a28f580021f536002c
:10d7bc00140ea900a3a88000225e21000082410063
:10d7cc00e08248000489be00c26021001240a00023
:10d7dc00225c210032024000a2824800a3592100a1
:10d7ec003319520023915a0090ac8800a1ac8800e8
:10d7fc00e0602100e1ff270010886000c05e21007e
:10d80c000008eb000bf5370060cf23001000780008
:10d81c00620060003e003a0060cf23009000780068
:10d82c000130a0000140a100821b2000f2b688004c
:10d83c000120a1000110a0000100a1000108780046
:10d84c00a7512100064e2100e565210044eb230081
:10d85c008368210082cd230001cc230080ca2300e1
:10d86c0038ff020000000000a7512100064e2100e5
:10d87c00e565210044eb23008368210082cd230061
:10d88c00c1cc230040cb230038ff02000000000075
:10d89c000ede0200010000000409200063e6810096
:10d8ac0002e68100a1e5810040e58100acd40200d4
:10d8bc00010000008000eb000030200032d5020097
:10d8cc0001000000114ea900b2ab8000c3ab800078
:10d8dc00d2ac8800e3ac8800205b2100044c2d0006
:10d8ec00150020000418410005904900e06021005b
:10d8fc009000780001f0a00001087800140ea80038
:10d90c00f2ab880003ac88000110a100010878007c
:10d91c000002200060af8800c6f43700e0572100f9
:10d92c0061572100110278009102900030015200e1
:10d93c00a0815a0050b080008000eb00800f510095
:10d94c00818f5900bbf4360060cf23001040a0003b
:10d95c001002200060af8800b6f4370060cf2300bf
:10d96c001000780062006000b2f43a00140ea900b6
:10d97c00b0ab8000c1ab8000a3a88000225e210068
:10d98c0000824100e08248000489be00c260210090
:10d99c001240a000225c210032024000a28248000a
:10d9ac00a35921003319520023915a0090ac8800de
:10d9bc00a1ac8800e0602100e1ff27001088600026
:10d9cc00c05e21000008eb009af437000ede020066
:10d9dc0001000000a2702100014e2100a051210085
:10d9ec0054ea02000000000000302000c160210059
:10d9fc0011006000030032000001200060af8800bd
:10da0c008cf43700c05e21000008eb0089f437006d
:10da1c000ede020001000000a2702100014e210068
:10da2c00a051210034eb020000000000c05e210078
:10da3c000008eb007ff43700e06521006e770200f0
:10da4c00010000004f06be004f05be004f04be0093
:10da5c000080fa00000006000000fe0075f437009c
:10da6c000000fe0073f437000001fa00889fbe002e
:10da7c008a9fbe000005780081047800820578003a
:10da8c00a155250080ef2f000f00400028720200e6
:10da9c00010000000004780081ef2f008f8040000f
:10daac00088040008a007800a0730200010000008a
:10dabc000804400082ef2f000f01410008004100d4
:10dacc009156250028720200010000000004440059
:10dadc0081ef2f008f804000088040008900780083
:10daec00a0730200010000000004440082ef2f002c
:10dafc000f01410008004100d15725002872020097
:10db0c0001000000000444008addb900898444004f
:10db1c00110009000905d8008000fd0082ef2f00dc
:10db2c000f01410008004100a07302000100000039
:10db3c000002440083ef2f008f8141000041eb0075
:10db4c00e1c0b300e0652100de8c020001000000a2
:10db5c004f05be004f04be000080fa000000060016
:10db6c00889fbe0072002000c12b200001007800ad
:10db7c00bdff070072002000c12b20009025200063
:10db8c00b9ff070072002000c12b20008025200067
:10db9c00b5ff070072002000c12b2000702520006b
:10dbac00b1ff070072002000c12b2000700c200078
:10dbbc00adff070072002000c12b200010002000d8
:10dbcc00a9ff070072002000c12b20000000eb0011
:10dbdc00a5ff070048eb2300e965210088017800c8
:10dbec0009017800014e2100a0512100a4ac0200d3
:10dbfc00010000000060fe00f8ff3700f6874700c8
:10dc0c00889fbe008a9fbe008c9fbe008e1f78002e
:10dc1c00a05121000eac020001000000e8b6020089
:10dc2c000100000090af8800f2db02000100000050
:10dc3c00140ea900a20320008000eb00004e21006e
:10dc4c00fcbb02000100000061032000404e2100db
:10dc5c0074c40200010000000001be00014e21004e
:10dc6c00b10f5100a18f590005003200010078005e
:10dc7c00fc99020001000000e04f21000008eb00bd
:10dc8c006d6621001e0020007a865700c0602100be
:10dc9c001070a1008000eb0061af88001200200022
:10dcac00820e780002102e00030020000068210074
:10dcbc000288be0008002200c8b38800e06521007d
:10dccc00a2712a00f2b79f001300200083bf9f00af
:10dcdc007fb197008fb997000288be0061b38800ae
:10dcec00c2442000a367210082097800e32c2a009b
:10dcfc00d3b79f0012002000e2b79f005fb19700de
:10dd0c00efb1970012b3880023b38800a1b3880049
:10dd1c0002002800433f20000070020001000000b8
:10dd2c0060512100100464000f00320010d0a100db
:10dd3c0061032000404e210074c402000100000069
:10dd4c00044e2100008abe00a3702100a203200013
:10dd5c008000eb000400780010bd02000100000000
:10dd6c000044020005000000000024006151210065
:10dd7c001100600031003200c27e02000100000080
:10dd8c00800578006051210010e0a10061032000a3
:10dd9c00404e210074c4020001000000044e21001a
:10ddac00008abe00a3702100a20320008000eb00bb
:10ddbc000400780010bd0200010000004a012000a0
:10ddcc002803200009002000e18f55000f003a00c5
:10dddc000a0478002a0320000b0020000060fe00db
:10ddec00158ea8000a00be0070dc020001000000c5
:10ddfc00158ea9000a00be0070dc020001000000b4
:10de0c000804e900f5ff3a000b0037000060fe0043
:10de1c0015aea8000800be0070dc02000100000076
:10de2c0015aea9000800be0070dc02000100000065
:10de3c000a05e900f5ff3a000000fe001d0078001d
:10de4c00c670020001000000606821001000a000f4
:10de5c006106220091b08800a0002000b0b08800bc
:10de6c0040002000c0b088000000eb00a0b088008b
:10de7c00e0b28800710888000108a9002108a800f8
:10de8c000a21ef000101280091088800deb188000a
:10de9c00d0b08800deb288003000200042b802000a
:10deac0001000000ef0f50000f003a0015cea80043
:10debc00158ea80014eea80015aea8000060fe0098
:10decc00a00020000100200070dc02000100000016
:10dedc000060fe0015cea900158ea90014eea90055
:10deec0015aea9003c00370015cea8004006200056
:10defc000100200070dc02000100000015cea9001a
:10df0c00158ea800400620000100200070dc0200e5
:10df1c0001000000158ea90090af80000000e00009
:10df2c0006003c00142ea800400620000100200032
:10df3c0070dc020001000000142ea90014eea800f1
:10df4c00400620000100200070dc020001000000ef
:10df5c0014eea90015aea800400620000100200018
:10df6c0070dc02000100000015aea90014eea80040
:10df7c00400620000100200070dc020001000000bf
:10df8c0014eea90090af80000000e00006003c00f9
:10df9c00142ea800400620000100200070dc0200b6
:10dfac0001000000142ea900158ea80040062000c8
:10dfbc000100200070dc020001000000158ea90099
:10dfcc0015cea800400620000100200070dc0200e5
:10dfdc000100000015cea900605121001000e000e6
:10dfec0024003d00136eab0022003a00b04e21001d
:10dffc001080fb000003b1000008a30001003200f8
:10e00c0015cea8000018a30001003200158ea80040
:10e01c000028a3000100320014eea8008a022000a0
:10e02c0028032000090020000060fe00a070800082
:10e03c004d00de000080ea00610060004d00dd0054
:10e04c00a170800001d0a10081007000a170880037
:10e05c000800be0070dc0200010000000a05e900a7
:10e06c00f1ff3a0015aea90014eea900158ea90017
:10e07c0015cea9000004eb00136eab0016003200a5
:10e08c00098020002a0320000060fe00a0708000a0
:10e09c004d00de000080ea00610060004d00dd00f4
:10e0ac00a170800001d0a10081007000a1708800d7
:10e0bc00400620000100200070dc0200010000007e
:10e0cc000804e800937080000380640002003200b2
:10e0dc008a0f5400ecff3a00136eab003200320092
:10e0ec0020032000800f54002f003a0014eea900ea
:10e0fc00158ea90015cea9000040eb00126eab00e6
:10e10c000200320015cea80010c0b300124eab00b6
:10e11c00020032000014a000158ea800122eab00d5
:10e12c00020032000024a00014eea800b14e210021
:10e13c0002c3b30082484000404e21008240780068
:10e14c0001487800524e210001497800624e2100ae
:10e15c0001497800724e210001497800824e21005d
:10e16c0001497800924e210001497800a24e21000d
:10e17c00014978006151210011f0a00061032000d9
:10e18c0074c4020001000000044e2100008abe008d
:10e19c00a3702100a20320008000eb000400780093
:10e1ac0010bd020001000000136eab001300320022
:10e1bc0028032000090020000a8020000060fe00d7
:10e1cc00a07080004d00de000080ea00610060005d
:10e1dc004d00dd00a170800001d0a1008100700015
:10e1ec00a17088000800be0070dc02000100000075
:10e1fc009370800003006500f0ff3a0015aea90093
:10e20c0014eea900158ea90015cea90090af8000c0
:10e21c0042b802000100000040b08800a15121006a
:10e22c00004e2100ceb7020001000000004e21007c
:10e23c005e9a02000100000080512100100078005d
:10e24c00620060003c00320015aea800158ea800dc
:10e25c0015cea90014eea9004006200001002000f4
:10e26c0070dc02000100000015aea900158ea9009b
:10e27c0015cea80014eea8004006200001002000d6
:10e28c0070dc02000100000015aea800158ea8007d
:10e29c0015cea90014eea9004006200001002000b4
:10e2ac0070dc02000100000015aea900158ea9005b
:10e2bc0015cea80014eea800400620000100200096
:10e2cc0070dc02000100000015aea800158ea8003d
:10e2dc0015cea90014eea900400620000100200074
:10e2ec0070dc02000100000015aea900158ea9001b
:10e2fc0015cea80014eea800400620000100200056
:10e30c0070dc02000100000015aea800158ea800fc
:10e31c0015cea90014eea900400620000100200033
:10e32c0070dc02000100000015aea900158ea900da
:10e33c0015cea90014eea900830020008204200051
:10e34c0001ab2300c00f2400149502000100000053
:10e35c0040142400d4950200010000000036240073
:10e36c00d495020001000000c0572400d49502008f
:10e37c00010000000309200002242000a1702100ec
:10e38c0000b423005495020001000000c0b7230024
:10e39c00f49502000100000003062000029020000a
:10e3ac00a1b8210080cf2300549502000100000089
:10e3bc0040d32300f4950200010000001323200039
:10e3cc0032692000a1d8220080e7230014950200b6
:10e3dc000100000040eb2300d49502000100000076
:10e3ec0081cf2300e0fd2f000f0040009a96020021
:10e3fc00010000007fa897008fb0970000f3890000
:10e40c0011f389001fb19700afb1970022f3890077
:10e41c0033f389001c0078009c00900040f38900c5
:10e42c0051f3890081cf2300e0fd2f000f00400045
:10e43c009a960200010000007fa997008fb1970007
:10e44c0062f3890073f389001fb09700afb0970097
:10e45c0080f3890091f389001c0178009c019000e5
:10e46c00a2f38900b3f3890001b42300e0fd2f006f
:10e47c000f0040009a960200010000007fa8970050
:10e48c008fb0970040e5890051e589001fb19700d6
:10e49c00afb1970062e5890073e589001c00780034
:10e4ac009c00900080e5890091e5890001b423006f
:10e4bc00e0fd2f000f0040009a96020001000000c2
:10e4cc007fa997008fb19700a2e58900b3e5890079
:10e4dc001fb09700afb09700c0e58900d1e5890067
:10e4ec001c0178009c019000e2e58900f3e58900ad
:10e4fc0001b42300e0fd2f000f0040009a960200ab
:10e50c00010000007fa897008fb0970000e68900fb
:10e51c0011e689001fb19700afb1970022e6890080
:10e52c0033e689001c0078009c00900040e68900ce
:10e53c0051e6890001b42300e0fd2f000f004000dc
:10e54c009a960200010000007fa997008fb19700f6
:10e55c0062e6890073e689001fb09700afb09700a0
:10e56c0080e6890091e689001c0178009c019000ee
:10e57c00a2e68900b3e68900225221001000200097
:10e58c00210120009a8402000100000080952400e3
:10e59c003a8a020001000000300f2000e14f2100f8
:10e5ac0011006000cf80de00230f2000830f50008d
:10e5bc00e08f580044013e0000060100fe003700c9
:10e5cc0002013700f60037000c0137003e0137001e
:10e5dc003d0137003c0137003b0137003a01370061
:10e5ec003901370038013700370137003601370061
:10e5fc003501370034013700330137003201370061
:10e60c0010013700300137002f0137002e01370081
:10e61c002d0137002c0137002b0137002a01370060
:10e62c002901370028013700270137002601370060
:10e63c002501370024013700230137002201370060
:10e64c0021013700e7003700e60037001e013700d4
:10e65c001d0137001c0137001b0137001a01370060
:10e66c001901370018013700170137001601370060
:10e67c00150137001401370013013700d90037009a
:10e68c00c1003700100137000f0137000e013700b1
:10e69c000d0137000c0137000b0137000a01370060
:10e6ac000901370008013700070137000601370060
:10e6bc00050137000401370003013700d50037008e
:10e6cc00da00370000013700ff003700fe0037008a
:10e6dc00fd003700fc003700fb003700fa00370064
:10e6ec00f9003700f8003700f7003700f600370064
:10e6fc00f5003700f4003700f3003700f200370064
:10e70c00f1003700f0003700ef003700ee00370063
:10e71c00ed003700ec003700eb003700ea00370063
:10e72c00e9003700e8003700e7003700e600370063
:10e73c00e5003700e4003700e3003700e200370063
:10e74c00e1003700e0003700df003700de00370063
:10e75c00dd003700dc003700db003700da00370063
:10e76c00d9003700d8003700d7003700d600370063
:10e77c00d5003700d4003700d3003700d200370063
:10e78c00d1003700d0003700cf003700ce00370063
:10e79c00cd003700cc003700cb003700ca00370063
:10e7ac00c9003700c8003700c7003700c600370063
:10e7bc00c5003700c4003700c3003700b100370074
:10e7cc00b5003700a5003700a9003700be003700a0
:10e7dc00bd003700bc003700bb003700ba00370063
:10e7ec00b9003700b8003700b7003700b600370063
:10e7fc00b5003700b4003700b3003700790037009c
:10e80c00960037009a0037007c003700ae003700c6
:10e81c00ad003700ac003700ab003700aa00370062
:10e82c00a9003700a8003700a7003700a600370062
:10e83c00a5003700a4003700a30037009100370073
:10e84c00a1003700940037007e0037009e0037008f
:10e85c009d0037009c0037009b0037009a00370062
:10e86c009900370098003700970037009600370062
:10e87c0095003700940037009300370053003700a1
:10e88c0091003700900037008f0037008e00370062
:10e89c008d0037008c0037008b0037008a00370062
:10e8ac008900370088003700870037008600370062
:10e8bc008500370084003700830037008200370062
:10e8cc0081003700800037007f0037007e00370062
:10e8dc007d0037007c0037007b0037007a00370062
:10e8ec007900370078003700770037007600370062
:10e8fc007500370074003700730037007200370062
:10e90c0071003700700037006f0037006e00370061
:10e91c006d0037006c0037006b0037006a00370061
:10e92c006900370068003700670037006600370061
:10e93c006500370064003700630037006200370061
:10e94c0061003700600037005f0037005e00370061
:10e95c005d0037005c0037005b0037005a00370061
:10e96c005900370058003700570037005600370061
:10e97c005500370054003700530037005200370061
:10e98c004a0037004e00370030002000c0af88002e
:10e99c00f00f200000b08800b9e307004b003700ef
:10e9ac0020002000c0af8800f03f200000b088009d
:10e9bc00b3e3070045003700ceaf8800f03f2000de
:10e9cc0000b08800aee307004000370020002000b4
:10e9dc00c0af8800f03f200000b088008aee07002e
:10e9ec003a00370020002000c0af8800f03f200024
:10e9fc0000b0880084ee07003400370020002000af
:10ea0c00c0af8800f03f200000b088007eee070009
:10ea1c002e00370020002000c0af8800f03f2000ff
:10ea2c0000b0880078ee0700280037002000200096
:10ea3c00c0af8800f03f200000b0880072ee0700e5
:10ea4c002200370020002000c0af8800f03f2000db
:10ea5c0000b088006cee07001c003700ceaf8800b9
:10ea6c00f03f200000b0880067ee07001700370069
:10ea7c00ceaf8800f03f200000b0880062ee0700a7
:10ea8c0012003700ceaf8800f03f200000b08800a5
:10ea9c005dee07000d003700ceaf8800f03f200080
:10eaac0000b0880058ee070008003700ceaf880091
:10eabc00f03f200000b0880053ee07000300370041
:10eacc0027fc0700010037000000fe000060fe007c
:04eadc006efc370095
:020000040000fa
:10eae00084b3000078b3000053b300001bb30000f0
:10eaf000d5b2000088b200003cb2000062b2000053
:10eb000068b2000072b2000080b2000094b200004f
:10eb1000d2b1000015b2000072b20000e2b20000f3
:10eb200057b30000c3b3000014b40000a4b4000045
:10eb3000cdb40000a7b400002eb4000067b30000fd
:10eb40003cb30000edb1000080b0000021af000038
:10eb5000fead000045ad00001cad000004ae00009d
:10eb600071af000079b10000fcb30000cab600002c
:10eb70008bb100008ab000009faf0000e8ae00003b
:10eb800081ae000080ae0000f3ae000046b0000091
:10eb9000d6b10000aeb30000a9b500009eb70000da
:10eba0007cba0000f0bc0000bfbe0000a2bf0000a5
:10ebb00063bf0000dbbd000000bb00004ab70000df
:10ebc00054b200008cac00005ca6000047a000001e
:10ebd000cab800008ebb0000debd000069bf0000a7
:10ebe000e5bf000016bf0000d7bc00008cb90000d4
:10ebf000b9b40000c1ae000009a800001ba10000cc
:10ec000035ba000066bb0000ecbb0000a8bb0000ea
:10ec10008cba000098b80000dfb50000ecb200002c
:10ec20005daf000093ab0000d7a700007ea40000fa
:10ec300083b8000003ba00000bbb000070bb0000eb
:10ec40000fbb0000d3b90000b7b700002eb500001d
:10ec5000c2b10000c8ad000085a9000051a50000a8
:10ec6000bc9b00007d97000008950000ee9400001a
:10ec7000a49700007d9d0000a0a6000065b30000e1
:10ec8000f2c20000ecd40000a6e800004cfd000039
:10ec90000a9a00001a96000028940000b59400001b
:10eca00027980000b89e000077a80000a7b50000d4
:10ecb00057c5000021d7000053ea000020fe0000e5
:10ecc000749b0000f295000035920000f490000063
:10ecd000ce9200003b9800007fa1000008af00002a
:10ece000fcbf0000f3d3000021ea00008201000015
:10ecf000c39900008f94000054910000bb90000065
:10ed0000519300007699000057a3000049b100001c
:10ed100061c2000028d60000cfeb000056020000c0
:10ed2000b4a20000f5a0000074a0000075a10000ce
:10ed300032a40000d0a8000063af00004db800006e
:10ed4000dec2000006cf000081dc000000eb000006
:10ed500002a10000939f0000939f00003da10000ce
:10ed6000b5a400000baa00003ab100008fba000061
:10ed700043c500003bd100002fde0000d3eb0000b4
:10ed80006da200006b9f0000a19d00007c9d000013
:10ed90005c9f00008ea3000042aa0000f0b30000b8
:10eda000e7bf00000dce0000fddd000036ef0000e3
:10edb000bba00000089e0000c09c0000439d000016
:10edc000df9f0000c9a400001aac000031b60000ab
:10edd0004cc2000042d00000aadf00000af0000090
:10ede000c91200004a260000bc3700003f46000060
:10edf00016510000b3570000c05900008e570000a4
:10ee0000aa50000096450000e93600006625000083
:10ee100018110000e7240000db3600000746000060
:10ee200099510000ee580000985b0000cf59000097
:10ee30000f530000cb470000973800003a2600002f
:10ee400082120000bf240000e934000045420000a7
:10ee5000404c000071520000a054000030530000ec
:10ee6000b34d00009d440000653800009c2900005f
:10ee7000d01000005d230000083400000d420000a7
:10ee8000c34c0000ac5300007756000071550000e1
:10ee900018500000d2460000123a0000702a00000c
:10eea000c2190000c32f000028430000c752000011
:10eeb000a45d00000663000084620000765c000030
:10eec00096500000b03f0000c52a00001a13000051
:10eed00010180000602e0000474200008e52000013
:10eee000275e0000416400005b640000b75e000024
:10eef000fb520000e5410000722c0000ee13000000
:10ef00007a190000382e000054400000cd4e000059
:10ef1000ce580000c45d0000635d0000185800007a
:10ef20009f4d0000b73e0000402c0000501700002d
:10ef3000c8170000d52c0000743f0000944e00005c
:10ef400051590000ff5e00003b5f0000595a00006d
:10ef500004500000ec400000ee2d000024180000da
:10ef600001fb00004f0a0000711900001328000087
:10ef7000e6350000a9420000244e00009158000030
:10ef800034610000116800000f6d00001e70000069
:10ef90004ff90000ec08000091180000da2700008b
:10efa00068360000e4430000fb4f0000d25a000026
:10efb00099630000466a0000bc6e0000f270000019
:10efc000bafa0000c40800009e16000019240000d0
:10efd00010310000663d000003490000335400007a
:10efe0003d5e0000176700008a6e00005574000047
:10eff00008f9000062070000bd150000e0230000d2
:10f0000092310000a13e0000db4a0000755600006e
:10f01000a26000004d6900003870000028750000f3
:10f02000f9010000c8130000dd2400009a3400003c
:10f0300074420000fc4d0000e7560000795d0000be
:10f04000206100002a620000ea600000d25d00003a
:10f050004800000065120000fc230000613400003d
:10f06000f6420000374f0000bf580000ba5f0000b2
:10f07000856300005f64000097620000a65e0000e8
:10f08000b20100003d1200000a220000a030000082
:10f090009e3d0000b9480000c65100001b59000009
:10f0a000295e000031610000656200000862000016
:10f0b00000000000da100000292100006730000085
:10f0c000203e0000f44900009e5300005d5b0000fc
:10f0d0008e6000006663000013640000dc620000c4
:10f0e000c912000030fe000079e9000095d500004b
:10f0f0005fc300008bb30000a0a60000589d000075
:10f10000389700004594000036940000999600005e
:10f1100018110000cdfc000098e800005cd500004c
:10f12000e2c30000c6b4000077a80000999f000069
:10f130009d9900007a960000e39500006c9700000e
:10f1400082120000a5fc0000a5e600009bd1000093
:10f1500089be000048ae00007fa10000fa980000c0
:10f16000419400004c930000b1950000cf9a00003c
:10f17000d010000042fb0000c5e5000063d1000094
:10f180000bbf000083af000057a300003c9b0000b2
:10f19000a6960000819500005f970000a39b0000e9
:10f1a000c2190000a9070000e4f400001ce20000fe
:10f1b000edcf0000debe000063af000040a2000003
:10f1c000239700005f8e0000118800004c8400002f
:10f1d000101800004606000003f40000e4e10000ff
:10f1e0006fd0000019c000003ab1000081a40000f7
:10f1f0008899000094900000be89000020850000de
:10f200007a1900001e06000011f2000023de000043
:10f2100017cb00009bb9000042aa0000e29d00004d
:10f220002d940000668d00008c890000838800000a
:10f23000c8170000bb04000030f10000eadd000048
:10f2400099cb0000d6ba00001aac000024a0000040
:10f25000929600009b8f00003a8b000056890000b8
:10f2600001fb000035e200002ecb000068b7000073
:10f270002fa80000809e0000039b00005b9e000002
:10f28000c2a70000bfb600005bca000051e1000049
:10f290004ff90000d2e000004dca000030b7000076
:10f2a000b1a80000bb9f0000db9c00009da00000f7
:10f2b00027aa0000f4b8000008cc000025e20000f6
:10f2c000bafa0000aae000005bc800006eb30000bc
:10f2d00058a300003e990000e2950000fd9900004f
:10f2e000cba40000c6b50000d6cb000087e5000027
:10f2f00008f9000047df00007ac7000036b30000bd
:10f30000dba30000799a0000ba9700003f9c000040
:10f3100030a70000fbb7000084cd00005be60000d2
:10f32000f9010000aeeb000099d60000f0c3000028
:10f33000bcb40000d4a90000c6a3000043a3000091
:10f34000aea70000d9b0000036be000005cf000017
:10f35000480000004bea0000b8d50000b7c3000029
:10f360003fb500000eab00009ea5000085a5000083
:10f3700013aa00000eb30000e4bf0000d8cf0000c5
:10f38000b201000023ea0000c6d30000f6bf00006f
:10f39000e6af000091a40000a69e0000e59e0000dc
:10f3a000b7a40000e0af0000b2bf00003bd30000f4
:10f3b00000000000c0e80000e5d20000bdbf000072
:10f3c00069b00000cca500007da0000027a10000ce
:10f3d0001ca7000015b200005fc100000fd40000a0
:10f3e0000f72000002710000e26d0000ba680000b8
:10f3f000a1610000b6580000244e000083420000c6
:10f40000793500006a2700009f1800006b09000092
:10f410005d7000009f6f0000016d000081680000ba
:10f4200023620000f1590000fb4f0000c5440000ba
:10f43000de3700009f2900004c1a00003f0a000040
:10f44000c7710000786f00000e6b0000c064000000
:10f45000ca5c00007453000003490000263e00000f
:10f4600082320000702600001a1a0000a10d000070
:10f4700015700000156e00002e6a00008764000001
:10f480004d5d0000af540000db4a00006740000003
:10f49000e8340000a6280000c81b0000750e00001c
:10f4a000077900007b7a00004d790000417500006b
:10f4b0002f6e000009640000e75600006b47000053
:10f4c00065350000832100007a0c00001ff7000062
:10f4d00055770000187900006c780000087500006e
:10f4e000b16e000044650000bf580000ad49000047
:10f4f000ca370000b8230000270e0000f3f7000011
:10f50000bf780000f07800007a76000047710000b4
:10f5100058690000c75e0000c65100000e4300009d
:10f520006e3200008a200000f50d000055fb00003f
:10f530000d7700008e770000997500000e710000b5
:10f54000db690000026000009e5300004f45000090
:10f55000d3340000bf220000a30f000029fc0000ec
:10f56000465a000007550000974f00008d4a0000e2
:10f5700070460000ac430000874200008743000053
:10f5800004460000e4490000c44e0000235400007b
:10f5900095580000a5530000b64e0000544a0000e4
:10f5a000f3460000e74400005f440000c845000047
:10f5b00069480000194c000071500000f754000029
:10f5c000ff5900007d530000c34c0000934600002b
:10f5d0009a410000693e0000663d0000293f00009e
:10f5e0000d430000eb4800003f5000005a58000057
:10f5f0004d5800001a520000e34b00005a4600002c
:10f600001d420000a43f00003e3f00006a41000090
:10f6100072450000204b0000ed5100002d59000004
:10f620003f610000805e0000025b00001457000094
:10f63000fe520000ff4e00004a4b00006f480000e1
:10f64000ef450000fd4300009f420000d74100004d
:10f650008d5f00001d5d0000215a0000db56000098
:10f66000815300003a500000224d0000b04a0000d3
:10f6700054480000334600004d440000ab420000f7
:10f68000f7600000f55c00002f5800001a530000de
:10f69000284e0000bd4900002a4600001144000029
:10f6a000f9420000044300001b4400000d46000026
:10f6b000455f0000935b00004e570000e1520000e0
:10f6c000ab4e0000f74a000001480000524600001f
:10f6d0005e45000039450000c8450000e1460000d5
:10f6e000bc9b00002ba100002fa7000035ad00003f
:10f6f000c0b2000070b7000000bb0000b5bd000044
:10f70000f6be0000f9be0000ecbd00000cbc00001d
:10f710000a9a0000c89f00004ea60000fcac000042
:10f7200043b30000abb80000d7bc0000f7bf000037
:10f730005bc100002ec1000099bf0000e0bc0000ca
:10f74000749b0000a19f00005ba400003ba9000087
:10f75000eaad00002db20000dfb5000058b900008e
:10f76000ffbb000000be000067bf000043c00000f8
:10f77000c39900003e9e00007ba3000002a9000088
:10f780006dae000068b30000b7b7000099bb000081
:10f7900064be000035c0000015c1000016c10000a5
:10f7a000b4a20000a4aa00009ab20000bcb90000f4
:10f7b0004ebf0000c3c20000c3c300009dc20000d2
:10f7c000e2be000013b90000c7b10000c0a90000ec
:10f7d00002a1000041a90000b9b1000083b90000f6
:10f7e000d1bf0000fec300009ac50000dfc40000c6
:10f7f00047c1000048bb000075b3000094aa000098
:10f800006da2000019a90000c7af0000c2b500003a
:10f8100078ba000080bd0000a2be000040be00001b
:10f82000ebbb00001ab8000043b30000f6ad0000c7
:10f83000bba00000b7a70000e6ae000089b500003d
:10f84000fbba0000bbbe00007ac0000081c000000f
:10f8500050be00004fba0000f0b40000caae000075
:10f86000f483000030850000e4880000088f000069
:10f870009097000065a2000063af0000b8be0000d2
:10f8800080cf000073e1000011f40000c506000005
:10f8900042820000ce83000003880000cf8e00006b
:10f8a00013980000a0a300003ab10000fac00000c5
:10f8b000e5d10000a9e30000bff5000098070000b3
:10f8c000ac830000a6830000108600000e8b0000b1
:10f8d000ba920000239d000042aa00005bba00001b
:10f8e00089cc00007ae000008df50000fb0a0000e2
:10f8f000fa8100004382000030850000d58a0000b4
:10f900003c9300005e9e00001aac00009cbc00000e
:10f91000eece0000afe200003af70000cf0b00008f
:10f92000ec8a0000a98e00004f9400008f9b00001d
:10f930001ea40000b9ad000026b80000a1c300005d
:10f940006ccf00008ddb0000ece7000078f40000d5
:10f950003a890000468d00006e930000569b00001f
:10f96000a1a40000f3ae0000feb90000e2c5000053
:10f97000d1d10000c2dd00009ae900004cf5000082
:10f98000a48a00001e8d00007c9100009597000065
:10f99000489f000076a8000006b3000043bf0000a7
:10f9a00075cc000094da000068e90000aef80000b1
:10f9b000f3880000bc8b00009b9000005c97000067
:10f9c000ca9f0000b1a90000ddb4000084c100009e
:10f9d000dace0000c9dc000015eb000082f900005f
:10f9e00001fb0000fe130000972b000059400000af
:10f9f000025100009b5c000084620000e162000094
:10fa0000385d00001e52000055420000df2e00004d
:10fa10004ff900009b120000b72a000020400000b0
:10fa200085510000d65d00005b6400002265000087
:10fa30009d5f00005354000002440000b32f0000fb
:10fa4000bafa000073120000c42800005f3c0000f6
:10fa50002c4c000059570000635d0000835e0000dd
:10fa6000415a000025510000d0430000153300002a
:10fa700008f9000010110000e3270000263c0000f8
:10fa8000af4c0000945800003b5f0000c5600000d0
:10fa9000a65c00005a5300007e450000e9330000d8
:10faa000f9010000761d000003370000e04c000063
:10fab000905d0000ee670000476b0000c967000022
:10fac000235d0000374c000030360000921c00001f
:10fad00048000000141c000022360000a74c000063
:10fae000135e0000296900001e6d00000a6a000014
:10faf000885f00006c4e0000dd370000661d0000ce
:10fb0000b2010000ec1b000030340000e6480000a9
:10fb1000ba580000ac620000266600006b6300006b
:10fb20002d5a00003e4b0000ac370000c9200000f9
:10fb300000000000891a00004f330000ae480000aa
:10fb40003c590000e7630000fe670000ad6500005f
:10fb5000925c0000734d0000593900009c210000a8
:10fb600039e3000003f800004d0d00002c220000d6
:10fb7000d235000091470000e7560000e463000022
:10fb8000c26d0000987400007a7800009779000038
:10fb900087e10000a0f600006c0c0000f3210000db
:10fba00054360000cc480000bf5800002566000015
:10fbb00027700000cd760000287a00006b7a0000e4
:10fbc000f2e2000078f60000790a0000321e000020
:10fbd000fc3000004e420000c6510000865f00006d
:10fbe000cb6a00009f730000f6790000cd7d000015
:10fbf00040e1000015f5000099090000fa1d000021
:10fc00007e310000894300009e530000c86100005f
:10fc1000306d0000d4750000a37b0000a17e0000c1
:10fc200031ea00007b010000b8180000b32e00008c
:10fc300060420000e4520000aa5f0000cc680000af
:10fc4000ae6d0000b16e0000556c00004b67000007
:10fc500080e8000019000000d71700007b2e00008c
:10fc6000e24200001f540000826100000d6b0000a2
:10fc700013700000e7700000036e00001e680000b3
:10fc8000eae90000f1ff0000e5150000ba2a0000d3
:10fc9000893d0000a24d00008a5a00006e640000f9
:10fca000b76a0000b86d0000d16d0000816b0000e4
:10fcb00038e800008efe000004150000812a0000d4
:10fcc0000c3e0000dc4e0000615c0000b0660000ed
:10fcd0001c6d0000ee6f00007e6f0000556c000090
:10fce00001fb0000e3eb000054dd0000afcf00009b
:10fcf0004bc3000073b8000063af0000aba8000066
:10fd0000c5a30000cca00000a19f000011a000002e
:10fd10004ff9000081ea000073dc000076cf00009c
:10fd2000cdc30000aeb900003ab10000edaa00005a
:10fd30002ba6000002a300004ea10000e5a00000d9
:10fd4000bafa000059ea000081da0000b5cb0000e1
:10fd500075be000030b3000042aa00004da40000b0
:10fd6000cfa00000d39f00001da1000048a4000008
:10fd700008f90000f6e80000a0d900007ccb0000e4
:10fd8000f7be00006bb400001aac00008fa60000a4
:10fd900034a3000008a20000caa200001ba50000b6
:10fda000f90100005cf50000bfe8000036dc00004f
:10fdb000d9cf0000c6c3000026b8000093ad0000f4
:10fdc000b1a30000e69a00007c930000c58d0000fe
:10fdd00048000000f9f30000dee70000fddb000052
:10fde0005bd0000001c50000feb90000d5af0000e7
:10fdf00016a600001b9d00002a950000998e0000a9
:10fe0000b2010000d1f30000ece500003cd8000096
:10fe100002cb000083be000006b3000035a900003d
:10fe2000bba00000ed990000f8940000fb910000d9
:10fe3000000000006ff200000be5000003d8000096
:10fe400085cb0000bebf0000ddb4000077ab000032
:10fe500020a30000229c0000a5960000cf92000085
:10fe600039e30000e9cf000009bf000082b10000c3
:10fe70001aa8000069a30000c6a30000aea90000f4
:10fe800050b4000047c30000c6d50000caea000015
:10fe900087e1000086ce000028be000049b10000c6
:10fea0009da80000a3a400009ea50000f0ab0000e8
:10feb000b5b600007cc5000074d700009deb0000c3
:10fec000f2e200005ece000036bc000088ad00000b
:10fed00044a30000269e0000a69e000050a500003e
:10fee00059b100004ec2000042d7000000ef0000f0
:10fef00040e10000fbcc000055bb00004fad00000e
:10ff0000c7a30000619f00007da0000092a7000031
:10ff1000beb3000083c40000efd80000d4ef00009f
:10ff200031ea000061d9000074ca000009be000077
:10ff3000a8b40000bcae000089ac000096ae000082
:10ff40003cb4000060bd0000a2c900007dd80000e4
:10ff500080e80000fed7000094c90000d0bd00007a
:10ff60002bb50000f6af000061ae0000d8b0000075
:10ff7000a1b6000095bf00004fcb000051d9000092
:10ff8000eae90000d7d70000a1c700000fba0000bf
:10ff9000d2af000079a9000069a7000038aa0000cc
:10ffa00045b1000067bc00001dcb0000b4dc0000c0
:10ffb00038e8000074d60000c0c60000d7b90000c1
:10ffc00055b00000b4aa000040a900007aac0000bf
:10ffd000aab300009cbe0000cbcc000087dd00006f
:10ffe000465a0000b65e0000bd610000d36200000a
:10fff0008c6100009e5d0000e7560000d74d0000b8
:020000040001f9
:1000000007420000f13300000a240000e41200005f
:1000100095580000535d0000dc6000009a6200000b
:100020000f620000d95e0000bf58000018500000a9
:100030006c44000026360000b7250000b81300000d
:10004000ff5900002b5d0000ea5e0000d95e000051
:10005000b65c00005c580000c65100007949000001
:10006000103f0000f8320000852500001a1700003c
:100070004d580000c85b0000095e0000a15e000052
:10008000395d0000975900009e530000ba4b0000f4
:10009000754100002d35000033270000ee170000e9
:1000a0003f6100002f680000286d00005a6f0000bb
:1000b0001a6e0000f1680000aa5f0000bf52000045
:1000c000f34100000a2e0000e51700009700000031
:1000d0008d5f0000cc660000476c0000226f0000be
:1000e0009d6e00002c6a0000826100000055000037
:1000f0005844000040300000931900006b010000dc
:10010000f7600000a4660000556a0000616b000003
:1001100044690000af6300008a5a0000614e00008d
:10012000fc3e0000112d000061190000ce0400000b
:10013000455f00004165000074690000286b000005
:10014000c7690000ea640000615c0000a250000082
:1001500061410000462f00000e1b0000a2050000b8
:100160007e420000bb42000072430000a644000033
:100170005c460000944800004a4b0000da4e000044
:10018000915200006b5600002f5a00009c5d000049
:10019000cd40000058410000914200006e44000034
:1001a000df460000cf490000224d00001b51000037
:1001b000f6540000a0580000dd5b0000705e0000f7
:1001c00037420000304100009f400000ad40000079
:1001d00086410000524300002a4600007c4a00008d
:1001e0009b4f000072550000ab5b0000d261000025
:1001f00085400000ce3f0000be3f0000744000007c
:10020000084200008c44000001480000bd4c000082
:1002100000520000a7570000585d0000a6620000d1
:1002200077490000344c0000dd4e00002e510000e4
:10023000ea520000e75300000d540000c2530000d2
:100240007d520000855000000a4e0000504b000017
:10025000c5470000d14a0000fc4d0000f5500000e9
:100260006c53000022550000e555000003560000c5
:10027000e2540000ba520000b84f0000244c0000c5
:100280002f490000a94a00000a4c0000344d00002c
:10029000144e0000a54e0000ed4e0000644f00001b
:1002a000874f00008c4f0000864f0000864f0000f3
:1002b0007d47000046490000294b0000fb4c000030
:1002c000964e0000df4f0000c4500000a551000012
:1002d000ec510000c1510000335100005a500000a1
:1002e0007cba0000aeb70000cfb4000022b200001c
:1002f000deaf00002aae00001cad000020ad000003
:1003000092ad000078ae0000adaf000009b1000072
:10031000cab800004bb60000eeb30000e9b100001f
:1003200061b0000065af0000f3ae000061af0000f7
:10033000f7af0000adb000005bb10000ddb1000020
:1003400035ba000023b60000fcb1000028ae000062
:1003500008ab0000e7a80000fba70000c2a800004f
:100360009baa00007fad000029b100003fb500004e
:1003700083b80000c0b400001bb10000efad000066
:100380008aab000022aa0000d3a9000003ab000042
:1003900000ad0000b4af0000d6b2000013b60000fc
:1003a00075c1000027c100003ac00000a9be0000ce
:1003b0006cbc00007db90000dfb5000008b2000091
:1003c0007ead000092a8000089a30000bd9e000041
:1003d000c3bf0000c4bf000059bf000070be0000d2
:1003e000eebc0000b8ba0000b7b7000049b4000086
:1003f000e3af0000c7aa000036a50000909f0000f0
:100400002dc100009cbf000067bd0000afba000016
:1004100096b700003bb40000beb00000aaad0000db
:1004200087aa000099a7000004a50000f3a200001d
:100430007bbf000039be000086bc000076ba000019
:1004400018b8000075b5000096b20000ecaf0000cf
:10045000ecac0000cea90000b2a60000c7a30000cb
:10046000b4a20000b39b000084960000f593000046
:10047000ad940000209900007fa1000023ae000091
:100480001cbe0000f2d00000d3e50000c1fb00005c
:1004900002a10000509a0000a3950000bc93000048
:1004a000309500005a9a000057a3000064b0000085
:1004b00081c0000027d3000080e7000095fc000009
:1004c0006da20000289a0000b1930000fb8f00008d
:1004d000d78f0000dd9300005f9c0000c5a90000dd
:1004e00025bb0000f9cf00004ee70000f7ff000039
:1004f000bba00000c5980000d0920000c28f000091
:100500005a90000018950000369e000007ac0000cd
:100510008abd00002ed20000fce80000cb000000e5
:10052000aca900002ca50000efa100007ca00000f9
:100530003ba1000073a4000042aa00000bb300001e
:1005400008be00000ccb0000aed9000075e9000029
:10055000fba70000c9a300000fa1000044a00000f9
:10056000bea10000aea500001aac00004cb5000012
:100570006dc0000041cd00005bdb000049ea0000d7
:1005800065a90000a1a300001c9f0000829c000040
:10059000659c0000309f000022a50000adae000069
:1005a00011bb000013ca000029db0000abed000006
:1005b000b3a700003ea200003b9e00004a9c000042
:1005c000e89c00006ba00000f9a60000efb000005e
:1005d00076bd000048cc0000d7dc00007fee0000b4
:1005e000c2190000802a000038390000464500008a
:1005f000204e000055530000a05400004b52000054
:10060000d44b00009c41000016340000db230000a6
:10061000101800001e290000573800000d4500008a
:10062000a24e000090540000775600008d54000048
:10063000394e0000d2430000c4350000af24000052
:100640007a190000f6280000653600004c410000d1
:1006500049490000134e00007f4f0000ed4d00009f
:10066000dd480000a3400000923500001228000081
:10067000c8170000932700008435000014410000d3
:10068000cc4900004e4f0000575100002f50000091
:10069000424b0000d94200003f370000e52800002f
:1006a000ba200000f9330000a3440000ce5100003e
:1006b000ad5a0000a85e0000635d000033570000e3
:1006c000bf4b0000b63b0000f12700008f11000077
:1006d000081f000096320000c24300009551000040
:1006e000305b0000e35f00003b5f000075590000d5
:1006f000244e0000eb3d00009f2900006312000023
:10070000722000006e320000d0410000d44d000085
:10071000d75500006659000043580000d55200002c
:10072000c9480000bd3a00006d290000c515000051
:10073000c01e00000c310000ef4000009b4d000087
:100740005a560000a15a00001a5a0000175500001e
:100750002e4b0000f23c00001a2b000099160000fe
:10076000f9010000850e0000ed1a000019270000b5
:10077000ef3200004b3e0000034900004e530000e2
:100780005e5c0000176400003c6a0000946e00008c
:1007900048000000230d00000c1a0000e1260000b4
:1007a00072330000863f0000db4a000090550000d5
:1007b000c35e00004c660000e96b0000676f00003c
:1007c000b2010000fb0c00001a18000020230000fa
:1007d000192e000009390000e3430000f14e00002b
:1007e000675900001e630000b76b0000ca7200006a
:1007f00000000000980b000039170000e7220000fd
:100800009c2e0000433a0000ba450000325100001f
:10081000cc5b000053650000656d00009e73000016
:10082000f2080000fe17000058260000a133000067
:100830007d3f00009e490000c65100003658000070
:100840004a5c0000305e0000175e0000475c00005c
:10085000400700009b160000772500006833000069
:1008600000400000d94a00009e530000785a000062
:10087000af5e000065600000c45f00001b5d00000b
:10088000aa0800007316000085230000a72f0000af
:10089000a73a00005c440000a64c0000d9530000b9
:1008a00053590000375d0000925f00007e60000039
:1008b000f806000011150000a42200006e2f0000b1
:1008c000293b0000964500007d4e00001a560000ae
:1008d000b85b00006c5f00004061000051610000e7
:1008e000c219000066020000f4ea00009cd4000077
:1008f00068c000002daf00007fa100001598000027
:10090000619200004b900000629100000e95000083
:10091000101800000301000013ea000063d4000077
:10092000ebc0000068b0000057a30000579a000019
:10093000c69400008092000010930000e295000031
:100940007a190000db00000021e80000a2d00000be
:1009500092bb0000eba900005f9c0000b893000070
:100960006b8f0000528f0000de920000449900005f
:10097000c817000079ff000040e7000069d00000c0
:1009800015bc000025ab0000369e0000f995000064
:10099000d0910000879100008b940000189a00000d
:1009a000ba200000df0b000060f6000023e1000029
:1009b000f6cc000080ba000042aa0000fe9c0000b5
:1009c0004d920000658a00003e850000c282000052
:1009d000081f00007c0a00007ff50000ebe000002b
:1009e00079cd0000bbbb00001aac00003f9f0000a7
:1009f000b29400009a8c0000eb8600009583000002
:100a000072200000540a00008cf3000029dd000071
:100a100020c800003eb5000022a50000a0980000fc
:100a2000568f00006c890000b9860000f88600002f
:100a3000c01e0000f1080000acf20000f1dc000074
:100a4000a3c8000078b60000f9a60000e19a0000f3
:100a5000bb910000a18b000067880000cc870000dc
:100a6000f90100006be60000a9cc00006fb60000a1
:100a700038a50000239a0000e295000019990000b3
:100a8000eca20000c5b2000088c70000c6df00006d
:100a90004800000008e50000c8cb000036b60000a2
:100aa000baa500005e9b0000ba9700005a9b0000a8
:100ab00051a50000fbb4000035c900009ae0000019
:100ac000b2010000e0e40000d6c9000075b20000e9
:100ad00062a00000e0940000c2900000bb940000ff
:100ae000f59f0000ccb1000003c90000fde3000049
:100af000000000007ee30000f5c800003db20000e9
:100b0000e4a000001b96000099920000fc960000f3
:100b10005aa2000002b40000b1ca0000d0e40000f4
:100b2000f2080000e4ef000015d80000f7c2000052
:100b3000c6b1000076a50000a69e0000019e000040
:100b4000d8a20000dfac000063bb00007acd00003b
:100b50004007000081ee000034d70000bec2000054
:100b600048b20000b1a600007da0000042a0000035
:100b70003da5000014af000010bd00004ece0000e7
:100b8000aa08000059ee000041d50000fdbe00009b
:100b9000efac000033a0000085990000a39900008d
:100ba000e19f0000e6ab0000dfbc0000b0d1000018
:100bb000f8060000f6ec000061d40000c4be00009e
:100bc00072ad00006ea100005d9b0000e49b000080
:100bd00046a200001bae00008cbe000084d20000c4
:100be00007790000387500005d6f0000c1670000e4
:100bf000aa5e00005854000003490000413d000077
:100c0000a330000070230000cb150000e0070000b7
:100c100055770000d67300007c6e000088670000e6
:100c20002c5f000093550000db4a0000823f00006b
:100c300008330000a525000079170000b408000063
:100c4000bf780000ae7300008a6c0000c76300002c
:100c5000d4590000164f0000e3430000e3380000c1
:100c6000ac2d00007722000047170000170c000091
:100c70000d7700004b720000a96b00008e6300002e
:100c8000565a000051500000ba450000253b0000b4
:100c900011300000ac240000f4180000eb0c000040
:100ca000ff7f0000b17e0000c87a00004874000099
:100cb000386b0000ac5f0000c65100002942000004
:100cc0008f300000891d0000a709000094f5000086
:100cd0004d7e00004e7d0000e87900000f7400009a
:100ce000ba6b0000e66000009e5300006a440000fa
:100cf000f4320000be1f0000540b000068f6000034
:100d0000b77f0000277d0000f57700004e700000df
:100d100062660000695a0000a64c0000cb3d00004e
:100d2000982d0000901c0000220b0000caf9000062
:100d3000067e0000c47b00001477000015700000e0
:100d4000e4660000a45b00007d4e00000d40000042
:100d5000fd2f0000c51e0000d00c00009efa000010
:100d60003f6100003e59000012510000944900000c
:100d7000794300004e3f0000663d0000443e000005
:100d80002d410000ea450000f14b0000995200009f
:100d90008d5f0000db570000315000005b49000010
:100da000fc430000894000003e3f000086400000f8
:100db000924300001f4800009e4d00006c5300004d
:100dc000f7600000b35700003f4e00009a45000056
:100dd000a33e00000c3a000046380000e63900004f
:100de000373e0000f14400006c4d0000cf5600007b
:100df000455f0000505600005e4d00006145000058
:100e0000263f0000463b00001e3a0000283c000040
:100e10009c400000264700001a4f0000a357000026
:100e200037680000b66200007e5c00001b560000c0
:100e300007500000a14a00002a4600002c43000091
:100e40001941000004400000cc3f00004c4000006d
:100e500085660000546100009d5b0000e2550000c3
:100e60008a500000dc4b0000014800006e45000085
:100e70007e4300003942000079410000204100001b
:100e8000ef6700002c610000aa5900002152000009
:100e9000314b00005f45000009410000ce3e0000dc
:100ea000223e00000a3f000047410000834400004a
:100eb0003d660000c95f0000ca580000e85100000c
:100ec000b44b00009a460000e142000010410000cf
:100ed0008740000040410000f542000056450000f8
:100ee000b4a2000061a50000aaa800003cac00006c
:100ef000caaf000012b30000dfb5000073b80000f5
:100f000020ba0000ffba000019bb000082ba00003e
:100f100002a10000ffa30000c9a7000003ac00006d
:100f20004cb000004db40000b7b70000b4ba0000e8
:100f300085bc000034bd0000c6bc000055bb0000ed
:100f40006da20000d7a30000d7a5000042a80000b2
:100f5000f4aa0000cfad0000beb0000015b4000040
:100f600029b7000006ba000094bc0000b8be00001b
:100f7000bba0000074a20000f6a4000009a80000b5
:100f800076ab00000aaf000096b2000057b6000032
:100f90008eb900003bbc000042be00008cbf0000c8
:100fa000aca90000daae000015b40000c3b8000020
:100fb00058bc000065be0000a2be00005bbd000082
:100fc0000cba000019b50000f4ae000035a800000e
:100fd000fba7000077ad000035b300008ab8000021
:100fe000dabc0000a0bf00007ac000009cbf000077
:100ff00071bc00004eb70000a1b0000009a90000bc
:1010000065a9000050ad000042b10000c9b4000065
:1010100081b7000023b9000082b90000fdb80000cc
:1010200015b7000020b400006fb000006cac0000e9
:10103000b3a70000edab000061b0000090b4000069
:1010400004b800005dba000059bb00003fbb0000bf
:101050007ab9000055b600001db200003fad000097
:10106000ec8a0000678900005f8a00000f8e000094
:1010700099940000089e000042aa000076b9000082
:10108000aaca00007add00003ef100003a05000027
:101090003a890000048800007e890000d68d000097
:1010a0001c950000429f00001aac0000b8bb000075
:1010b0000fcd0000afdf0000ecf200000e060000d4
:1010c000a48a0000dc8700008c870000158a0000dd
:1010d000c38f0000c598000022a5000018b50000cd
:1010e000b3c7000080dc0000baf200007009000005
:1010f000f388000079860000ab860000dc890000e0
:1011000046900000009a0000f9a600005ab70000bf
:1011100018ca0000b6de000067f40000440a0000b0
:10112000e4910000df920000cb950000969a000049
:1011300027a100005ba9000006b300005ebe00000e
:1011400096ca000093d7000019e50000eef20000f7
:10115000329000007d910000ea9400005d9a00004a
:10116000aaa1000096aa0000ddb40000a0c0000003
:10117000fbcc0000c8d90000c7e60000c1f30000a6
:101180009d91000055910000f79200009c96000090
:10119000519c000018a40000e5ad000000ba00005a
:1011a0009fc700009ad6000095e6000024f70000d3
:1011b000eb8f0000f28f0000179200006396000092
:1011c000d49c000053a50000bdaf000042bc00004d
:1011d00004ca0000cfd8000042e80000f8f7000081
:1011e000f901000034180000132d0000603f0000da
:1011f0000b4e00003d580000635d00009e5d000046
:1012000061580000244e0000823f0000542d000071
:1012100048000000d1160000322c0000273f0000db
:101220008e4e0000785900003b5f0000e05f000038
:10123000c65a0000595000002f410000282e00001f
:10124000b2010000a9160000402a0000663b000021
:1012500035490000fb52000043580000415900008e
:101260006b5500002b4d0000fd4000008a3100004e
:1012700000000000471500005f2900002d3b000022
:10128000b8490000365400001a5a0000825b000082
:10129000d0570000604f0000ab4200005e320000fb
:1012a000f2080000ad2100007e380000e74b00008e
:1012b000995a0000906300002666000086620000d4
:1012c0004d5800003d4800005d330000081b000041
:1012d000400700004a2000009e370000ae4b00008f
:1012e0001c5b0000cb640000fe670000c8640000c7
:1012f000b25a0000734a00000a350000dc1b0000ef
:10130000aa08000022200000ab350000ed470000d5
:10131000c35500004e5e000006610000295e00001b
:101320005655000044470000d83400003e1f00001e
:10133000f8060000bf1e0000ca340000b5470000d8
:1013400046560000895f0000dd6200006a60000010
:10135000bb570000794900008636000012200000cb
:1013600031ea000039fc0000c80e00003321000003
:10137000db32000033430000c6510000a15e0000d4
:10138000ec6800009e700000a77500000c7800005b
:1013900080e80000d6fa0000e70d0000fa20000007
:1013a0005e3300006e4400009e530000e3600000c6
:1013b000516b0000d372000054770000e078000009
:1013c000eae90000aefa0000f50b0000391d00004c
:1013d000052e0000f13d0000a64c0000445a00001c
:1013e000f5650000a56f000022770000437c000037
:1013f00038e800004cf90000140b0000001d00004c
:10140000872e00002b3f00007d4e0000855c000011
:101410005a680000da710000d0780000167d0000e4
:101420002af10000b2050000331a0000ba2d0000b6
:10143000693f0000864e00008a5a00008a6300005f
:10144000d8680000b86a000082690000c06500002a
:1014500078ef00004f04000053190000822d0000b7
:10146000eb3f0000c14f0000615c0000cb65000055
:101470003d6b0000ed6c0000306b000094660000d6
:10148000e2f000002704000060170000c0290000ff
:10149000933a000044490000695500002c5f0000a9
:1014a000e1650000bf690000fe6a0000f669000007
:1014b00030ef0000c4020000801600008829000000
:1014c000153b00007f4a0000415700006d6100009d
:1014d00046680000f46b0000ab6c0000ca6a0000b4
:1014e000f90100001af00000cfde0000b6ce0000c7
:1014f00054c0000015b4000042aa000069a3000017
:10150000ef9e0000d39c0000ce9c0000879e000050
:1015100048000000b7ee0000efdd00007dce0000c7
:10152000d7c0000050b500001aac0000aaa500000a
:1015300054a10000089f00007b9e00005b9f0000fc
:10154000b20100008fee0000fcdb0000bcca00000e
:101550007ebb0000d3ae000022a500000b9f000060
:10156000f99b0000d99b0000499e0000bda200002d
:10157000000000002ced00001bdb000083ca00000f
:1015800000bc00000db00000f9a600004ca1000056
:101590005e9e00000f9e0000f79f000091a30000d8
:1015a000f208000092f900003bea00003ddb000079
:1015b000e2cc000068bf000006b3000051a80000a4
:1015c000db9e0000ec960000a99000003a8c000021
:1015d0004007000030f800005ae9000004db00007a
:1015e00065cd0000a3c00000ddb4000092aa000099
:1015f00040a1000021990000579200000e8d0000cc
:10160000aa08000008f8000068e7000043d70000bf
:101610000cc8000026ba0000e5ad0000f3a30000ee
:10162000e49b0000f39500002592000071900000fb
:10163000f8060000a5f6000087e600000ad70000c3
:101640008ec8000061bb0000bdaf000034a60000e2
:10165000499e000028980000d293000044910000a9
:1016600031ea00001fd4000084c0000089b00000ef
:1016700024a500000b9f0000a69e00006ca40000a3
:101680007aaf00004dbf0000f3d200003fe9000038
:1016900080e80000bcd20000a4bf000050b00000f1
:1016a000a6a5000046a000007da00000ada6000099
:1016b000dfb1000082c10000a1d4000013ea0000e5
:1016c000eae9000094d20000b1bd00008fac000038
:1016d0004da00000c8990000859900000ea00000f0
:1016e00083ac000054be00006fd4000075ed000014
:1016f00038e8000031d10000d1bc000056ac000039
:10170000d0a00000039b00005d9b00004fa20000e2
:10171000e8ae000089c000001cd6000049ee0000c1
:101720002af1000097dd0000f0cb000010bd0000a2
:10173000b1b100005eaa000069a7000054a9000032
:1017400065af000066b90000cec60000f3d6000009
:1017500078ef000035dc00000fcb0000d7bc0000a4
:1017600034b2000099ab000040a9000095ab000026
:10177000cab100009cbb00007cc80000c6d70000b6
:10178000e2f000000ddc00001dc9000016b90000e9
:10179000dbac00001ba5000048a20000f6a400007e
:1017a0006fac00006db800004ac8000029db0000e3
:1017b00030ef0000aada00003cc80000deb80000ec
:1017c0005ead000056a6000020a4000037a7000070
:1017d000d4ae0000a2ba0000f7c90000fddb000093
:1017e0003f610000ec62000038630000da61000035
:1017f000965e000040590000c65100009448000069
:10180000313d0000f72f0000372100005911000082
:101810008d5f00008961000057620000a161000037
:10182000185f00007b5a00009e530000d64a00005b
:10183000963f00002c320000e42200002d12000030
:10184000f76000006161000065600000e05d00007d
:10185000c0590000fe530000a64c000036440000b2
:101860003a3a0000fe2e0000b22200008f15000060
:10187000455f0000ff5f0000845f0000a75d00007f
:10188000425a0000395500007d4e000078460000a5
:101890009f3c00003331000060240000631600000c
:1018a00037680000656c0000a46e0000616e0000e7
:1018b000246b0000946400008a5a00007c4d0000f4
:1018c0001d3d0000112a0000121500000dff000050
:1018d00085660000026b0000c36d0000296e0000e9
:1018e000a66b0000ce650000615c0000be4f0000ea
:1018f000823f0000462c0000bf160000e1ff000000
:10190000ef670000da6a0000d06b0000686a000030
:101910004d660000515f0000695500001e4900003f
:10192000263a0000172900008e160000430300002d
:101930003d66000077690000f06a00002f6a000031
:10194000d06600008c60000041570000604b000032
:101950008b3c00004d2b00003b18000017040000da
:1019600077490000f1460000ed440000ad4300005f
:1019700065430000364400002a46000097490000f5
:10198000bb4d0000715200005c570000115c00006c
:10199000c54700008e4500000d440000754300005f
:1019a000e84300007145000001480000d94b0000e9
:1019b00020500000a65400000a590000e55c000019
:1019c0002f490000674500001a420000b33f0000a5
:1019d0008f3e0000f43e0000094100003945000040
:1019e000c54a000078510000d85800004860000047
:1019f0007d47000004440000394100007b3f0000a7
:101a0000123f00002f400000e14200007b47000031
:101a10002a4d0000ad530000855a00001b610000f4
:101a20006f5000006a50000059500000355000000f
:101a3000f34f0000894f0000ed4e00007f4e000084
:101a4000a74d00008b4c0000374b0000c54900003b
:101a5000bd4e0000074f0000784f0000fc4f000013
:101a600076500000c4500000c4500000c150000077
:101a70000c500000c04e0000e54c0000994a0000e8
:101a800027500000df4e0000864d00003b4c000058
:101a90001d4b0000474a0000cc490000214a0000cd
:101aa000b04a0000924b0000b34c0000fb4d000018
:101ab000754e00007c4d0000a54c0000024c00005b
:101ac000a04b0000824b0000a44b0000634c0000c0
:101ad000154d0000c74d0000604e0000cf4e0000c5
:101ae0003cb300004bb4000001b5000050b500004d
:101af0003ab50000c9b4000014b400009db3000062
:101b0000ebb2000039b20000a0b1000031b100001a
:101b10008bb10000e9b2000020b4000017b500004e
:101b2000bcb5000004b60000ecb50000dfb5000055
:101b300050b500006eb400004db3000005b20000c7
:101b4000f5b20000c1b200002eb2000056b1000094
:101b500064b0000087af0000f3ae00003faf0000ac
:101b6000f4af000040b100001bb3000067b50000f7
:101b700043b100005eb100004db100001db1000096
:101b8000e6b00000c2b00000cbb0000081b10000a0
:101b900059b2000075b30000c9b400003bb60000a4
:101ba00035ba0000c4bd00006cc00000d7c1000001
:101bb000c8c100001cc00000d7bc000085b80000f0
:101bc000d6b2000053ac00007ba50000e59e0000eb
:101bd00083b8000061bc00008bbf00009fc1000003
:101be0004ac2000057c10000afbe0000c7ba0000e3
:101bf0003bb5000088ae000028a70000b89f000099
:101c0000edb9000039bc000099bd0000ddbd000049
:101c1000f1bc0000daba0000b7b7000027b400003a
:101c2000e0af00005aab0000f6a600001ba30000c6
:101c30003bb80000d7ba0000b8bc0000a5bd00004a
:101c400074bd000015bc00008eb9000069b600002c
:101c500045b200008fad0000a4a80000efa3000073
:101c6000749b000050980000b69600002397000077
:101c7000099a0000bf9f000077a80000a0b40000f0
:101c800075c30000b3d40000c5e70000e9fb000005
:101c9000c3990000ee960000d5950000ea9600007a
:101ca0008c9a0000faa000004faa0000e2b60000e3
:101cb000dac50000e9d6000072e90000bdfc0000b2
:101cc0002d9b0000c6960000e393000029930000be
:101cd000339500007c9a000057a3000042b000003a
:101ce0007ec00000bad3000041e900001f000000e0
:101cf0007b9900006395000002930000f1920000c0
:101d0000b6950000b79b00002ea5000084b200002d
:101d1000e3c20000efd50000eeea0000f30000008f
:101d20006da20000c9a1000021a20000aba3000029
:101d300097a6000012ab00003ab1000088b900007d
:101d400061c30000cdce0000a0db00009de90000d3
:101d5000bba0000066a0000041a1000072a300002b
:101d60001aa700004dac000012b30000cabb00006f
:101d7000c6c5000002d100004edd000071ea00007f
:101d800025a200003ea000004e9f0000b19f000071
:101d9000c1a10000d0a500001aac00002ab50000c7
:101da0006ac00000d4cd00001cdd0000d3ed0000af
:101db00073a00000dc9e00006d9e0000789f000074
:101dc00044a200000aa70000f2ad00006cb70000ba
:101dd000cfc2000009d00000c9de0000a7ee00005d
:101de000821200001e2700006a39000074480000bb
:101df0007b530000f5590000985b0000c9580000b3
:101e00002c5100005e45000009360000032400004c
:101e1000d0100000bb250000893800003c480000bd
:101e2000fe530000305b0000705d00000a5b0000a4
:101e30009153000093470000b6370000d7240000fc
:101e40003a12000093250000963600007b44000003
:101e5000a54e0000b2540000775600006b540000fd
:101e6000364e000064440000843700003a28000029
:101e70008810000030240000b63500004244000005
:101e8000284f0000ed5500004f580000ac560000f0
:101e90009b5000009a460000323900000d290000d6
:101ea0007a19000096300000d5440000fc54000070
:101eb00009600000486500005b640000b15d00003f
:101ec00018510000773f0000e4290000b71100001e
:101ed000c8170000342f0000f4430000c354000072
:101ee0008c6000008366000033660000f25f000033
:101ef0007d530000ac410000912b00008b120000cc
:101f0000321900000c2f00000242000002510000b4
:101f1000335b0000056000003b5f00005359000088
:101f2000214e00007e3e00005f2b0000ed150000fa
:101f300080170000a92d000021410000c9500000b9
:101f4000b65b00004061000012610000945b00007d
:101f500086500000b34000000d2d0000c1160000a7
:101f6000bafa0000230b00001f1b0000482a0000e3
:101f70004b380000ea440000fb4f0000cc59000041
:101f8000b7610000d86700002e6c0000bc6e000036
:101f900008f90000c00900003e1a00000f2a0000e6
:101fa000ce38000025460000d35100000d5c000033
:101fb0001c6400000d6a0000db6d00008f6f0000e4
:101fc00072fa0000980900004c1800004e2600002c
:101fd00075330000a83f0000db4a00006e5500008a
:101fe000c05e0000df660000a96d0000f272000014
:101ff000c0f80000350800006b170000152600002f
:10200000f7330000e3400000b24c0000af5700007f
:102010002561000014690000576f0000c6730000be
:10202000b20100009c1400008a260000cf36000098
:10203000d94400003d500000bf580000b45e0000cd
:10204000a2610000f1610000096000006f5c000007
:102050000000000039130000a9250000963600009a
:102060005b45000078510000965a0000f5600000c2
:102070000764000027640000b7610000435d0000b2
:102080006a01000011130000b7230000d5320000e0
:1020900003400000fb4a00009e530000565a000017
:1020a000ac5e0000f860000085610000a5600000e3
:1020b000b8ff0000ae110000d62200009c320000e4
:1020c00085400000364c000076550000975c00000b
:1020d000116100002d63000032630000796100008f
:1020e0008212000004ff000026eb0000cad70000a7
:1020f000c4c50000ccb5000077a80000939e000086
:10210000ba9700000c94000055930000369500002b
:10211000d0100000a1fd000045ea000092d70000a9
:1021200047c6000007b700004faa0000d4a0000077
:102130001f9a000041960000029500000a960000d8
:102140003a12000079fd000053e80000d0d30000ef
:10215000eec000008ab0000057a30000359a0000ce
:10216000c394000013930000d09400006c99000009
:102170008810000016fc000072e7000098d30000f1
:1021800070c10000c5b100002ea50000769c0000c3
:1021900028970000489500007e960000409a0000b5
:1021a0007a1900007c08000091f6000052e400005b
:1021b00052d200001fc100003ab100007ba3000012
:1021c000a6970000268e000030870000ea820000fb
:1021d000c81700001a070000b1f5000019e400005c
:1021e000d4d200005ac2000012b30000bca5000007
:1021f0000b9a00005b900000de880000bd830000a9
:1022000032190000f2060000bef3000058e00000a2
:102210007ccd0000ddbb00001aac00001d9f00005b
:10222000af9400002d8d0000ac88000020870000d6
:10223000801700008f050000def200001fe00000a4
:10224000fecd000018bd0000f2ad00005fa100004f
:1022500014970000628f0000598a0000f487000084
:10226000bafa000009e30000dbcc00009eb90000d0
:1022700094aa0000c2a00000db9c0000969f000012
:1022800045a8000087b600007ac90000eedf000014
:1022900008f90000a6e10000facb000065b90000d3
:1022a00016ab0000fda10000b29e0000d7a1000007
:1022b000aaaa0000bcb8000028cb0000c2e00000c1
:1022c00072fa00007ee1000008ca0000a4b5000018
:1022d000bda50000809b0000ba970000389b00005d
:1022e0004ea500008db50000f6ca000024e40000f1
:1022f000c0f800001be0000027c900006bb500001b
:1023000040a60000ba9c0000929900007a9d00004f
:10231000b3a70000c3b70000a3cc0000f8e400009e
:10232000b201000081ec000047d8000025c6000083
:1023300021b7000015ac00009ea500007ea400009f
:1023400030a80000a0b0000055bd0000a2cd0000e4
:10235000000000001feb000066d70000ecc5000085
:10236000a4b7000050ad000075a70000bfa6000094
:1023700095aa0000d5b2000003bf000076ce000091
:102380006a010000f7ea000073d500002bc20000cc
:102390004bb20000d3a600007da0000020a00000ea
:1023a0003aa50000a7af0000d1be0000d8d10000c0
:1023b000b8ff000094e9000093d40000f2c10000cf
:1023c000ceb200000da8000055a2000062a20000dd
:1023d0009fa70000dcb100007ec00000acd200006e
:1023e000c7710000d67100008f6f0000ef6a000017
:1023f00006640000f85a0000fb4f0000be430000d6
:10240000fc35000031270000be170000080800005e
:102410001570000073700000ae6e0000b66a000018
:1024200088640000335c0000d351000000460000c7
:1024300061380000662900006b190000dc0800000c
:102440007f7100004b700000bc6c0000f56600005e
:102450002f5f0000b5550000db4a0000603f000020
:102460000533000038260000391900003f0c000039
:10247000ce6f0000e96e0000db6b0000bc66000060
:10248000b25f0000f0560000b24c0000a241000014
:102490006a3500006d280000e71a0000120d0000e8
:1024a000bf7800004f7b0000fa7a000076770000ca
:1024b000947000004b660000bf580000a648000062
:1024c000e83500004a210000990b0000bcf500002f
:1024d0000d770000ec7900001a7a00003d770000cb
:1024e0001671000086670000965a0000e84a000056
:1024f0004d38000080230000460d000090f60000db
:1025000078780000c4790000277800007c73000010
:10251000bd6b0000086100009e53000048440000ad
:10252000f132000051200000140d0000f2f900000b
:10253000c676000061780000467700004373000013
:10254000406c000043620000765500008a4600009f
:102550005635000086220000c20e0000c6fa0000b8
:10256000ff590000db55000044510000c24c000040
:10257000d5480000ed4500005f440000c144000064
:1025800086460000ab490000e34d0000c152000048
:102590004d5800007854000063500000894c000042
:1025a0005849000028470000364600000347000055
:1025b000eb480000e04b0000914f000094530000f6
:1025c000b759000050540000714e0000c848000088
:1025d000ff430000ab4000003e3f000064400000ad
:1025e0008f430000b24800005f4f0000f756000024
:1025f00005580000ee520000904d00008f4800008a
:1026000082440000e641000016410000a54200009f
:10261000f4450000e74a00000c510000cb570000d1
:10262000f7600000545f0000b05c000049590000f2
:102630006355000041510000224d0000a9490000ef
:1026400072460000c5430000be4100007440000017
:10265000455f0000f15d0000cf5b000010590000f5
:10266000e65500007b520000f94e0000eb4b0000e5
:10267000d7480000fa4500006c43000048410000c4
:10268000af600000c95d0000dc5900004f5500003c
:102690008d500000fe4b0000014800004c4500003a
:1026a0007b430000cc4200003a430000ab440000f2
:1026b000fe5e0000665c0000fc580000165500003d
:1026c00010510000394d0000d94900008d4700002d
:1026d000e045000001450000e74400007e450000a1
:1026e000749b0000ffa10000dca800006aaf00009e
:1026f00025b50000b1b90000d7bc0000f0be000055
:1027000079bf0000c0be00000bbd0000aaba0000e7
:10271000c39900009ca00000fba7000031af00009f
:10272000a8b50000ecba0000afbe000032c1000046
:10273000dec10000f6c00000b9be00007dbb000095
:102740002d9b000074a0000009a6000070ab0000e3
:102750004fb000006fb40000b7b7000092ba00009d
:1027600082bc0000c7bd000087be0000e0be0000c4
:102770007b990000129f000028a5000037ab0000e5
:10278000d2b00000aab500008eb90000d4bc000091
:10279000e7be0000fcbf000034c00000b4bf000072
:1027a0006da2000078ab000047b40000f1bb000050
:1027b000b3c1000004c500009ac50000d8c30000e2
:1027c00064bf0000dab80000e6b000005da80000b9
:1027d000bba0000015aa000067b30000b8bb000052
:1027e00036c200003fc6000072c700001ac60000d3
:1027f000c9c100000fbb000094b2000031a9000065
:1028000025a20000eda9000074b10000f7b7000098
:10281000ddbc0000c2bf00007ac000007abf00002b
:102820006ebc0000e1b7000062b2000094ac000092
:1028300073a000008aa8000093b00000beb700009b
:1028400060bd0000fdc0000051c20000bcc100001e
:10285000d3be000016ba00000fb4000067ad000040
:10286000ac83000004860000918a00003d910000c6
:10287000f5990000a7a400003ab10000f3bf0000e2
:1028800003d000003be1000030f3000062050000cf
:10289000fa810000a1840000b089000004910000ca
:1028a000789a0000e2a5000012b3000035c20000d3
:1028b00068d2000070e30000def40000360600007d
:1028c0006583000079840000be870000438d00000e
:1028d0001f950000649f00001aac000096bb00002a
:1028e0000ccd000042e00000acf4000098090000ac
:1028f000b381000017830000dd8600000a8d000010
:10290000a19500009fa00000f2ad0000d7bd00001f
:1029100071cf000077e2000059f600006c0a000059
:10292000a48a00007d8f0000fd950000c49d00007a
:1029300083a60000faaf0000feb90000dbc400006f
:10294000efcf000054db00000ce7000015f300009f
:10295000f38800001a8e00001c9500008b9d00007b
:1029600006a7000035b10000d5bb00001dc7000060
:1029700054d2000089dd0000b9e80000e9f300004e
:102980005d8a0000f28d000029930000ca990000c2
:10299000ada10000b8aa0000ddb400007ec00000b8
:1029a000f8cc00005bda000087e800004cf700007c
:1029b000ab8800008f8c00004992000092990000c3
:1029c0002fa20000f2ab0000b5b60000bfc20000ad
:1029d0005dcf000090dc000035ea000020f8000028
:1029e000bafa0000d1140000452d00008e4200000c
:1029f00067530000dd5e00005b6400001c640000a3
:102a0000ba5d0000e5510000744100007c2d00001b
:102a100008f900006f130000642c0000554200000c
:102a2000ea53000018600000336600005d66000095
:102a30001f6000001a54000021430000502e0000c7
:102a400072fa000047130000722a0000943e000052
:102a5000914e00009a5900003b5f0000be5f0000ed
:102a6000c35a0000ec500000f0420000b2310000f8
:102a7000c0f80000e4110000912900005b3e000056
:102a8000144f0000d55a000012610000ff610000e1
:102a9000285d0000215300009d44000086320000a4
:102aa000b20100004a1e0000b0380000154f0000bf
:102ab000f55f0000306a00001e6d00000469000030
:102ac000a65d0000fe4b00004f350000301b0000eb
:102ad00000000000e71c0000cf370000dd4e0000c2
:102ae000786000006b6b0000f66e0000456b000024
:102af0000b600000344e0000fd360000031c000097
:102b00006a010000bf1c0000dd3500001c4b000006
:102b10001f5b0000ed640000fe670000a66400007b
:102b2000af5a0000054b0000cb360000661f0000c6
:102b3000b8ff00005d1b0000fc340000e34a000009
:102b4000a15b000028660000d5690000e766000070
:102b5000145d00003b4d0000783800003a20000072
:102b6000f2e20000d7f80000fa0e00006124000035
:102b700037380000d2490000bf5800001f65000030
:102b8000456e00005f740000997700003478000003
:102b900040e1000074f70000190e00002924000035
:102ba000b93800000d4b0000965a00006067000025
:102bb000aa700000947600004779000008790000b0
:102bc000aae200004cf70000270c0000672000007c
:102bd00061330000904400009e530000c16000007b
:102be0004e6b000066730000157900006b7c0000de
:102bf000f8e00000e9f50000460b00002f2000007f
:102c0000e3330000cb45000076550000026300006e
:102c1000b36d00009b750000c27a00003e7d00008d
:102c2000eae900004f020000651a0000e9300000e8
:102c3000c54400002555000082610000076a0000bd
:102c4000306e0000796e0000756b0000e8650000d2
:102c500038e80000ec00000085190000b0300000ea
:102c6000474500006056000059630000486c0000b2
:102c700095700000ae700000226d0000bc66000080
:102c8000a2e90000c500000092170000ef2c000030
:102c9000ee3f0000e34f0000615c0000a96500000a
:102ca0003a6b0000806d0000f06c00001e6a0000ae
:102cb000f0e7000062ff0000b1160000b62c000033
:102cc000714000001e510000395e0000eb670000fb
:102cd0009f6d0000b56f00009e6e0000f26a00005c
:102ce000bafa0000b7ec000001df0000e4d10000f8
:102cf000b0c50000b4ba00003ab10000e6a9000077
:102d000048a4000094a00000c09e0000af9e0000f8
:102d100008f9000055eb000021de0000abd10000f7
:102d200032c60000efbb000012b3000027ac000069
:102d3000ada60000c9a200006ea00000829f0000a6
:102d400072fa00002deb00002edc0000eacd00003e
:102d5000dac0000072b500001aac000088a50000bf
:102d600051a100009b9f00003ca00000e5a20000d4
:102d7000c0f80000cae900004ddb0000b1cd000042
:102d80005cc10000adb60000f2ad0000caa70000b3
:102d9000b6a30000d0a10000e9a10000b9a3000083
:102da000b201000030f600006dea00006bde0000aa
:102db0003ed2000007c60000feb90000ceae000003
:102dc00034a40000ad9a00009b920000628c0000c9
:102dd00000000000cdf400008ce9000032de0000ad
:102de000c0d2000042c70000d5bb00000fb10000f8
:102df00099a60000e29c000049940000368d000076
:102e00006a010000a5f400009ae7000071da0000f2
:102e100068cd0000c5c00000ddb4000070aa00004d
:102e20003da10000b49900001794000099900000a3
:102e3000b8ff000043f30000b9e6000039da0000f3
:102e4000eacd000000c20000b5b60000b2ac000040
:102e5000a2a30000e99b0000c49500006c91000053
:102e6000f2e20000bcd00000b6c00000b7b3000022
:102e70007faa0000aaa500009ea50000e9aa000004
:102e8000d2b400000ec30000e6d4000067e90000e1
:102e900040e100005acf0000d6bf00007eb3000022
:102ea00002ab0000e5a6000075a700002bad0000f6
:102eb00037b7000043c5000093d600003bea00008e
:102ec000aae2000032cf0000e3bd0000bdaf000069
:102ed000a9a5000068a000007da000008ba600004e
:102ee000dcb1000015c2000061d600009ded0000bd
:102ef000f8e00000cfcd000002bd000084af00006c
:102f00002ca60000a2a1000055a20000cda8000040
:102f100041b400004ac400000fd8000071ee000068
:102f2000eae9000035da000022cc00003ec00000d3
:102f30000db70000fdb0000061ae0000d1af000091
:102f4000beb4000027bd0000c1c800001bd70000b0
:102f500038e80000d2d8000041cb000006c00000d5
:102f600090b7000038b2000039b0000013b2000082
:102f700023b700005dbf00006eca0000eed700005e
:102f8000a2e90000aad800004fc9000045bc00001b
:102f900037b20000bbab000040a9000073ab0000db
:102fa000c7b100002ebc00003cca000051db00008d
:102fb000f0e7000048d700006ec800000cbc00001d
:102fc000bab20000f6ac000018ab0000b5ad0000ce
:102fd0002cb4000064be0000eacb000025dc000039
:102fe000ff5900008a5f00006a6300000865000066
:102ff000f1630000e05f0000bf580000114f0000c7
:103000008a420000b833000029230000811100002b
:103010004d580000275e000089620000d064000067
:10302000746400001b610000965a000053510000b8
:10303000ef440000ed350000d724000055120000d9
:10304000b7590000ff5d0000976000000e610000ae
:103050001b5f00009d5a00009e530000b44a000010
:10306000933f0000bf320000a5240000b715000008
:10307000055800009c5c0000b65f0000d6600000b0
:103080009e5f0000d85b000076550000f54c000004
:10309000f8410000f4340000522600008b160000b6
:1030a000f760000002690000d66e00009071000019
:1030b0007f700000336b000082610000f953000054
:1030c00076420000d22d00000417000035ff0000fa
:1030d000455f0000a0670000f56d0000577100001b
:1030e000027100006e6c0000596300003b56000046
:1030f000db44000007300000b218000009000000a7
:10310000af60000078670000026c0000966d000060
:10311000a96b0000f0650000615c00009c4f00009e
:103120007f3f0000d92c0000801800006b030000d6
:10313000fe5e000015660000226b00005d6d000061
:103140002c6c00002b670000395e0000dd51000090
:10315000e44100000e2f00002d1a00003f04000083
:10316000374200008f4300001f450000dc4600008e
:10317000c1480000d54a0000224d00001450000054
:1031800014530000325600004e590000395c000014
:10319000854000002c4200003f440000a346000090
:1031a00044490000104c0000f94e00005652000047
:1031b0007955000067580000fc5a00000d5d0000c2
:1031c000ef410000044200004c420000e2420000d7
:1031d000eb4300009345000001480000b74b00009e
:1031e0001d50000039550000ca5a000070600000f0
:1031f0003d400000a14000006b410000a9420000da
:103200006d440000ce460000d9490000f84d000092
:10321000825200006e570000775c0000436100009e
:103220002f490000074d00008b5000006353000041
:103230004f55000029560000e5550000fd540000e0
:10324000005300004c5000002a4d0000ed490000e2
:103250007d470000a54b0000aa4f00002a53000044
:10326000d255000063570000bd5700003e570000d4
:103270006555000081520000d74e0000c14a000091
:10328000e74800007d4b0000b84d0000694f00008a
:1032900079500000e6500000c45000009f5000002c
:1032a00009500000534f0000a54e0000234e0000bf
:1032b000364700001a4a0000d74c0000304f00008b
:1032c000fb500000215200009c520000e052000020
:1032d0006e5200008851000053500000f74e00006d
:1032e00035ba000082b800007cb6000057b4000078
:1032f00043b200006bb00000f3ae00005bae000014
:1033000014ae00003fae0000cdae0000a6af00003e
:1033100083b800001fb700009bb500001eb400007a
:10332000c6b20000a6b10000cbb000009cb0000007
:1033300079b0000074b000007ab000007ab00000ec
:10334000edb90000f7b60000a9b300005db00000c1
:103350006dad000029ab0000d3a90000fda900005d
:103360001eab000046ad000048b00000dcb300001a
:103370003bb8000094b50000c8b2000024b00000c3
:10338000efad000064ac0000aaab00003eac000052
:1033900083ad00007baf0000f6b10000b0b40000c8
:1033a0002dc10000fac10000e8c10000dec000002d
:1033b000d1be0000bebb0000b7b7000043b30000a1
:1033c00000ae000059a80000a8a200005a9d00000d
:1033d0007bbf000098c0000007c10000a5c000002e
:1033e00053bf0000f9bc00008eb9000084b5000096
:1033f00065b000008eaa000055a400002e9e0000bb
:10340000e5c0000070c0000015bf0000e4bc000073
:10341000fbb900007cb6000096b20000e5ae0000eb
:103420000aab000060a7000023a4000090a10000e8
:1034300033bf00000dbf000034be0000acbc000074
:103440007dba0000b7b700006eb4000026b10000de
:103450006fad000095a90000d1a5000064a2000096
:103460006da20000879c0000319800002a960000a1
:1034700012970000619b000057a300005eaf0000a0
:103480009fbe0000bad00000f2e400005efa000027
:10349000bba00000249b000051970000f1950000a4
:1034a000959700009c9c00002ea500009fb1000095
:1034b00004c10000efd200009fe6000032fb0000d4
:1034c00025a20000fc9a00005e95000030920000ea
:1034d0003c9200001f960000369e000000ab0000ea
:1034e000a8bb0000c0cf00006de6000095fe000004
:1034f00073a00000999900007d940000f8910000ed
:10350000bf920000599700000ea0000041ad0000de
:103510000dbe0000f6d100001be8000069ff0000ae
:1035200065a90000ffa500009da30000b1a2000056
:10353000a0a30000b4a600001aac000046b400002e
:103540008bbe0000d3ca0000cdd8000012e80000f6
:10355000b3a700009da40000bca2000079a2000057
:1035600023a40000efa70000f2ad000087b6000022
:10357000f0c0000008cd00007bda0000e6e80000a3
:103580001da9000075a40000caa00000b89e00009c
:10359000ca9e000072a10000f9a60000e8af00007a
:1035a00094bb0000dac9000049da000048ec0000d2
:1035b0006ba7000012a30000e99f00007f9e00009f
:1035c0004d9f0000ada20000d1a8000029b200006c
:1035d000f9bd00000fcc0000f6db00001ced000080
:1035e0007a190000542b0000e53a00007b470000e8
:1035f0008550000097550000775600008653000064
:10360000564c000064410000353300007922000070
:10361000c8170000f1290000043a000043470000e9
:1036200007510000d25600004f580000c855000056
:10363000bb4e000099430000e33400004c2300001f
:1036400032190000c929000012380000824300002e
:10365000ae4b00005450000057510000284f0000ae
:103660005f4900006b400000b1340000af2600004d
:103670008017000067280000313700004943000030
:10368000314c00008f5100002e5300006a510000a1
:10369000c44b0000a04200005e36000083270000fb
:1036a00072200000cd340000514600000354000099
:1036b000125d0000ea6000003b5f00006e580000f1
:1036c000424c00007d3b0000112700002c10000040
:1036d000c01e00006a33000070450000ca5300009d
:1036e000955d00002562000012610000b05a0000e4
:1036f000a74e0000b23d0000be28000000110000ef
:103700002b200000423300007d43000009500000e0
:103710003c580000a75b00001a5a0000105400003b
:103720004b490000843a00008c280000631400001c
:10373000791e0000df3100009d420000d04f0000e4
:10374000bf580000e25c0000f25b0000525600002f
:10375000b04b0000b93c00003a2a000036150000ca
:10376000b2010000590f00009a1c00004f29000010
:10377000543500008c400000db4a000089540000f2
:10378000e05c0000de6300005b690000316d00005a
:1037900000000000f60d0000ba1b00001629000012
:1037a000d7350000c7410000b24c0000cb560000e6
:1037b000455f000013660000086b0000056e000006
:1037c0006a010000ce0d0000c71900005525000059
:1037d0007e3000004a3b0000ba4500002b5000003c
:1037e000ea590000e5620000d66a00006771000037
:1037f000b8ff00006c0c0000e61800001c2500005b
:1038000001310000853c0000924700006d5200002d
:103810004f5c00001a650000846c00003b720000e1
:10382000aa080000d218000006280000d6350000c3
:10383000e2410000e04b00009e530000715900007f
:10384000cc5c0000f85d0000365d0000e55a000029
:10385000f80600006f170000252700009d350000c6
:10386000654200001a4d000076550000b35b000071
:10387000315f00002d600000e35e0000b85b0000d7
:10388000620800004717000033250000dc3100000b
:103890000c3d00009d4600007d4e000013550000c9
:1038a000d5590000fe5c0000b25e00001b5f000006
:1038b000b1060000e415000052240000a33100000e
:1038c0008e3d0000d84700005550000055570000bd
:1038d0003b5c0000345f00005f600000ef5f0000b1
:1038e0007a1900003a030000a2ec0000d1d60000d3
:1038f000cdc200006eb1000057a300005099000037
:10390000e49200001290000082900000ab9300004f
:10391000c8170000d7010000c1eb000098d60000d6
:1039200050c30000a9b200002ea50000929b000029
:1039300049950000489200002f9200007f940000fb
:1039400032190000af010000cee90000d7d200001c
:10395000f7bd00002cac0000369e0000f394000080
:10396000ed8f0000198f0000fd910000e29700002c
:10397000801700004c000000eee800009fd200001d
:103980007abe000067ad00000ea000003497000072
:10399000529200004f910000ab930000b5980000d8
:1039a00072200000b30c00000df8000059e3000085
:1039b0005bcf0000c2bc00001aac0000389e0000c3
:1039c000d09200002c8a00005d8400005f8100001e
:1039d000c01e0000500b00002cf7000020e3000088
:1039e000decf0000fcbd0000f2ad00007aa00000b8
:1039f00035950000618c00000a86000033820000cb
:103a00002b200000280b00003af500005fdf0000cb
:103a100085ca00007fb70000f9a60000db9900000e
:103a2000d98f000033890000d885000095850000fb
:103a3000791e0000c509000059f4000026df0000cf
:103a400008cb0000bab80000d1a800001c9c000000
:103a50003e920000688b00008687000069860000a7
:103a6000b20100003fe7000057ce0000a4b80000fc
:103a70009da70000649c0000ba970000539a0000c4
:103a80006ea300008db20000a7c6000064de000037
:103a900000000000dce5000076cd00006cb80000fe
:103aa0001fa800009f9d000092990000959c0000b7
:103ab000d3a50000c2b4000054c8000037df0000e6
:103ac0006a010000b4e5000084cb0000abb4000044
:103ad000c7a200002297000099920000f69500000e
:103ae00078a0000094b1000023c800009ae2000012
:103af000b8ff000052e40000a3ca000072b4000046
:103b000049a300005d980000719400003798000000
:103b1000dda20000c9b30000d0c900006ee30000c0
:103b2000aa080000b8f00000c2d900002cc50000af
:103b30002bb40000b7a700007da000003b9f000051
:103b40005aa30000a6ac000082ba000017cc000007
:103b5000f806000055ef0000e1d80000f3c40000b3
:103b6000adb40000f2a8000055a200007da1000045
:103b7000bfa50000dbae000030bc0000ebcc0000b5
:103b8000620800002def0000efd6000032c10000f7
:103b900054af000075a200005d9b0000de9a00009b
:103ba00063a00000adab0000febb00004dd00000e4
:103bb000b1060000caed00000ed60000f9c00000fa
:103bc000d7af0000b0a30000349d00001f9d00008f
:103bd000c8a20000e2ad0000abbd000021d1000092
:103be000bf7800000c7600000b710000f669000041
:103bf0000f6100009a560000db4a00007c3e000086
:103c00002631000037230000eb1400007e06000080
:103c10000d770000aa7400002a700000bd69000042
:103c200092610000d5570000b24c0000bd4000007a
:103c30008b3300006c25000098160000520700002e
:103c40007878000082740000376e0000fc65000088
:103c5000395c000057510000ba4500001e3a0000d0
:103c60002f2e00003e22000066160000b40a00005d
:103c7000c67600001f730000576d0000c36500008a
:103c8000bb5c000092520000924700005f3c0000c5
:103c9000943000007324000014180000880b00000a
:103ca000b77f0000857f0000767c00007d760000f5
:103cb0009d6d0000ed6100009e5300006443000014
:103cc00012310000511d0000c608000031f4000050
:103cd000067e0000227e0000957b000044760000f6
:103ce0001f6e00002863000076550000a545000007
:103cf00077330000861f0000730a000005f50000fe
:103d0000707f0000fa7d0000a3790000837200003c
:103d1000c7680000ab5c00007d4e0000063f00005d
:103d20001b2e0000571c0000410a000068f800002c
:103d3000be7d0000987c0000c27800004a7200003e
:103d400049690000e55d0000555000004841000051
:103d5000803000008d1e0000ef0b00003bf90000da
:103d6000f7600000115a0000c0520000c94b00006b
:103d7000de450000904100003e3f00007f3f000014
:103d8000b0410000b1450000104b0000365100006a
:103d9000455f0000af580000df510000904b00006d
:103da00061460000ca42000016410000c041000008
:103db00015440000e6470000bd4c00000a52000018
:103dc000af60000087580000ec4f0000cf470000b4
:103dd000084100004d3c00001e3a0000213b00005d
:103de000b93e0000b84400008b4c00006c55000048
:103df000fe5e0000245700000c4f000096470000b4
:103e00008b410000883d0000f53b0000633d000051
:103e10001e410000ed460000394e000040560000f3
:103e2000ef6700008a6300002b5e0000505800001e
:103e30006c520000e34c00000148000067440000a1
:103e40009c410000cb3f0000eb3e0000ea3e00003a
:103e50003d660000276200004a5d00001758000020
:103e6000ef5200001e4e0000d9490000a846000095
:103e7000014400000042000099400000bd3f0000e6
:103e8000a8670000ff610000585b00005654000066
:103e9000964d0000a0470000e142000009400000ec
:103ea000a53e0000d23e0000674000002043000015
:103eb000f66500009d600000775a00001d54000068
:103ec000194e0000db480000b84400004b420000df
:103ed0000a4100000741000014420000f4430000c2
:103ee0006da2000035a6000058aa000071ae0000c7
:103ef0002fb2000053b50000b7b70000aeb9000004
:103f0000a2ba0000c7ba000038ba00001fb900000a
:103f1000bba00000d3a4000077a9000038ae0000c9
:103f2000b1b200008eb600008eb90000efbb0000f9
:103f300007bd0000fcbc0000e5bb0000f3b90000b9
:103f400025a20000aba4000084a7000077aa00000f
:103f500059ad000011b0000096b2000050b500004d
:103f6000acb70000cdb90000b3bb000055bd0000e8
:103f700073a0000048a30000a4a600003eaa000011
:103f8000dbad00004cb100006eb4000091b7000042
:103f900011ba000003bc000061bd000029be000092
:103fa00065a90000aeaf0000c3b50000f8ba00007c
:103fb000bdbe0000a7c000007ac0000096be000091
:103fc0008eba0000e0b4000013ae0000d3a60000db
:103fd000b3a700004bae0000e2b40000bfba00007f
:103fe0003fbf0000e1c1000051c20000d7c0000087
:103ff000f3bc000015b70000c1af0000a6a7000089
:104000001da9000023ae0000f0b20000feb60000c3
:10401000e6b9000064bb000059bb000038ba0000dc
:1040200097b70000e7b300008faf000009ab0000b6
:104030006ba70000c1ac00000fb20000c5b60000c5
:1040400069ba00009fbc000031bd000079bc0000cf
:10405000fcb900001cb600003cb10000ddab000064
:10406000a48a00003a8a00000d8c000044900000f1
:10407000fe96000049a000001aac0000b1ba000092
:104080002dcb000041dd00005df00000d7030000f3
:10409000f3880000d88800002c8b00000b900000f3
:1040a0008197000084a10000f2ad0000f2bc000086
:1040b00092cd000076df00000bf20000ab040000a0
:1040c0005d8a0000b0880000398900004a8c000039
:1040d00028920000079b0000f9a6000053b60000dc
:1040e00036c8000048dc0000d9f100000d080000cf
:1040f000ab8800004d87000059880000118c00003b
:10410000ab920000419c0000d1a8000095b80000cf
:104110009bca00007dde000086f30000e10800007d
:104120009d910000b393000078970000cb9c0000a5
:104130008ca300009cab0000ddb4000099bf000020
:1041400018cb00005ad7000038e400008bf10000c3
:10415000eb8f00005092000097960000929c0000a8
:104160000fa40000d7ac0000b5b60000dac1000013
:104170007ecd000090d90000e6e500005ff200006f
:104180005591000028920000a5940000d1980000ed
:10419000b69e00005aa60000bdaf00003bbb000069
:1041a00022c8000061d60000b4e50000c1f500009f
:1041b000a38f0000c6900000c493000098980000f0
:1041c000399f000095a7000094b100007dbd00005c
:1041d00087ca000096d8000061e7000095f600004d
:1041e000b201000008190000c02e00009541000037
:1041f000705000007f5a00003b5f0000d95e000055
:10420000e4580000eb4d0000a13e0000f12b00003f
:1042100000000000a5170000e02d00005c41000038
:10422000f3500000ba5b0000126100001b61000047
:10423000495b0000205000004e400000c52c0000eb
:104240006a0100007d170000ed2b00009b3d00007f
:104250009a4b00003c5500001a5a00007b5a00009f
:10426000ed550000f24c00001c400000283000001a
:10427000b8ff00001a1600000c2b0000623d000081
:104280001d4c000077560000f25b0000bd5c000092
:1042900052580000274f0000ca410000fb300000c8
:1042a000aa080000802200002c3a00001c4e0000ea
:1042b000fe5c0000d2650000fe670000c1630000e4
:1042c000d0580000054800007c320000a51900000d
:1042d000f80600001e2100004b390000e44d0000ec
:1042e000815d00000d670000d569000003660000d5
:1042f000355b00003a4a00002a340000791a0000b9
:1043000062080000f620000059370000224a000031
:10431000285800008f600000dd620000635f00002d
:10432000d95500000c470000f8330000db1d0000e9
:10433000b1060000931f000078360000ea49000033
:10434000ab580000ca610000b5640000a561000020
:104350003e58000041490000a5350000af1e000096
:10436000eae900000dfd000076100000682300005f
:1043700040350000754500009e530000dc5f0000e2
:104380006e69000065700000c6740000aa76000027
:1043900038e80000aafb0000950f00002f23000062
:1043a000c3350000af460000765500001e620000d5
:1043b000d36b00009a720000747600007d770000d5
:1043c000a2e9000082fb0000a20d00006e1f0000a9
:1043d0006a300000324000007d4e00007f5b00002c
:1043e000786600006c6f000042760000e07a000002
:1043f000f0e700001ffa0000c20c0000361f0000aa
:10440000ec3000006d41000055500000c05d000020
:10441000dd680000a1710000ef770000b47b0000b0
:10442000e2f0000085060000e11b0000ef2f000015
:10443000ce410000c8500000615c0000c464000070
:104440005a6900007f6a0000a16800005d640000f6
:1044500030ef000023050000001b0000b72f000014
:104460005042000003520000395e00000667000061
:10447000bf6b0000b46c00004f6a000031650000a3
:104480009af00000fb0400000e190000f62b00005b
:10449000f83c0000854b00004157000067600000b9
:1044a00063660000866900001d6a000094680000d1
:1044b000e8ee0000980300002d180000bd2b00005e
:1044c0007a3d0000c04c000018590000a8620000ae
:1044d000c8680000bb6b0000ca6b00006769000081
:1044e000b2010000eef000007de00000ebd0000023
:1044f000b9c2000057b600001aac0000a3a4000027
:10450000729f00009a9c0000ed9b0000249d00001b
:10451000000000008bef00009cdf0000b2d0000024
:104520003cc3000091b70000f2ad0000e5a600001a
:10453000d7a10000cf9e00009b9d0000f89d0000c9
:104540006a01000063ef0000aadd0000f1cc00006a
:10455000e3bd000014b10000f9a6000046a0000071
:104560007b9c0000a19b0000699d00005aa10000f7
:10457000b8ff000000ee0000c9dc0000b8cc00006d
:1045800065be00004fb20000d1a8000087a2000065
:10459000e09e0000d69d0000169f00002ea20000a5
:1045a000aa08000066fa0000e8eb000072dd0000d7
:1045b00047cf0000aac10000ddb400008ba90000b5
:1045c0005e9f0000b3960000c88f0000d88a0000ec
:1045d000f806000003f9000007eb000039dd0000d9
:1045e000cacf0000e4c20000b5b60000cdab0000a9
:1045f000c3a10000e998000076910000ab8b000099
:1046000062080000dcf8000015e9000078d900001d
:1046100071ca000067bc0000bdaf00002ea50000fd
:10462000679c0000ba950000449100000e8f0000c6
:10463000b106000079f7000034e800003fd900001f
:10464000f3ca0000a2bd000094b100006fa70000f3
:10465000cc9e0000ef970000f1920000e28f000076
:10466000eae90000f3d4000032c20000beb200004c
:1046700089a700004ca100007da00000a7a50000b4
:10468000fcaf000014bf000012d20000dce7000005
:1046900038e8000090d3000051c1000085b200004e
:1046a0000ba8000087a2000055a20000e8a70000a8
:1046b00061b2000049c10000c0d30000b0e80000b2
:1046c000a2e9000068d300005fbf0000c4ae000094
:1046d000b2a200000a9c00005d9b000049a10000fe
:1046e00005ad00001bbe00008ed3000012ec0000e0
:1046f000f0e7000005d200007ebe00008bae000097
:1047000035a30000459d0000349d00008aa30000f1
:104710006aaf000050c000003bd50000e6ec00008e
:10472000e2f000006bde00009dcd000045bf000000
:1047300016b400009fac000040a900008faa000042
:10474000e8af00002eb90000eec5000090d50000d3
:1047500030ef000009dd0000bdcc00000dbf0000ff
:1047600099b40000daad000018ab0000d0ac000036
:104770004db2000063bb00009bc7000064d6000080
:104780009af00000e1dc0000caca00004bbb000048
:1047900040af00005da7000020a4000031a600008b
:1047a000f1ac000035b8000069c70000c6d90000b0
:1047b000e8ee00007edb0000e9c9000013bb00004a
:1047c000c3af000098a80000f8a5000072a8000080
:1047d00056af00006aba000017c900009ada00005c
:1047e000f7600000c0630000e66400000f64000092
:1047f000fb600000825b00009e530000cf49000078
:10480000b43d0000be2f000056200000f60f00004f
:10481000455f00005d62000005640000d663000093
:104820007d610000bd5c000076550000104c00006a
:1048300019400000f331000003220000ca100000fc
:10484000af600000356200001362000015600000d8
:10485000255c0000405600007d4e000071450000c0
:10486000bd3a0000c52e0000d12100002d1400002b
:10487000fe5e0000d360000032610000dd5f0000da
:10488000a75c00007a57000055500000b3470000b5
:10489000223d0000fa3000007f23000000150000d8
:1048a000ef670000396d0000517000009770000044
:1048b000896d0000d5660000615c0000b74e000005
:1048c0009f3d0000d829000031140000aafd00001f
:1048d0003d660000d66b0000706f00005e70000047
:1048e0000b6e000010680000395e0000f8500000f8
:1048f000044000000d2c0000df1500007efe0000cb
:10490000a8670000ae6b00007e6d00009d6c00008b
:10491000b26800009361000041570000594a00004e
:10492000a93a0000df280000ad150000e0010000fa
:10493000f66500004b6a00009d6c0000646c00008e
:1049400035690000cd620000185900009b4c000042
:104950000e3d0000142b00005a170000b4020000a6
:104960002f490000c54700009b460000e2450000bb
:10497000ca4500007846000001480000d24a000005
:104980003e4e0000385200007b560000af5a000037
:104990007d47000062460000ba450000aa450000bd
:1049a0004d460000b3470000d9490000144d0000f7
:1049b000a35000006d54000029580000825b0000e5
:1049c000e74800003a460000c8430000e941000003
:1049d000f440000035410000e14200007446000050
:1049e000474b00003f510000f7570000e55e000014
:1049f00036470000d8440000e7420000b041000004
:104a00007741000070420000b8440000b648000042
:104a1000ac4d000074530000a4590000b95f0000c1
:104a2000275000003e510000065200006a5200006c
:104a300058520000cb510000c4500000ba4f000093
:104a40002a4e0000524c0000574a00006248000005
:104a5000754e0000db4f0000255100003152000070
:104a6000db520000065300009c520000fc51000085
:104a70008f500000874e0000044c000036490000b3
:104a8000e04f0000b34f0000334f0000704e0000b5
:104a9000824d0000884c0000a44b00005c4b0000dd
:104aa000334b0000594b0000d24b0000994c0000e2
:104ab0002e4e0000504e0000524e0000374e0000b7
:104ac000054e0000c34d00007c4d00009e4d0000cf
:104ad000984d00008e4d0000804d00006c4d000090
:020000040000fa
:020000040001f9
:104ae0008000eb007a014000010978007c01400061
:104af000010978007e01400001097800620220006f
:104b000000014100010978008202200000014100fb
:104b100001097800a202200000014100010978008b
:104b20002203200000014100010978004203200017
:104b300000014100010978006203200000014100ea
:104b40000109780072014000010978006011b80085
:104b5000421898005318980000000600f887470094
:104b6000889fbe008a9fbe008c9fbe008e1f78006b
:104b70000004780060112000080040001030a100ff
:104b80000000eb00e11020008880400080087800e1
:104b9000c1102000888040008008780058a890004c
:104ba000cf80de00f30f5000e08f5800b3073e00c7
:104bb000000601007b003700e2003700af07370036
:104bc000ac00370006033700ac073700ab073700ef
:104bd000aa073700d105370051063700a70737006d
:104be000a60737009c0437001e053700f80637007b
:104bf0003800370003003700a00737009f07370051
:104c0000730237001000200030bc98000010200014
:104c1000080040000088eb002001200030b498001c
:104c2000a0002000000c990082d32c00131020005b
:104c30000000eb00e80544000a11200008054500cb
:104c4000690e2000888444006102b9000402420019
:104c500085824a00848fd2008582d20004f0a100b0
:104c60008400d0003b03d000068240004220a80010
:104c7000ab824a004200a9004220ae004200a800d8
:104c80000482d300910180000203780006f0a400a2
:104c90008383d20007d0fe001603780001d0fe0007
:104ca000a101800085037800a7018800060a78002a
:104cb000a10188000000e80062014100e081490094
:104cc0001a02780099a2b900800f5200deff3c0062
:104cd0006a0737001000200030bc98000010200048
:104ce000080040000088eb00b001200030b49800bc
:104cf00070002000000c9900e2bb2c001310200073
:104d00000000eb00e80544000a11200008054500fa
:104d1000690e2000888444006102b9000402420048
:104d200085824a00848fd2008582d20004f0a100df
:104d30000406d000bb06d0000d0246004220a800a9
:104d4000ab824a004200a9004220ae004200a80007
:104d50000482d300910180000203780006f0a400d1
:104d60008383d20007d0fe001603780001d0fe0036
:104d7000a101800085037800a7018800060a780059
:104d8000a10188000000e80062014100e0814900c3
:104d90001a02780099a2b900800f5200deff3c0091
:104da000360737001000200030bc980050bc980037
:104db00001102000888040008008eb00411f200087
:104dc000211c9800401c9800301c980082fe2d0089
:104dd000131020000000eb00e80444006102b90059
:104de0000402420085824a00848fd2008582d2006c
:104df00004f0a1008400d0003903d00006824000f6
:104e00004220a800a9824a004200a9004220ae0028
:104e10004200a8000482d3009101800002037800c0
:104e200006f0a4008383d20007d0fe0016037800aa
:104e300001d0fe00a101800085037800a701880051
:104e4000060a7800a10188000000e8006201410024
:104e5000e0814900f10f5000e0ff3a00100120000e
:104e600030b4980060112000080040001030a0000d
:104e7000020737001000200030bc980050bc98009a
:104e800001102000888040008008eb00411f2000b6
:104e9000211c9800401c9800301c980022f52d0021
:104ea000131020000000eb00e80444006102b90088
:104eb0000402420085824a00848fd2008582d2009b
:104ec00004f0a1000405d000b905d0000b02450094
:104ed0004220a800a9824a004200a9004220ae0058
:104ee0004200a8000482d3009101800002037800f0
:104ef00006f0a4008383d20007d0fe0016037800da
:104f000001d0fe00a101800085037800a701880080
:104f1000060a7800a10188000000e8006201410053
:104f2000e0814900f50f5000e0ff3a0050012000f9
:104f300030b4980060112000080040001030a0003c
:104f4000ce063700d005200030b49800c2572d009f
:104f5000131020000000eb0068054400690e2000db
:104f6000888444006102b9000402420085824a003c
:104f7000848fd2008582d20004f0a1000406d00004
:104f8000ba06d0000d0246004220a800aa824a00bc
:104f90004200a9004220ae004200a8000482d300d3
:104fa000910180000203780006f0a4008383d20000
:104fb00007d0fe001603780001d0fe00a10180009a
:104fc00085037800a7018800060a7800a1018800ff
:104fd0000000e80062014100e0814900990f1000e3
:104fe000e0ff3c002000200030bc980050bc98003e
:104ff0001000200060bc980070bc98007000200079
:10500000100499008000200020049900c0002000b6
:1050100040b49800c40b2e0015102000400a2e004a
:10502000111020000001be00f2b79f0083bf9f0057
:10503000c00e2e00111020000005be00bab79f0060
:10504000cbb79f00400d2e00111020000006be00bf
:10505000dcb79f00edb79f000001eb008d02200040
:10506000888646004c0220000806460009022000ff
:1050700088844400fc014400800e200008004000a9
:1050800098b79f0009057800000778006110b90003
:105090000000400081804800808fd2008180d200d3
:1050a00000f0a1001d0378009d0390000604d000cd
:1050b0008004d000090344004220a80081834b00f3
:1050c0004200a9004220ae004200a8000683d3009f
:1050d0009b0180005fb49700efb4970008f0a40034
:1050e0008984d20009d0fe00180478000bd0fe009d
:1050f000a901800087057800ab018800080b7800c3
:10510000a90188001c0378009c0390008605d0004c
:105110000004d000088345004220a80081834b0092
:105120004200a9004220ae004200a8000683d3003e
:105130009b0180003fb49700cfb4970008f0a40013
:105140008984d20009d0fe00180478000bd0fe003c
:10515000a901800087057800ab018800080b780062
:10516000a90188001a0378009a0390008604d000f1
:105170008005d0000b8344004220a80081834b00af
:105180004200a9004220ae004200a8000683d300de
:105190009b0180007fb497008fbc970008f0a400ab
:1051a0008984d20009d0fe00180478000bd0fe00dc
:1051b000a901800087057800ab018800080b780002
:1051c000a901880013037800930390000604d0001f
:1051d0008004d000090044004220a80081804b00d8
:1051e0004200a9004220ae004200a8000080d30087
:1051f000980180000403780006f0a4008583d200a3
:1052000007d0fe001603780008d0fe00a70180003a
:1052100001047800a801880006087800a70188002a
:105220000201e8005fb09700efb097006200400015
:10523000e0804800d0b79f00e1b79f003fb49700df
:10524000cfb4970062044400e0844c00b8b79f00dc
:10525000c9b79f007fb097008fb8970062004000e9
:10526000e0804800f0b79f0081bf9f0062024200cb
:10527000e0824a009e0f110084ff3c001fb497009b
:105280002001200050b49800c4fd25001510200016
:1052900000fa2d00111020000001be00b2b79f00df
:1052a000c3b79f00c0f72d00111020000005be00fd
:1052b000fab79f008bbf9f0040fc2d00111020000b
:1052c0000006be00dcb79f00edb79f000001eb00b9
:1052d000f40644006c064400f8044400f001440065
:1052e000a00e20000800400098b79f000905780034
:1052f000000778006110b90000004000818048007c
:10530000808fd2008180d20000f0a1001d037800c0
:105310009d0390000604d0008004d00009034400df
:105320004220a80081834b004200a9004220ae0029
:105330004200a8000683d3009b0180005fb4970061
:10534000efb4970008f0a4008984d20009d0fe00d1
:10535000180478000bd0fe00a901800087057800b2
:10536000ab018800080b7800a90188001c037800b5
:105370009c0390008605d0000004d00008834500ff
:105380004220a80081834b004200a9004220ae00c9
:105390004200a8000683d3009b0180007fb49700e1
:1053a0008fbc970008f0a4008984d20009d0fe00c9
:1053b000180478000bd0fe00a90180008705780052
:1053c000ab018800080b7800a90188001a03780057
:1053d0009a0390008604d0008005d0000b8344001f
:1053e0004220a80081834b004200a9004220ae0069
:1053f0004200a8000683d3009b0180003fb49700c1
:10540000cfb4970008f0a4008984d20009d0fe0030
:10541000180478000bd0fe00a901800087057800f1
:10542000ab018800080b7800a901880013037800fd
:10543000930390000604d0008004d00009004400cb
:105440004220a80081804b004200a9004220ae000b
:105450004200a8000080d300980180000403780077
:1054600006f0a4008583d20007d0fe001603780062
:1054700008d0fe00a701800001047800a801880080
:1054800006087800a70188000201e8005fb09700d5
:10549000efb0970062004000e0804800d0b79f0066
:1054a000e1b79f007fb497008fbc9700620444006f
:1054b000e0844c00f8b79f0089bf9f003fb0970081
:1054c000cfb0970062004000e0804800b0b79f0076
:1054d000c1b79f0062024200e0824a009e0f1100a5
:1054e00084ff3c001fb497004006200070b4980071
:1054f000f00a200000bc9800601120000800400065
:105500001010a100e001200060b4980002ee2d0010
:10551000131020000000eb00ca022000080545001f
:10552000c90e2000888444006102b90004024200d0
:1055300085824a00848fd2008582d20004f0a100c7
:105540008400d0003a03d000068240004220a80028
:10555000aa824a004200a9004220ae004200a800f0
:105560000482d300910180000203780006f0a400b9
:105570008383d20007d0fe001603780001d0fe001e
:10558000a101800085037800a7018800060a780041
:10559000a10188000000e80062014100e0814900ab
:1055a000990f1000e0ff3c000010200008004000b0
:1055b0000008eb00401f2000201c98001000200075
:1055c000401c9800a0002000301c98002b053700dc
:1055d000000c200030b49800e2a32c00131020002f
:1055e0000000eb0068054400690e20008884440038
:1055f0006102b9000402420085824a00848fd20011
:105600008582d20004f0a1008405d0003a06d000c3
:105610000c8245004220a800aa824a004200a9004c
:105620004220ae004200a8000482d3009101800015
:105630000203780006f0a4008383d20007d0fe00a6
:105640001603780001d0fe00a101800085037800d8
:10565000a7018800060a7800a10188000000e80080
:1056600062014100e0814900990f1000e0ff3c0019
:1056700000102000080040000008eb002047200038
:10568000201c980000842300401c98002007200064
:10569000301c98001100200031bc98002000200030
:1056a00050bc980061bc980070bc9800c0032000fa
:1056b00060b49800a2ce2d00131020000000eb0073
:1056c000ca02200008054500c90e20008884440055
:1056d0006102b9000402420085824a00848fd20030
:1056e0008582d20004f0a1008406d000ba00d00068
:1056f000018246004220a800aa824a004200a90076
:105700004220ae004200a8000482d3009101800034
:105710000203780006f0a4008383d20007d0fe00c5
:105720001603780001d0fe00a101800085037800f7
:10573000a7018800060a7800a10188000000e8009f
:1057400062014100e0814900990f1000e0ff3c0038
:10575000d0cc240020849800007e20005034980093
:105760006034980010042700403498000000eb00db
:10577000e104200088804000800878006011b800b3
:10578000223c9800333c9800721c270053042000f0
:10579000623c9800733c98009206200003002000b1
:1057a000423c9800533c980001082000888040004b
:1057b0008008780021c7230061249800a1042000fc
:1057c00088804000800878008000200040249800f5
:1057d000c003200008004000c1fc0700a7043700f8
:1057e000000c200030b49800e2a32c00131020001d
:1057f0000000eb0068054400690e20008884440026
:105800006102b9000402420085824a00848fd200fe
:105810008582d20004f0a1000403d000ba05d000b4
:105820000b0243004220a800aa824a004200a900bd
:105830004220ae004200a8000482d3009101800003
:105840000203780006f0a4008383d20007d0fe0094
:105850001603780001d0fe00a101800085037800c6
:10586000a7018800060a7800a10188000000e8006e
:1058700062014100e0814900990f1000e0ff3c0007
:105880003000200030bc98000010200008004000cc
:105890000008eb00401f2000201c98001000200092
:1058a000401c9800301c98002100200051bc98003a
:1058b00060bc9800800020001004990071bc980022
:1058c00040b4980046172e001710200044182e00f0
:1058d0001510200040152e00111020000006be00fb
:1058e000fcb79f008dbf9f0040162e0011102000b6
:1058f0000001be00d2b79f00e3b79f0040132e0007
:10590000111020000005be0040142e0011102000d0
:105910000006be00bcb79f00cdb79f0040112e000f
:10592000111020000001be0092b79f00a3b79f0096
:1059300040122e00111020000006be00fcaf9f0098
:105940008db79f000000eb0074014400810e200021
:1059500088804000e8af9f000a04be006105b900de
:105960000a0545008b854d008a8fd2008b85d200b9
:105970000af0a1008a06d000b201d00003854600db
:105980004220a800a2854d004200a9004220ae009e
:105990004200a8000a85d300930180007fae9700e3
:1059a0008fb697000cf0a4008d86d2000dd0fe00bb
:1059b0001c06780003d0fe00a30180008b0678004f
:1059c000ad0188000c0d7800a301880091017800da
:1059d00003054000cfd5de000a0545008b854d004c
:1059e0008a8fd2008b85d2000af0a1000a06d0006f
:1059f000b206d0000d0546004220a800a2854d0049
:105a00004200a9004220ae004200a8000a85d3004f
:105a10009e0180001fb69700afb697000cf0a4005f
:105a20008d86d2000dd0fe001c0678000ed0fe0040
:105a3000ad0180000b077800ae0188000c0d7800e6
:105a4000ad0188009181410003054000cfd5de0003
:105a50000a0545008b854d008a8fd2008b85d200c8
:105a60000af0a1000a06d000b206d0000d054600db
:105a70004220a800a2854d004200a9004220ae00ad
:105a80004200a8000a85d3009e0180003fb697001f
:105a9000cfb697000cf0a4008d86d2000dd0fe008a
:105aa0001c0678000ed0fe00ad0180000b077800c8
:105ab000ae0188000c0d7800ad0188009181410095
:105ac00003054000cfd5de000a0545008b854d005b
:105ad0008a8fd2008b85d2000af0a1000a06d0007e
:105ae000b206d0000d0546004220a800a2854d0058
:105af0004200a9004220ae004200a8000a85d3005f
:105b00009e018000080678000cf0a4008986d2006f
:105b10000dd0fe001c0678000ed0fe00ad01800006
:105b20000b077800ae0188000c0d7800ad018800ed
:105b30009181410003054000cfd5de000a054500f4
:105b40008b854d008a8fd2008b85d2000af0a10090
:105b50000a06d000b206d0000d0546004220a8007b
:105b6000a2854d004200a9004220ae004200a800dc
:105b70000a85d3009e0180005fb69700efb69700bc
:105b80000cf0a4008d86d2000dd0fe001c0678001b
:105b90000ed0fe00ad0180000b077800ae0188003a
:105ba0000c0d7800ad018800918141000305400093
:105bb000cfd5de000a0545008b854d008a8fd200c7
:105bc0008b85d2000af0a1000a06d000b206d000f0
:105bd0000d0546004220a800a2854d004200a90004
:105be0004220ae004200a8000a85d3009e0180003a
:105bf0007fb697008fbe97000cf0a4008d86d20070
:105c00000dd0fe001c0678000ed0fe00ad01800015
:105c10000b077800ae0188000c0d7800ad018800fc
:105c20009181410003054000cfd5de000a05450003
:105c30008b854d008a8fd2008b85d2000af0a1009f
:105c40000a06d000b206d0000d0546004220a8008a
:105c5000a2854d004200a9004220ae004200a800eb
:105c60000a85d3009e018000040678000cf0a40091
:105c70008586d2000dd0fe001c0678000ed0fe00f6
:105c8000ad0180000b077800ae0188000c0d780094
:105c9000ad0188001185410000054500cfd5de002b
:105ca0000a0545008b854d008a8fd2008b85d20076
:105cb0000af0a1008a01d0003206d0000c85410014
:105cc0004220a800a2854d004200a9004220ae005b
:105cd0004200a8000a85d3009301800006067800e0
:105ce0000cf0a4008786d2000dd0fe001c067800c0
:105cf00003d0fe00a30180008b067800ad01880070
:105d00000c0d7800a30188000000e8007fad97002b
:105d10008fb5970062054500e0854d00faaf9f0002
:105d20008bb79f001fb69700afb69700620646007c
:105d3000e0864e009cb79f00adb79f003fb597002f
:105d4000cfb5970062054500e0854d00bab79f00ca
:105d5000cbb79f0062044400e0844c005fb697001c
:105d6000efb6970062064600e0864e00dcb79f0063
:105d7000edb79f007fb597008fbd97006205450086
:105d8000e0854d00fab79f008bbf9f006202420082
:105d9000e0824a0062034300e0834b00910f100051
:105da000eefe3c006fac970040002000100c990004
:105db000c003200060b49800a2ce2d001310200074
:105dc0000000eb00ca02200008054500c90e2000b3
:105dd000888444006102b9000402420085824a00be
:105de000848fd2008582d20004f0a1008405d00007
:105df0003a06d0000c8245004220a800aa824a0040
:105e00004200a9004220ae004200a8000482d30054
:105e1000910180000203780006f0a4008383d20081
:105e200007d0fe001603780001d0fe00a10180001b
:105e300085037800a7018800060a7800a101880080
:105e40000000e80062014100e0814900990f100064
:105e5000e0ff3c00090337003007200030b4980011
:105e6000623c2d00131020000000eb006805440088
:105e7000690e2000888444006102b90004024200d7
:105e800085824a00848fd2008582d20004f0a1006e
:105e90008406d000ba00d000018246004220a8004b
:105ea000aa824a004200a9004220ae004200a80097
:105eb0000482d300910180000203780006f0a40060
:105ec0008383d20007d0fe001603780001d0fe00c5
:105ed000a101800085037800a7018800060a7800e8
:105ee000a10188000000e80062014100e081490052
:105ef000990f1000e0ff3c001000200030bc98001b
:105f000001102000888040008008eb00411f200025
:105f1000211c9800401c980051002000311c980062
:105f20002100200051bc980060bc980070bc980013
:105f30005004200060b4980002a62d001310200029
:105f40000000eb00ca02200008054500c90e200031
:105f5000888444006102b9000402420085824a003c
:105f6000848fd2008582d20004f0a1000403d00007
:105f7000ba05d0000b0243004220a800aa824a00c2
:105f80004200a9004220ae004200a8000482d300d3
:105f9000910180000203780006f0a4008383d20000
:105fa00007d0fe001603780001d0fe00a10180009a
:105fb00085037800a7018800060a7800a1018800ff
:105fc0000000e80062014100e0814900990f1000e3
:105fd000e0ff3c00606622002084980020a8210099
:105fe0005034980060349800f02b2700403498001b
:105ff0000000eb00e1042000888040008008780069
:106000006066b8002c3c98003d3c9800427b27001d
:10601000e3002000623c9800733c9800b21320001b
:1060200003002000423c9800533c980001082000e7
:106030008880400080087800b1aa2100612498007f
:10604000a1042000888040008008780080002000a3
:1060500040249800c003200008004000a0fa070078
:10606000860237003007200030b49800623c2d00d3
:10607000131020000000eb0068054400690e2000aa
:10608000888444006102b9000402420085824a000b
:10609000848fd2008582d20004f0a1008406d00053
:1060a000ba00d000018246004220a800aa824a001d
:1060b0004200a9004220ae004200a8000482d300a2
:1060c000910180000203780006f0a4008383d200cf
:1060d00007d0fe001603780001d0fe00a101800069
:1060e00085037800a7018800060a7800a1018800ce
:1060f0000000e80062014100e0814900990f1000b2
:10610000e0ff3c00f002200040b498007001200045
:1061100040ac980042e42d00131020000000eb007a
:1061200074054400890e2000888444006102b9008f
:106130000402420085824a00848fd2008582d20008
:1061400004f0a1000403d000ba05d0000b02430004
:106150004220a800aa824a004200a9004220ae00c4
:106160004200a8000482d30091018000020378005d
:1061700006f0a4008383d20007d0fe001603780047
:1061800001d0fe00a101800085037800a7018800ee
:10619000060a7800a10188000000e80062014100c1
:1061a000e0814900990f1000e0ff3c001000200042
:1061b00030bc980001102000888040008008eb006f
:1061c000411f2000211c980001082700411c980055
:1061d00021032000311c980050bc980021002000b1
:1061e00061bc980070bc9800f001200060b4980079
:1061f00022ea2d00131020000000eb00ca0220004c
:1062000008054500c90e2000888444006102b900d9
:106210000402420085824a00848fd2008582d20027
:1062200004f0a1000406d000ba06d0000d0246001a
:106230004220a800aa824a004200a9004220ae00e3
:106240004200a8000482d30091018000020378007c
:1062500006f0a4008383d20007d0fe001603780066
:1062600001d0fe00a101800085037800a70188000d
:10627000060a7800a10188000000e80062014100e0
:10628000e0814900990f1000e0ff3c00006a200007
:106290005034980060349800f02b27004034980068
:1062a0000000eb00e10420008880400080087800b6
:1062b0006011b800223c9800333c9800427b2700d4
:1062c000e3002000623c9800733c9800d209200053
:1062d00003002000423c9800533c98006166220075
:1062e00021849800b1aa210061249800a104200013
:1062f00088804000800878008000200040249800ba
:10630000c003200008004000f5f9070060112000dc
:10631000080040001030a100d8013700e28b2c00ab
:10632000131020000000eb0068054400090c200059
:106330006102b9000402420085824a00848fd200c3
:106340008582d20004f0a1000403d000ba05d00079
:106350000b0243004220a800aa824a004200a90082
:106360004220ae004200a8000482d30091018000c8
:106370000203780006f0a4008383d20007d0fe0059
:106380001603780001d0fe00a1018000850378008b
:10639000a7018800060a7800a10188000000e80033
:1063a00062014100e0814900890f5000e0ff3a009e
:1063b000000c200030b498001000200030bc980081
:1063c00001102000888040008008eb00411f200061
:1063d000211c9800401c980051002000311c98009e
:1063e00050bc98004100200061bc980070bc98002f
:1063f000e2812d00131020000000eb00ca022000f3
:1064000008054500990420006102b9000402420019
:1064100085824a00848fd2008582d20004f0a100d8
:106420000406d000ba06d0000d0246004220a800a3
:10643000aa824a004200a9004220ae004200a80001
:106440000482d300910180000203780006f0a400ca
:106450008383d20007d0fe001603780001d0fe002f
:10646000a101800085037800a7018800060a780052
:10647000a10188000000e80062014100e0814900bc
:10648000890f5000e0ff3a009004200060b49800ab
:10649000c0f520002084980020a8210050349800e6
:1064a00060349800f02b2700403498000000eb0087
:1064b000e104200088804000800878006011b80066
:1064c000223c9800333c9800125a210023012000fe
:1064d000623c9800733c9800e20720000300200013
:1064e000423c9800533c98000108200088804000fe
:1064f00080087800b1aa210061249800a10420003e
:1065000088804000800878008000200040249800a7
:10651000c00320000800400071f907005701370050
:10652000000c200030b49800e28b2c0013102000e7
:106530000000eb0068054400690e200088844400d8
:106540006102b9000402420085824a00848fd200b1
:106550008582d20004f0a1000403d000ba05d00067
:106560000b0243004220a800aa824a004200a90070
:106570004220ae004200a8000482d30091018000b6
:106580000203780006f0a4008383d20007d0fe0047
:106590001603780001d0fe00a10180008503780079
:1065a000a7018800060a7800a10188000000e80021
:1065b00062014100e0814900990f1000e0ff3c00ba
:1065c000f002200040b498007001200040ac980018
:1065d00042e42d00131020000000eb00740544007d
:1065e000890e2000888444006102b9000402420040
:1065f00085824a00848fd2008582d20004f0a100f7
:106600000406d000ba06d0000d0246004220a800c1
:10661000aa824a004200a9004220ae004200a8001f
:106620000482d300910180000203780006f0a400e8
:106630008383d20007d0fe001603780001d0fe004d
:10664000a101800085037800a7018800060a780070
:10665000a10188000000e80062014100e0814900da
:10666000990f1000e0ff3c001000200030bc9800a3
:1066700001102000888040008008eb00912320005a
:10668000211c980001082700411c9800910320005c
:10669000311c98002100200061bc980070bc98005b
:1066a000e2812d00131020000000eb00ca02200040
:1066b00008054500990420006102b9000402420067
:1066c00085824a00848fd2008582d20004f0a10026
:1066d0008400d0003a03d000068240004220a80087
:1066e000aa824a004200a9004220ae004200a8004f
:1066f0000482d300910180000203780006f0a40018
:106700008383d20007d0fe001603780001d0fe007c
:10671000a101800085037800a7018800060a78009f
:10672000a10188000000e80062014100e081490009
:10673000890f5000e0ff3a009004200060b49800f8
:10674000007e200050349800603498001004270028
:10675000403498000000eb00e104200088804000f5
:10676000800878006055b8002a3c98003b3c9800af
:10677000428e2b0023022000623c9800733c98005c
:106780009206200003002000423c9800533c9800f1
:10679000d1cc200021849800515523006124980019
:1067a000a10420008880400080087800800020003c
:1067b00040249800c003200008004000c8f80700eb
:1067c00060112000080040001030a100ab0037002d
:1067d000a003200030b4980022d62d001310200012
:1067e0000000eb0068054400690e20008884440026
:1067f0006102b9000402420085824a00848fd200ff
:106800008582d20004f0a1008405d0003a06d000b1
:106810000c8245004220a800aa824a004200a9003a
:106820004220ae004200a8000482d3009101800003
:106830000203780006f0a4008383d20007d0fe0094
:106840001603780001d0fe00a101800085037800c6
:10685000a7018800060a7800a10188000000e8006e
:1068600062014100e0814900990f1000e0ff3c0007
:10687000f002200040b498007001200040ac980065
:1068800042e42d00131020000000eb0074054400ca
:10689000890e2000888444006102b900040242008d
:1068a00085824a00848fd2008582d20004f0a10044
:1068b0008406d000ba00d000018246004220a80021
:1068c000aa824a004200a9004220ae004200a8006d
:1068d0000482d300910180000203780006f0a40036
:1068e0008383d20007d0fe001603780001d0fe009b
:1068f000a101800085037800a7018800060a7800be
:10690000a10188000000e80062014100e081490027
:10691000990f1000e0ff3c001000200030bc9800f0
:1069200001102000888040008008eb0011da21006f
:10693000211c980001872000411c9800c104200000
:10694000311c980060bc980070bc980010042000b6
:1069500060b4980002b72d00131020000000eb0077
:10696000ca02200008054500c90e200088844400a2
:106970006102b9000402420085824a00848fd2007d
:106980008582d20004f0a1000403d000ba05d00033
:106990000b0243004220a800aa824a004200a9003c
:1069a0004220ae004200a8000482d3009101800082
:1069b0000203780006f0a4008383d20007d0fe0013
:1069c0001603780001d0fe00a10180008503780045
:1069d000a7018800060a7800a10188000000e800ed
:1069e00062014100e0814900990f1000e0ff3c0086
:1069f000006a20005034980060349800f02b270083
:106a0000403498000000eb00e10420008880400042
:106a1000800878006066b8002c3c98003d3c9800e7
:106a20006296230033002000623c9800733c98007b
:106a3000f216200003002000423c9800533c9800ce
:106a4000d1cc22002184980051d5210061249800e6
:106a5000a104200088804000800878008000200089
:106a600040249800c0032000080040001cf80700e4
:106a700060112000080040001030a100480eb00056
:106a8000000ceb004f0778004f06be004f05be001c
:106a90004f04be008f01b1000000060000f0a70007
:106aa0000000ea00910f100012003d00110190005b
:106ab000800f51000f003c00a10190006113b9004c
:106ac0004f9ade000683410087034a006102b90045
:106ad000840f5300858f5b00020034009000980003
:106ae000020037000182e800028a41006a8140000a
:106af0000009eb00800878006a81400012007800ed
:106b0000c10190000009e800830f50000b00350020
:106b10000100780031019000500111000208780056
:106b20004240a90005003c000000eb000181e800a4
:106b3000000978006a814000000978001100900087
:106b4000000006002f03b000889fbe008a9fbe0091
:106b50008c9fbe008e1f780000047800b1b79f00a4
:106b6000f2af9f000000eb00e600410080087800d3
:106b7000f200410080087800fe00410080087800a3
:106b800060112000080040001000a100bfb0970075
:106b9000310090000000e0001d0134000001eb0016
:106ba000c2b79f0023fc2f008381470083bf9f0053
:106bb0000380e8006101b80092b79f00a3b79f006f
:106bc000e10d2000888040001100e8008008780076
:106bd000f1052000810f500003003400e00d20007b
:106be000080040000008eb0078a890000000d000ea
:106bf0009800900001004000cfb197008300d000c2
:106c0000bfb397009780400011087800210e200044
:106c1000888040001100e80080087800e8b8900003
:106c2000810f5000e6003500200e200008004000d3
:106c30000008eb00010e2000888040001100e800f1
:106c400080087800e8b09000810f50000300350004
:106c5000000e2000080040000008eb00410e20005c
:106c6000888040001100e80080087800f8b89000a3
:106c70000001eb0082b79f00810f50000500350036
:106c8000400e2000080040000008eb001300200028
:106c900083b79f0018089100800040004240a9007f
:106ca000300034000005eb008a0478002d1020002d
:106cb000888646008b0e200088854500ec0d20005c
:106cc000080646008fb897006108b800d0b79f004b
:106cd000e1b79f002e112000080747006152b9005c
:106ce0000402420085824a00848fd2008582d2004d
:106cf00004f0a1001d0378009b0178002808900093
:106d0000b80890000001d0008403d00007024100c1
:106d10004220a800858248004200a9004220ae001f
:106d20004200a8000482d300020620009c007800e4
:106d30001800900056b60200010000008900d00043
:106d40005fb1970082804000800878001b054500f5
:106d50008904e8001e00780080004000898f500000
:106d6000deff3c000000e0002f0034008000eb005c
:106d70008fb99700611eb8002afd2f000f0545004e
:106d80008005eb0088037800610ab900422cdd0021
:106d9000ce24de00890474004224dd000c0344008c
:106da000160378001fb1970002044400180478000d
:106db00088c4b90086b3b9000603440045b3de00b9
:106dc0000402420085824a000402450085824d008b
:106dd000060a78006134b9000804440089844c0034
:106de0000280260013102000080441008984490015
:106df0009501800008f0a4008984d20009d0fe002b
:106e00001804780005d0fe00080a78008100e80028
:106e1000808f5000dcff3a00070478000200be00bb
:106e2000d0af9f00e1af9f009fac970088b090006b
:106e30008100d0002800900000804000afa897009b
:106e4000018854008fb097000100e000220032005a
:106e50007fa99700e60641001d0778000e00d000cc
:106e600012004000f0b79f00ca0e20000805450040
:106e70001a0178000b0e2000888545009b007800e1
:106e8000640644001c007800d6ff2f0082017800c1
:106e900068129000f812900056b60200010000003f
:106ea000ffb19700800978008e0ee8001a0578007f
:106eb000cfae97001b0045000000d0001c00400032
:106ec000bfa897000d88500038b89000e10f50001f
:106ed00013003c0042003700c30e200088814100af
:106ee000130278004fa89700020e2000080141000d
:106ef000920242008502d000e400440091824200e8
:106f00003fab9700800a5300130242001201420077
:106f10000201d00091004100808854002800370011
:106f2000ffab97006c804300f28543001b0678009e
:106f30000c07d0001007470068b1900088b390009c
:106f40008a00d0002800900000804000d6ff2f006b
:106f50008201780068129000f81290008700780093
:106f600056b6020001000000000f78008c0de8000a
:106f70001b003700ffa8970078804000fe84400087
:106f8000990578000b06d0001006460068b1900005
:106f900088b090000a05d00028009000000045004d
:106fa000d6ff2f008201780068129000f81290003e
:106fb00056b6020001000000000e78008b0ce800bd
:106fc0004fb197000201e800c2b79f00bfb1970020
:106fd00033009000820f5000f9fe3c000c00370097
:106fe00068b090000005450088b090008100450021
:106ff0008100d00028009000008040000d885400df
:1070000038b89000e20f5000edff3400d9ff370090
:107010004f0778004f06be004f05be004f04be006c
:107020002f03b10000000600af02b000889fbe0031
:107030008a9fbe008c9fbe008e1f780000047800df
:107040000106780082af9f000000eb00e6004100df
:1070500080087800ec004100d1a79f00f2004100b9
:107060008008780060112000080040001000a10096
:107070003c0090000000e000a80134000005eb0097
:10708000e90d200088844400220f20000201440002
:1070900092b79f004e0f2000080747002d0e2000da
:1070a00088864600c30f20008301440083b79f00f9
:1070b0001900e800800c7800f1052000810f5000d5
:1070c00001003400800ceb00990078001fb397009a
:1070d00016805000000f780002003b0007062000d9
:1070e000070f40008100d000180090008080400011
:1070f0000a00d0001c004000900878001d00e80045
:10710000800e78008fb09700910f50007f013a00f9
:10711000800eeb00010e2000888040001100e80086
:1071200080087800110a2000810f5000030034000d
:10713000000e2000080040000008eb002210200094
:107140000201440082bf9f00830e2000830144009f
:10715000f3b79f0099007800880578005b007800fd
:10716000120378008303780097017800680a900082
:10717000f80a90000206200056b602000100000046
:10718000d0b79f00990078001b0078000fb99700d6
:1071900012037800ffb3970097017800081290005f
:1071a000981290000206200056b60200010000006e
:1071b000a0b79f00990078001b0078000fb99700d6
:1071c00012037800ffb3970097017800281290000f
:1071d000b81290000206200056b60200010000001e
:1071e000e0b79f00990078001b0078000fb9970066
:1071f00012037800ffb397009701780048129000bf
:10720000d81290000206200056b6020001000000cd
:107210008005780078b0900041062000810f500072
:107220000d003200efb097008089b900b14721000e
:107230000192b900c3a9de004f91de000281510026
:10724000e2b79f0080d8b9000181b900c398de0081
:107250004f80de0080855000afb197008399b90060
:107260005fb3970086b0b900000041004580de00a2
:107270008bdab900efb3970087b9b9000202420078
:1072800045a2de0008b190000201d000a8009000e5
:1072900001014100cf80de000000400081804800f5
:1072a00003802600b3b79f0016102000c6b79f00ca
:1072b0003fb39700cfb397000000430081804b009d
:1072c000cfa2de000402420085824a0083037800d8
:1072d000b7af9f00cfb19700c3af9f003fb39700f8
:1072e000cfb397000402430085824b0093018000d6
:1072f00000f0a4008180d20001d0fe0010007800d0
:1073000003d0fe009101800004f0a4008582d20029
:1073100005d0fe001402780001d0fe0004095000e0
:10732000410e2000888040001100e80080087800ad
:10733000f8b89000810f500018003a008fab97000a
:10734000e6834300f7b79f001700780080bf9f00d7
:10735000800078000100d0000fa9970012004000c3
:10736000d0af9f0088b0900028009000d6ff2f007b
:10737000e8b1900068129000f8129000220a2000f4
:1073800056b6020001000000dfa9970080097800ce
:107390008fbb97007fb39700070be80038b89000c9
:1073a000e10f5000d2003400380891000018a3000b
:1073b000420032004010200000004400a0af9f00b7
:1073c000a10e20008100440091af9f009e00780034
:1073d0000801780052007800d2af9f00afa9970053
:1073e000130378009fab9700970178006802900024
:1073f000f80290000206200056b6020001000000cc
:10740000dfb097000100400080bf9f009e00780021
:107410005fa9970012007800afa9970013037800c6
:107420009fab970097017800080a9000980a900097
:107430000206200056b6020001000000afb097001f
:1074400001004000f0b79f009e0078005fa9970000
:1074500012007800afa99700130378009fab970044
:1074600097017800280a9000b80a900002062000d0
:1074700056b6020001000000efb097000100400086
:10748000a0b79f009e0078005fa9970012007800c7
:10749000afa99700130378009fab9700970178007e
:1074a000480a9000d80a90000206200056b6020052
:1074b000010000000b0040003600370040102000a3
:1074c00000004400e0b79f00a10e200081004400ae
:1074d000d1b79f0099007800880578005b0078009c
:1074e0006fb1970012037800dfb39700970178001f
:1074f00068029000f80290000206200056b60200d2
:107500000100000080bf9f00990078001b007800f8
:107510006fb1970012037800dfb3970097017800ee
:10752000080a9000980a90000206200056b6020051
:1075300001000000f0b79f00990078001b00780060
:107540006fb1970012037800dfb3970097017800be
:10755000280a9000b80a90000206200056b60200e1
:1075600001000000a0b79f00990078001b00780080
:107570006fb1970012037800dfb39700970178008e
:10758000480a9000d80a90000206200056b6020071
:107590000100000008b99000afb09700828ab900de
:1075a000b147210001a3b900c3b9de004fa2de003c
:1075b000048251008281b9000190b900c388de00c5
:1075c0004f91de0002815000ffb19700839bb9000c
:1075d0008fbb970087b8b900000043004580de00ec
:1075e0008291b90084a2b9000402410045a2de00e4
:1075f00008b190000201d000b800900001014100e4
:10760000cf80de000000400081804800038026001b
:10761000e3af9f0016102000f6af9f006fab9700fe
:10762000ffab97000000430081804b00cfa2de003b
:107630000402420085824a0083037800e7a79f0086
:10764000ffa99700f3a79f006fab9700ffab9700d0
:107650000402430085824b009301800000f0a400e7
:107660008180d20001d0fe001000780003d0fe001f
:107670009101800004f0a4008582d20005d0fe00b4
:107680001402780001d0fe0004095000a8b0900058
:1076900078b89000808f50001c003a00dfa397005c
:1076a000e68543001b00780080bf9f0080007800c3
:1076b0000100d00017004000f0b79f0088b0900094
:1076c00038009000d6ff2f00e8b1900068129000bb
:1076d000f8129000220a200056b6020001000000b5
:1076e0007fb19700000978008fb99700830de800fb
:1076f000f8b8900028b09000808f500003003a0046
:10770000400e2000080040000008eb000a05e800d9
:107710003c0090008a0f500065fe3c004f07780047
:107720004f06be004f05be004f04be00af02b100c1
:1077300000000600f0874700889fbe008a9fbe00b9
:107740008c9fbe008e1f78008005780001047800b1
:10775000601120000b0040001000a10038009000d4
:107760008006eb000000e000830034000d0078008c
:107770008d047800ca0d20000b0545006e11200015
:107780000b074700ac0f20000b064600011020003d
:1077900081804500d1b79f00620e20000281450024
:1077a000a2b79f009a00e800010d7800f20b2000bc
:1077b000828f500001003400000deb006149b900d8
:1077c00002014100838149009a00d0009b80400063
:1077d000180241009408780018014100f17f200050
:1077e000928f100001003a001e00a0000000e80087
:1077f0009c0f10005c003a006168b9000001400075
:1078000081814800f2b79f0083bf9f00980141002b
:10781000e3b79f009a0078005fb0970010037800ec
:107820002fb19700920178004b029000db0290008c
:10783000020c20001b00780056b602000100000078
:10784000efb1970080097800010320008b80400091
:107850007fb1970018004100100078008ffc0700ee
:10786000e0b79f00ffb1970098814100f3b79f00f8
:10787000800078004708de008000eb000000400038
:1078800081804800a21d2c00b2b79f001310200079
:10789000c3b79f003fb19700cfb1970000004100f0
:1078a000818049009201800000f0a4008180d20014
:1078b00001d0fe001000780002d0fe0080007800a9
:1078c000ffb197001300780096b502000100000098
:1078d000ffb0970080087800005327006fb1970031
:1078e000800f51000f003400dfb197001300e80053
:1078f00080097800210320008b804000110178006e
:10790000cf11de00028141008288d100f00f5000cb
:107910001300340000012000dfb0970080087800d9
:107920000f003700f07022006fb19700800f5100f8
:107930000b003c00dfb197001300e90080097800dc
:10794000210320008b804000110178008208410053
:10795000f00f400002003d0000ff2f00800978007a
:107960008d06e8000000eb008904e800b8009000f4
:10797000898f50008bff3c003d0498004f07780032
:107980004f06be004f05be004f04be000f01b10000
:1079900000000600ef0db000889fbe008a9fbe0069
:1079a0008c9fbe008e1f78000005780001047800cf
:1079b0000003200030049800980378000000eb00da
:1079c00061f12f008f804000610ab800060320009b
:1079d0006101b90002014100838149008400410036
:1079e00002814300920878000000e800860f5000f2
:1079f000f7ff3a00c4af9f00d5af9f006011200091
:107a00000a0040001000a1003ab090000008a30056
:107a1000050032000080d100e0af9f008001e80047
:107a2000f3af9f00030037000080d100f0af9f004c
:107a3000e0af9f00380090008006eb000000e000ff
:107a4000c6003400edb79f00c90d20008a844400b1
:107a50006111200081004500b1af9f000b10200094
:107a60008a854500020320000201450082b79f007d
:107a70002c0320000a0646001900e800800c78005c
:107a8000f10b2000810f500001003400800ceb004e
:107a9000cfa9970003804600100078009900d0001d
:107aa0009a80400080087800f17f2000810f50000c
:107ab00002003a003fa897001000a0006168b900da
:107ac0000001400081814800f2b79f0083bf9f0002
:107ad00018074100990078001b037800ffa9970060
:107ae0004a029000da029000020c20001a0078008e
:107af0000eb6020001000000000f7800ffb19700f1
:107b0000188041008fb0970010007800e3fb070059
:107b1000000778007fb0970018004000f0b79f0082
:107b20004770de008000eb000000400081804800cc
:107b3000a21d2c00b2b79f0013102000c3b79f00f6
:107b40003fb19700cfb1970000004100818049000c
:107b50009201800000f0a4008180d20001d0fe00dc
:107b60001000780002d0fe0080007800ffb197007e
:107b70001300780096b5020001000000ffb09700e6
:107b80008008780000532700800f57000b00340056
:107b90001b00e800800d78009c0078004f09de0093
:107ba00081004100018ed100f00f50000e00340022
:107bb00000012000800d78000b003700f0702200db
:107bc000800f570008003c001b00e900800d780082
:107bd0009c007800018e4000f00f400002003d0044
:107be00000ff2f00800d7800ddb79f000d017800a9
:107bf0000200e800cf80de000001400081814800e3
:107c0000f2b79f0083bf9f00980641004a02900090
:107c1000da0290009900e8001b037800efa99700b2
:107c200004f0a1002400b0000402d0004240af00e4
:107c30008502e8000500b0004220ae004200a80026
:107c40000482d300020c20001a0078000eb6020055
:107c500001000000800e7800ffb0970018804000ff
:107c60008fb09700100078008cfb0700800678002a
:107c70007fb19700180741004768de008000eb00e5
:107c80000000400081804800a31d2c0093b79f0096
:107c900012102000a2b79f001fb19700afb197004c
:107ca00000004100818049009201800000f0a400a2
:107cb0008180d20001d0fe001000780002d0fe00ca
:107cc000800078001e00780096b5020001000000d8
:107cd000000f780000532700808f56000b003400ff
:107ce0001b00e800800d78009c0078004f09de0042
:107cf00081004100018ed100f00f50000e003400d1
:107d000000012000800d78000b003700f070220089
:107d1000808f560008003c001b00e900800d7800b1
:107d20009c007800018e4000f00f400002003d00f2
:107d300000ff2f00800d7800dfb197008386e800f8
:107d40006fb097000000e800e0b79f003800900097
:107d5000efb09700810f500047ff3c003d049800b2
:107d60004f0778004f06be004f05be004f04be000f
:107d7000ef0db10000000600f2874700889fbe00ab
:107d80008a9fbe008c9fbe008e1f78000004be003c
:107d900092b79f00660041000008eb003900900098
:107da0000000e0008e0034000005eb00c00320005e
:107db00000004400c0b79f000d04200088864600e4
:107dc0006e04200008074700e106200081004400ff
:107dd000b1b79f008206200002014400a2b79f00b5
:107de0004fb09700e0d20200010000006150b900de
:107df0000002400081824800f4b79f0085bf9f00c9
:107e00009d007800190042001000780096b502002d
:107e100001000000800578009e007800ffb2970006
:107e2000198042001000780096b5020001000000a1
:107e3000800078000b00780096b502000100000079
:107e40003fb39700000b78002fb09700a6b5020053
:107e500001000000410720008880400011027800e6
:107e6000910290004f83de000401400085014b0029
:107e70008288be00683a9000f83a9000840f510062
:107e8000858f590005003c0060021200e0821a0054
:107e9000840f5100858f590003003d006011b80028
:107ea000223c9800333c980058399000a838900044
:107eb0008191b900383a9000c839900083a2b90086
:107ec00004014100011ab80085024100c4a9de0086
:107ed000d3b79f004fabde00e6b79f0003067800e4
:107ee000a880900096b5020001000000e104200087
:107ef000888040008c084000210e200088804000cf
:107f00001100e80080087800e8b89000810f500068
:107f10002f003500200e2000080040000008eb0074
:107f2000010e2000888040001100e80080087800e1
:107f3000110a2000810f500003003400000e2000c1
:107f4000080040000008eb0008b090000000d000de
:107f5000a8009000010040000b087800410e2000ae
:107f6000888040001100e80080087800f8b8900090
:107f7000810f500016003500400e20000800400020
:107f80000008eb001fb09700e60540001b067800d4
:107f90000c00d0009fb0970011004000f0b79f0088
:107fa00088b09000280090000003eb00e8b190003a
:107fb00068129000f8129000220a200056b60200c3
:107fc000010000007fb19700000978008c0de800e7
:107fd0000a05e800390090008a0f500080ff3c003d
:107fe0004f0778004f06be004f05be004f04be008d
:107ff0002f01b100000006004780de00c788de00c8
:108000000000e00026003500f003b2000100e000af
:10801000110035004600dd00f103b2000100400010
:10802000cf80de00000040008180480002852c00e7
:10803000031020000001410081814900940180006b
:1080400002f0a4008381d20003d0fe001201780068
:1080500004d0fe003a0037000101ea00f203b2004a
:108060004611dd0000014100cf91de000201410018
:108070008381490004852c00051020000201420084
:1080800083814a009101800002f0a4008381d20024
:1080900003d0fe001201780001d0fe002800370056
:1080a0000000ea00f003b2000100e0001200350019
:1080b000f103b2004609dd0000014100cf91de006e
:1080c000020141008381490000852c00011020003d
:1080d00002004000838048009301800000f0a4006b
:1080e0008180d20001d0fe001000780003d0fe0095
:1080f00000017800120037008100ea004600dd0030
:10810000f103b20001014000cf91de000201410005
:108110008381490000852c000110200002004000ee
:10812000838048009301800000f0a4008180d20089
:1081300001d0fe001000780003d0fe00000178009e
:108140000200780000000600f0874700889fbe000c
:108150008a9fbe008c9fbe008e1f780000047800ae
:108160000105780060112000080040001000a10007
:108170003a0090000000e000bd0034008005eb00f4
:10818000cc0d2000080646006011200000004400cd
:10819000a0b79f00690d20008884440001102000d2
:1081a00081004400c1b79f00620e2000020144001c
:1081b000b2b79f001c00e800000e7800f10b200011
:1081c000810f500001003400000eeb006158b9002f
:1081d0000002400081824800f4b79f0085bf9f00e5
:1081e0001c00d000180040009a00420011087800de
:1081f000ffb297009a804200f07f2000910f10009c
:1082000002003a002fb097001000a0000b08a30056
:108210000d003200ffb097009a864000f8a8900049
:10822000180090000003eb00c8b19000280a9000ed
:10823000b80a9000020620009eb60200010000006d
:10824000800e7800860037001900e800800c780066
:1082500071022000810f500001003400800ceb00ff
:10826000990678009c0078004fb1970012037800bf
:108270003fb297009401780048029000d802900025
:10828000020c20001800780056b602000100000021
:108290006169b9003204b0000380b00002014100fe
:1082a0008381490082064400800e7800010320008b
:1082b0008880400019017800cf91de003204b000c0
:1082c0000380b000020141008381490002004400a4
:1082d00010007800f1f90700800678001901780095
:1082e0004768de008000eb0000004000818048000d
:1082f000a51d2c00d5b79f0013102000e3b79f00e9
:108300005fb29700efb297000000420081804a0000
:10831000cf91de003204b0000380b00002014100c2
:1083200083814900020744009201800000f0a4000c
:108330008180d20001d0fe001000780002d0fe0043
:10834000800078001e00780096b502000100000051
:10835000000f780000532700808f56000e00340075
:10836000cfb297001500e800800a780021032000b2
:108370008880400011017800cf11de0002814100a9
:108380008288d100f00f500012003400000120005c
:10839000800a78000f003700f0702200808f5600ae
:1083a0000c003c00cfb097001100e9008008780075
:1083b00021032000888040001101780082084100dc
:1083c000f00f400003003d0000ff2f004fb1970069
:1083d0000009780048a890001900100001003b0037
:1083e0008002b000ffb197009a8041006101b9009e
:1083f0003204b0000380b0000201410083814900d3
:108400000200440090087800e10d200088804000c0
:108410001100e80080087800f1052000810f50006d
:1084200003003400e00d2000080040000008eb00cd
:1084300078a890000000d000980090000100400053
:1084400019017800cf91de003204b0000380b00043
:108450000201410083814900820044001108780034
:108460008b05e8003a0090008b0f500051ff3c0054
:108470004f0778004f06be004f05be004f04be00f8
:108480000f01b10000000600fa874700889fbe0078
:108490008a9fbe008c9fbe008e1f78000004be0025
:1084a000e2af9f00660041000008eb003900900039
:1084b0000000e000ca0034000005eb00c00320000b
:1084c0000000440090b79f006b04200088854500a1
:1084d0000104200081004400a1b79f00e2062000b3
:1084e0000201440082b79f008306200083014400fc
:1084f000f3af9f001fb09700e0d202000100000020
:108500006152b900f4b79f0085bf9f00040042008c
:1085100085804a00d0b79f00e1b79f009b0078009c
:108520005fb19700190041001000780096b5020075
:1085300001000000000678007fb297008fba970014
:1085400061004200e0804a00000140008181480053
:10855000f2b79f0083bf9f00afb197009300ea007e
:10856000190041001000780096b5020001000000db
:10857000000656007fb29700990042001b00780069
:108580009100780096b50200010000008006780096
:10859000afb297009500ea005fb39700190043005f
:1085a0001000780096b50200010000008d06400022
:1085b0000c00be0090fe07008fb097008008780086
:1085c0007fa89700a6b50200010000004107200027
:1085d0008880400011027800910290004f83de00f5
:1085e0000401400085014b008288be00683a90007b
:1085f000f83a9000840f5100858f59000300340031
:10860000243c9800353c98000700370060021200b7
:10861000e0821a00840f5100858f590002003d004e
:10862000243c9800353c980058399000a8389000b8
:108630008191b900383a9000c839900083a2b900fe
:1086400004014100011ab80085024100c4a8de00ff
:10865000b1b79f004fa9de00c2b79f0001077800a5
:10866000a880900096b5020001000000e1042000ff
:10867000888040008e084000010e20008880400065
:108680001100e80080087800e8b89000810f5000e1
:108690004f003500000e2000080040000008eb00ed
:1086a000210e2000888040001100e800800878003a
:1086b000110a2000810f500003003400200e20001a
:1086c000080040000008eb00200e200008004000d9
:1086d0001001d000a8009000810041008c087800b3
:1086e0009000d00038009000008040000d08780015
:1086f000410e2000888040001100e80080087800ca
:10870000f8b89000810f500031003500400e200075
:10871000080040000008eb00efa99700e686410042
:108720001d0778000e00d00013004000d0af9f005e
:10873000c40e200004024400d4b79f00c5022000ec
:1087400085024400f5b79f002c0e20000806460065
:108750009c007800280090000003eb009401780052
:10876000050178001202780092029000220a20008f
:1087700056b6020001000000dfa9970080097800ca
:108780000e07e8008e0e78000e00d0006faa97004a
:1087900014004000d0af9f009c007800380090008b
:1087a0000003eb00dfb29700950178007fb19700de
:1087b0001202780092029000220a200056b60200af
:1087c00001000000dfa99700800978008e0ee80004
:1087d0000a85e800390090008a0f500045ff3c00f0
:1087e0004f0778004f06be004f05be004f04be0085
:1087f000af01b100000006000f02b000889fbe006c
:108800008a9fbe008c9fbe008e1f78000004be00b1
:10881000e2af9f0068b090000008a300050032009e
:108820000080d100a0af9f000000e800b0af9f0023
:10883000040037000080d100b0af9f0080007800b6
:10884000a1af9f006fa99700660041000008eb00f0
:10885000390090000000e000050134000005eb0045
:10886000c30320008301440093b79f006b042000e2
:10887000888545000404200004024400a4b79f003a
:10888000e50620008502440085b79f00860620008b
:1088900006034400f6af9f001fb09700e0d202002d
:1088a000010000006150b900f0b79f0081bf9f0038
:1088b0000001400081814800d2b79f00e3b79f00cc
:1088c0009b007800190041001000780096b5020066
:1088d00001000000000678007fb297008fba970071
:1088e00061004200e0804a000001400081814800b0
:1088f000f2b79f0083bf9f00afb197009300ea00db
:10890000190041001000780096b502000100000037
:10891000000656007fb29700990042001b007800c5
:108920009100780096b502000100000080067800f2
:10893000afb297009500ea005fb3970019004300bb
:108940001000780096b50200010000008d0640007e
:108950000c00be00a8fd07008fb0970080087800cb
:108960007fa89700a6b50200010000004107200083
:108970008880400011027800910290004f83de0051
:108980000401400085014b008288be00683a9000d7
:10899000f83a9000840f5100858f5900030034008d
:1089a000243c9800353c9800070037006002120014
:1089b000e0821a00840f5100858f590002003d00ab
:1089c000243c9800353c980058399000a838900015
:1089d0008191b900383a9000c839900083a2b9005b
:1089e00004014100011ab80085024100c4a8de005c
:1089f000b1b79f004fa9de00c2b79f000107780002
:108a0000a880900096b5020001000000e10420005b
:108a1000888040008e084000010e200088804000c1
:108a20001100e80080087800e8b89000810f50003d
:108a30008b003500000e2000080040000008eb000d
:108a4000210e2000888040001100e8008008780096
:108a5000110a2000810f500003003400200e200076
:108a6000080040000008eb00200e20000800400035
:108a70001001d000a8009000810041008c0878000f
:108a80009000d00038009000008040000d08780071
:108a9000410e2000888040001100e8008008780026
:108aa000f8b89000810f50006d003500400e200096
:108ab000080040000008eb00efa99700668741001e
:108ac0001e027800d4b79f000400d00013004000bd
:108ad000d0af9f00cd022000888646002c0e2000db
:108ae000080646009c007800e4024400f5b79f00a9
:108af000150078000003eb00bfa997001d02780065
:108b00009d029000220a20000eb602000100000023
:108b10005fab9700000b78005fb097000000e800a3
:108b2000d0b79f00000f7800dfb097000100d000a1
:108b30006fa9970012004000c0af9f009c00780012
:108b4000e6014400d3af9f00130078000003eb0060
:108b5000bfa997001d0278009d029000220a200004
:108b60000eb60200010000004faa9700000a78002c
:108b7000dfb297008502e800d5b79f00050f7800a7
:108b80000500d0006fab970016004000c0af9f00fb
:108b90001d0278009d0290009c00e8007fb19700c4
:108ba000120078000003eb00afa9970004f0a100c9
:108bb0002400b0000402d0004240af008502e8006b
:108bc0000500b0004220ae004200a8000482d3009d
:108bd000220a20000eb6020001000000cfa9970073
:108be000800978005fb297000402e800d4b79f00c4
:108bf000040f78000400d000efaa97001500400091
:108c0000f0b79f001d0278009d0290009c00e800d4
:108c10005fab9700160078000003eb00afa9970048
:108c200004f0a1002400b0000402d0004240af00d4
:108c30008502e8000500b0004220ae004200a80016
:108c40000482d300220a20000eb6020001000000b8
:108c5000ffb19700800978005fb29700040fe80029
:108c60000a85e800390090008a0f50000aff3c0096
:108c70004f0778004f06be004f05be004f04be00f0
:108c80000f02b10000000600ec874700889fbe007d
:108c90008a9fbe008c9fbe008e1f78000004be001d
:108ca00060112000080040001000a1002808910079
:108cb000e10f500017003a0040112000080040006a
:108cc0000008eb00780091000000e00001003d008a
:108cd000670040004380de00c11020008880400013
:108ce000110010008008780003003b00c010200035
:108cf000080040000008eb0008089100e80091001f
:108d0000808f500003003500c11020008880400093
:108d10008008e900b8b09000680091008088b90030
:108d200080007800390090000000e0004900340025
:108d30008005eb00ca0d20000805450060112000e9
:108d400000004400c0b79f00021020000201440050
:108d500082bf9f00630e200083014400f3b79f0091
:108d60006108b9000000400081804800808fd20077
:108d70008181d2000001780002f0a100d2b79f00eb
:108d8000e3b79f001a00e800000d7800f10b200007
:108d9000810f500001003400000deb00615eb9004e
:108da0000c0646008d864e001a00d00018004000c8
:108db000990046001108780099004600f07f2000d5
:108dc000910f100002003a00cfb197001300a000ed
:108dd0001907460048029000d80290008fbb970008
:108de000170378007fb09700900178005fb097007c
:108df000efb097000401d0008003d00007024100cb
:108e00004220a80081824a004200a9004220ae0010
:108e10004200a8000482d300020c20009a007800cf
:108e20001800780056b6020001000000000f78001c
:108e30000103200088804000190646001c007800cd
:108e400016f707008b05e800390090008b0f5000e3
:108e5000ccff3c004f0778004f06be004f05be0018
:108e60004f04be00cf00b10000000600ec874700b1
:108e7000889fbe008a9fbe008c9fbe008e1f780018
:108e800000047800810578003b0090008000eb0032
:108e9000c1b79f000000e0007900340001057800b0
:108ea000ce032000080747000d04200088864600f6
:108eb000e406200004024400e4b79f008506200079
:108ec00085024400d5b79f004907200088844400ec
:108ed0000e007800e0d20200010000009d00780042
:108ee0000a00d0001b0040001000780096b5020078
:108ef00001000000efb09700800878005fb0970095
:108f0000a6b5020001000000190278009902900045
:108f1000cf80de000401400085814800828cbe00c5
:108f2000683a9000f83a9000840f5100858f5900fc
:108f300002003400848cbe0006003700600212007c
:108f4000e0821a00840f5100858f590001003d0016
:108f5000848cbe0058399000990078008191b90046
:108f6000383a9000c839900083a2b900040141004a
:108f7000011ab80085024100c4a8de00f1b79f00c5
:108f8000cfa8de0081bf9f007fb69700a880900029
:108f900096b5020001000000e10420008880400036
:108fa0008c084000220e2000080141009200e800d9
:108fb0000109780068b99000828f50002c003500bc
:108fc000210e2000888040008008eb00020e200067
:108fd000080141009200e80001097800120a20000f
:108fe000828f500003003400010e20008880400072
:108ff0008008eb0088b090008100d000280190002c
:109000008280400080087800410e20008880400067
:109010001100e80080087800f8b89000810f500037
:1090200013003500400e2000080040000008eb004f
:109030004fb297000406d0001b06460088b090008f
:1090400028009000c6ff2f00e8b190006812900041
:10905000f8129000220a200056b60200010000001b
:10906000000e7800cfb297008502e800c5b79f00d8
:109070000a05e8003b0090008a0f500094ff3c0076
:109080004fb09700b00598004f0778004f06be001c
:109090004f05be004f04be00cf00b1000000060027
:020000040000fa
:020000040001f9
:1090a00000000000000000000000000000000000c0
:1090b00000000000000000000000000000000000b0
:1090c0000000000000000000a0050000a005000056
:1090d000a0050000a0050000a0050000a0050000fc
:1090e000a0050000a0050000a0050000a0050000ec
:1090f000a0050000a0050000a0050000a0050000dc
:10910000a0050000a0050000a0050000a0050000cb
:10911000a0050000a0050000a0050000a0050000bb
:10912000a0050000a0050000a0050000a0050000ab
:10913000a0050000a0050000a0050000a00500009b
:10914000a0050000a0050000a0050000a00500008b
:10915000a0050000a0050000a0050000a00500007b
:10916000a00500000000000000000000000000005a
:1091700000000000000000000000000000000000ef
:1091800000000000000000000000000000000000df
:1091900000000000000000000000000000000000cf
:1091a00000000000000000000000000000000000bf
:1091b00000000000000000000000000000000000af
:1091c0000000000000000000e9040000fa040000b4
:1091d00008050000130500001d050000260500001d
:1091e0002e050000340500003a050000400500008f
:1091f00044050000490500004d0500005005000031
:1092000054050000570500005a0500005c050000e9
:109210005f050000610500006305000065050000b2
:1092200067050000680500006a0500006c05000085
:109230006d0500006e05000070050000710500005e
:10924000720500007305000074050000750500003c
:10925000760500007705000078050000790500001c
:109260007a0500000000000000000000000000007f
:1092700000000000000000000000000000000000ee
:1092800000000000000000000000000000000000de
:1092900000000000000000000000000000000000ce
:1092a00000000000000000000000000000000000be
:1092b00000000000000000000000000000000000ae
:1092c000000000000000000036040000560400000a
:1092d00071040000880400009c040000ad0400003c
:1092e000bc040000c9040000d5040000e004000034
:1092f000e9040000f2040000fa0400000105000087
:10930000080500000e050000130500001805000008
:109310001d05000022050000260500002a050000aa
:109320002e0500003105000034050000370500005f
:109330003a0500003d050000400500004205000020
:109340004405000047050000490500004b050000ea
:109350004d0500004f0500005005000052050000bb
:1093600054050000000000000000000000000000a4
:1093700000000000000000000000000000000000ed
:1093800000000000000000000000000000000000dd
:1093900000000000000000000000000000000000cd
:1093a00000000000000000000000000000000000bd
:1093b00000000000000000000000000000000000ad
:1093c00000000000000000008a030000b803000055
:1093d000df030000000400001d040000360400004c
:1093e0004c040000600400007104000081040000cf
:1093f0008f0400009c040000a8040000b2040000d8
:10940000bc040000c5040000cd040000d504000029
:10941000dc040000e3040000e9040000ef040000a5
:10942000f5040000fa040000ff040000030500003a
:10943000080500000c0500001005000013050000e1
:10944000170500001a0500001d050000200500009a
:109450002305000026050000290500002b0500005b
:109460002e050000000000000000000000000000c9
:1094700000000000000000000000000000000000ec
:1094800000000000000000000000000000000000dc
:1094900000000000000000000000000000000000cc
:1094a00000000000000000000000000000000000bc
:1094b00000000000000000000000000000000000ac
:1094c00000000000a1020000e602000021030000ed
:1094d000520300007d030000a2030000c20300004d
:1094e000df030000f80300000f0400002404000064
:1094f0003604000047040000560400006404000025
:10950000710400007d040000880400009204000043
:109510009c040000a5040000ad040000b504000098
:10952000bc040000c3040000c9040000cf04000014
:10953000d5040000db040000e0040000e5040000a6
:10954000e9040000ee040000f2040000f60400004c
:10955000fa040000fd0400000105000004050000fd
:1095600008050000000000000000000000000000ee
:1095700000000000000000000000000000000000eb
:1095800000000000000000000000000000000000db
:1095900000000000000000000000000000000000cb
:1095a00000000000000000000000000000000000bb
:1095b00000000000000000000000000000000000ab
:1095c00000000000fe0100004e02000092020000b8
:1095d000cc020000ff0200002b0300005203000039
:1095e0007503000094030000af030000c8030000ef
:1095f000df030000f303000006040000180400006d
:109600002704000036040000440400005004000059
:109610005c04000067040000710400007b0400008b
:10962000840400008c040000940400009c040000ea
:10963000a3040000aa040000b0040000b604000067
:10964000bc040000c2040000c7040000cc040000f9
:10965000d1040000d5040000d9040000de0400009d
:10966000e204000000000000000000000000000014
:1096700000000000000000000000000000000000ea
:1096800000000000000000000000000000000000da
:1096900000000000000000000000000000000000ca
:1096a00000000000000000000000000000000000ba
:1096b00000000000000000000000000000000000aa
:1096c000040100006a010000c10100000c0200005a
:1096d0004e02000087020000ba020000e60200000d
:1096e0000e03000032030000520300006f0300006d
:1096f0008a030000a2030000b8030000cc030000ae
:10970000df030000f0030000000400000f0400006d
:109710001d0400002a04000036040000410400007b
:109720004c040000560400006004000069040000be
:109730007104000079040000810400008804000026
:109740008f040000960400009c040000a2040000a6
:10975000a8040000ad040000b2040000b70400003b
:10976000bc04000000000000000000000000000039
:1097700000000000000000000000000000000000e9
:1097800000000000000000000000000000000000d9
:1097900000000000000000000000000000000000c9
:1097a00000000000000000000000000000000000b9
:1097b00000000000000000000000000000000000a9
:1097c0007a000000e4000000400100009101000068
:1097d000d8010000160200004e0200007f020000c7
:1097e000ac020000d4020000f802000019030000df
:1097f00037030000520300006b03000082030000e7
:1098000098030000ab030000be030000cf0300007c
:10981000df030000ee030000fc0300000904000069
:1098200015040000210400002c0400003604000090
:109830004004000049040000520400005a040000e3
:10984000620400006a040000710400007804000053
:109850007f040000850400008b04000091040000d8
:10986000960400000000000000000000000000005e
:1098700000000000000000000000000000000000e8
:1098800000000000000000000000000000000000d8
:1098900000000000000000000000000000000000c8
:1098a00000000000000000000000000000000000b8
:1098b0000000000000000000fcfe000086ff000029
:1098c000000000006c000000cb0000001f01000041
:1098d0006a010000ad010000e80100001e02000066
:1098e0004e0200007a020000a1020000c502000042
:1098f000e602000005030000210300003a03000017
:1099000052030000680300007d0300009003000084
:10991000a2030000b2030000c2030000d103000054
:10992000df030000ec030000f80300000404000063
:109930000f0400001a040000240400002d0400009d
:10994000360400003f040000470400004f040000fc
:10995000560400005d040000640400006b04000075
:1099600000000000000000000000000000000000f7
:1099700000000000000000000000000000000000e7
:1099800000000000000000000000000000000000d7
:1099900000000000000000000000000000000000c7
:1099a00000000000000000000000000000000000b7
:1099b0005ffd000002fe000096fe00001cff00009c
:1099c00094ff00000000000060000000b7000000ed
:1099d000040100004a01000088010000c1010000ec
:1099e000f5010000230200004e0200007502000095
:1099f00099020000ba020000d8020000f402000040
:109a00000e030000260300003d0300005203000087
:109a100066030000780300008a0300009a03000038
:109a2000a9030000b8030000c6030000d303000030
:109a3000df030000eb030000f60300000004000059
:109a40000a040000140400001d04000026040000a5
:109a50002e040000360400003e040000450400000f
:109a600000000000000000000000000000000000f6
:109a700000000000000000000000000000000000e6
:109a800000000000000000000000000000000000d6
:109a900000000000000000000000000000000000c6
:109aa00060fa000017fb0000cafb000076fc000013
:109ab0001afd0000b2fd00003ffe0000c0fe0000e5
:109ac00035ff0000a0ff000000000000570000006c
:109ad000a6000000ee0000002f0100006a01000057
:109ae000a0010000d1010000fe01000028020000da
:109af0004e0200007102000092020000b00200005d
:109b0000cc020000e6020000ff0200001603000085
:109b10002b0300003f030000520300006403000019
:109b2000750300008503000094030000a2030000f9
:109b3000af030000bc030000c8030000d403000012
:109b4000df030000e9030000f3030000fd03000051
:109b5000060400000f0400001804000020040000a8
:109b600000000000000000000000000000000000f5
:109b700000000000000000000000000000000000e5
:109b800000000000000000000000000000000000d5
:109b900000000000000000000000000000000000c5
:109ba00060fa000006fb0000aafb000048fc000071
:109bb000dffc00006efd0000f4fd00006ffe000001
:109bc000e1fe000049ff0000a9ff000000000000c6
:109bd0005000000098000000db00000018010000a9
:109be0005001000083010000b2010000de0100000e
:109bf000060200002b0200004e0200006e02000070
:109c00008c020000a8020000c2020000db0200007b
:109c1000f2020000070300001c0300002f030000f5
:109c200041030000520300006203000072030000c1
:109c3000800300008e0300009b030000a8030000c7
:109c4000b4030000bf030000ca030000d5030000f6
:109c5000df030000e8030000f2030000fa03000045
:109c600000000000000000000000000000000000f4
:109c700000000000000000000000000000000000e4
:109c800000000000000000000000000000000000d4
:109c900000000000000000000000000000000000c4
:109ca00060fa0000f8fa00008ffb000021fc0000c1
:109cb000aefc000034fd0000b2fd000028fe0000f4
:109cc00096fe0000fcfe00005aff0000b0ff0000fe
:109cd00000000000490000008d000000cb000000e3
:109ce00004010000390100006a0100009701000032
:109cf000c1010000e80100000c0200002e0200007b
:109d00004e0200006b02000087020000a10200006a
:109d1000ba020000d1020000e6020000fb020000cf
:109d20000e03000021030000320300004203000084
:109d300052030000610300006f0300007d03000078
:109d40008a03000096030000a2030000ad03000098
:109d5000b8030000c2030000cc030000d6030000db
:109d600000000000000000000000000000000000f3
:109d700000000000000000000000000000000000e3
:109d800000000000000000000000000000000000d3
:109d900000000000000000000000000000000000c3
:109da00060fa0000edfa000078fb000000fc000003
:109db00083fc000001fd000079fd0000eafd0000c9
:109dc00053fe0000b6fe000012ff000068ff000016
:109dd000b7ff000000000000440000008300000006
:109de000bd000000f3000000250100005401000048
:109df0007f010000a8010000cd010000f10100007a
:109e000012020000310200004e0200006902000050
:109e1000830200009b020000b2020000c8020000a2
:109e2000dc020000f0020000020300001403000046
:109e30002503000035030000440300005203000026
:109e4000600300006d0300007a0300008603000039
:109e5000910300009c030000a70300000000000025
:109e600000000000000000000000000000000000f2
:109e700000000000000000000000000000000000e2
:109e800000000000000000000000000000000000d2
:109e900000000000000000000000000000000000c2
:109ea00060fa0000e3fa000064fb0000e3fb00003e
:109eb0005efc0000d5fc000046fd0000b2fd000085
:109ec00018fe000078fe0000d1fe000025ff000013
:109ed00073ff0000bcff0000000000003f00000016
:109ee0007a000000b1000000e4000000140100004e
:109ef000400100006a01000091010000b50100006e
:109f0000d8010000f8010000160200003302000032
:109f10004e020000670200007f020000960200006f
:109f2000ac020000c0020000d4020000e602000003
:109f3000f8020000090300001903000028030000d4
:109f40003703000045030000520300005f030000d8
:109f50006b03000077030000820300000000000094
:109f600000000000000000000000000000000000f1
:109f700000000000000000000000000000000000e1
:109f800000000000000000000000000000000000d1
:109f900000000000000000000000000000000000c1
:109fa00060fa0000dafa000053fb0000cafb000070
:109fb0003efc0000aefc00001afd000081fd000028
:109fc000e2fd00003ffe000096fe0000e8fe0000fb
:109fd00035ff00007dff0000c1ff00000000000011
:109fe0003b00000072000000a6000000d700000047
:109ff000040100002f010000570100007c01000057
:10a00000a0010000c1010000e1010000fe0100000c
:10a010001a020000350200004e0200006602000035
:10a020007c02000092020000a6020000ba020000ba
:10a03000cc020000de020000ef020000ff02000080
:10a040000e0300001d0300002b0300003903000075
:10a0500046030000520300005e0300000000000001
:10a0600000000000000000000000000000000000f0
:10a0700000000000000000000000000000000000e0
:10a0800000000000000000000000000000000000d0
:10a0900000000000000000000000000000000000c0
:10a0a00060fa0000d2fa000044fb0000b4fb00009c
:10a0b00021fc00008bfc0000f2fc000054fd0000bd
:10a0c000b2fd00000bfe000060fe0000b0fe0000cc
:10a0d000fcfe000043ff000086ff0000c5ff0000fb
:10a0e00000000000380000006c0000009d0000002f
:10a0f000cb000000f60000001f0100004601000038
:10a100006a0100008c010000ad010000cb010000dd
:10a11000e8010000040200001e02000036020000f8
:10a120004e020000640200007a0200008e0200006d
:10a13000a1020000b4020000c5020000d602000027
:10a14000e6020000f6020000050300001303000011
:10a15000210300002e0300000000000000000000aa
:10a1600000000000000000000000000000000000ef
:10a1700000000000000000000000000000000000df
:10a1800000000000000000000000000000000000cf
:10a1900000000000000000000000000000000000bf
:10a1a00060fa0000ccfa000037fb0000a0fb0000c2
:10a1b00008fc00006cfc0000cefc00002cfd000040
:10a1c00086fd0000ddfd00002ffe00007dfe00008a
:10a1d000c7fe00000dff00004fff00008eff0000d3
:10a1e000c8ff00000000000034000000660000000e
:10a1f00094000000c0000000ea000000110100000f
:10a2000036010000590100007a0100009a010000a7
:10a21000b8010000d4010000ef01000008020000b6
:10a2200021020000380200004e020000630200001c
:10a23000770200008a0200009d020000ae020000ca
:10a24000bf020000cf020000df020000ee020000ab
:10a25000fc0200000a0300000000000000000000f3
:10a2600000000000000000000000000000000000ee
:10a2700000000000000000000000000000000000de
:10a2800000000000000000000000000000000000ce
:10a2900000000000000000000000000000000000be
:10a2a00060fa0000c6fa00002bfb00008ffb0000e4
:10a2b000f1fb000051fc0000aefc000008fd0000b6
:10a2c0005ffd0000b2fd000002fe00004efe000037
:10a2d00096fe0000dbfe00001cff00005aff00009d
:10a2e00094ff0000ccff00000000000032000000de
:10a2f000600000008d000000b7000000de000000dc
:10a3000004010000280100004a0100006a01000069
:10a3100088010000a6010000c1010000db0100006f
:10a32000f50100000c0200002302000039020000c9
:10a330004e02000062020000750200008702000069
:10a3400099020000aa020000ba020000c90200003f
:10a35000d8020000e602000000000000000000003b
:10a3600000000000000000000000000000000000ed
:10a3700000000000000000000000000000000000dd
:10a3800000000000000000000000000000000000cd
:10a3900000000000000000000000000000000000bd
:10a3a00060fa0000c0fa000020fb00007ffb000004
:10a3b000dcfb000038fc000091fc0000e7fc000022
:10a3c0003bfd00008bfd0000d8fd000022fe0000d8
:10a3d00069fe0000acfe0000ecfe000029ff00005a
:10a3e00063ff00009aff0000ceff000000000000a5
:10a3f0002f0000005c00000086000000ae0000009e
:10a40000d4000000f80000001b0100003c01000027
:10a410005b0100007901000095010000b00100001f
:10a42000ca010000e2010000fa0100001002000071
:10a43000260200003a0200004e0200006102000005
:10a44000730200008402000095020000a5020000d3
:10a45000b502000000000000000000000000000045
:10a4600000000000000000000000000000000000ec
:10a4700000000000000000000000000000000000dc
:10a4800000000000000000000000000000000000cc
:10a4900000000000000000000000000000000000bc
:10a4a00060fa0000bcfa000017fb000071fb00001e
:10a4b000cafb000021fc000076fc0000c9fc000083
:10a4c0001afd000067fd0000b2fd0000fafd00006b
:10a4d0003ffe000081fe0000c0fe0000fcfe000008
:10a4e00035ff00006cff0000a0ff0000d1ff00005e
:10a4f000000000002d000000570000008000000058
:10a50000a6000000cb000000ee0000000f010000dc
:10a510002f0100004d0100006a01000085010000cc
:10a52000a0010000b9010000d1010000e801000015
:10a53000fe01000013020000280200003b020000a0
:10a540004e02000060020000710200008202000062
:10a550009202000000000000000000000000000067
:10a5600000000000000000000000000000000000eb
:10a5700000000000000000000000000000000000db
:10a5800000000000000000000000000000000000cb
:10a5900000000000000000000000000000000000bb
:10a5a00060fa0000b7fa00000efb000064fb000038
:10a5b000b9fb00000dfc00005efc0000aefc0000da
:10a5c000fbfc000046fd00008ffd0000d5fd0000f3
:10a5d00018fe000058fe000096fe0000d1fe0000ac
:10a5e0000aff000040ff000073ff0000a4ff00000e
:10a5f000d3ff0000000000002b000000530000000b
:10a600007a0000009f000000c2000000e40000008b
:10a610000401000023010000400100005c01000073
:10a620007701000091010000aa010000c1010000b3
:10a63000d8010000ee010000020200001602000036
:10a640002a0200003c0200004e0200005f020000ef
:10a6500000000000000000000000000000000000fa
:10a6600000000000000000000000000000000000ea
:10a6700000000000000000000000000000000000da
:10a6800000000000000000000000000000000000ca
:10a6900000000000000000000000000000000000ba
:10a6a00060fa0000b3fa000006fb000058fb00004f
:10a6b000aafb0000fafb000048fc000095fc00002b
:10a6c000dffc000028fd00006efd0000b2fd000070
:10a6d000f4fd000033fe00006ffe0000a9fe000044
:10a6e000e1fe000016ff000049ff00007aff0000b5
:10a6f000a9ff0000d5ff00000000000029000000b5
:10a70000500000007500000098000000ba00000032
:10a71000db000000fa000000180100003401000016
:10a72000500100006a010000830100009b0100004d
:10a73000b2010000c8010000de010000f2010000cb
:10a7400006020000190200002b0200003d0200007a
:10a7500000000000000000000000000000000000f9
:10a7600000000000000000000000000000000000e9
:10a7700000000000000000000000000000000000d9
:10a7800000000000000000000000000000000000c9
:10a7900000000000000000000000000000000000b9
:10a7a00060fa0000b0fa0000fffa00004efb000063
:10a7b0009cfb0000e8fb000034fc00007efc000075
:10a7c000c6fc00000cfd000050fd000092fd0000e2
:10a7d000d2fd00000ffe00004bfe000084fe0000d2
:10a7e000bafe0000effe000022ff000052ff000052
:10a7f00080ff0000adff0000d7ff00000000000058
:10a80000270000004c0000007000000092000000d3
:10a81000b3000000d3000000f10000000e010000b2
:10a8200029010000440100005e01000076010000e3
:10a830008e010000a4010000ba010000cf01000059
:10a84000e3010000f7010000090200000000000021
:10a8500000000000000000000000000000000000f8
:10a8600000000000000000000000000000000000e8
:10a8700000000000000000000000000000000000d8
:10a8800000000000000000000000000000000000c8
:10a8900000000000000000000000000000000000b8
:10a8a00060fa0000acfa0000f8fa000044fb000077
:10a8b0008ffb0000d9fb000021fc000068fc0000b9
:10a8c000aefc0000f2fc000034fd000074fd00004e
:10a8d000b2fd0000eefd000028fe000060fe00005a
:10a8e00096fe0000cafe0000fcfe00002cff0000e7
:10a8f0005aff000086ff0000b0ff0000d9ff0000f3
:10a900000000000025000000490000006c0000006d
:10a910008d000000ac000000cb000000e80000004b
:10a92000040100001f010000390100005201000075
:10a930006a0100008101000097010000ad010000e4
:10a94000c1010000d5010000e80100000000000086
:10a9500000000000000000000000000000000000f7
:10a9600000000000000000000000000000000000e7
:10a9700000000000000000000000000000000000d7
:10a9800000000000000000000000000000000000c7
:10a9900000000000000000000000000000000000b7
:10a9a00060fa0000a9fa0000f2fa00003bfb000088
:10a9b00083fb0000cafb000010fc000055fc0000f7
:10a9c00098fc0000dafc00001afd000058fd0000b1
:10a9d00095fd0000cffd000008fe00003ffe0000d6
:10a9e00074fe0000a7fe0000d8fe000008ff000073
:10a9f00035ff000061ff00008bff0000b4ff000086
:10aa0000dbff000000000000240000004600000002
:10aa10006800000088000000a6000000c4000000dc
:10aa2000e0000000fb000000160100002f01000004
:10aa3000470100005f010000750100008b0100006c
:10aa4000a0010000b40100000000000000000000b0
:10aa500000000000000000000000000000000000f6
:10aa600000000000000000000000000000000000e6
:10aa700000000000000000000000000000000000d6
:10aa800000000000000000000000000000000000c6
:10aa900000000000000000000000000000000000b6
:10aaa00060fa0000a6fa0000edfa000033fb000097
:10aab00078fb0000bcfb000000fc000042fc000032
:10aac00083fc0000c3fc000001fd00003efd00000f
:10aad00079fd0000b2fd0000eafd00001ffe00004d
:10aae00053fe000086fe0000b6fe0000e5fe0000fa
:10aaf00012ff00003eff000068ff000090ff000012
:10ab0000b7ff0000dcff0000000000002300000091
:10ab1000440000006400000083000000a00000006a
:10ab2000bd000000d9000000f30000000d0100008e
:10ab3000250100003d010000540100006a010000f1
:10ab40007f010000940100000000000000000000f0
:10ab500000000000000000000000000000000000f5
:10ab600000000000000000000000000000000000e5
:10ab700000000000000000000000000000000000d5
:10ab800000000000000000000000000000000000c5
:10ab900000000000000000000000000000000000b5
:10aba00060fa0000a4fa0000e8fa00002bfb0000a5
:10abb0006efb0000b0fb0000f1fb000031fc000068
:10abc00070fc0000aefc0000eafc000025fd000067
:10abd0005ffd000097fd0000cdfd000002fe0000bb
:10abe00035fe000066fe000096fe0000c4fe000078
:10abf000f1fe00001cff000046ff00006eff000099
:10ac000094ff0000baff0000ddff0000000000001c
:10ac10002100000041000000600000007e000000f4
:10ac20009b000000b7000000d1000000eb00000016
:10ac3000040100001c010000330100004a01000073
:10ac40005f010000000000000000000000000000a4
:10ac500000000000000000000000000000000000f4
:10ac600000000000000000000000000000000000e4
:10ac700000000000000000000000000000000000d4
:10ac800000000000000000000000000000000000c4
:10ac900000000000000000000000000000000000b4
:10aca00060fa0000a1fa0000e3fa000024fb0000b3
:10acb00064fb0000a4fb0000e3fb000021fc00009b
:10acc0005efc00009afc0000d5fc00000efd0000b8
:10acd00046fd00007dfd0000b2fd0000e6fd000025
:10ace00018fe000048fe000078fe0000a5fe0000ef
:10acf000d1fe0000fcfe000025ff00004dff00001b
:10ad000073ff000098ff0000bcff0000dfff0000a1
:10ad100000000000200000003f0000005d00000077
:10ad20007a00000096000000b1000000cb00000097
:10ad3000e4000000fc000000140100002a010000f3
:10ad40000000000000000000000000000000000003
:10ad500000000000000000000000000000000000f3
:10ad600000000000000000000000000000000000e3
:10ad700000000000000000000000000000000000d3
:10ad800000000000000000000000000000000000c3
:10ad900000000000000000000000000000000000b3
:10ada00060fa00009ffa0000defa00001dfb0000c0
:10adb0005bfb000099fb0000d6fb000012fc0000ca
:10adc0004efc000088fc0000c1fc0000f9fc000003
:10add0002ffd000065fd000099fd0000cbfd000087
:10ade000fcfd00002cfe00005afe000087fe000063
:10adf000b3fe0000ddfe000006ff00002dff000096
:10ae000054ff000078ff00009cff0000bfff00001f
:10ae1000e0ff0000000000001f0000003d000000f7
:10ae20005a0000007600000091000000ab00000016
:10ae3000c5000000dd000000f50000000c0100006e
:10ae40000000000000000000000000000000000002
:10ae500000000000000000000000000000000000f2
:10ae600000000000000000000000000000000000e2
:10ae700000000000000000000000000000000000d2
:10ae800000000000000000000000000000000000c2
:10ae900000000000000000000000000000000000b2
:10aea00060fa00009dfa0000dafa000017fb0000cb
:10aeb00053fb00008ffb0000cafb000004fc0000f5
:10aec0003efc000076fc0000aefc0000e4fc00004c
:10aed0001afd00004efd000081fd0000b2fd0000e3
:10aee000e2fd000011fe00003ffe00006bfe0000ce
:10aef00096fe0000c0fe0000e8fe00000fff00000c
:10af000035ff00005aff00007dff0000a0ff000099
:10af1000c1ff0000e1ff0000000000001e00000073
:10af20003b00000057000000720000008d00000090
:10af3000a6000000bf000000d700000000000000d5
:10af40000000000000000000000000000000000001
:10af500000000000000000000000000000000000f1
:10af600000000000000000000000000000000000e1
:10af700000000000000000000000000000000000d1
:10af800000000000000000000000000000000000c1
:10af900000000000000000000000000000000000b1
:10afa00060fa00009bfa0000d6fa000011fb0000d6
:10afb0004bfb000085fb0000bffb0000f7fb00001f
:10afc0002ffc000066fc00009cfc0000d1fc00008f
:10afd00005fd000038fd00006afd00009afd00003c
:10afe000cafd0000f8fd000025fe000050fe000034
:10aff0007bfe0000a4fe0000ccfe0000f2fe00007c
:10b0000018ff00003cff000060ff000082ff00000e
:10b01000a3ff0000c3ff0000e2ff000000000000eb
:10b020001d00000039000000550000006f00000006
:10b0300089000000a10000000000000000000000e6
:10b040000000000000000000000000000000000000
:10b0500000000000000000000000000000000000f0
:10b0600000000000000000000000000000000000e0
:10b0700000000000000000000000000000000000d0
:10b0800000000000000000000000000000000000c0
:10b0900000000000000000000000000000000000b0
:10b0a00060fa000099fa0000d2fa00000bfb0000e1
:10b0b00044fb00007cfb0000b4fb0000ebfb000045
:10b0c00021fc000057fc00008bfc0000bffc0000ce
:10b0d000f2fc000024fd000054fd000084fd00008f
:10b0e000b2fd0000dffd00000bfe000036fe000098
:10b0f00060fe000089fe0000b0fe0000d7fe0000e8
:10b10000fcfe000020ff000043ff000065ff000080
:10b1100086ff0000a6ff0000c5ff0000e3ff00005f
:10b12000000000001c000000380000005200000079
:10b130006c000000000000000000000000000000a3
:10b1400000000000000000000000000000000000ff
:10b1500000000000000000000000000000000000ef
:10b1600000000000000000000000000000000000df
:10b1700000000000000000000000000000000000cf
:10b1800000000000000000000000000000000000bf
:10b1900000000000000000000000000000000000af
:10b1a00060fa000098fa0000cffa000006fb0000e9
:10b1b0003dfb000074fb0000aafb0000dffb000069
:10b1c00014fc000048fc00007bfc0000aefc00000a
:10b1d000dffc000010fd000040fd00006efd0000df
:10b1e0009cfd0000c8fd0000f4fd00001efe0000f4
:10b1f00047fe00006ffe000096fe0000bcfe00004f
:10b20000e1fe000005ff000027ff000049ff0000ed
:10b210006aff00008aff0000a9ff0000c7ff0000ce
:10b22000e4ff0000000000001b00000036000000ea
:10b23000000000000000000000000000000000000e
:10b2400000000000000000000000000000000000fe
:10b2500000000000000000000000000000000000ee
:10b2600000000000000000000000000000000000de
:10b2700000000000000000000000000000000000ce
:10b2800000000000000000000000000000000000be
:10b2900000000000000000000000000000000000ae
:10b2a00060fa000096fa0000ccfa000001fb0000f2
:10b2b00037fb00006cfb0000a0fb0000d4fb00008b
:10b2c00008fc00003afc00006cfc00009efc000042
:10b2d000cefc0000fefc00002cfd00005afd00002a
:10b2e00086fd0000b2fd0000ddfd000006fe00004e
:10b2f0002ffe000056fe00007dfe0000a2fe0000b2
:10b30000c7fe0000eafe00000dff00002fff000056
:10b310004fff00006fff00008eff0000abff00003a
:10b32000c8ff0000e5ff0000000000000000000072
:10b33000000000000000000000000000000000000d
:10b3400000000000000000000000000000000000fd
:10b3500000000000000000000000000000000000ed
:10b3600000000000000000000000000000000000dd
:10b3700000000000000000000000000000000000cd
:10b3800000000000000000000000000000000000bd
:10b3900000000000000000000000000000000000ad
:10b3a00060fa000094fa0000c9fa0000fdfa0000fb
:10b3b00031fb000064fb000097fb0000cafb0000ab
:10b3c000fcfb00002dfc00005efc00008efc000079
:10b3d000befc0000ecfc00001afd000046fd000071
:10b3e00072fd00009dfd0000c7fd0000f0fd0000a3
:10b3f00018fe00003ffe000065fe00008afe00000f
:10b40000aefe0000d1fe0000f3fe000015ff0000bc
:10b4100035ff000055ff000073ff000091ff0000a2
:10b42000aeff0000caff00000000000000000000a6
:10b43000000000000000000000000000000000000c
:10b4400000000000000000000000000000000000fc
:10b4500000000000000000000000000000000000ec
:10b4600000000000000000000000000000000000dc
:10b4700000000000000000000000000000000000cc
:10b4800000000000000000000000000000000000bc
:10b4900000000000000000000000000000000000ac
:10b4a00060fa000093fa0000c6fa0000f8fa000003
:10b4b0002bfb00005dfb00008ffb0000c0fb0000c9
:10b4c000f1fb000021fc000051fc000080fc0000aa
:10b4d000aefc0000dbfc000008fd000034fd0000b5
:10b4e0005ffd000089fd0000b2fd0000dafd0000f4
:10b4f00002fe000028fe00004efe000072fe00006a
:10b5000096fe0000b9fe0000dbfe0000fcfe00001d
:10b510001cff00003bff00005aff000077ff000007
:10b5200094ff000000000000000000000000000088
:10b53000000000000000000000000000000000000b
:10b5400000000000000000000000000000000000fb
:10b5500000000000000000000000000000000000eb
:10b5600000000000000000000000000000000000db
:10b5700000000000000000000000000000000000cb
:10b5800000000000000000000000000000000000bb
:10b5900000000000000000000000000000000000ab
:10b5a00060fa000092fa0000c3fa0000f4fa00000a
:10b5b00025fb000056fb000087fb0000b7fb0000e6
:10b5c000e6fb000015fc000044fc000072fc0000db
:10b5d0009ffc0000cbfc0000f7fc000022fd0000f7
:10b5e0004cfd000076fd00009efd0000c6fd000041
:10b5f000edfd000012fe000038fe00005cfe0000c1
:10b600007ffe0000a1fe0000c3fe0000e4fe00007b
:10b6100004ff000023ff000041ff00005fff000067
:10b62000000000000000000000000000000000001a
:10b63000000000000000000000000000000000000a
:10b6400000000000000000000000000000000000fa
:10b6500000000000000000000000000000000000ea
:10b6600000000000000000000000000000000000da
:10b6700000000000000000000000000000000000ca
:10b6800000000000000000000000000000000000ba
:10b6900000000000000000000000000000000000aa
:10b6a00060fa000090fa0000c0fa0000f0fa000012
:10b6b00020fb000050fb00007ffb0000aefb000001
:10b6c000dcfb00000afc000038fc000065fc000008
:10b6d00091fc0000bcfc0000e7fc000011fd000034
:10b6e0003bfd000063fd00008bfd0000b2fd00008b
:10b6f000d8fd0000fefd000022fe000046fe000016
:10b7000069fe00008bfe0000acfe0000cdfe0000d4
:10b71000ecfe00000bff000029ff0000000000000d
:10b720000000000000000000000000000000000019
:10b730000000000000000000000000000000000009
:10b7400000000000000000000000000000000000f9
:10b7500000000000000000000000000000000000e9
:10b7600000000000000000000000000000000000d9
:10b7700000000000000000000000000000000000c9
:10b7800000000000000000000000000000000000b9
:10b7900000000000000000000000000000000000a9
:10b7a00060fa00008ffa0000befa0000edfa000017
:10b7b0001bfb00004afb000078fb0000a6fb00001a
:10b7c000d3fb000000fc00002cfc000058fc000033
:10b7d00083fc0000aefc0000d8fc000001fd00006e
:10b7e0002afd000052fd000079fd00009ffd0000d1
:10b7f000c5fd0000eafd00000efe000031fe000065
:10b8000053fe000075fe000096fe0000b6fe00002c
:10b81000d6fe0000f4fe0000000000000000000062
:10b820000000000000000000000000000000000018
:10b830000000000000000000000000000000000008
:10b8400000000000000000000000000000000000f8
:10b8500000000000000000000000000000000000e8
:10b8600000000000000000000000000000000000d8
:10b8700000000000000000000000000000000000c8
:10b8800000000000000000000000000000000000b8
:10b8900000000000000000000000000000000000a8
:10b8a00060fa00008efa0000bcfa0000e9fa00001d
:10b8b00017fb000044fb000071fb00009efb000032
:10b8c000cafb0000f6fb000021fc00004cfc00005d
:10b8d00076fc0000a0fc0000c9fc0000f2fc0000a7
:10b8e0001afd000041fd000067fd00008dfd000015
:10b8f000b2fd0000d6fd0000fafd00001dfe0000b4
:10b900003ffe000060fe000081fe0000a1fe00007e
:10b910000000000000000000000000000000000027
:10b920000000000000000000000000000000000017
:10b930000000000000000000000000000000000007
:10b9400000000000000000000000000000000000f7
:10b9500000000000000000000000000000000000e7
:10b9600000000000000000000000000000000000d7
:10b9700000000000000000000000000000000000c7
:10b9800000000000000000000000000000000000b7
:10b9900000000000000000000000000000000000a7
:10b9a00060fa00008dfa0000b9fa0000e6fa000023
:10b9b00012fb00003efb00006afb000096fb00004b
:10b9c000c1fb0000ecfb000017fc000041fc000084
:10b9d0006afc000093fc0000bbfc0000e3fc0000dc
:10b9e0000afd000031fd000056fd00007cfd000056
:10b9f000a0fd0000c4fd0000e7fd000009fe0000fe
:10ba00002bfe00004cfe00006cfe00000000000059
:10ba10000000000000000000000000000000000026
:10ba20000000000000000000000000000000000016
:10ba30000000000000000000000000000000000006
:10ba400000000000000000000000000000000000f6
:10ba500000000000000000000000000000000000e6
:10ba600000000000000000000000000000000000d6
:10ba700000000000000000000000000000000000c6
:10ba800000000000000000000000000000000000b6
:10ba900000000000000000000000000000000000a6
:10baa00060fa00008cfa0000b7fa0000e3fa000028
:10bab0000efb000039fb000064fb00008ffb000060
:10bac000b9fb0000e3fb00000dfc000036fc0000a9
:10bad0005efc000086fc0000aefc0000d5fc00000f
:10bae000fbfc000021fd000046fd00006bfd000096
:10baf0008ffd0000b2fd0000d5fd0000f7fd000045
:10bb000018fe00000000000000000000000000001f
:10bb10000000000000000000000000000000000025
:10bb20000000000000000000000000000000000015
:10bb30000000000000000000000000000000000005
:10bb400000000000000000000000000000000000f5
:10bb500000000000000000000000000000000000e5
:10bb600000000000000000000000000000000000d5
:10bb700000000000000000000000000000000000c5
:10bb800000000000000000000000000000000000b5
:10bb900000000000000000000000000000000000a5
:10bba00060fa00008bfa0000b5fa0000e0fa00002d
:10bbb0000afb000034fb00005efb000088fb000075
:10bbc000b1fb0000dafb000003fc00002bfc0000ce
:10bbd00053fc00007afc0000a1fc0000c7fc000040
:10bbe000edfc000012fd000037fd00005bfd0000d1
:10bbf0007efd0000a1fd0000c3fd0000000000006c
:10bc00000000000000000000000000000000000034
:10bc10000000000000000000000000000000000024
:10bc20000000000000000000000000000000000014
:10bc30000000000000000000000000000000000004
:10bc400000000000000000000000000000000000f4
:10bc500000000000000000000000000000000000e4
:10bc600000000000000000000000000000000000d4
:10bc700000000000000000000000000000000000c4
:10bc800000000000000000000000000000000000b4
:10bc900000000000000000000000000000000000a4
:10bca00060fa00008afa0000b3fa0000ddfa000032
:10bcb00006fb00002ffb000058fb000081fb00008a
:10bcc000aafb0000d2fb0000fafb000021fc0000f0
:10bcd00048fc00006ffc000095fc0000bafc00006e
:10bce000dffc000004fd000028fd00004bfd00000b
:10bcf0006efd0000000000000000000000000000d9
:10bd00000000000000000000000000000000000033
:10bd10000000000000000000000000000000000023
:10bd20000000000000000000000000000000000013
:10bd30000000000000000000000000000000000003
:10bd400000000000000000000000000000000000f3
:10bd500000000000000000000000000000000000e3
:10bd600000000000000000000000000000000000d3
:10bd700000000000000000000000000000000000c3
:10bd800000000000000000000000000000000000b3
:10bd900000000000000000000000000000000000a3
:10bda00060fa000089fa0000b1fa0000dafa000037
:10bdb00003fb00002bfb000053fb00007bfb00009b
:10bdc000a3fb0000cafb0000f1fb000018fc000010
:10bdd0003efc000064fc000089fc0000aefc00009a
:10bde000d2fc0000f6fc00001afd0000000000007c
:10bdf0000000000000000000000000000000000043
:10be00000000000000000000000000000000000032
:10be10000000000000000000000000000000000022
:10be20000000000000000000000000000000000012
:10be30000000000000000000000000000000000002
:10be400000000000000000000000000000000000f2
:10be500000000000000000000000000000000000e2
:10be600000000000000000000000000000000000d2
:10be700000000000000000000000000000000000c2
:10be800000000000000000000000000000000000b2
:10be900000000000000000000000000000000000a2
:10bea00060fa000088fa0000b0fa0000d7fa00003b
:10beb000fffa000027fb00004efb000075fb0000ae
:10bec0009cfb0000c2fb0000e8fb00000efc000031
:10bed00034fc000059fc00007efc0000a2fc0000c5
:10bee0000000000000000000000000000000000052
:10bef0000000000000000000000000000000000042
:10bf00000000000000000000000000000000000031
:10bf10000000000000000000000000000000000021
:10bf20000000000000000000000000000000000011
:10bf30000000000000000000000000000000000001
:10bf400000000000000000000000000000000000f1
:10bf500000000000000000000000000000000000e1
:10bf600000000000000000000000000000000000d1
:10bf700000000000000000000000000000000000c1
:10bf800000000000000000000000000000000000b1
:10bf900000000000000000000000000000000000a1
:10bfa00060fa000087fa0000aefa0000d5fa00003f
:10bfb000fcfa000022fb000049fb00006ffb0000c0
:10bfc00095fb0000bbfb0000e0fb000006fc00004e
:10bfd0002afc00000000000000000000000000003b
:10bfe0000000000000000000000000000000000051
:10bff0000000000000000000000000000000000041
:10c000000000000000000000000000000000000030
:10c010000000000000000000000000000000000020
:10c020000000000000000000000000000000000010
:10c030000000000000000000000000000000000000
:10c0400000000000000000000000000000000000f0
:10c0500000000000000000000000000000000000e0
:10c0600000000000000000000000000000000000d0
:10c0700000000000000000000000000000000000c0
:10c0800000000000000000000000000000000000b0
:10c0900000000000000000000000000000000000a0
:10c0a00060fa000086fa0000acfa0000d2fa000044
:10c0b000f8fa00001efb000044fb00006afb0000d1
:10c0c0000000000000000000000000000000000070
:10c0d0000000000000000000000000000000000060
:10c0e0000000000000000000000000000000000050
:10c0f0000000000000000000000000000000000040
:10c10000000000000000000000000000000000002f
:10c11000000000000000000000000000000000001f
:10c12000000000000000000000000000000000000f
:10c1300000000000000000000000000000000000ff
:10c1400000000000000000000000000000000000ef
:10c1500000000000000000000000000000000000df
:10c1600000000000000000000000000000000000cf
:10c1700000000000000000000000000000000000bf
:10c1800000000000000000000000000000000000af
:10c19000000000000000000000000000000000009f
:10c1a000000000000000000000000000000000008f
:10c1b000000000000000000000000000000000007f
:10c1c000000000000000000000000000000000006f
:10c1d000000000000000000000000000000000005f
:10c1e000000000000000000000000000000000004f
:10c1f000000000000000000000000000000000003f
:10c20000000000000000000000000000000000002e
:10c21000000000000000000000000000000000001e
:10c22000000000000000000000000000000000000e
:10c2300000000000000000000000000000000000fe
:10c2400000000000000000000000000000000000ee
:10c2500000000000000000000000000000000000de
:10c2600000000000000000000000000000000000ce
:10c2700000000000000000000000000000000000be
:10c2800000000000000000000000000000000000ae
:10c29000000000000000000000000000000000009e
:10c2a000000000000000000000000000000000008e
:10c2b000000000000000000000000000000000007e
:10c2c000000000000000000000000000000000006e
:10c2d000000000000000000000000000000000005e
:10c2e000000000000000000000000000000000004e
:10c2f000000000000000000000000000000000003e
:10c30000000000000000000000000000000000002d
:10c31000000000000000000000000000000000001d
:10c32000000000000000000000000000000000000d
:10c3300000000000000000000000000000000000fd
:10c3400000000000000000000000000000000000ed
:10c3500000000000000000000000000000000000dd
:10c3600000000000000000000000000000000000cd
:10c3700000000000000000000000000000000000bd
:10c3800000000000000000000000000000000000ad
:10c39000000000000000000000000000000000009d
:10c3a000000000000000000000000000000000008d
:10c3b000000000000000000000000000000000007d
:10c3c000000000000000000000000000000000006d
:10c3d000000000000000000000000000000000005d
:10c3e000000000000000000000000000000000004d
:10c3f000000000000000000000000000000000003d
:10c40000000000000000000000000000000000002c
:10c41000000000000000000000000000000000001c
:10c42000000000000000000000000000000000000c
:10c4300000000000000000000000000000000000fc
:10c4400000000000000000000000000000000000ec
:10c4500000000000000000000000000000000000dc
:10c4600000000000000000000000000000000000cc
:10c4700000000000000000000000000000000000bc
:10c4800000000000000000000000000000000000ac
:10c49000000000000000000000000000000000009c
:10c4a000000000000000000000000000000000008c
:10c4b000000000000000000000000000000000007c
:10c4c000000000000000000000000000000000006c
:10c4d000000000000000000000000000000000005c
:10c4e000000000000000000000000000000000004c
:10c4f000000000000000000000000000000000003c
:10c50000000000000000000000000000000000002b
:10c51000000000000000000000000000000000001b
:10c52000000000000000000000000000000000000b
:10c5300000000000000000000000000000000000fb
:10c5400000000000000000000000000000000000eb
:10c5500000000000000000000000000000000000db
:10c5600000000000000000000000000000000000cb
:10c5700000000000000000000000000000000000bb
:10c5800000000000000000000000000000000000ab
:10c59000000000000000000000000000000000009b
:10c5a000000000000000000000000000000000008b
:10c5b000000000000000000000000000000000007b
:10c5c000000000000000000000000000000000006b
:10c5d000000000000000000000000000000000005b
:10c5e000000000000000000000000000000000004b
:10c5f000000000000000000000000000000000003b
:10c60000000000000000000000000000000000002a
:10c61000000000000000000000000000000000001a
:10c62000000000000000000000000000000000000a
:10c6300000000000000000000000000000000000fa
:10c6400000000000000000000000000000000000ea
:10c6500000000000000000000000000000000000da
:10c6600000000000000000000000000000000000ca
:10c6700000000000000000000000000000000000ba
:10c6800000000000000000000000000000000000aa
:10c69000000000000000000000000000000000009a
:10c6a000000000000000000000000000000000008a
:10c6b000000000000000000000000000000000007a
:10c6c000000000000000000000000000000000006a
:10c6d000000000000000000000000000000000005a
:10c6e000000000000000000000000000000000004a
:10c6f000000000000000000000000000000000003a
:10c700000000000000000000000000000000000029
:10c710000000000000000000000000000000000019
:10c720000000000000000000000000000000000009
:10c7300000000000000000000000000000000000f9
:10c7400000000000000000000000000000000000e9
:10c7500000000000000000000000000000000000d9
:10c7600000000000000000000000000000000000c9
:10c7700000000000000000000000000000000000b9
:10c7800000000000000000000000000000000000a9
:10c790000000000000000000000000000000000099
:10c7a0000000000000000000000000000000000089
:10c7b0000000000000000000000000000000000079
:10c7c0000000000000000000000000000000000069
:10c7d0000000000000000000000000000000000059
:10c7e0000000000000000000000000000000000049
:10c7f0000000000000000000000000000000000039
:10c800000000000000000000000000000000000028
:10c810000000000000000000000000000000000018
:10c820000000000000000000000000000000000008
:10c8300000000000000000000000000000000000f8
:10c8400000000000000000000000000000000000e8
:10c8500000000000000000000000000000000000d8
:10c8600000000000000000000000000000000000c8
:10c8700000000000000000000000000000000000b8
:10c8800000000000000000000000000000000000a8
:10c890000000000000000000000000000000000098
:10c8a0000000000000000000000000000000000088
:10c8b0000000000000000000000000000000000078
:10c8c0000000000000000000000000000000000068
:10c8d0000000000000000000000000000000000058
:10c8e0000000000000000000000000000000000048
:10c8f0000000000000000000000000000000000038
:10c900000000000000000000000000000000000027
:10c910000000000000000000000000000000000017
:10c920000000000000000000000000000000000007
:10c9300000000000000000000000000000000000f7
:10c9400000000000000000000000000000000000e7
:10c9500000000000000000000000000000000000d7
:10c9600000000000000000000000000000000000c7
:10c9700000000000000000000000000000000000b7
:10c9800000000000000000000000000000000000a7
:10c990000000000000000000000000000000000097
:10c9a0000000000000000000000000000000000087
:10c9b0000000000000000000000000000000000077
:10c9c0000000000000000000000000000000000067
:10c9d0000000000000000000000000000000000057
:10c9e0000000000000000000000000000000000047
:10c9f0000000000000000000000000000000000037
:10ca00000000000000000000000000000000000026
:10ca10000000000000000000000000000000000016
:10ca20000000000000000000000000000000000006
:10ca300000000000000000000000000000000000f6
:10ca400000000000000000000000000000000000e6
:10ca500000000000000000000000000000000000d6
:10ca600000000000000000000000000000000000c6
:10ca700000000000000000000000000000000000b6
:10ca800000000000000000000000000000000000a6
:10ca90000000000000000000000000000000000096
:10caa0000000000000000000000000000000000086
:10cab0000000000000000000000000000000000076
:10cac0000000000000000000000000000000000066
:10cad0000000000000000000000000000000000056
:10cae0000000000000000000000000000000000046
:10caf0000000000000000000000000000000000036
:10cb00000000000000000000000000000000000025
:10cb10000000000000000000000000000000000015
:10cb20000000000000000000000000000000000005
:10cb300000000000000000000000000000000000f5
:10cb400000000000000000000000000000000000e5
:10cb500000000000000000000000000000000000d5
:10cb600000000000000000000000000000000000c5
:10cb700000000000000000000000000000000000b5
:10cb800000000000000000000000000000000000a5
:10cb90000000000000000000000000000000000095
:10cba0000000000000000000000000000000000085
:10cbb0000000000000000000000000000000000075
:10cbc0000000000000000000000000000000000065
:10cbd0000000000000000000000000000000000055
:10cbe0000000000000000000000000000000000045
:10cbf0000000000000000000000000000000000035
:10cc00000000000000000000000000000000000024
:10cc10000000000000000000000000000000000014
:10cc20000000000000000000000000000000000004
:10cc300000000000000000000000000000000000f4
:10cc400000000000000000000000000000000000e4
:10cc500000000000000000000000000000000000d4
:10cc600000000000000000000000000000000000c4
:10cc700000000000000000000000000000000000b4
:10cc800000000000000000000000000000000000a4
:10cc90000000000000000000000000000000000094
:10cca0000000000000000000000000000000000084
:10ccb0000000000000000000000000000000000074
:10ccc0000000000000000000000000000000000064
:10ccd0000000000000000000000000000000000054
:10cce0000000000000000000000000000000000044
:10ccf0000000000000000000000000000000000034
:10cd00000000000000000000000000000000000023
:10cd10000000000000000000000000000000000013
:10cd20000000000000000000000000000000000003
:10cd300000000000000000000000000000000000f3
:10cd400000000000000000000000000000000000e3
:10cd500000000000000000000000000000000000d3
:10cd600000000000000000000000000000000000c3
:10cd700000000000000000000000000000000000b3
:10cd800000000000000000000000000000000000a3
:10cd90000000000000000000000000000000000093
:10cda0000000000000000000000000000000000083
:10cdb0000000000000000000000000000000000073
:10cdc0000000000000000000000000000000000063
:10cdd0000000000000000000000000000000000053
:10cde0000000000000000000000000000000000043
:10cdf0000000000000000000000000000000000033
:10ce00000000000000000000000000000000000022
:10ce10000000000000000000000000000000000012
:10ce20000000000000000000000000000000000002
:10ce300000000000000000000000000000000000f2
:10ce400000000000000000000000000000000000e2
:10ce500000000000000000000000000000000000d2
:10ce600000000000000000000000000000000000c2
:10ce700000000000000000000000000000000000b2
:10ce800000000000000000000000000000000000a2
:10ce90000000000000000000000000000000000092
:10cea0000000000000000000000000000000000082
:10ceb0000000000000000000000000000000000072
:10cec0000000000000000000000000000000000062
:10ced0000000000000000000000000000000000052
:10cee0000000000000000000000000000000000042
:10cef0000000000000000000000000000000000032
:10cf00000000000000000000000000000000000021
:10cf10000000000000000000000000000000000011
:10cf20000000000000000000000000000000000001
:10cf300000000000000000000000000000000000f1
:10cf400000000000000000000000000000000000e1
:10cf500000000000000000000000000000000000d1
:10cf600000000000000000000000000000000000c1
:10cf700000000000000000000000000000000000b1
:10cf800000000000000000000000000000000000a1
:10cf90000000000000000000000000000000000091
:10cfa0000000000000000000000000000000000081
:10cfb0000000000000000000000000000000000071
:10cfc0000000000000000000000000000000000061
:10cfd0000000000000000000000000000000000051
:10cfe0000000000000000000000000000000000041
:10cff0000000000000000000000000000000000031
:10d000000000000000000000000000000000000020
:10d010000000000000000000000000000000000010
:10d020000000000000000000000000000000000000
:10d0300000000000000000000000000000000000f0
:10d0400000000000000000000000000000000000e0
:10d0500000000000000000000000000000000000d0
:10d0600000000000000000000000000000000000c0
:10d0700000000000000000000000000000000000b0
:10d0800000000000000000000000000000000000a0
:10d090000000000000000000000000000000000090
:020000040000fa
:020000040001f9
:10d0a0001600fa00889fbe008a9fbe008c9fbe00bb
:10d0b0000005be000204be008400780085067800ea
:10d0c00006067800400f20000a0040001060a00013
:10d0d0000e00780028960200010000000a000900f6
:10d0e000be1c78006901b1006e01b100d042200081
:10d0f00000004400c1c0b30090cf100018003a00f7
:10d10000728044001010a0004840900080549800a5
:10d11000d84090009154980008007800d080e90031
:10d12000010878008980e8008008eb001000e0002a
:10d130000b0034000000eb008980e8008881e800e3
:10d14000000144000000440060409000404198000d
:10d150001100e80080087800930f1000f8ff3c00f1
:10d160008b0178000c0178008800780009007800b5
:10d17000965f020001000000180090000a0bb0004a
:10d18000cf80de001a1d40001a954800f687470040
:10d19000768557000a000900391d78006a01b10040
:10d1a0006901b1000d007800fe9702000100000047
:10d1b000e04220000004440018a0a1008a07780083
:10d1c0004f06be004f05be004f04be000080fa00af
:10d1d00000000600f0874700889fbe008a9fbe00bf
:10d1e0008c9fbe008e1f78008004780002047800b7
:10d1f0008305780085bf9f000607780087067800c2
:10d200006fad97005fae9700241091000000e00022
:10d21000400034002088a900840078007c805700fa
:10d22000a4990200010000007c80570030017800c2
:10d23000b0017800028cbe00880078004100b00088
:10d24000b0187800b01078001001780090019000bc
:10d25000a2009800b30098002088a80088007800f9
:10d260000a0078009abb020000000000200f200096
:10d27000090040001020a1003a0891000008a30016
:10d2800004003200400f2000090040001010a000f0
:10d2900003003700400f2000090040001010a100db
:10d2a000200f2000090040001010a1000c017800a0
:10d2b000880078000a007800bcbe02000000000070
:10d2c0000d0278008e0178000fb997008c0078006d
:10d2d0000b007800e83a0200010000001b309000cb
:10d2e0000000e00003003a002b3090000000e00056
:10d2f00002003200290fb0001910a0002088a900f8
:10d3000058009000980078009a97020001000000f1
:10d310002088a8004f0778004f06be004f05be00ca
:10d320004f04be000f01b10000000600f087470067
:10d33000889fbe008a9fbe008c9fbe008e1f780013
:10d3400000057800020478008305780085bf9f00ff
:10d350000607780087067800efac97005fae97006d
:10d36000241091000000e000490034002088a9004a
:10d37000840078007c805700a4990200010000001e
:10d380007c80570030017800b0017800028cbe002c
:10d39000880078004100b000b0187800b010780024
:10d3a0001001780090019000a2009800b30098004e
:10d3b0002088a8008800780009007800a4c0020036
:10d3c00000000000200f20000a0040001020a100f3
:10d3d000390891000008a30004003200400f20002b
:10d3e0000a0040001010a00003003700400f20008a
:10d3f0000a0040001010a100200f20000a00400089
:10d400001010a100390891000038a3000600320076
:10d410000c0178008800780009007800fcc3020045
:10d4200000000000050037000c017800880078003b
:10d430000900780044c20200000000000d027800dc
:10d440008e0178000fb997008c0078000b007800ef
:10d45000463d0200010000001b3090000000e0008b
:10d4600003003a002b3090000000e0000200320080
:10d470002a0fb0001a10a0002088a90058009000c0
:10d48000980078009a970200010000002088a80008
:10d490004f0778004f06be004f05be004f04be0088
:10d4a0000f01b100000006000800fa00889fbe00ce
:10d4b0008a9fbe008004780001057800820578000c
:10d4c000e9a0900050a52a00808f50003d003a004e
:10d4d00015cea800c00c2000090040000008eb0099
:10d4e00070805700b6bb0200010000000000eb0096
:10d4f00000017800f0805700610ab8008400400005
:10d500001104e000010032000200a0000000e80069
:10d51000e80f5000f9ff3a000200e0000e003a0068
:10d52000640045006103200074c402000100000093
:10d53000008dbe008b017800a20320008000eb006c
:10d540000a00780010bd020001000000200f20003a
:10d55000090040001070a0000000eb0000017800fe
:10d56000640245008002eb00840040001104e000ea
:10d57000010032000200a0000000e800e80f5000a7
:10d58000f9ff3a000200e00033003a006400450071
:10d590006103200074c4020001000000008dbe0081
:10d5a0008b017800a20320008000eb000a007800c5
:10d5b00010bd020001000000290fb0001970a0008a
:10d5c000250037006404450008007800b6bb02005f
:10d5d00001000000610320000800780074c402000c
:10d5e00001000000008dbe008b017800a203200026
:10d5f0008000eb000a00780010bd0200010000006e
:10d600000000e00010003a00158ea8002003200062
:10d610000100200070dc020001000000158ea9004e
:10d62000200320000100200070dc02000100000047
:10d63000158ea800200320000100200070dc0200ed
:10d6400001000000158ea90069289000f9289000bb
:10d6500080a4980091a498004f05be004f04be001e
:10d660000080fa00000006000800fa00889fbe0053
:10d670008a1f78000004be0002057800e8a0900030
:10d6800050a52a00808f50003b003a00c00c2000bb
:10d69000080040000008eb006e805700b6bb020097
:10d6a000010000000000eb0000017800ee80570050
:10d6b000610ab800840040001104e000010032005b
:10d6c0000200a0000000e800e80f5000f9ff3a0057
:10d6d0000200e0000e003a00648044006103200074
:10d6e00074c4020001000000808cbe008a01780032
:10d6f000a20320008000eb000900780010bd0200aa
:10d7000001000000200f2000080040001070a00061
:10d710000000eb0000017800648244008002eb000e
:10d72000840040001104e000010032000200a0006b
:10d730000000e800e80f5000f9ff3a000200e000a6
:10d740000d003a00648044006103200074c40200ac
:10d7500001000000808cbe008a017800a203200036
:10d760008000eb000900780010bd020001000000fd
:10d77000280fb0001870a0004f0578004f04be00bd
:10d780000080fa0000000600f4874700889fbe0072
:10d790008a9fbe008c9fbe008e1f78008004780098
:10d7a000e2b79f0083bf9f000507780086067800d8
:10d7b000070678004fac9700bfad9700241091008a
:10d7c0000000e0005f0034002088a9008400780099
:10d7d00000fe2f000f004000a4990200010000008d
:10d7e00000fe2f000f00400030017800b0017800eb
:10d7f000efb097008288be00efb097004100b00004
:10d80000b0187800b01078001001780090019000f6
:10d81000a2009800b30098002088a800efb09700fd
:10d82000080078009abb0200000000000800910088
:10d83000ea0f400004003500200f200009004000de
:10d840001020a10003003700200f20000900400035
:10d850001020a000380891000008a3000400320046
:10d86000400f2000090040001010a0000300370006
:10d87000400f2000090040001010a1000b017800ab
:10d88000efb097000800780014b802000000000014
:10d89000200f2000090040001010a10079a890007e
:10d8a0000000e0001f0034000004eb002a0f2000fd
:10d8b00009054500e90db000f9b79f008007200079
:10d8c00000c0b9008fb9970080844100c6212000b4
:10d8d00006c3b9007641b900020147006c40b900a7
:10d8e000808045000c02780086814600090078009f
:10d8f000e83a020001000000193090000000e0004a
:10d9000003003a00293090000000e00001003200de
:10d910001a10a0000804e8007fb09700900f1400d0
:10d92000e6ff3c002088a900efb09700510090006e
:10d9300001017800920078009a970200010000002f
:10d940002088a8004f0778004f06be004f05be0094
:10d950004f04be004f01b10000000600f6874700eb
:10d96000889fbe008a9fbe008c9fbe008e1f7800dd
:10d9700080047800d2b79f0083bf9f00f5b79f0057
:10d9800006077800870678003fac97002fae970017
:10d99000241091000000e0006d0034002088a900f0
:10d9a00084007800e0fd2f000f004000a4990200e1
:10d9b00001000000e0fd2f000f0040003001780062
:10d9c000b0017800dfb097008288be00dfb097001a
:10d9d0004100b000b0187800b01078001001780055
:10d9e00090019000a2009800b30098002088a80041
:10d9f000dfb09700080078009abb0200000000002a
:10da000008009100ea0f400004003500200f2000bc
:10da1000090040001020a10003003700200f200063
:10da2000090040001020a000380891000008a30061
:10da300004003200400f2000090040001010a00038
:10da400003003700400f2000090040001010a10023
:10da50000c017800dfb0970008007800a2b5020042
:10da600000000000200f2000090040001010a1005d
:10da700079a890000000e0002d0034000004eb00c5
:10da80002b0f200089854500e90db000e9b79f0004
:10da90007640b900ffb19700008541008007200063
:10daa00000c0b9000fb9970080044100c2212000d6
:10dab00002c1b9006c40b900800046000d02780038
:10dac000820147000a01780009007800e83a020064
:10dad00001000000193090000000e00003003a004f
:10dae000293090000000e000010032001b10a0006f
:10daf0002a0090000000e00009003d00a0708000b6
:10db00004d00de000080ea00610060004d00dd0095
:10db1000a170800001d0a10081007000a170880078
:10db20000804e800efb19700930f1400d8ff3c0001
:10db30002088a900dfb09700510090000101780013
:10db4000920078009a970200010000002088a80047
:10db50004f0778004f06be004f05be004f04be00c1
:10db60006f01b10000000600f2874700889fbe00e9
:10db70008a9fbe008c9fbe008e1f780080047800b4
:10db80000205780083bf9f000507780086067800ad
:10db9000070678005fac9700241091000000e000b9
:10dba000580034002088a900840078007e80570047
:10dbb000a4990200010000007e8057003001780027
:10dbc000b0017800028dbe008a0078004100b000ec
:10dbd000b0187800b0107800100178009001900023
:10dbe000a2009800b30098002088a8008a0078005e
:10dbf000080078009abb02000000000008009100b5
:10dc0000ea0f400004003500200f2000090040000a
:10dc10001020a10003003700200f20000900400061
:10dc20001020a000380891000008a3000400320072
:10dc3000400f2000090040001010a0000300370032
:10dc4000400f2000090040001010a1008a00780059
:10dc50000800780036c7020000000000200f2000f6
:10dc6000090040001010a10079a890000000e00019
:10dc70001e0034000004eb002b0f200089854500b6
:10dc8000e90db000f9b79f008007200000c0b9007f
:10dc90008fb9970080844100c021200000c0b900e6
:10dca0007641b900020147000c02780080814600ed
:10dcb0008a00780009007800e83a020001000000bc
:10dcc000193090000000e00003003a002930900075
:10dcd0000000e000010032001b10a0000804e80072
:10dce0007fb09700900f1400e7ff3c002088a90048
:10dcf0005a0090009a0078009a97020001000000f4
:10dd00002088a8004f0778004f06be004f05be00d0
:10dd10004f04be002f01b10000000600f28747004b
:10dd2000889fbe008a9fbe008c9fbe008e1f780019
:10dd300080047800010478000205780083bf9f000a
:10dd40000507780086067800070678002410910001
:10dd50000000e000540034002088a900840078000e
:10dd60007e805700a4990200010000007e805700c9
:10dd700030017800b0017800028dbe008a00780082
:10dd80004100b000b0187800b010780010017800a1
:10dd900090019000a2009800b30098002088a8008d
:10dda0008a00780008007800cabc02000000000069
:10ddb00008009100ea0f400004003500200f200009
:10ddc000090040001020a10003003700200f2000b0
:10ddd000090040001020a000380891000008a300ae
:10dde00004003200400f2000090040001010a00085
:10ddf00003003700400f2000090040001010a10070
:10de0000200f2000090040001010a10079a8900008
:10de10000000e0001e0034000004eb002b0f200087
:10de200089854500e90db000f9b79f008007200003
:10de300000c0b9008fb9970080844100c021200044
:10de400000c0b9007641b900020147000c02780019
:10de5000808146008a00780009007800e83a0200d4
:10de600001000000193090000000e00003003a00bb
:10de7000293090000000e000010032001b10a000db
:10de80000804e8007fb09700900f1400e7ff3c0003
:10de90002088a9005a0090009a0078009a97020002
:10dea000010000002088a8004f0778004f06be0040
:10deb0004f05be004f04be002f01b1000000060058
:10dec000fc874700889fbe008a9fbe008c9fbe00d3
:10ded0008e1f780000057800d1b79f008206780079
:10dee0000306780085bf9f00f6b79f0007077800fc
:10def000241091000000e0007c0034002088a9007c
:10df00008400780080fd2f000f004000a4990200db
:10df10000100000080fd2f000f004000300178005c
:10df2000b0017800828ebe008d0078004100b00004
:10df3000b0187800b01078001002780090029000bd
:10df4000a4009800b50098002088a8008d007800f3
:10df50005fb0970044c6020000000000dfb29700e7
:10df6000350891000008a30004003200400f200093
:10df70000a0040001010a00003003700400f2000ee
:10df80000a0040001010a100200f20000a004000ed
:10df90001010a1007aa890000000e0004d003400ad
:10dfa0000004eb002b0f20008a8545005fb097002e
:10dfb0004011b000c0b79f00dfb09700e110b00083
:10dfc000e1b79f00820e200002014500b2b79f001a
:10dfd000a30e200083014500a3b79f001b02780019
:10dfe00068006200060032008007200000c0b9000f
:10dff000000046006007b0001010a00005003700c8
:10e000008007200000c0b900000046006007b00093
:10e010001010a1008007200000c0b9008004460055
:10e02000c021200000c0b9007641b9008fba970026
:10e03000028142000e027800ffb297008081420008
:10e040008d00780009007800024202000100000003
:10e050001b10a100393890000028a30019003200dd
:10e0600060072000090040001020a10010002000df
:10e07000cfb09700800878009938900040062000c3
:10e080000088b90029399000cf91de006e060200a9
:10e0900000000000c3f92f006fb197000309400092
:10e0a000d93490003fb29700090a7800dfb2970098
:10e0b00065009100afb29700800a78009200780066
:10e0c00061b598000804e8007aa89000880f500015
:10e0d000c2ff3c002088a9005d0090009d007800f0
:10e0e0009a970200010000002088a8004f077800de
:10e0f0004f06be004f05be004f04be00cf01b10069
:10e10000000006001600fa00889fbe008a9fbe002d
:10e110008c1f7800000478000205be00840478009b
:10e12000a20d2000080141001200e800000978005b
:10e1300078a99000820f500003003900a00d200044
:10e14000080040000008eb0058a99000c021200002
:10e150000011b80082804000210892000000e00019
:10e160005d01340000fe2f000f0040005a990200ac
:10e170000100000000fe2f00008047000a00090097
:10e18000301d78006a01b10078a89000e20f5000bd
:10e19000d8003a0058a890000000e00003003200c8
:10e1a000e10f5000c2003a005f00370060b6200067
:10e1b00000804400c1b42000810040001200200013
:10e1c000910f11000a003a00c1b420008100400004
:10e1d0008008eb0001b420008180440042b420009c
:10e1e00002004000b0187800a01078000500370049
:10e1f00000b4200000804400020020001300200032
:10e200000288be00c0b42000008044000008eb007b
:10e2100040b62000008044001000780070006000cc
:10e2200005003a000b0178008a00780009007800a8
:10e23000c60b02000100000080b4200000804400f2
:10e240001000e0009a00340080b4200000804400f8
:10e250000008eb000000eb006143b800d468200028
:10e26000048244008002eb006101b9008200430097
:10e27000040141001281fb000201d10082487800b4
:10e280000000e800e70f5000f7ff3a00400f2000c1
:10e290000800400010c0a000c0b42000008044006e
:10e2a000110020000108780040052000080040000f
:10e2b0001200200003002000100841005090490087
:10e2c000a0b420000080440090007800400b2000a3
:10e2d00008004000109840008001eb0010904900b9
:10e2e00020af20000080440090007800800b2000c8
:10e2f000080040004f89de001098400010104900cf
:10e30000158ea800682a9000f82a9000c009200005
:10e3100008004000027d2000030020000218420097
:10e3200003904a0062003700c0b42000008044001f
:10e3300013002000908f11000c003a00c0b42000a0
:10e34000008044000008eb0061b62000818044009a
:10e3500000b420000080400041b4200081804400cf
:10e3600031187800211078000700370061b62000ce
:10e370008180440000b420000080400002002000a2
:10e38000130020000288be006cb620000c864400fa
:10e39000c0b42000000046000008eb0040b620009a
:10e3a00000004600100078007000600005003a0090
:10e3b0000b0178008a0078000c007800c60b020080
:10e3c0000100000080b42000000046001000e000c2
:10e3d000370034000000eb006143b800d46820002f
:10e3e000040246008002eb006101b9008600410092
:10e3f000040141001281fb000201d1008248780033
:10e400000000e800e70f5000f7ff3a00400f20003f
:10e410000800400010c0a00080b4200000004600aa
:10e420000008eb00c0b420000000460011002000ee
:10e43000010878004005200008004000120020007c
:10e44000030020001008410050904900a0b42000b3
:10e450000000460090007800400b200008004000bb
:10e46000109840008001eb001090490020af200080
:10e47000000646009c007800800b20000800400049
:10e480004f89de001098400010104900158ea8003a
:10e49000682a9000f82a9000c00920000800400077
:10e4a000027d2000030020000218420003904a0071
:10e4b000200f2000080040001030a10000af200015
:10e4c000008044001000e00006003c0061b620001f
:10e4d0008180440000af2000008040001000e00078
:10e4e00056003400200f2000080040001030a0002b
:10e4f00052003700e10f500050003a0000b42000f5
:10e500000080440002002000130020000288be00aa
:10e5100040b62000008044001000780070006000c9
:10e5200005003a000b0178008a00780009007800a5
:10e53000c60b02000100000080b4200000804400ef
:10e540001000e000330034000000eb006143b8002d
:10e55000d4682000048244008002eb006101b9000d
:10e5600086004100040141001281fb000201d1003c
:10e57000824878000000e800e70f5000f7ff3a00fb
:10e58000400f20000800400010c0a00080b4200010
:10e59000008044000008eb00400520000800400017
:10e5a0001200200003002000100841005090490094
:10e5b000a0b420000080440090007800400b2000b0
:10e5c00008004000109840008001eb0010904900c6
:10e5d00020af20000080440090007800800b2000d5
:10e5e000080040004f89de001098400010104900dc
:10e5f000158ea800682a9000f82a9000c009200013
:10e6000008004000027d20000300200002184200a4
:10e6100003904a00200f2000080040001030a100a5
:10e6200000af2000008044001000e0000300340030
:10e63000200f2000080040001030a00080b420000f
:10e6400000804400c3ff2f00908f11000c003a009f
:10e6500080b42000008044000008eb0015aea80044
:10e66000682a9000f82a9000000a20000800400064
:10e67000027d2000030020000218420003904a009f
:10e6800060b620008084440080b4200000804400f4
:10e69000c1ff2f00908f10000b003a0080b42000c3
:10e6a00080844400800ceb0015aea800682990001f
:10e6b000f8299000080ab000007d20000100200029
:10e6c000001c4100019449002a0890009a0078003b
:10e6d00068970200010000004f0678004f05be0059
:10e6e0004f04be000080fa00000006001600fa0089
:10e6f000889fbe008a9fbe008c1f780000047800af
:10e700008105780083047800040678000505780008
:10e71000a10d2000888040001100e80080087800ea
:10e72000f8a89000810f500003003900a00d2000d0
:10e73000080040000008eb00d8a89000c02120008d
:10e740000008b80000014100220892000000e0002b
:10e75000660134008200780000fe2f000f004000a8
:10e760005a9902000100000000fe2f0000804700bf
:10e770000a000900b01c78006901b100d8a9900016
:10e78000c619dd00c9009000838145000201200008
:10e79000190078002c8902000100000078a8900080
:10e7a000e20f5000d8003a0058a890000000e000a6
:10e7b00003003200e10f5000c2003a005f00370052
:10e7c0006bb620008b054500c0b4200000804500da
:10e7d00011002000908f10000a003a00c0b4200001
:10e7e000008045000008eb0000b420000000450058
:10e7f00041b4200081804500311878002110780054
:10e800000500370000b42000000045000200200091
:10e81000130020000288be00c0b4200000004500a4
:10e820000008eb0040b62000000045001000780012
:10e830007000600005003a000c0178008900780043
:10e840000a007800c60b02000100000080b420001e
:10e85000000045001000e0009a0034000000eb00ca
:10e860006143b800d4682000048245008002eb00b8
:10e870006101b90086004100040141001281fb00e2
:10e880000201d100824878000000e800e70f500044
:10e89000f7ff3a00400f20000800400010c0a00021
:10e8a00080b42000000045000008eb00c0b4200048
:10e8b00000004500110020000108780040052000fc
:10e8c0000800400012002000030020001008410052
:10e8d00050904900a0b4200000004500900078004e
:10e8e000400b200008004000109840008001eb0021
:10e8f0001090490020af20000000450090007800f3
:10e90000800b2000080040004f89de001098400076
:10e9100010104900158ea800682a9000f82a90006f
:10e92000c009200008004000027d200003002000f4
:10e930000218420003904a0062003700c0b4200071
:10e940000000450013002000908f11000c003a00d9
:10e95000c0b42000000045000008eb0061b62000b4
:10e960008100450000b420000080400041b4200038
:10e970008100450031187800211078000700370029
:10e9800061b620008100450000b4200000804000f6
:10e9900002002000130020000288be006bb6200099
:10e9a0008b054500c0b42000008045000008eb0046
:10e9b00040b6200000804500100078007000600024
:10e9c00005003a000c017800890078000b007800ff
:10e9d000c60b02000100000080b42000008045004a
:10e9e0001000e000370034000000eb006143b80085
:10e9f000d4682000048245008002eb006101b90068
:10ea000086004100040141001281fb000201d10097
:10ea1000824878000000e800e70f5000f7ff3a0056
:10ea2000400f20000800400010c0a00080b420006b
:10ea3000008045000008eb00c0b4200000804500c5
:10ea40001100200001087800400520000800400067
:10ea500012002000030020001008410050904900df
:10ea6000a0b420000080450090007800400b2000fa
:10ea700008004000109840008001eb001090490011
:10ea800020af2000808545009b007800800b20008f
:10ea9000080040004f89de00109840001010490027
:10eaa000158ea800682a9000f82a9000c00920005e
:10eab00008004000027d20000300200002184200f0
:10eac00003904a00200f2000080040001030a100f1
:10ead00000af2000000045001000e00006003c00f0
:10eae00061b620008100450000af2000008040009a
:10eaf0001000e00056003400200f20000800400005
:10eb00001030a00052003700e10f500050003a00d2
:10eb100000b4200000004500020020001300200087
:10eb20000288be0040b620000000450010007800ba
:10eb30007000600005003a000c0178008900780040
:10eb40000a007800c60b02000100000080b420001b
:10eb5000000045001000e000330034000000eb002e
:10eb60006143b800d4682000040245008002eb0035
:10eb70006101b90086004100040141001281fb00df
:10eb80000201d100824878000000e800e70f500041
:10eb9000f7ff3a00400f20000800400010c0a0001e
:10eba00080b42000000045000008eb004005200074
:10ebb000080040001200200003002000100841005f
:10ebc00050904900a0b4200000004500900078005b
:10ebd000400b200008004000109840008001eb002e
:10ebe0001090490020af2000000045009000780000
:10ebf000800b2000080040004f89de001098400084
:10ec000010104900158ea800682a9000f82a90007c
:10ec1000c009200008004000027d20000300200001
:10ec20000218420003904a00200f20000800400014
:10ec30001030a10000af2000000045001000e000ef
:10ec400003003400200f2000080040001030a00016
:10ec500080b4200000004500c3ff2f00908f1100fa
:10ec60000c003a0080b42000000045000008eb00d2
:10ec700015aea800682a9000f82a9000000a20002b
:10ec800008004000027d200003002000021842001e
:10ec900003904a0060b620000005450080b42000c3
:10eca00000004500c1ff2f00908f10000b003a00bc
:10ecb00080b4200000054500000deb0015aea80053
:10ecc00068299000f8299000080ab000007d200013
:10ecd00001002000001c4100019449002908900017
:10ece0009900780068970200010000004f06780044
:10ecf0004f05be004f04be000080fa000000060071
:10ed00001600fa00889fbe008a9fbe008c9fbe003e
:10ed10000004780001067800030578008406780076
:10ed200085047800a10d2000888040001100e800d3
:10ed300080087800f8a89000810f50000300390087
:10ed4000a00d2000080040000008eb00d8a89000ab
:10ed5000c02120000008b8000001410022089200f4
:10ed60000000e000c300340082007800e0fd2f00c6
:10ed70000f0040005a99020001000000e0fd2f0042
:10ed8000008047000a000900301d78006a01b100c8
:10ed9000ab0d2000888545009b017800c619dd0079
:10eda000ca00900083014600020120001a0078008a
:10edb0002c8902000100000028a890009b0f500041
:10edc0000b003a00411520000100b800008044000b
:10edd00078004000120020000300200010084100cd
:10ede00050904900400d2000080040000088eb00d2
:10edf000d8a89000401520000008b800008044000a
:10ee00009028910001b8a30004003a0002002000fd
:10ee1000130020000208980013089800ab0d200092
:10ee2000888545001b0078004c1520000c00b800b8
:10ee3000008044000d0178008a0078001c57020011
:10ee4000010000001b0078000c06b8000c8644008e
:10ee50001c2891000088a3005e0032002c15b00031
:10ee60001c80a100a00d20000800400010017800c7
:10ee70004b1520000b11b80082804400f480400044
:10ee8000120020000300200091084100d1904900a9
:10ee9000100178000b11b800828044002115b000e9
:10eea00011b0a100100678000b60b8008085440006
:10eeb0001b28910000a8a30038003a000000eb00d6
:10eec0006143b800615ab8006101b9008600410091
:10eed000040141001281fb000201d1008248780048
:10eee0000000e800e70f5000f7ff3a00400f200055
:10eef0000800400010c0a0002cac9800ab1090009f
:10ef0000400b200008004000109840008001eb00fa
:10ef10001090490078a890000000e000180034002c
:10ef20000000eb00a60d2000080343004b15200055
:10ef300047152000e30d20008881410096007800ed
:10ef4000810f50000b0032000b82b9000481440095
:10ef5000070ab80084804400111290008002eb0080
:10ef600004099800150998002115200082804000ae
:10ef700011b0a0000000e800930f1000efff3c006c
:10ef8000c004200008004000120020000300200000
:10ef90001008410050904900050037002b15b000c3
:10efa0001ba0a100400d2000080040000088eb00dd
:10efb000158ea800682a9000f82a9000c009200049
:10efc00008004000027d20000300200002184200db
:10efd00003904a001a0890000008a3001b003200aa
:10efe000d8a89000401520000008b8000080440018
:10eff0002011900041062000810f510013003600bf
:10f00000102891000098a300100032000005200095
:10f0100008004000120020000300200010084100fa
:10f020005090490015aea800158ea900682a9000de
:10f03000f82a9000000a200008004000027d20000d
:10f04000030020000218420003904a00d8a8900054
:10f05000401520000008b800808444002915b00045
:10f060001990a1002a0890009a0078006897020081
:10f07000010000004f06be004f05be004f04be0059
:10f080000080fa0000000600889fbe008a9fbe0034
:10f090008c1f78000004be0002057800413f250067
:10f0a0000800780028720200010000008005780046
:10f0b0000b00440041c3b30036740200010000009d
:10f0c0008b0540000b004400e1c2b300367402001f
:10f0d00001000000808545000b00440041c3b300df
:10f0e0003674020001000000808545000b004400da
:10f0f00041c3b30036740200010000008085450062
:10f100000b0044001140250028720200010000009d
:10f1100080854500c94090000b0044003674020011
:10f120000100000080854500d94090000b0044009c
:10f13000367402000100000080854500e94090001f
:10f140000b00440036740200010000008085450079
:10f15000f94090000b0044003674020001000000ea
:10f1600080854500894890000b00440036740200f9
:10f170000100000080854500994890000b00440084
:10f18000367402000100000080854500a948900007
:10f190000b00440036740200010000008085450029
:10f1a000b94890000b0044003674020001000000d2
:10f1b000808545000b004400e140250028720200d4
:10f1c00001000000808545006a299000fa2990001e
:10f1d0000b0044000e740200010000008085450011
:10f1e0000b004400b141250028720200010000001c
:10f1f000808545004aae90000c00780042b80200bd
:10f20000010000006161b900c811dd0002002000aa
:10f21000790a9000cfa2de0004017100858171009f
:10f22000cf80de00c000dd00000020000001710082
:10f23000818171000b0044000e7402000100000087
:10f24000808545000b0044008142250028720200a1
:10f2500001000000808545006a219000fa2190009d
:10f260000b0044000e740200010000008085450080
:10f270000b004400514325002872020001000000e9
:10f28000808545002a299000ba2990000b0044008f
:10f290000e74020001000000808545000b00440050
:10f2a00021442500287202000100000080854500ed
:10f2b0004a299000da2990000b0044000e740200e5
:10f2c00001000000808545000b004400f14425004a
:10f2d0002872020001000000808545004a2190004c
:10f2e000da2190000b0044000e74020001000000bf
:10f2f000808545000b004400c145250028720200ae
:10f300000100000080854500b90890000b00440012
:10f31000467202000100000080844500090044009c
:10f32000d1462500287202000100000080844400bc
:10f330004a319000da319000090044000e74020056
:10f34000010000008084440009004400a14725001a
:10f350002872020001000000808444002ab190005d
:10f36000cf91de00090044000e740200010000008d
:10f37000008044004f0678004f05be004f04be00d9
:10f38000000006002f02b000889fbe008a9fbe00ca
:10f390008c9fbe008e1f7800000678000104780064
:10f3a00002057800f3b79f00e4b79f00850478005a
:10f3b00086057800d7b79f005fa09700c0b79f0071
:10f3c0004ca890000000e000030034000800780022
:10f3d00076b80200010000008a00780020fd2f00ae
:10f3e0000f004000289602000100000020fd2f00c1
:10f3f000008047000a000900b01c78006901b100d4
:10f400007a074400f80644001d017800380a90008d
:10f410009e017800ffb0970009007800c85d0200e7
:10f4200001000000f6874700768057000a000900b7
:10f43000391878006901b1003fa89700fe970200d3
:10f44000010000008a007800c0fb2f000f00400080
:10f450002896020001000000c0fb2f00008047003a
:10f460000a000900b01c78006901b1001812900070
:10f47000e00c20000c0040009001e8000308780038
:10f4800064804500d0af9f0028519000ec004400fc
:10f490008a590200010000000b057800002d780059
:10f4a0001e0278009d0178004fa997008b0078001c
:10f4b00009007800565d020001000000f687470051
:10f4c000768057000a000900391878006901b100f8
:10f4d0000fa09700fe97020001000000000120002d
:10f4e000000d7800cf02b100748045000c01780057
:10f4f00088007800e4fe070070024000040d7800e8
:10f500008fb997000041eb00824078005fb0970010
:10f51000de8c020001000000000deb001000200056
:10f520009e0f100007003a000000eb00cfb09700dc
:10f530006117b00080087800cfb097002102b000ba
:10f54000800878004f0778004f06be004f05be00c8
:10f550004f04be002f02b100000006000f02b000f1
:10f56000889fbe008a9fbe008c9fbe008e1f7800c1
:10f57000000678008104780082057800f3b79f00c8
:10f580000404780005057800e6b79f00d7b79f0010
:10f590004ca890000000e00003003400090078004f
:10f5a00076b80200010000008b00780040fd2f00bb
:10f5b0000f004000289602000100000040fd2f00cf
:10f5c000008047000a000900301c78006801b10083
:10f5d000fa8644001d017800788744009e00780078
:10f5e000b909900008007800dc5e0200010000000c
:10f5f000f6874700768057000a000900381878001f
:10f600006801b1004fa89700fe97020001000000ba
:10f610008b007800e0fb2f000f00400028960200ce
:10f6200001000000e0fb2f00008047000a000900f5
:10f63000301c78006801b10019129000e00c200025
:10f640000c0040009001e8000308780064004500c9
:10f65000d0af9f0029519000ec8044008a590200ed
:10f66000010000008a057800802d78000a007800eb
:10f67000b0a70200010000009d0678005d0498001c
:10f680001e0778006e0498002fa997009800780054
:10f690000a007800600402000100000040049800a5
:10f6a000010120000ed70200010000003004980084
:10f6b000f6874700768057000a000900381878005e
:10f6c0006801b1001fa09700fe9702000100000032
:10f6d00000012000800d7800cf02b10074004500c9
:10f6e0000c0178008900780067fe07007002400076
:10f6f000840d78008fb997000041eb0082407800bc
:10f700006fb09700de8c020001000000800deb005e
:10f710004f0778004f06be004f05be004f04be00e5
:10f720000f02b10000000600889fbe008a9fbe0045
:10f730008c1f7800800478000106780002047800ad
:10f7400003057800790090000000e00059003400c3
:10f7500038b890000028a30056003a00e88544001d
:10f760001b007800d2700200010000000900780040
:10f77000d676020001000000000d78001b00780022
:10f78000c6700200010000000a0078004e8a0200e4
:10f7900001000000e0422000000045001000780059
:10f7a0006c006000430032009a00900038b0900076
:10f7b000808f5000060034000a80e8000008eb004b
:10f7c000e0422000000545001a20a1003900370062
:10f7d00068289000f8289000408498005184980090
:10f7e000d042200000004500104078000004e000f6
:10f7f00002003200ec4f500027003a000a00780067
:10f80000b0a7020001000000080178008c00780019
:10f810000a00780060aa02000100000028b89000e9
:10f820000028a3000b003a00880078000a00780046
:10f8300010aa02000100000028b890000028a300d0
:10f840000400320068299000f82990002294980062
:10f8500033949800400f2000080040001050a00092
:10f86000e0422000000545001aa0a000800420000e
:10f870000800400012002000030020001008410092
:10f880005090490068289000f8289000609c9800eb
:10f89000719c980007003700080178008c00780000
:10f8a0000a007800baaa0200010000000a85e800f8
:10f8b000000deb004f0678004f05be004f04be0060
:10f8c00000000600889fbe008a9fbe008c1f780043
:10f8d0000004780001057800820478007148250052
:10f8e00008007800287202000100000080057800fe
:10f8f0000b00440041c3b300367402000100000055
:10f900008b0540000b004400e1c2b30036740200d6
:10f9100001000000808545000b00440041c3b30096
:10f920003674020001000000808545000b00440091
:10f9300041c3b30036740200010000008085450019
:10f940000b004400c148250028720200010000009d
:10f9500080854500ca4090000b00440036740200c8
:10f960000100000080854500da4090000b00440053
:10f97000367402000100000080854500ea409000d6
:10f980000b00440036740200010000008085450031
:10f99000fa4090000b0044003674020001000000a1
:10f9a000808545008a4890000b00440036740200b0
:10f9b00001000000808545009a4890000b0044003b
:10f9c000367402000100000080854500aa489000be
:10f9d0000b004400367402000100000080854500e1
:10f9e000ba4890000b004400367402000100000089
:10f9f000808545000b004400114925002872020053
:10fa0000010000008085450069299000f9299000d7
:10fa10000b0044000e7402000100000080854500c8
:10fa20000b0044006149250028720200010000001b
:10fa3000008645008b0d2000898545001b0178005c
:10fa4000cf91de000c0044000e74020001000000a3
:10fa5000000646000c004400b1492500287202004f
:10fa600001000000000646001b00780042b80200ba
:10fa70000100000000017800cf91de000c0044007e
:10fa80000e74020001000000800546000b004400d7
:10fa9000014a25002872020001000000808545000f
:10faa0007a099000cf91de000b0044000e74020032
:10fab00001000000808545000b004400514a2500ec
:10fac0002872020001000000808545006921900035
:10fad000f92190000b0044000e74020001000000a8
:10fae000808545000b004400a14a250028720200d1
:10faf000010000008085450029299000b929900067
:10fb00000b0044000e7402000100000080854500d7
:10fb10000b004400f14a2500287202000100000099
:10fb20008085450049299000d92990000b004400a8
:10fb30000e74020001000000808545000b004400a7
:10fb4000414b25002872020001000000808545001d
:10fb500049219000d92190000b0044000e7402004e
:10fb600001000000808545000b004400914b2500fa
:10fb7000287202000100000080854500ba0890004c
:10fb80000b004400467202000100000000854500a1
:10fb90000a004400214c25002872020001000000e8
:10fba0000005450049319000d93190000a00440019
:10fbb0000e74020001000000000545000a00440028
:10fbc000714c25002872020001000000000545006c
:10fbd00049919000d99190000a0044000e740200ef
:10fbe00001000000000545000a004400c14c25004a
:10fbf0002872020001000000000545006991900094
:10fc0000f99190000a0044000e7402000100000007
:10fc1000000545000a004400114d2500287202002d
:10fc2000010000000005450029999000b999900055
:10fc30000a0044000e7402000100000000054500a7
:10fc40000a004400614d25002872020001000000f6
:10fc50000005450009999000999990000a00440018
:10fc60000e74020001000000000545000a00440077
:10fc7000b14d25002872020001000000000545007a
:10fc800049999000d99990000a0044000e7402002e
:10fc900001000000000045004f0678004f05be003f
:10fca0004f04be00000006000001fa00889fbe005d
:10fcb0008a9fbe000004be000205780018b89000bc
:10fcc00000e8a30013003200200f200008004000cd
:10fcd00010e0a10064804400b6bb020001000000f7
:10fce000080178008900780080ef2f000f004000a5
:10fcf000e5fc07000002780083ef2f008f814100b0
:10fd00000041eb00e1c0b3000a007800de8c020085
:10fd10000100000028b890000028a3002300320052
:10fd200068289000f828900028919000b8919000e1
:10fd3000820f5000838f58001c003900420a2000b7
:10fd40000801410004a62e0005002000041940000f
:10fd50000591480064804400b6bb02000100000029
:10fd600080ef2f000f004000aa58020001000000a1
:10fd70008005780081ef2f008f8040000b804000cd
:10fd80000801780089007800cefe07000b024000d1
:10fd900083ef2f008f8141000041eb00824078000b
:10fda0000a007800de8c0200010000004f05be0052
:10fdb0004f04be000080fa000000060040019000e1
:10fdc00032089800f1219000830141007a0140003f
:10fdd000030978009128900001894100fc0040004f
:10fde0008008eb007e0040001060a00000000600cc
:10fdf0007c014000920178000302d0001002420012
:10fe0000140278008002eb000309e800e2042000fd
:10fe10000101410006012000920153008301e90025
:10fe2000030033000402420085824a00fbff3700d2
:10fe3000a304200081814100931972009391720004
:10fe4000760040009001780070885100120278001e
:10fe50008601420003097800100078000000e000ed
:10fe600002003d00e104b00080884100000006006f
:10fe7000fa874700889fbe008a9fbe008c9fbe0005
:10fe80008e1f78000006be000205be000407780041
:10fe900085bf9f00660046000008eb007a089000ce
:10fea0000038a300e3003a000068a300de0032003f
:10feb0007b209000f00f50000e003c003a089000ac
:10fec0000000e0000e003400e80420000b044400b1
:10fed000f60445000a00be00c5ff0700000120002f
:10fee000980f100003003c001900e000f9ff3c00ef
:10fef000030037003a0890000000e00030003c00aa
:10ff00001a0890000018a300070032002400200007
:10ff1000f0014500c2c0b3008040eb000fb897006d
:10ff2000de8c0200010000002a0890009a00780090
:10ff300068970200010000002e0892000000e00017
:10ff40001f0034007a0890000058a3001c003a00fb
:10ff50008e007800a0fd2f000f0040005a9902008b
:10ff600001000000a1fd2f00818047000a00090068
:10ff7000311d78006a01b1000a00be008fff070042
:10ff80007b209000f00f50000d003c003a089000dc
:10ff90000000e0000a003400e80420000b044400e4
:10ffa000f60445000a00be0091ff07000001200092
:10ffb000980f100002003c001900e000f9ff3c001f
:10ffc0005a0090008000eb00f40f5000e08f5800c2
:10ffd00083003e0000060100670037005400370030
:10ffe0007f0037005b003700480037007c00370097
:10fff0007b0037007a003700300037001d003700e3
:020000040002f8
:1000000077003700760037002300370010003700f4
:1000100006003700610037006900370070003700c4
:100020006f003700390037002d0037007a04450093
:1000300098047800020920008c0078000b007800fa
:10004000702b020001000000008c54006400370097
:100050007a04450098047800020920008c0078009a
:100060000b0078003e29020001000000008c5400c3
:100070005b0037007a0445009804780002092000ec
:100080008c0078000b007800a22d02000100000017
:10009000008c5400520037007a0445009804780020
:1000a000020920008c0078000b007800de2f02008f
:1000b00001000000008c5400490037007a0445001c
:1000c00098047800020920008c0078000b0078006a
:1000d0004031020001000000008c54004000370055
:1000e0007e0045001050a0007a0445009804780076
:1000f000020920008c0078000b007800a832020072
:1001000001000000008c5400350037007a044500df
:1001100098047800020920008c0078000b00780019
:10012000ae33020001000000008c54002c003700a8
:100130007a04450098047800020920008c007800b9
:100140000b0078009434020001000000008c540081
:10015000230037007a044500980478000209200043
:100160008c0078000b0078002235020001000000ae
:10017000008c54001a0037007a0445009804780077
:10018000020920008c0078000b007800b2350200d4
:1001900001000000008c5400110037007a04450073
:1001a00098047800020920008c0078000b00780089
:1001b0004236020001000000008c540008003700a5
:1001c0007a04450098047800020920008c00780029
:1001d0000b0078003637020001000000008c54004c
:1001e00003092000023020009d0078001c007800e8
:1001f000ead40200010000005a0890000000e0006c
:1002000020003c007e054500f0f92f001a0d60002b
:100210006000b800d0259800e1259800eb04b000fc
:10022000800deb00170037007e0545001a00a00086
:1002300014003700020920008c0078000b007800c1
:1002400030280200010000000309200002302000d5
:100250009d0078001c007800ead402000100000034
:100260007a0890000048a300060032007e05450091
:100270001a0078000040a1000030a1000000a0009a
:10028000000d78004f0778004f06be004f05be00f6
:100290004f04be00af01b10000000600889fbe0001
:1002a000800478000104780088007800d2112000d2
:1002b0000300200080002000cab9020001000000f5
:1002c000882c9800f80c99006881440021002000d7
:1002d0000000eb005c47020001000000620d2000fe
:1002e00009014100410020000000eb005c470200d2
:1002f00001000000421a20000901410010212000e5
:10030000010020009a84020001000000201e20004d
:10031000090040001010a100421e20000901410008
:1003200010212000010020009a840200010000003a
:1003300020222000090040001010a10000af200082
:10034000008044000008eb0080b5200000804400dd
:10035000f13f20000108780040b62000808444006e
:10036000990078000160a1000120a000f0f22f00a8
:10037000808c60004f04be00000006008000780002
:10038000f10eb2003000200032062000828f5000b3
:100390002900320002007800808f500011003e00da
:1003a00020002000ef8f50002300320004003e00a8
:1003b00050002000e38f50001e003a001e0037005e
:1003c0000000eb00f2022000828f50001a00320081
:1003d0001000200032042000828f500015003a00e7
:1003e000150037004000200072082000828f500066
:1003f0001100320002007800808f500005003e009e
:1004000080002000f2062000828f500009003a0090
:100410000900370060002000f20a2000828f50009f
:100420000500320070002000320e2000828f500044
:1004300001003200f00f2000000006001000fa005a
:10044000f0805700a254250007000900b218780078
:10045000670060000000d000700050006f0078005e
:100460000080fa00000006002000fa0001fe2f00c4
:1004700081804700a25225000f000900b2187800c1
:100480006f0060000000d0000002b1006f00780033
:100490000080fa000000060081002000420c2000cd
:1004a000820f50003600320082007800810f500029
:1004b00016003e0051002000e70f500030003200cf
:1004c00007003e0031002000e10f50002c003200f8
:1004d00041002000e60f500028003a0028003700b5
:1004e00021002000f00f5000250032007100200094
:1004f000320c2000820f50002100320061002000e9
:10050000e80f50001d003a001d003700c100200018
:10051000d20c2000820f50001900320082007800b7
:10052000810f50000b003e00a1002000b20c200003
:10053000820f500012003200b100200010003e0077
:1005400091002000a20c2000820f50000b003a0006
:100550000b003700e1002000f20c2000820f500059
:1005600007003200d100200005003900f100200012
:10057000020f2000820f5000010032008000eb00cb
:10058000010078000000060081c4b30021409800fb
:10059000e1c5b3001140980011cfb30001487800c5
:1005a0003000200000000600d1c5b30021409800b3
:1005b00071c7b3001140980001487800f1c7b3003b
:1005c00051409800f1cdb3004140980071c5b3008f
:1005d0003140980060002000000006000001eb00a0
:1005e0006102b8000198a3000300320084014100b9
:1005f0001374a00002003700840141001374a100ad
:100600000201e800ea0f5100020032008180400040
:10061000f4ff370000000600000278008000eb00c5
:1006200002202000010078008002eb00848140005d
:100630001304e00001003d00020040008100e800da
:10064000ea8f5000020032000201d100f7ff3700ac
:1006500000000600889fbe008a1f78008c9fbe00a5
:100660000001eb006106b8000accb300610cb800d1
:1006700001ceb3006113b9008c0143001342650041
:10068000844978000803430096c24000f543b20055
:1006900084c972000201e800e60f5100f5ff3a003c
:1006a0004f06be004f0578004f04be000000060054
:1006b000889fbe00810478000001eb008000eb0001
:1006c000f80320006112b9000403420085834a0048
:1006d00086814400000242001482fb00080262008e
:1006e00005022000850942000201e800e60f5100e2
:1006f000f4ff3a004f04be00000006006f416100a5
:10070000c408dd0001487100000006000080fb0005
:100710004400de00000006006f00600000000600dc
:10072000104178000274a100024878008180fb002b
:100730000118a300020032000274a00002487800f1
:10074000504178000274a100024878000108a3001b
:10075000020032000274a000024878000000060087
:10076000b080fb000108b200c688de001080fb00ec
:100770004700de000100700000000600904190007c
:100780000104200083816000c499de0020419000b4
:10079000028160004591de00030171009081fb0041
:1007a00081816100c399de000281710030409000b8
:1007b00080806000c688de000280700000000600b5
:1007c0000001eb006102b8000128a3000300320021
:1007d000840141001364a00002003700840141003d
:1007e0001364a1000201e800e30f5100020032008f
:1007f00081804000f4ff3700000006000001eb009c
:100800006102b8000138a3000300320084014100f6
:100810001364a00002003700840141001364a100aa
:100820000201e800e40f51000200320081c04000e4
:10083000f4ff3700000006008180fb006281600049
:100840004511dd00904178000364a10002c87100e9
:10085000e1806000c608dd00504178000264a1001c
:100860000148710000000600904190000104200042
:1008700083816000c599de00204190000281600004
:100880004691de00030171001080fb0081006000d2
:10089000c488de0002807000000006001041900055
:1008a00001042000028160004691de001080fb0000
:1008b00081006000c588de00028070000000060034
:1008c000f8874700889fbe008a9fbe008c9fbe00ad
:1008d0008e1f780000057800a1b79f008204780081
:1008e00041b6200081804400110078000010a10072
:1008f000800878000048a3000300320040b62000c2
:10090000008044001010a000e1422000810045005a
:10091000000220001100600003003a0040b62000f1
:10092000008044001010a000e1422000810045003a
:1009300000082000110060000300320040b62000d3
:10094000008044001010a000e1422000810045001a
:1009500000102000110060000300320040b62000ab
:10096000008044001010a00030422000000045002c
:100970009080fb00f10eb200f0062000808f500046
:1009800003003a0040b62000008044001010a00090
:10099000e1422000810045000004200011006000b9
:1009a0000900320060422000000045001080fb007a
:1009b000b9fe07000000e00003003a0040b6200046
:1009c000008044001010a00041b620008180440047
:1009d000000820001100600005003200c022200045
:1009e00009004000f0fe0700000478000400370012
:1009f000c022200009004000e3fe07000004780048
:100a000040b6200000804400900078000118a30048
:100a1000360032000000eb000041eb000148a3006b
:100a20000a0032009a05900081b5200081804400c0
:100a3000918f55006d023e0008804400c022b00036
:100a40000b4878000804e800ff00370088004000e9
:100a500081804400c122b000824878000000e80094
:100a6000ed0f5000f9ff3a009a05900081b5200083
:100a7000818044000000eb00918f55005b023e0036
:100a80006146b9000c00be00e022b0000180b00059
:100a9000008044008b007800d0fe0700a0af20004b
:100aa000008044000008eb0040b6200000804400b5
:100ab000100078006400600004003200a0af200045
:100ac000008044002100200001087800a0af200031
:100ad0000080440090007800cc22b0000d80b0006f
:100ae0000c8044000eff0700d7003700a0af2000a5
:100af0000080440012002000020878000128a300b2
:100b000004003200a0af200000804400310020002b
:100b1000010878006146b9000c00be00c022b00098
:100b20000180b00080854400a0af20000080440018
:100b3000900078000b007800f9fe0700b14120001a
:100b4000810045000b007800c2fe07000c00be00cb
:100b50002023b0000180b0000087440051412000f4
:100b6000810045000e007800bafe070020422000f8
:100b7000000045001081fb001042200000004500ed
:100b80009080fb000c02be008423b0000580b00002
:100b900004804400d9fe07005042200000004500b8
:100ba00010407800e14f50006b0032000400390023
:100bb0008005eb00e34f500097003a002800370013
:100bc0009a059000f085550008804400c022b000ce
:100bd0001064a10060422000000045001080fb006e
:100be0002dfe0700800078000c01be00d222b0006c
:100bf0000380b0000280440000ff07007042200024
:100c0000000045001004e0000400320008804400a9
:100c10001023b0001064a0000300370008804400d7
:100c20001023b0001064a100904220000000450095
:100c30009080fb000e007800e1fe0700a04220003b
:100c4000000045009080fb000c01be005223b00064
:100c50000380b00002804400d9fe07006e00370018
:100c6000404220000000450031c0b30090cf10008a
:100c700010003a009a059000f08555000880440065
:100c8000c022b0001064a0006042200000004500b7
:100c90001080fb0000fe0700800078000c01be0001
:100ca000d222b0000380b00002804400d3fe0700cf
:100cb0000b0037009a059000ef855500088044002e
:100cc000c022b0001064a1000c00be00d022b00011
:100cd0000180b0000080440011c0b300c7fe0700cf
:100ce00070422000000045001004e00004003200c3
:100cf000088044001023b0001064a00003003700f7
:100d0000088044001023b0001064a100304220008d
:100d1000000045001080fb0098fd0700800078006f
:100d20000e007800a6fe070080422000000045006b
:100d30001004e00004003200088044005023b0009a
:100d40001064a00034003700088044005023b00035
:100d50001064a100300037009a059000ef8555001f
:100d600008804400c022b0001064a1000c00be0046
:100d7000d022b0000180b000008044008040eb0031
:100d80009efe070070422000000045001004e000b5
:100d900004003200088044001023b0001064a0005a
:100da00003003700088044001023b0001064a10045
:100db00090422000000045009080fb000e0078006b
:100dc0007ffe070080422000000045001004e00084
:100dd00004003200088044005023b0001064a000da
:100de00003003700088044005023b0001064a100c5
:100df00030422000000045009080fb00c208de0069
:100e0000e3c060000c01be006223b0000380b000ac
:100e10000280440088fe07000000eb00f13f200044
:100e2000818f550071013e001a009000808f55009f
:100e300005003e00ec22b0000d80b0000c804400a4
:100e40008b007800e5fd070040b6200000804400dc
:100e5000100078007000600014003a00431e20006b
:100e600089814100f0002000010020008089be003f
:100e700008864400cc22b00015002000050278004e
:100e800082002000810720000c0078003c850200d1
:100e90000100000068814400d10020000c007800af
:100ea000c4480200010000006f0444000b00e00091
:100eb0001101320040b6200000804400100078008c
:100ec0000048a3000800320060b520000080440004
:100ed00010007800f0b79f000006eb00ccb79f0031
:100ee000dcb79f00250037000028a3000f00320068
:100ef000f10e20000b0078000ed702000100000068
:100f0000d0b79f0000017800110009008285d80049
:100f10000006780082e0b90000805500c0b79f004d
:100f200000012000f0b79f0014003700710f20006f
:100f30000b0078000ed7020001000000d0b79f0020
:100f400000017800110009008285d80000067800b1
:100f500082e0b90000805500c0b79f000c00780007
:100f60000c00e00001003d00f003b0004680de0010
:100f70000000e80000004000f0b79f00600d200076
:100f800000804400e0b79f0000017800ffb09700a8
:100f90000000eb005c4702000100000040b62000aa
:100fa00000804400100078008005eb000018a300ca
:100fb00007003a00e242200002014500010420003f
:100fc00092806000fb002000010032000b01200035
:100fd0000048a30079003a00cfb097000100e0007c
:100fe000390034008c06e8004369dd00b2b79f0089
:100ff0000007eb000c00e80090b79f00411e2000a6
:101000008180440081bf9f008cb79f00260037007d
:1010100000814400c222b00081014500c34190001c
:10102000034978000000e8008100e800840f5000c8
:10103000f7ff3a000d0644008d854500010037009a
:1010400008067800f0002000010020000fb997008a
:101050000089be0008844400c822b00015002000aa
:10106000050278008201780082002000bfb097005e
:10107000080078003c850200010000006fb1970075
:101080008d00780008007800c448020001000000cc
:101090007fb09700000446000e07e800cfb097002d
:1010a0008e8f5000070034000d00e000e4ff340094
:1010b0001fb19700080241008b00780008007800fb
:1010c000d3ff37000fb697005fb09700cfb09700ff
:1010d000810f5000340034004361dd00b2b79f003f
:1010e000810678004e1e20000907470027003700c0
:1010f00000814400c222b00081014500c34190003c
:10110000034978000000e8008100e800850f5000e6
:10111000f7ff3a000800420080bf9f008485450029
:101120000100370088bf9f00f00020000100200070
:10113000008fbe0008844400c822b00015002000c3
:10114000050278008e01780082002000bfb0970071
:10115000080078003c850200010000006fb1970094
:101160008c00780008007800c448020001000000ec
:101170008fb897007fb19700028440008d06e80089
:101180005fb097008d0f5000070034000c00e000a6
:10119000e4ff34000c0278008c0244008b007800dd
:1011a00008007800d2ff370040b6200000804400dd
:1011b000100078000048a30066003200f000200014
:1011c00001002000a0b49900b1b49900a0b520009e
:1011d00000804400100378000004eb000600e000eb
:1011e000450034000806780020b520000080440047
:1011f000f0b79f008a86e800411e200081804400ed
:1012000081bf9f0060b5200000804400d0b79f00e0
:10121000a0b5200000804400c0b79f0086e3b9005d
:101220007fb19700920078000100e0001a003400be
:101230000000eb00150020000042eb000c00e00075
:1012400004003a000000e00002003a0005047800c3
:10125000050078009d8f550008003d00088144007e
:10126000c222b0008b014500c341900003497800c1
:101270000804e8008b05e8000400370008814400fa
:10128000c222b000044978000804e8000000e80029
:10129000808f5000e9ff3c0006834400ce222000ee
:1012a00006074700c308dd0015002000050278008e
:1012b0008fb99700820020000e0078003c85020064
:1012c000010000006fb197007fb097009000780098
:1012d0000e007800c448020001000000dfb0970053
:1012e000110444000c06e8004fb197001203780087
:1012f0008c0f5300c9ff3c0040b620000080440022
:10130000100078000048a300120032002fb09700b0
:10131000f184250001187800a1512e000108780001
:10132000a2b52000028144002fb09700e4004000e5
:10133000c0222000090040009201780008017800d6
:10134000eec70200010000000880e8004300dd0055
:10135000260037000068a3001d0032009a009000ac
:101360006400450012c402000100000001b6200024
:10137000818044008008780008017800c1002000c6
:1013800002854400ca22b0000103de006f0363003f
:101390008003eb0044102e001510200006034200cd
:1013a00087834a009301800006f0a4008783d2005f
:1013b00007d0fe00164d780003d0fe000201e800c1
:1013c000e4805000e48f4000edff3a0064044400e4
:1013d000c0222000090040002fb19700880078004b
:1013e00060c80200010000004340dd004f077800a4
:1013f0004f06be004f05be004f04be008f01b10076
:101400000000060080417800410020000040eb0011
:1014100004ccb3000080fb004200de006381610069
:10142000e10f510006003200e30f510006003200c8
:101430000200e00005003a000074a000030037003d
:1014400004407000010037000064a0008100e90042
:10145000030032008381fb00c219de00edff37007c
:1014600000000600889fbe008a9fbe008c9fbe00c1
:101470000004be00010120006033b800f0ff23002b
:101480004e39dd004233de0006037100c23bde0050
:1014900087026000060278000403be008001eb00b2
:1014a000630164000205be001c0020000d00200046
:1014b0008c0f51008d8f59000b0032008c0f55009e
:1014c0008d8f5d00060039003c0020000d002000db
:1014d0008c0f55008d8f5d0009003a000700370022
:1014e00007f0a000060037000a0020000b002c00c7
:1014f0000a0373008b8373000100370007e0a0002c
:101500008100e90005003200ce4ddd004244de00de
:1015100008847500c24cde00d9ff37000600be000b
:101520004f06be004f05be004f04be00000006007f
:101530000400fa00889fbe008a9fbe008c9fbe00f8
:10154000000478000000eb00d26820000201440093
:101550006112b80084bf9f0095bf9f000cb12000ae
:101560000c0644008006eb004a6920000a0544008e
:101570008005eb00c2b1200082004400610ab8007f
:10158000880378000404be006101b9000202410032
:10159000838249008fb89700010341008c0042000c
:1015a0009140780001cb40000a014100080242004e
:1015b0009440780001c940000000e800e60f5000a8
:1015c000f1ff3a000704780080b2200000004400d8
:1015d0001040780000404000316920008100440044
:1015e00080487800a1b2200081004400914078003a
:1015f00081c040000104a000a26920000201440053
:101600000149780062b02000020144001200e000ad
:101610000900320032692000020144000074a00079
:1016200000497800a0692000000044000174a10076
:101630000148780008003700a26920000201440038
:101640000174a00001497800316920008100440044
:101650000074a10080487800306920000000440038
:1016600001c6b30010c87000a0692000000044004b
:1016700010c8700000b02000000044001000780086
:10168000e10f50000f00320020003900e30f50003e
:101690002e003a00c0b02000000044001000780086
:1016a00066fb0700b16920008100440042b02000c1
:1016b00002014400120178004411dd0080487100ed
:1016c00022003700b069200000004400c1b02000b3
:1016d00081004400110178004211dd0041b020007a
:1016e0008100440091007800c408dd0001417100d0
:1016f0000204a00081b02000810044009100780025
:10170000c508dd000148710010003700b1692000f4
:101710008100440040b02000000044001001780027
:101720004411dd00a0b0200000004400104078000b
:10173000004040000040710082b0200002014400df
:10174000120178004511dd008248700020b02000b1
:10175000000044001000e00007003200e0b020006c
:1017600000004400100078003ffb0700c169200022
:1017700001044400004c78004f06be004f05be0037
:101780004f04be000080fa0000000600f08747000a
:10179000889fbe008a9fbe008c9fbe008e1f78006f
:1017a00000047800e1b79f00a2b79f0041b6200077
:1017b0008100440000052000110060000c00320090
:1017c0000000eb00410d2000888040008008780078
:1017d000211a20008880400080087800e0b52000b1
:1017e00000004400210020000108780006003700b6
:1017f0001000200020ac980010949900e0b5200063
:10180000000044000008eb0041b6200081004400c5
:10181000000820001100600003003200e0b5200045
:10182000000044000008eb0080b4200000004400e9
:101830000008eb00efb09700310090000000e000de
:10184000410434000007eb000caf20000c064400fc
:10185000cbb320008b054400421a20000201440053
:10186000b2b79f000e00d000efb197001300400008
:10187000900478000a0120004db620008d06440037
:101880001c007800e20f50000402320005003c000a
:101890000000e00008003200e10f500023043a008d
:1018a0003a003700e30f5000d0023200e60f50003c
:1018b0001e043a0097033700180078009800900043
:1018c0000000400081804800008cbe000900e0005c
:1018d00003003d000002be000400a000048cbe0016
:1018e00089844400000820001d00600009003200c7
:1018f00088007800f2f72d0073d5250082a8be007d
:10190000420020000800780026db020001000000f1
:10191000080037008800780082e42500130f2000bb
:1019200082a8be00320020000800780026db0200fa
:10193000010000001d80a100e1b5200081004400ed
:10194000910f5000f9033c0010002000000e7800b9
:10195000e1ae2000810044000000eb008008780028
:10196000800d780021af20008100440080087800bd
:10197000c1b52000810044008008780021b6200015
:101980008100440080087800e803370063004400c9
:101990009040780081c04000014878000900e000d4
:1019a00003003d00630044000104a00001487800ea
:1019b0001b00e800800d780089844400e80f500087
:1019c000da033a00800deb001d0078000088a300c8
:1019d000200032000078a30011003200e0ae2000a9
:1019e00000004400f0b79f009002780085bf9f0080
:1019f0003840900083fe0700c268200003002000ea
:101a00008fb8970002814000e08149000201440044
:101a1000104198007fb197000109e80018003700d5
:101a2000e0ae20000000440090007800c268200072
:101a30000300200002814000e081490002014400cf
:101a4000b84190000201e80003c9ea000108e8007b
:101a50000b003700e0ae200000004400900078004a
:101a6000c26820000300200002814000e08149009c
:101a700002014400b8419000134198000108e800b9
:101a8000e0ae200000004400f4002000900f12009f
:101a9000a6033a00d06820000000440080bf9f00e9
:101aa0006801440084007800504f020001000000eb
:101ab000e1ae2000810044009188e9000000e000d0
:101ac0007101350021af20008100440091084000e1
:101ad000001f200001002000bfb29700808abe00d6
:101ae00005017800810720000fb897008a8802005e
:101af000010000000fb8970019fb0700f0b79f0026
:101b0000c0af200000004400ffb09700010878003b
:101b1000f068200000004400bffa0700c1b22000b6
:101b200081004400800878007fb197000208a3007c
:101b3000b4003200d0682000000044001080fb0098
:101b40004600de0061006000f0b79f00e0af2000bb
:101b500000004400ffb1970003087800e06820000f
:101b60000000440005fb0700e1b0200081004400b4
:101b7000800878007fb297000400e0001d0032006a
:101b800000b020000000440031002000010878006f
:101b900020b020000000440011002000010878005f
:101ba00040b0200000004400216920008100440072
:101bb0009180fb00c608de0061886000306920006b
:101bc0000000440028fb0700c1b020008100440051
:101bd0008008780060b020000000440061692000a7
:101be000810044009180fb00c608de00618860002f
:101bf000610037000000e00003003200e10f5000f8
:101c00003f003a002200370000b0200000004400ee
:101c1000110020000108780020b0200000004400de
:101c20000008eb0040b020000000440021692000c3
:101c3000810044009180fb00c608de0061886000de
:101c4000306920000000440007fb070081b020003d
:101c50008100440080087800706920000000440082
:101c60000efb0700c1b0200081004400800878000e
:101c700060b0200000004400616920008100440041
:101c80009180fb00c608de00618860003a003700e2
:101c900000b020000000440031002000010878005e
:101ca00020b02000000044000008eb0040b02000fd
:101cb0000000440021692000810044009180fb0065
:101cc000c608de0061886000306920000000440022
:101cd000e5fa0700c1b020008100440080087800c8
:101ce00060b02000000044006169200081004400d1
:101cf0009180fb00c608de00618860001e0037008e
:101d000000b02000000044000008eb0020b02000dc
:101d100000004400150020000508780040b02000b5
:101d20000000440021692000810044009180fb00f4
:101d3000c608de000588600030692000000044000d
:101d4000c9fa070081b020008100440080087800b3
:101d50006069200000004400c3fa0700a1b0200021
:101d6000810044008008780060b02000000044003a
:101d7000110020000108780001b12000810044001a
:101d80000fb897004afa0700c1b120008100440053
:101d9000306920000000440045fa070090692000e7
:101da0000000440081b22000810044001080fb004c
:101db0004401de00ef086100a1b220008100440070
:101dc000ef08600020b02000000044001000e00098
:101dd00005003200e0ae20000000440001012000b8
:101de0000108780004003700e0ae20000000440045
:101df000f10020000108780008007800ccfd070001
:101e0000060037007fb197000208a30003003a00e4
:101e1000e0ae2000000044000008eb00c0b220004b
:101e200000004400100078000000e0006100320073
:101e3000c1af20008100440091007800e280600082
:101e400003003a00010820009d806000200032005d
:101e5000f10e20000ed70200010000008002780081
:101e6000e1b220008100440085087800c1b2200062
:101e70008100440011037800110009000583d80097
:101e80000001780003b32000830144008209780038
:101e900023b32000830144008590b90080095300da
:101ea00041b32000810044000000eb00800878006e
:101eb000a1b32000810044008008780080b3200096
:101ec00000004400010120000108780020003700d4
:101ed000710f20000ed70200010000008002780080
:101ee000e1b220008100440085087800c1b22000e2
:101ef0008100440011017800110009000581d8001b
:101f00008000fd0003b320008301440081097800b4
:101f100023b32000830144008588b9008009510063
:101f200042b32000020144000000eb0000097800e9
:101f3000a2b32000020144000009780082b320000f
:101f4000020144004608de000000e80000094000ed
:101f500060b3200000004400110020000108780058
:101f6000620d20000801410080b320000000440001
:101f7000900078000000eb005c47020001000000c8
:101f800020b32000000044001000e00006003200f2
:101f900020002000000e780000b320000000440064
:101fa0001008e8006102370030002000000e7800c1
:101fb0005e023700000420001d00600007003200b0
:101fc00020af2000000044001000e00003003400b7
:101fd00060002000000e780054023700000eeb0075
:101fe000e0ae200000004400900078000fb8970099
:101ff00012c40200010000008000eb0042b4200087
:10200000020144000089be0002b420000201440025
:10201000b20f5000a28f580016003200c1b4200049
:1020200081004400100020008008780081b4200066
:102030008100440080087800e0ae200000004400e9
:10204000f0b79f00100278008fb997000041eb00b5
:10205000824078002fb09700de8c02000100000063
:10206000a0b4200000004400ffb0970011087800e1
:10207000010037001d30a000e0ae20000000440049
:102080000008eb0029023700000eeb0080b42000ae
:10209000000044000088eb00240237006300440085
:1020a0009040780081c04000014878000900e000bd
:1020b00003003d00630044000104a00001487800d3
:1020c0001b00e800800d780089844400e80f500070
:1020d00016023a00800deb001d0078000088a30076
:1020e000200032000078a30011003200e0ae200092
:1020f00000004400f0b79f001001780082bf9f00ed
:1021000038409000bffc0700c26820000300200098
:102110000fba970002014200e08149000201440029
:1021200010419800ffb29700840ae80018003700b9
:10213000e0ae20000000440090007800c26820005b
:102140000300200002814000e081490002014400b8
:10215000b84190000201e80003c9ea000108e80064
:102160000b003700e0ae2000000044009000780033
:10217000c26820000300200002814000e081490085
:1021800002014400b8419000134198000108e800a2
:10219000a0b32000000044009000e800010878008f
:1021a00082b320000201440000b32000000044007c
:1021b0001201780010004100808f5000db013a00ce
:1021c00060b3200000004400100178008001eb00a3
:1021d000e00c2000809ab9000011b8008301420091
:1021e00068014100e081490002014400e0ae2000a6
:1021f0000000440010801000c4682000050020008a
:1022000004024000e0824a00040044000000e800ac
:10221000504f0200010000000000e0006d0035009a
:1022200021af20008100440091084000001f2000e1
:10223000010020003fb29700008abe0000b32000da
:102240000000440090007800c308dd00e0ae2000ec
:102250000000440080bf9f00a0b3200000004400a5
:10226000f0b79f008fba97001501780080027800c0
:1022700015005100c2682000030020000201400048
:10228000e0814900020144000200e80004017800f6
:102290008a88020001000000ffb197008009eb006e
:1022a00080b32000000044000fba970014027800a9
:1022b000900052008fba9700810a780042b3200044
:1022c000020144001200e8000009780022b3200057
:1022d00002014400920f500094013a00e2b2200043
:1022e00002014400920f500034003a000004200024
:1022f0001d0060000700320020af200000004400f5
:102300001000e0000300340060002000000e7800a0
:1023100086013700000eeb00d0682000000044006a
:1023200080bf9f0012c40200010000008000eb008b
:1023300042b42000020144000089be0002b4200023
:1023400002014400b20f5000a28f58001600320064
:10235000c1b42000810044001000200080087800f3
:1023600081b420008100440080087800e0ae2000a5
:1023700000004400f0b79f00100278008fb997006a
:102380000041eb00824078002fb09700de8c020005
:1023900001000000a0b4200000004400ffb097003e
:1023a00011087800010037001d30a000e0ae2000c9
:1023b000000044000008eb005c0137003000200002
:1023c000000e780000b32000000044001008e9006f
:1023d00056013700000eeb0080b4200000004400de
:1023e000e1ff2f000108780050013700630044002e
:1023f0009040780081c04000014878000900e0006a
:1024000003003d00630044000104a000014878007f
:102410001b00e800800d780089844400e80f50001c
:1024200042013a00800deb001d0078000088a300f7
:10243000200032000078a30011003200e0ae20003e
:1024400000004400f0b79f001001780082bf9f0099
:1024500038409000ebfb0700c2682000030020001a
:102460000fba970002014200e081490002014400d6
:1024700010419800ffb29700840ae8001800370066
:10248000e0ae20000000440090007800c268200008
:102490000300200002814000e08149000201440065
:1024a000b84190000201e80003c9ea000108e80011
:1024b0000b003700e0ae20000000440090007800e0
:1024c000c26820000300200002814000e081490032
:1024d00002014400b8419000134198000108e8004f
:1024e000a0b32000000044009000e800010878003c
:1024f00082b320000201440000b320000000440029
:102500001201780010004100808f500007013a004e
:1025100060b3200000004400100178008001eb004f
:10252000e00c2000809ab9000011b800830142003d
:1025300068014100e081490002014400e0ae200052
:102540000000440010801000c46820000500200036
:1025500004024000e0824a00040044000000e80059
:10256000504f0200010000000000e0006300350051
:1025700021af20008100440091084000001f20008e
:10258000010020003fb29700008abe0000b3200087
:102590000000440090007800c308dd00e0ae200099
:1025a0000000440080bf9f00a0b320000000440052
:1025b000f0b79f008fba970015017800800278006d
:1025c00015005100c26820000300200002014000f5
:1025d000e0814900020144000200e80004017800a3
:1025e0008a88020001000000ffb197008009eb001b
:1025f00080b32000000044000fba97001402780056
:10260000900052008fba9700810a780042b32000f0
:10261000020144001200e80000097800e2b2200044
:1026200002014400920f5000c0003a000004200054
:102630001d0060000700320020af200000004400b1
:102640001000e0000300340060002000000e78005d
:10265000b6003700000eeb00d068200000004400f8
:1026600080bf9f0012c40200010000008000eb0048
:1026700042b42000020144000089be0002b42000e0
:1026800002014400b20f5000a28f58001600320021
:10269000c1b42000810044001000200080087800b0
:1026a00081b420008100440080087800e0ae200062
:1026b00000004400f0b79f00100278008fb9970027
:1026c0000041eb00824078002fb09700de8c0200c2
:1026d00001000000a0b4200000004400ffb09700fb
:1026e00011087800010037001d30a000e0ae200086
:1026f000000044000008eb008c003700000eeb00e7
:1027000080b4200000004400d1ff2f0001087800b1
:1027100086003700630044009040780081c040008c
:10272000014878000900e00003003d006300440018
:102730000104a000014878001b00e800800d78002b
:1027400089844400e80f500078003a00800deb00c7
:1027500021b6200081004400110078004400dd0013
:10276000800878009d0078000188a30020003200d6
:102770000178a30011003200e0ae20000000440008
:10278000f0b79f001001780082bf9f003840900092
:102790001cfb0700c2682000030020000fba97004e
:1027a00002014200e081490002014400104198000a
:1027b000ffb29700840ae80023003700e0ae200053
:1027c0000000440090007800c26820000300200050
:1027d00002814000e081490002014400b8419000bc
:1027e0000201e80003c9ea000108e800160037000a
:1027f00021b620008100440038419000f207b20069
:10280000cf91de000201410083814900040e2d00ba
:10281000c4b79f0015102000d5b79f004fb2970096
:10282000dfb297000201420083814a0094018000d8
:1028300002f0a4008381d20003d0fe0012017800d0
:1028400004d0fe0080087100c1b520008100440062
:102850001100e80080087800e40f500033003a00cf
:10286000000eeb00d06820000000440080bf9f00f5
:10287000e0ae200000004400900078000fb8970000
:1028800012c40200010000006101b80041b4200040
:10289000810044008288be0001b420008100440011
:1028a000b10f5100a18f59001f00320021b6200046
:1028b00081004400910f500016003a00c1b420007e
:1028c00081004400100020008008780081b42000be
:1028d0008100440080087800e0ae20000000440041
:1028e000f0b79f00100278008fb997000041eb000d
:1028f000824078002fb09700de8c020001000000bb
:10290000a0b4200000004400ffb297001508780032
:102910000600370080b4200000004400c1ff2f00f3
:1029200001087800010037001d30a0000a05e90009
:10293000d3fb3a000e07e800efb09700310090009b
:102940008e0f5000c7fb3c004f0778004f06be00bb
:102950004f05be004f04be000f01b100000006008d
:020000040000fa
:020000040002f8
:10296000b5a60000b6a60000b8a60000bba60000f1
:10297000bfa60000c4a60000caa60000d1a60000a1
:10298000d9a60000e1a60000eba60000f5a6000015
:1029900001a700000da700001aa7000028a700004b
:1029a00036a7000046a7000056a7000067a7000052
:1029b00079a700008ca700009fa70000b2a7000025
:1029c000c5a70000d8a70000eaa70000fba70000e9
:1029d0000ba800001aa8000027a8000032a80000d9
:1029e0003ba8000042a8000047a8000049a800003a
:1029f00049a8000047a8000043a800003da8000027
:102a000035a800002ba8000020a8000012a8000094
:102a100003a80000f2a70000e0a70000cda7000077
:102a2000b8a70000a2a700008ba7000073a70000b2
:102a30005aa7000041a7000027a700000da700002b
:102a4000f1a60000d5a60000b8a600009ba60000d5
:102a50007da600005fa6000040a6000022a60000a0
:102a600003a60000e6a50000c9a50000ada5000072
:102a700093a500007aa5000063a500004ea5000004
:102a8000c4a30000a4a300008aa3000076a3000052
:102a900069a3000062a3000062a3000069a3000014
:102aa00079a3000090a30000afa30000d6a300000c
:102ab00005a400003ca400007aa40000bfa400000c
:102ac0000ba500005ea50000b6a5000012a6000040
:102ad00073a60000d8a600003fa70000a9a7000029
:102ae00015a8000081a80000eea800005ba9000066
:102af000c7a9000031aa000098aa0000fcaa0000a3
:102b00005dab0000b9ab00000fac000060ac000092
:102b1000abac0000efac00002cad000062ad0000db
:102b20008fad0000b5ad0000d1ad0000e5ad0000f7
:102b3000efad0000efad0000e4ad0000d0ad00004f
:102b4000b0ad000086ad000051ad000011ad000039
:102b5000c5ac00006eac00000cac00009eab0000e9
:102b600024ab00009eaa00000daa000071a900007d
:102b7000c9a8000016a8000059a7000091a60000ef
:102b8000c1a50000e7a4000005a400001ca30000ec
:102b90002da2000037a100003da00000409f0000d2
:102ba000b89f0000c69e0000d29d0000dc9c000083
:102bb000e59b0000ee9a0000f999000005990000dd
:102bc00015980000299700004296000062950000c9
:102bd00089940000ba930000f49200003a92000039
:102be0008c910000ec9000005b900000db8f0000f7
:102bf0006c8f00000f8f0000c68e0000928e0000c8
:102c0000738e00006b8e00007a8e0000a08e000094
:102c1000e08e00003a8f0000ad8f00003c90000075
:102c2000e7900000ae9100009392000095930000a1
:102c3000b5940000f595000055970000d598000068
:102c4000759a0000379c0000199e00001da000002e
:102c500043a2000089a40000f2a600007ba90000a6
:102c600025ac0000f1ae0000dcb10000e7b40000cc
:102c700012b800005bbb0000c1be000045c20000ee
:102c8000e4c500009dc900006fcd00005ad10000ce
:102c90005bd5000071d900009bdd0000d8e1000089
:102ca00027e6000084ea0000f0ee000069f300006f
:102cb000ecf7000078fc00000c010000a605000005
:102cc000c79c0000b59b0000a59a000097990000e2
:102cd0008f9800008c970000909600009e95000051
:102ce000b5940000d79300000693000042920000c4
:102cf0008d910000e890000054900000d18f0000fa
:102d0000618f0000048f0000bb8e0000868e0000e3
:102d1000668e00005b8e0000678e0000898e0000ca
:102d2000c38e0000148f00007e8f00000190000011
:102d30009c900000519100001f920000079300003a
:102d400009940000259500005b960000ac970000f8
:102d5000179900009d9a00003e9c0000f99d00001c
:102d6000cf9f0000c0a10000cba30000f0a5000091
:102d70002ea8000085aa0000f6ac00007eaf00007f
:102d80001eb20000d5b40000a2b7000085ba000052
:102d90007cbd000088c00000a6c30000d6c60000ad
:102da00016ca000066cd0000c4d000002fd4000079
:102db000a7d7000028db0000b4de000048e20000d6
:102dc000e4e5000086e900002ded0000d8f00000e9
:102dd00086f4000036f80000e7fb000098ff0000d2
:102de000bd0b00006d1000001c150000c61900008e
:102df0006a1e000006230000982700001d2c00001a
:102e000093300000f734000049390000853d000090
:102e1000aa410000b5450000a5490000774d00001b
:102e200029510000bb54000029580000725b0000cb
:102e3000955e00009061000060640000056700007e
:102e40007d690000c56b0000de6d0000c46f0000ee
:102e500078710000f872000043740000587500009b
:102e600037760000df7600004e770000867700009e
:102e7000867700004f770000e0760000397600008a
:102e80005c75000048740000fe7200007f71000055
:102e9000cc6f0000e66d0000ce6b0000846900007e
:102ea0000b670000636400008f6100008f5e00000c
:102eb000655b0000145800009c54000000510000a5
:102ec000404d0000604900006045000044410000a2
:102ed0000d3d0000bd38000056340000dc2f00001e
:102ee0004f2b0000b42600000b220000581d0000ec
:102ef0009e180000dd1300001a0f0000560a0000a3
:102f0000cc0800005c0d0000ee11000081160000ee
:102f1000141b0000a41f000030240000b52800008e
:102f2000332d0000a63100000d360000663a000087
:102f3000ae3e0000e4420000054700000e4b0000da
:102f4000fe4e0000d2520000885600001d5a0000bc
:102f50008f5d0000dc60000001640000fc66000082
:102f6000cc6900006f6c0000e26e0000247100006c
:102f7000347300000f750000b57600002378000060
:102f800059790000557a0000177b00009d7b0000f6
:102f9000e87b0000f67b0000c87b00005e7b000041
:102fa000b67a0000d1790000b078000052770000b6
:102fb000b8750000e2730000d2710000876f000056
:102fc000036d0000486a0000556700002c64000093
:102fd000d0600000415d0000805900009155000064
:102fe00073510000294d0000b54800001a4400004c
:102ff000583f0000743a00006f3500004b3000006d
:103000000d2b0000b525000048200000c81a000064
:10301000381500009b0f0000f5090000480400006f
:10302000c00400007e080000360c0000e70f00001e
:103030009113000031170000c71a0000511e000054
:10304000cf2100003f250000a0280000f12b000048
:10305000322f0000623200007f3500008938000006
:103060007f3b0000613e00002e410000e543000070
:103070008746000013490000884b0000e54d000022
:103080002b500000585200006d5400006a5600009a
:103090004d580000185a0000ca5b0000635d000034
:1030a000e35e00004b6000009a610000d262000005
:1030b000f3630000fd640000f1650000d1660000cc
:1030c0009c67000053680000f86800008a690000ef
:1030d0000c6a00007d6a0000df6a0000326b0000ad
:1030e000786b0000b26b0000e06b0000036c000026
:1030f0001d6c00002d6c0000366c0000386c000068
:10310000336c0000286c0000176c0000036c00009a
:10311000ea6b0000cf6b0000b16b0000926b000007
:10312000726b0000526b0000336b0000146b0000e8
:10313000f76a0000dc6a0000c46a0000ae6a0000a2
:10314000cf0100006c05000008090000a20c00007f
:103150003a100000ce1300005e170000ea1a0000cb
:103160006f1e0000ed21000064250000d228000041
:10317000372c0000902f0000df32000020360000c6
:1031800054390000793c00008d3f0000914200005e
:10319000814500005f480000284b0000dc4d000026
:1031a0007a5000000253000072550000ca57000018
:1031b000095a00002f5c00003b5e00002d600000fb
:1031c00005620000c263000063650000e96600005c
:1031d00054680000a5690000da6a0000f56b000081
:1031e000f66c0000dd6d0000a96e00005d6f000050
:1031f000f76f000079700000e37000003571000087
:103200007171000096710000a6710000a1710000ac
:10321000877100005a7100001b710000c970000026
:1032200065700000f16f00006c6f0000d86e000048
:10323000366e0000866d0000ca6c0000026c000053
:10324000306b0000546a00006f6900008368000062
:10325000916700009a6600009e650000a06400006f
:103260000d07000060020000b7fd000014f9000027
:103270007bf40000ebef000068eb0000f4e60000d8
:103280008fe200003dde0000fdd90000d3d5000034
:10329000c0d10000c4cd0000e2c900001ac6000081
:1032a0006fc20000e0be000070bb00001eb800004e
:1032b000edb40000ddb10000edae000020ac000078
:1032c00073a90000e9a6000081a400003aa2000052
:1032d00016a00000139e0000329c0000729a0000ad
:1032e000d398000054970000f5950000b5940000b5
:1032f0009593000093920000af910000e9900000c8
:1033000040900000b28f0000408f0000e78e000068
:10331000a98e0000828e0000738e00007b8e00005c
:10332000988e0000c98e00000e8f0000658f00008f
:10333000ce8f000046900000cd900000629100000a
:1033400003920000af9200006593000023940000f8
:10335000e9940000b6950000879600005e97000093
:103360003898000015990000f3990000d39a0000e6
:10337000b49b0000949c0000739d0000519e0000cf
:103380001c0400004eff000089fa0000d0f5000088
:1033900024f1000089ec000000e800008ce300004c
:1033a0002fdf0000ebda0000c1d60000b4d200002d
:1033b000c4ce0000f3ca000042c70000b2c3000040
:1033c00044c00000f8bc0000cfb90000cab600003d
:1033d000e7b3000029b100008eae000017ac00007a
:1033e000c3a9000093a7000085a500009ba30000cf
:1033f000d2a100002aa00000a39e00003c9d000076
:10340000f49b0000ca9a0000bd990000cc9800000f
:10341000f69700003b970000989600000e9600007b
:103420009a9500003b950000f1940000ba940000ca
:10343000949400007e940000779400007e94000035
:1034400090940000ae940000d49400000395000016
:103450003895000073950000b2950000f3950000c8
:103460003696000079960000ba960000f9960000a2
:10347000359700006d970000a0970000ce970000e0
:10348000f597000016980000309800004298000060
:103490004e980000519800004e980000439800009c
:1034a0001000000070fa0000d1f4000035ef0000b9
:1034b000a1e9000016e4000097de000028d9000012
:1034c000ccd3000084ce000054c9000040c40000ea
:1034d00048bf000071ba0000bcb500002cb100006c
:1034e000c4ac000086a8000075a4000092a00000f3
:1034f000e09c000060990000159600000093000019
:10350000229000007c8d0000108b0000e0880000fd
:10351000eb86000033850000b98300007c82000048
:103520007f810000c0800000418000000180000019
:103530000180000041800000c18000008181000006
:1035400080820000bd83000039850000f286000003
:10355000e8880000198b0000858d0000299000008c
:1035600005930000189600005f990000d99c0000a8
:1035700085a0000060a4000068a800009aac0000cc
:10358000f6b0000077b500001cba0000e2be0000f3
:10359000c7c30000c8c80000e3cd000015d3000079
:1035a0005bd80000b3dd00001be300008fe80000e3
:1035b0000dee000093f300001df90000aafe0000cc
:1035c0001ffd00005ef70000a3f10000f1eb00001a
:1035d0004ae60000b3e000002fdb0000c1d5000088
:1035e0006cd0000032cb000018c6000020c10000e3
:1035f0004cbc00009fb700001cb30000c4ae00002c
:1036000099aa00009ea60000d4a200003d9f0000e1
:10361000da9b0000ac980000b5950000f79200001e
:1036200071900000268e0000158c0000408a00007a
:10363000a78800004a8700002a860000478500000e
:10364000a084000037840000098400001884000072
:1036500063840000e9840000aa850000a5860000bc
:10366000da87000047890000eb8a0000c58c000063
:10367000d38e000015910000899300002c96000065
:10368000fe980000fc9b0000259f000077a2000030
:10369000f0a500008da900004cad00002bb100008a
:1036a00028b5000040b9000071bd0000b8c100009d
:1036b00013c600007fca0000fbce000084d30000c8
:1036c00018d80000b4dc000057e10000fee500005f
:1036d000a7ea000050ef0000f7f300009bf800009d
:1036e000156c0000176c00001a6c00001f6c0000c5
:1036f000266c00002e6c0000366c0000406c000050
:10370000496c0000536c00005b6c0000636c0000af
:10371000696c00006c6c00006c6c0000696c00004f
:10372000626c0000556c0000426c0000296c0000c7
:10373000096c0000e16b0000af6b0000736b0000d0
:103740002b6b0000d66a0000746a0000046a000057
:1037500083690000f26800004f680000986700006d
:10376000cf660000f0650000fd640000f363000018
:10377000d26200009b6100004c600000e55e00002a
:10378000665d0000cf5b00001e5a00005558000027
:103790007256000076540000615200003250000062
:1037a000eb4d00008b4b00001249000081460000e9
:1037b000d943000019410000423e0000553b000083
:1037c000523800003a3500000d320000cc2e0000c7
:1037d000792b0000142800009d240000182100000f
:1037e000841d0000e3190000361600007f1200005f
:1037f000bf0e0000f70a00002b070000590300006d
:103800002469000005690000ed680000db68000025
:10381000d0680000cb680000ce680000d8680000c7
:10382000e9680000016900001f69000043690000a9
:103830006d6900009b690000cc690000016a00000e
:10384000366a00006d6a0000a26a0000d56a0000b6
:10385000036b00002d6b00004f6b00006a6b0000d3
:103860007a6b0000806b0000796b0000646b0000d5
:103870003f6b0000096b0000c06a0000636a000033
:10388000f069000067690000c56800000a68000070
:103890003467000042660000356500000a640000dd
:1038a000c062000058610000d05f0000275e000089
:1038b0005d5c0000725a000065580000355600003b
:1038c000e35300006f510000d84e00001f4c000071
:1038d000434900004646000027430000e63f000041
:1038e000853c00000339000062350000a231000071
:1038f000c52d0000cb290000b6250000882100005e
:10390000411d0000e418000072140000ee0f0000da
:10391000590b0000b5060000050200004bfd000039
:103920001865000027640000346300004062000056
:103930004c61000058600000655f0000745e00008c
:10394000865d00009a5c0000b25b0000cf5a000068
:10395000f159000019590000465800007b5700003b
:10396000b7560000fb550000475500009d5400006d
:10397000fc53000064530000d65200005352000074
:10398000d95100006951000004510000a950000005
:103990005850000012500000d54f0000a34f000007
:1039a0007b4f00005d4f0000494f00003e4f00007c
:1039b0003e4f0000494f00005e4f00007d4f000069
:1039c000a64f0000da4f0000185000005f500000c2
:1039d000b15000000d51000072510000e151000093
:1039e00058520000d952000063530000f553000004
:1039f0009054000032550000dc5500008d56000048
:103a00004557000002580000c45800008b590000c0
:103a1000575a0000265b0000f95b0000cf5c0000f5
:103a2000a75d0000815e00005d5f00003a6000005d
:103a300018610000f6610000d4620000b26300006b
:103a4000276200001661000007600000fc5e0000b5
:103a5000f65d0000f65c0000fd5b00000d5b000001
:103a6000265a00004959000076580000b05700005f
:103a7000f556000047560000a655000013550000fb
:103a80008c54000013540000a7530000485300005a
:103a9000f6520000b0520000775200004a52000077
:103aa0002952000013520000095200000952000080
:103ab0001452000029520000475200006e520000cc
:103ac0009d520000d35200001153000055530000d6
:103ad000a0530000f153000046540000a154000020
:103ae0000055000063550000c95500003256000023
:103af0009d5600000957000076570000e45700006b
:103b000051580000be580000295900009359000088
:103b1000fa5900005f5a0000c15a00001e5b000005
:103b2000775b0000cb5b0000195c0000615c00006b
:103b3000a35c0000dd5c0000115d00003e5d000044
:103b4000645d0000825d00009a5d0000a95d0000d8
:103b5000b25d0000b45d0000af5d0000a35d000039
:103b6000a6a0000090a1000076a2000055a30000ce
:103b70002ea4000000a50000cba500008ea600002a
:103b800048a70000faa70000a2a8000041a9000071
:103b9000d7a9000062aa0000e3aa00005aab000007
:103ba000c8ab00002aac000083ac0000d2ac00001f
:103bb00017ad000052ad000083ad0000abad0000ba
:103bc000c8ad0000dcad0000e6ad0000e6ad0000d1
:103bd000dead0000cbad0000b0ad00008cad00004c
:103be00060ad00002bad0000eeac0000abac0000ff
:103bf00060ac00000fac0000baab00005fab00008f
:103c000000ab00009daa000037aa0000cea900006a
:103c100063a90000f7a800008aa800001ca8000003
:103c2000afa7000042a70000d7a600006da60000c5
:103c300006a60000a1a500003fa50000e2a4000028
:103c400089a4000035a40000e7a300009fa30000a2
:103c50005da3000023a30000efa20000c2a20000a9
:103c60009ca200007ea2000066a2000057a20000f5
:103c70004ea200004ca2000051a200005da2000074
:103c8000b59d00007f9e0000489f000010a000002e
:103c9000d8a000009ea1000063a2000026a300009f
:103ca000e8a30000a8a4000066a5000022a600006a
:103cb000dba6000091a7000043a80000f2a80000c6
:103cc0009ca9000042aa0000e3aa00007dab00000e
:103cd00011ac00009eac000024ad0000a2ad0000bd
:103ce00018ae000086ae0000ebae000047af00004b
:103cf00099af0000e2af000022b0000057b0000012
:103d000081b00000a1b00000b7b00000c2b0000058
:103d1000c2b00000b7b00000a2b0000083b0000045
:103d20005ab0000026b00000e8af0000a1af0000cc
:103d30004faf0000f3ae00008eae00001fae0000db
:103d4000a8ad000027ad00009dac00000bac00004a
:103d500070ab0000ceaa000024aa000073a90000e6
:103d6000bba80000fea700003ca7000075a600004d
:103d7000a9a50000daa4000007a4000031a30000f8
:103d800059a200007fa10000a3a00000c69f000070
:103d9000e89e00000a9e00002c9d00004e9c000042
:103da000aa990000a199000090990000769900005e
:103db000549900002b990000fa980000c298000066
:103dc0008498000041980000f9970000ae97000029
:103dd0005f9700000f970000bd9600006c960000f2
:103de0001d960000d19500008895000045950000c3
:103df00009950000d5940000ab9400008b9400005e
:103e0000769400006f940000769400008c9400007b
:103e1000b3940000eb9400003795000097950000e4
:103e20000c960000979600003a970000f697000065
:103e3000cc980000be990000cb9a0000f69b0000d1
:103e4000409d0000a89e000030a00000d9a1000005
:103e5000a3a300008ea500009ba70000cba9000033
:103e60001dac000091ae000028b10000e1b30000dd
:103e7000bdb60000bab90000d9bc00001ac00000ed
:103e80007bc30000fdc600009eca00005ece00009d
:103e90003bd2000035d600004ada000078de000090
:103ea000bfe200001ce700008eeb000012f00000f3
:103eb000a7f400004bf90000fbfd0000b502000074
:103ec000b89600008f9600006296000031960000c0
:103ed000fe950000c8950000929500005b950000db
:103ee00024950000f0940000bd9400008e94000022
:103ef000639400003d9400001d94000004940000b1
:103f0000f2930000e8930000e8930000f0930000b3
:103f100003940000219400004b9400008294000060
:103f2000c6940000199500007a950000ec950000f9
:103f30006e96000002970000a897000061980000ac
:103f40002d9900000e9a0000039b00000d9c0000bc
:103f50002e9d0000659e0000b49f00001ba1000084
:103f60009aa2000031a40000e2a50000aba7000067
:103f70008ea900008aab00009fad0000ceaf00000c
:103f800015b2000075b40000eeb600007fb9000065
:103f900027bc0000e7be0000bec10000abc40000ab
:103fa000aec70000c6ca0000f3cd000034d1000047
:103fb00087d40000ecd7000063db0000e8de0000df
:103fc0007ce200001de60000cae9000081ed00006f
:103fd00041f1000009f50000d5f80000a7fc000041
:103fe000ae050000480b0000d9100000601600006c
:103ff000da1b00004321000099260000da2b0000a4
:104000000231000010360000003b0000d13f0000ec
:10401000804400000a4900006e4d0000a9510000d4
:10402000ba5500009f590000565d0000dd60000099
:104030003364000056670000456a0000fe6c000013
:10404000806f0000c9710000da730000b0750000d5
:104050004b770000aa780000cd790000b37a000009
:104060005c7b0000c77b0000f67b0000e87b000063
:104070009d7b0000177b0000567a00005b790000f2
:1040800026780000b9760000157500003b7300002b
:104090002d710000eb6e0000776c0000d469000009
:1040a0000267000004640000db600000895d00001e
:1040b000105a000073560000b4520000d54e0000a4
:1040c000d84a0000c04600008f420000483e000071
:1040d000ed39000081350000053100007c2c000026
:1040e000e82700004c230000a91e0000021a00006f
:1040f00059150000b0100000090c00006507000011
:10410000bd02000036080000ac0d00001b130000cb
:1041100083180000e01d0000312300007228000019
:10412000a22d0000be320000c4370000b23c0000e7
:104130008441000039460000ce4a0000414f000093
:104140008f530000b7570000b55b0000885f000088
:104150002d630000a2660000e5690000f56c000018
:10416000cf6f000073720000de7400001077000053
:1041700007790000c17a00003e7c00007d7d0000d0
:104180007d7e00003e7f0000bf7f0000ff7f0000bb
:10419000ff7f0000bf7f00003f7f00007f7e0000a8
:1041a000807d0000437c0000c77a00000e7900008b
:1041b00018770000e77400007b720000d76f0000e2
:1041c000fb6c0000e8690000a166000027630000a6
:1041d0007b5f0000a05b0000985700006653000062
:1041e0000a4f0000894a0000e44500001e4100001b
:1041f000393c0000383700001d320000eb2c000075
:10420000a52700004d220000e51c000071170000ea
:10421000f31100006d0c0000e306000056010000e1
:10422000b2fe000058030000f3070000810c0000fc
:10423000001100006d150000c81900000e1e0000de
:104240003e22000057260000572a00003d2e0000a5
:1042500008320000b735000048390000bb3c0000c0
:1042600010400000454300005b460000504900003c
:10427000254c0000d94e00006c510000de530000b8
:104280002e5600005c580000695a0000555c000082
:10429000205e0000ca5f000053610000bd620000a4
:1042a00008640000346500004266000034670000c6
:1042b0000a680000c568000068690000f269000033
:1042c000666a0000c56a00000f6b0000466b0000c4
:1042d0006c6b0000826b0000896b0000826b000039
:1042e000706b0000526b00002c6b0000fd6a000038
:1042f000c86a00008d6a00004e6a00000d6a000066
:10430000ca6900008769000046690000076900006b
:10431000cb6800009368000060680000326800000d
:104320000b680000ea670000d0670000be6700006d
:10433000b2670000af670000b2670000bd67000011
:10434000c0fb000047000000c60400003d0900005b
:10435000a90d00000b12000060160000a71a000053
:10436000de1e0000062300001b2700001e2b00009d
:104370000c2f0000e5320000a8360000533a000080
:10438000e53d00005d410000ba440000fb4700002d
:104390001f4b0000254e00000c510000d5530000bb
:1043a0007d560000065900006e5b0000b55d000000
:1043b000dc5f0000e1610000c5630000886500006b
:1043c00029670000aa6800000b6a00004b6b000020
:1043d0006b6c00006d6d0000516e0000176f0000e7
:1043e000c06f00004e700000c07000001971000026
:1043f000577100007e7100008d7100008571000012
:104400006871000037710000f27000009b700000be
:1044100032700000ba6f0000336f00009e6e000023
:10442000fd6d0000516d00009b6c0000dd6b000015
:10443000176b00004a6a000079690000a26800005a
:10444000c8670000eb6600000d6600002d650000e7
:104450004c6400006c6300008d620000af610000de
:10446000fe0000003afd000074f90000aef5000007
:10447000eaf1000028ee00006aea0000b1e6000060
:10448000ffe2000055df0000b5db00001fd8000090
:1044900095d4000019d10000abcd00004dca00003a
:1044a00000c70000c5c300009dc0000089bd00001a
:1044b0008bba0000a3b70000d2b4000018b200000d
:1044c00076af0000edac00007daa000026a8000039
:1044d000e8a50000c5a30000bba10000cc9f000020
:1044e000f79d00003d9c00009d9a00001799000078
:1044f000ac9700005b960000269500000b9400002e
:104500000a9300002392000057910000a39000003e
:1045100009900000878f00001d8f0000cb8e0000e7
:104520008f8e00006a8e00005a8e00005f8e0000a1
:10453000798e0000a68e0000e58e0000378f000007
:104540009b8f00000f9000009490000028910000c5
:10455000ca9100007a92000036930000fe9300009a
:10456000d0940000ac950000919600007d9700006b
:104570006f98000066990000629a0000609b00003e
:104580000dfe000029fa000047f600006af2000064
:1045900093ee0000c5ea000002e700004ae30000d5
:1045a0009fdf000004dc000079d8000000d5000087
:1045b0009ad1000048ce00000bcb0000e4c70000f9
:1045c000d5c40000dcc10000fcbe000034bc00000b
:1045d00085b90000efb6000072b400000fb2000011
:1045e000c6af000097ad000081ab000086a90000b7
:1045f000a4a70000dca500002da4000097a20000e5
:1046000019a10000b39f0000659e00002e9d0000d0
:104610000d9c0000039b00000f9a00002f990000e2
:1046200064980000ad97000008970000769600009f
:10463000f49500008395000021950000ce940000c1
:10464000889400004e94000020940000fd93000028
:10465000e3930000d3930000ca930000c8930000c6
:10466000cd930000d8930000e9930000fd93000073
:1046700016940000319400004f9400006e940000e6
:104680008e940000ae940000cd940000ec940000e5
:1046900009950000249500003c950000529500000b
:1046a00002fa00004bf500008ef00000cfeb000096
:1046b00010e7000052e2000098dd0000e5d800009d
:1046c0003bd400009dcf00000ccb00008bc6000047
:1046d0001ec20000c6bd000085b900005fb5000025
:1046e00055b100006bad0000a2a90000fca50000c0
:1046f0007da20000269f0000f99b0000f8980000b2
:1047000025960000809300000d910000cb8e0000e4
:10471000be8c0000e58a000042890000d7870000b7
:10472000a3860000a9850000e984000063840000de
:10473000188400000a84000038840000a28400006d
:104740004a8500002f86000050870000ae880000d8
:10475000488a00001e8c00002e8e00007990000018
:10476000fd920000b8950000ab980000d49b0000bb
:10477000309f0000bfa2000080a600006faa0000ca
:104780008dae0000d7b200004bb70000e6bb0000c2
:10479000a8c000008cc5000091ca0000b5cf000081
:1047a000f3d400004bda0000b8df000038e5000069
:1047b000c8ea000065f000000bf60000b8fb00003e
:1047c00010f7000039f2000061ed00008be80000f6
:1047d000b9e30000f0de000030da00007ed5000012
:1047e000dbd000004bcc0000d0c700006cc3000041
:1047f00022bf0000f4ba0000e5b60000f6b20000e7
:104800002aaf000083ab000001a80000a8a40000ac
:1048100077a10000729e00009a9b0000ef980000b4
:10482000749600002a940000119200002b90000062
:10483000798e0000fc8c0000b48b0000a18a00007f
:10484000c589000020890000b18800007a88000036
:104850007a880000b188000020890000c789000024
:10486000a48a0000b88b0000028d0000818e000039
:10487000349000001a920000329400007c960000f0
:10488000f59800009d9b0000719e000071a1000042
:104890009ba40000eca7000064ab000000af000088
:1048a000c0b20000a0b60000a0ba0000bcbe00006c
:1048b000f3c2000043c70000aacb000024d00000d0
:1048c000b1d400004cd90000f5dd0000a8e20000e2
:1048d00062e7000023ec0000e6f00000aaf500000b
:1048e00006660000f1660000d8670000b9680000a5
:1048f000956900006a6a0000386b0000fd6b0000db
:10490000b96c00006b6d0000136e0000af6e00000c
:104910003e6f0000c16f0000367000009c70000008
:10492000f3700000397100006f7100009471000095
:10493000a7710000a7710000937100006b71000067
:104940002e710000db70000071700000ef6f00003e
:10495000566f0000a36e0000d86d0000f36c0000dd
:10496000f36b0000d96a0000a469000054680000dd
:10497000e966000063650000c26300000762000092
:1049800031600000405e0000355c0000105a0000fd
:10499000d25700007b5500000a53000082500000ef
:1049a000e24d00002b4b00005e4800007b450000fc
:1049b00084420000783f00005a3c00002a39000081
:1049c000ea3500009a3200003c2f0000d12b000095
:1049d00059280000d82400004c210000b81d000018
:1049e0001c1a00007a160000d3120000280f0000e5
:1049f0007a0b0000ca0700001904000068000000dc
:104a000015630000e0630000aa6400007565000003
:104a10003f66000008670000d0670000956800004e
:104a2000596900001a6a0000d76a00008f6b000005
:104a3000436c0000f06c0000966d0000336e0000c7
:104a4000c86e0000516f0000cf6f00003f70000083
:104a5000a1700000f370000034710000627100006a
:104a60007e71000084710000757100004f710000bc
:104a700011710000ba70000049700000bd6f0000a5
:104a8000156f0000506e00006d6d00006b6c000033
:104a90004b6b00000b6a0000ab6800002b67000046
:104aa0008b650000c9630000e7610000e35f000060
:104ab000bd5d0000775b00000e59000085560000c8
:104ac000db5300000f510000244e0000194b000082
:104ad000ee470000a54400003f410000bb3d000040
:104ae0001c3a00006336000091320000a62e000040
:104af000a52a00008f26000065220000281e000065
:104b0000d91900007c15000010110000970c00005e
:104b10001408000088030000f4fe00005afa0000a8
:104b20000a5f0000025f0000f25e0000db5e000032
:104b3000bb5e0000955e0000675e0000315e000015
:104b4000f55d0000b35d00006a5d00001b5d0000c4
:104b5000c75c00006e5c0000105c0000ae5b0000f3
:104b6000485b0000df5a0000745a0000075a00003a
:104b7000995900002a590000bb5800004b5800000a
:104b8000dc5700006e5700000057000095560000eb
:104b90002b560000c35500005f550000fd54000077
:104ba0009f54000046540000f0530000a053000042
:104bb0005553000011530000d45200009e520000d3
:104bc000715200004b5200002f5200001b52000097
:104bd00011520000115200001c520000305200001f
:104be000505200007a520000af520000ef52000015
:104bf0003b53000092530000f45300006254000045
:104c0000dc54000062550000f35500008f56000090
:104c100037570000ea570000a75800006f590000fe
:104c20003f5a0000195b0000fb5b0000e45c0000e1
:104c3000d35d0000c95e0000c35f0000c0600000db
:104c4000185c0000f05b0000c55b0000965b000094
:104c5000655b0000325b0000fe5a0000ca5a00008b
:104c6000955a0000615a00002e5a0000fc590000bd
:104c7000cb5900009c5900007059000045590000b4
:104c80001d590000f7580000d4580000b358000028
:104c900093580000765800005b580000425800000e
:104ca0002c5800001758000005580000f557000068
:104cb000e7570000da570000d0570000c85700003f
:104cc000c1570000bc570000b9570000b75700009b
:104cd000b7570000b9570000bd570000c357000088
:104ce000cb570000d5570000e0570000ee570000fa
:104cf000fd5700000e5800002058000033580000f7
:104d0000485800005e580000755800008d5800009b
:104d1000a6580000bf580000d9580000f358000002
:104d20000f5900002b590000485900006559000038
:104d300083590000a1590000c0590000de5900004d
:104d4000fd5900001a5a0000375a0000535a00005b
:104d50006d5a0000865a00009d5a0000b25a0000a9
:020000040000fa
:020000040002f8
:104d6000889fbe008a1f7800000478008004eb0052
:104d7000400520000800400009087800a005200038
:104d800008004000090878000801780010002000a1
:104d9000210120009a84020001000000406a2000e6
:104da000302c9800600620000800400009087800b8
:104db0004006200008004000090878002007200075
:104dc0000800400009087800f0ff2700402c9800f8
:104dd0006000b8005024980061249800e00420008e
:104de000080040000908780008289000cf80de0005
:104df000f30f5000e08f580096003e0000060100bf
:104e000013003700290037009200370015003700e3
:104e1000190037008f0037008e0037008d003700f3
:104e20001d003700170037008a003700890037005f
:104e3000840037007e0037007600370020003700fe
:104e40004a00370083003700820037000a0037002d
:104e5000703e2000302c980020002000102c98007c
:104e60007c003700401f2000302c980020002000dc
:104e7000102c98007700370020002000102c98009c
:104e800074003700c05d2000302c9800a000200086
:104e9000102c98006f003700c05d2000302c980067
:104ea00050002000102c98006a003700004e2000af
:104eb000302c98002805b000000ceb00650037008e
:104ec000f0402000302c980002942d001310200098
:104ed0000000eb002a04200008054500890420009a
:104ee0006102b9000402420085824a00848fd20028
:104ef0008582d20004f0a1008400d0003a03d000e3
:104f0000068240004220a800aa824a004200a9006e
:104f10004220ae004200a8000482d300910180002c
:104f20000203780006f0a4008383d20007d0fe00bd
:104f30001603780001d0fe00a101800085037800ef
:104f4000a7018800060a7800a10188000000e80097
:104f500062014100e0814900890f5000e0ff3a0002
:104f600030002000102c98003a003700f08120001b
:104f7000302c9800c2f12d00131020000000eb002f
:104f800029042000888444006102b9000402420020
:104f900085824a00848fd2008582d20004f0a1006d
:104fa0008400d0003903d000068240004220a800cf
:104fb000a9824a004200a9004220ae004200a80097
:104fc0000482d300910180000203780006f0a4005f
:104fd0008383d20007d0fe001603780001d0fe00c4
:104fe000a101800085037800a7018800060a7800e7
:104ff000a10188000000e80062014100e081490051
:10500000fb0f5000e0ff3a0020002000102c980019
:1050100010003700f0812000302c980090612600ad
:10502000402c980020012000102c98000900370027
:10503000c05d2000302c9800a0002000102c9800ab
:1050400004003700c05d2000302c98005000200084
:10505000102c98004f0578004f04be000000060099
:10506000ea874700889fbe008a9fbe008c9fbe00d3
:105070008e1f78000005780001077800e2b79f00d6
:10508000660047000008eb000200e0002d0034003d
:105090006b0520008a854500680420000a0444004e
:1050a000e60447008005200000004500d0b79f00bf
:1050b0001b017800cf91de00180078009800900066
:1050c000a4b3020001000000008cbe00110020000b
:1050d0000a007800f4890200010000001906d000df
:1050e0001e064600dfb09700910678000001eb0035
:1050f00082bf9f00f30320009a816100f3b79f00f5
:105100007fb197008fb9970038004100a88049000f
:105110000002b1000180b100c2b302000100000032
:105120008d00780096b5020001000000000e7800a6
:105130001900e800800c7800efb19700808f5100d3
:10514000dbff3c004f0778004f06be004f05be0056
:105150004f04be00af00b1000000060050219000d7
:10516000e0219000e00f5100e08f590008003d0061
:10517000f02890000118a3000c003200e205200086
:10518000000141000100a00001097800070037007c
:10519000f02890000118a30004003a00e205200066
:1051a000000141000100a00001097800f0289000f2
:1051b0000130980000000600889fbe005023900038
:1051c000e0239000cf38de008100d00004002000f2
:1051d000050024008781620004017800e00f51007f
:1051e000e08f5900010032000100a000f02990007a
:1051f0000310a7000130a000003390000610a700a4
:105200000120a000610cb8000804440089844c000f
:10521000a4042e00151020000802420089824a00d2
:105220009101800004f0a4008582d20005d0fe0028
:105230001402780001d0fe00e105200080804000cb
:1052400083087200a2062e001310200008014100fe
:10525000898149009401800002f0a4008381d2007a
:1052600003d0fe001201780004d0fe000006b0005a
:10527000060871004f04be00000006000f02b000d7
:10528000889fbe008a9fbe008c9fbe008e1f780044
:105290000004780081067800d2b79f00668046003f
:1052a0000008eb000000eb00a0af9f00dfb097000c
:1052b0000100e00003013400ac07200008064600ae
:1052c000a305200083014400f3b79f00c40720001a
:1052d00004024400c4af9f00e5072000850244009b
:1052e000b5af9f00a606200006034400e6b79f0066
:1052f0001c00e000b4003a00ffb397001700e00084
:105300003f003a00e9052000888444001900780035
:10531000800c40000006200008004000900078004b
:105320000188400008007800a3ff0700a0042000c7
:105330000800400010027800900290004229dd0031
:10534000ce21de00830171004221dd000288be0013
:10535000e0042000080040001088e9002fa8970012
:105360000080e800a0af9f00190078000058a3005b
:10537000090032000080ea007f006000f200b900fe
:10538000cfa897008008780000082000080040009f
:105390001000a000070037007f006000f200b90095
:1053a000cfa997008009780000082000080040007d
:1053b0001000a100083090000058a300090032003e
:1053c0000080ea007f006000f200b9003faa970069
:1053d000000a780000082000080040001010a0001b
:1053e000070037007f006000f200b900bfaa9700f5
:1053f000800a780000082000080040001010a1007a
:105400007fb3970016007800cfab970017024000db
:10541000bfa89700910140000000e800000b780051
:10542000f10f500001003400000beb00efb29700c9
:1054300095007800413498006830900070349800ee
:10544000088190000208a300140032008002eb00e3
:105450000402420085824a0086ec2900b6b79f000c
:1054600017102000c7b79f003fb39700cfb3970036
:105470000402430085824b009601800004f0a400e2
:105480008582d20005d0fe001402780006d0fe000e
:10549000efb39700840bea00130037008002eb00a3
:1054a0000402420085824a0086ec290096b79f00dc
:1054b00017102000a7b79f001fb39700afb3970046
:1054c0000402430085824b009601800004f0a40092
:1054d0008582d20005d0fe001402780006d0fe00be
:1054e000efb39700840b78000218a3001500320078
:1054f0006119b800020141008381490084ec290050
:10550000f4af9f001510200085b79f007fab970078
:105510008fb397000201430083814b009401800008
:1055200002f0a4008381d20003d0fe0012017800b3
:1055300004d0fe00c3062000888141008209ea00f1
:10554000120037006119b80002014100838149004f
:1055500087ec2900d7af9f0014102000e4af9f0014
:105560005fab9700efab97000201430083814b00d4
:105570009401800002f0a4008381d20003d0fe00d9
:105580001201780004d0fe00623498000207200067
:1055900008014100efb39700178910008000eb006d
:1055a000220720000801410001097800e83190003d
:1055b00042072000080141000089510060072000d7
:1055c00008004000010878001c00e800000e780088
:1055d000e30f500001003400000eeb0069042000ce
:1055e000888444001900780099009000c25d200072
:1055f00003002000a4b3020001000000808cbe0064
:10560000e68546001b07d0001d074700a8b402002e
:1056100001000000800078002a07200008054500ee
:105620001a0078004280de004831900002004000fd
:1056300096b50200010000008120250096b5020009
:1056400001000000000f78001b07d0001d07470075
:105650001e00780080bf9f0019007800990090001c
:10566000c2b302000100000080007800690720003a
:1056700088844400190078004280de007831900070
:105680000200400096b502000100000081202500c4
:1056900096b50200010000008fb89700010f40008e
:1056a000083890001a0d400028389000990c4000ee
:1056b0001b00e800800d7800dfb19700808f51005b
:1056c0000bff3c002fa897004f0778004f06be0045
:1056d0004f05be004f04be000f02b10000000600df
:1056e0000f02b000889fbe008a9fbe008c9fbe0044
:1056f0008e1f78000004780081067800d2b79f00e2
:10570000668046000008eb000000eb00a0af9f00a1
:10571000dfb097000100e00003013400ac07200077
:1057200008064600a305200083014400f3b79f004c
:10573000c407200004024400c4af9f00e507200016
:1057400085024400b5af9f00a60620000603440072
:10575000e6b79f001c00e000b4003a00ffb39700da
:105760001700e0003f003a00e9052000888444006b
:1057700019007800800c400000062000080040005e
:105780009000780001884000080078008afe070039
:10579000a004200008004000100278009002900051
:1057a0004229dd00ce21de00830171004221dd00af
:1057b0000288be00e0042000080040001088e900d4
:1057c0002fa897000080e800a0af9f001900780084
:1057d0000098a300090032000080ea00f01fb20028
:1057e000ec00b900cfa897008008780000082000de
:1057f000080040001000a00007003700f01fb200b2
:10580000ec00b900cfa997008009780000082000bb
:10581000080040001000a100083090000098a3008c
:10582000090032000080ea00f01fb200ec00b9006d
:105830003faa9700000a78000008200008004000f6
:105840001010a00007003700f01fb200ec00b900f4
:10585000bfaa9700800a78000008200008004000d6
:105860001010a1007fb3970016007800cfab97000f
:1058700017024000bfa89700910140000000e80017
:10588000000b7800eb0f500001003400000beb0020
:10589000efb297009500780041349800683090008e
:1058a00070349800088190000208a30014003200b0
:1058b0008002eb000402420085824a00065727005e
:1058c000b6b79f0007102000c7b79f003fb39700ef
:1058d000cfb397000402430085824b0096018000fd
:1058e00004f0a4008582d20005d0fe0014027800e6
:1058f00006d0fe00efb39700840bea0013003700d8
:105900008002eb000402420085824a00065727000d
:1059100096b79f0007102000a7b79f001fb39700fe
:10592000afb397000402430085824b0096018000cc
:1059300004f0a4008582d20005d0fe001402780095
:1059400006d0fe00efb39700840b78000218a30086
:10595000150032006119b80002014100838149003d
:1059600004572700f4af9f000510200085b79f0063
:105970007fab97008fb397000201430083814b00f8
:105980009401800002f0a4008381d20003d0fe00c5
:105990001201780004d0fe00c30620008881410077
:1059a0008209ea00120037006119b80002014100c3
:1059b0008381490007572700d7af9f0004102000bc
:1059c000e4af9f005fab9700efab9700020143008d
:1059d00083814b009401800002f0a4008381d200f7
:1059e00003d0fe001201780004d0fe00623498005b
:1059f0000207200008014100efb39700178910004b
:105a00008000eb0022072000080141000109780016
:105a1000e831900042072000080141000089510050
:105a20006007200008004000010878001c00e80022
:105a3000000e7800e30f500001003400000eeb0070
:105a400069042000888444001900780099009000bf
:105a50002267200003002000a4b302000100000020
:105a6000808cbe00e68546001b07d0001d0747005e
:105a7000a8b4020001000000800078002a0720007e
:105a8000080545001a0078004280de004831900089
:105a90000200400096b502000100000081202500b0
:105aa00096b5020001000000000f78001b07d0002f
:105ab0001d0747001e00780080bf9f001900780076
:105ac00099009000c2b3020001000000800078003d
:105ad0006907200088844400190078004280de00b5
:105ae000783190000200400096b5020001000000ed
:105af0008120250096b50200010000008fb89700b4
:105b0000010f4000083890001a0d4000283890001e
:105b1000990c40001b00e800800d7800dfb1970071
:105b2000808f51000bff3c002fa897004f07780093
:105b30004f06be004f05be004f04be000f02b1006d
:105b4000000006000f02b000889fbe008a9fbe00c2
:105b50008c9fbe008e1f78000004780081067800bc
:105b6000d2b79f00668046000008eb000000eb0003
:105b7000a0af9f00dfb097000100e00008013400f3
:105b8000ac07200008064600a3052000830144005e
:105b9000f3b79f00c407200004024400c4af9f0075
:105ba000e507200085024400b5af9f00a60620004f
:105bb00006034400e6b79f001c00e000b9003a006d
:105bc000ffb397001700e00043003a00e90520000a
:105bd0008884440019007800800c400000062000f2
:105be000080040009000780001884000080078001c
:105bf00071fd0700a004200008004000100278009a
:105c0000900290004229dd00ce21de008301710068
:105c10004221dd000288be00e004200008004000b0
:105c20001088e9002fa897000080e800a0af9f002f
:105c3000990078000158a3000a0032008180ea0030
:105c4000ff806000800420008088b900cfa8970002
:105c50008008780000082000080040001000a00024
:105c600008003700ff806000800420008088b900b1
:105c7000cfa99700800978000008200008004000a4
:105c80001000a100883090000158a3000a003200e3
:105c90008180ea00ff806000800420008088b900d5
:105ca0003faa9700000a7800000820000800400082
:105cb0001010a00008003700ff8060008004200062
:105cc0008088b900bfaa9700800a780000082000e9
:105cd000080040001010a1007fb397001600780064
:105ce000cfab970017024000bfa89700910140007a
:105cf0000000e800000b780071042000810f5000c4
:105d000001003400000beb00efb297009500780023
:105d100041349800683090007034980008819000f9
:105d20000208a300140032008002eb0004024200cb
:105d300085824a00064b2100b6b79f00171020004d
:105d4000c7b79f003fb39700cfb39700040243004b
:105d500085824b009601800004f0a4008582d20069
:105d600005d0fe001402780006d0fe00efb39700c5
:105d7000840bea00130037008002eb0004024200ab
:105d800085824a00064b210096b79f00171020001d
:105d9000a7b79f001fb39700afb39700040243005b
:105da00085824b009601800004f0a4008582d20019
:105db00005d0fe001402780006d0fe00efb3970075
:105dc000840b78000218a300150032006119b80096
:105dd0000201410083814900044b2100f4af9f0080
:105de0001510200085b79f007fab97008fb39700f9
:105df0000201430083814b009401800002f0a40063
:105e00008381d20003d0fe001201780004d0fe008e
:105e1000c3062000888141008209ea001200370091
:105e20006119b8000201410083814900074b21003c
:105e3000d7af9f0014102000e4af9f005fab970026
:105e4000efab97000201430083814b009401800077
:105e500002f0a4008381d20003d0fe00120178007a
:105e600004d0fe00623498000207200008014100bf
:105e7000efb39700178910008000eb002207200085
:105e80000801410001097800e83190004207200034
:105e9000080141000089510060072000080040000f
:105ea000010878001c00e800000e7800e30f5000a5
:105eb00001003400000eeb006904200088844400d7
:105ec0001900780099009000c25d200003002000b6
:105ed000a4b3020001000000808cbe00e6854600ed
:105ee0001b07d0001d074700a8b4020001000000f6
:105ef000800078002a072000080545001a00780075
:105f00004280de00483190000200400096b5020059
:105f1000010000008120250096b50200010000006c
:105f2000000f78001b07d0001d0747001e007800f7
:105f300080bf9f001900780099009000c2b3020052
:105f40000100000080007800690720008884440078
:105f5000190078004280de00783190000200400095
:105f600096b50200010000008120250096b50200d0
:105f7000010000008fb89700010f40000838900022
:105f80001a0d400028389000990c40001b00e800d2
:105f9000800d7800dfb19700808f510006ff3c0034
:105fa0002fa897004f0778004f06be004f05be0090
:105fb0004f04be000f02b10000000600f487470046
:105fc000889fbe008a9fbe008c9fbe008e1f7800f7
:105fd0000004780081067800e2b79f0066804600e2
:105fe0000008eb000000eb0080b79f000200e0001b
:105ff0009c003400ab07200088854500ac052000dc
:1060000008064600c10720008100440091b79f00a8
:10601000a206200002014400f2b79f00840620007f
:106020000402440084bf9f001b00e00069003a00a6
:106030001c00e0002a003a00e905200088844400a2
:1060400019007800800c4000000620000800400085
:106050009000780001884000080078003ffc0700ad
:10606000a00420000800400010017800900190007a
:1060700002014100838149000288be00e004200043
:10608000080040001008e9008fb297008502e80080
:1060900085b79f00190078000058a300090032005e
:1060a0000080ea007f006000f200b9009fb0970016
:1060b0008008780000082000080040001000a000c0
:1060c000070037007f006000f200b9001fb19700a1
:1060d0000009780000082000080040001000a1001e
:1060e0001c0078001fb29700140140000000e80077
:1060f000000e7800f10f500001003400000eeb009c
:10610000ffb29700150078008fb8970080087800dc
:10611000888090000108a300140032008001eb0089
:10612000020141008381490084ec2900c4b79f002b
:1061300015102000d5b79f004fb29700dfb297002f
:106140000201420083814a009101800002f0a40014
:106150008381d20003d0fe001201780001d0fe003e
:10616000ffb29700820aea00130037008001eb00bb
:10617000020141008381490081ec2900a1b79f0001
:1061800014102000b4b79f002fb29700bfb2970041
:106190000201420083814a009101800002f0a400c4
:1061a0008381d20003d0fe001201780001d0fe00ee
:1061b000ffb29700820a7800010720008880400023
:1061c0007fb19700920810002007200008004000cf
:1061d0000008eb001b00e800800d7800e30f500082
:1061e00001003400800deb00690420008884440025
:1061f0001900780099009000c25d20000300200083
:10620000a4b3020001000000808cbe006685460039
:106210001a07d0001d074700c2b3020001000000aa
:106220008000780029072000888444001900780045
:106230004280de000fba97001400400096b50200bd
:1062400001000000000f780008389000990c400011
:106250001a00e800000d7800efb29700808f52001e
:1062600071ff3c000fb097004f0778004f06be004b
:106270004f05be004f04be004f01b10000000600f4
:10628000f4874700889fbe008a9fbe008c9fbe0097
:106290008e1f78000004780081067800e2b79f0026
:1062a000668046000008eb000000eb0080b79f000e
:1062b0000200e0009f003400ab0720008885450005
:1062c000ac05200008064600c107200081004400fc
:1062d00091b79f00a206200002014400f2b79f0080
:1062e000840620000402440084bf9f001b00e000dd
:1062f0006c003a001c00e0002c003a00e905200088
:106300008884440019007800800c400000062000ba
:1063100008004000900078000188400008007800e4
:106320008efb0700a0042000080040001001780048
:106330009001900002014100838149000288be0063
:10634000e0042000080040001008e9008fb2970028
:106350008502e80085b79f00190078000058a30067
:106360000a0032000080ea007f0060008104200003
:106370008180b9009fb09700800878000008200055
:10638000080040001000a000080037007f006000f7
:10639000810420008180b9001fb1970000097800b6
:1063a00000082000080040001000a1001c00780038
:1063b0001fb29700140140000000e800000e7800b2
:1063c00071042000810f500001003400000eeb002a
:1063d000ffb29700150078008fb89700800878000a
:1063e000888090000108a300140032008001eb00b7
:1063f0000201410083814900044b2100c4b79f0082
:1064000015102000d5b79f004fb29700dfb297005c
:106410000201420083814a009101800002f0a40041
:106420008381d20003d0fe001201780001d0fe006b
:10643000ffb29700820aea00130037008001eb00e8
:106440000201410083814900014b2100a1b79f0057
:1064500014102000b4b79f002fb29700bfb297006e
:106460000201420083814a009101800002f0a400f1
:106470008381d20003d0fe001201780001d0fe001b
:10648000ffb29700820a7800010720008880400050
:106490007fb19700920810002007200008004000fc
:1064a0000008eb001b00e800800d7800e30f5000af
:1064b00001003400800deb00690420008884440052
:1064c0001900780099009000c25d200003002000b0
:1064d000a4b3020001000000808cbe006685460067
:1064e0001a07d0001d074700c2b3020001000000d8
:1064f0008000780029072000888444001900780073
:106500004280de000fba97001400400096b50200ea
:1065100001000000000f780008389000990c40003e
:106520001a00e800000d7800efb29700808f52004b
:106530006eff3c000fb097004f0778004f06be007b
:106540004f05be004f04be004f01b1000000060021
:10655000f2874700889fbe008a9fbe008c9fbe00c6
:106560008e1f78000004be00a2b79f006680440022
:106570000008eb000000eb00b0b79f000200e00055
:106580006f003400ab07200088854500ac04200074
:1065900008064600e10420008100440091b79f00f6
:1065a0006d052000888646006a0420000805450025
:1065b0001b00e0000a003a001c0078009c009000dc
:1065c0000000400081804800008ebe001fb197008f
:1065d0001209e900bfb197008301e800b3b79f003b
:1065e0001d017800cf91de001a0078009a0090001b
:1065f000a4b3020001000000008dbe0011002000c5
:1066000008007800f489020001000000f003200077
:10661000010020000102780084bf9f009802600002
:10662000f5b79f007fb197008fb997003a004100fe
:10663000aa8049000002b1000180b1001c0178006d
:106640009c019000e00f5100e08f590004003d00d4
:10665000a2052000080141001209e80003003700ec
:10666000a2052000080141001209e9005829900004
:106670000200e00004003c00a205200008014100e7
:106680000009eb0005003700e3352000830f5100bf
:1066900002003400f2352000522c9800390190009d
:1066a0000201d00019014100c2b79f005829900093
:1066b000cf91de000201410083814900c47c2700a4
:1066c000d4b79f0015102000e5b79f005fb2970078
:1066d000efb297000201420083814a0094018000da
:1066e00002f0a4008381d20003d0fe0012077800dc
:1066f00004d0fe00c2b30200010000008e0078004a
:1067000096b5020001000000cfb29700800a780021
:106710001b00e800800d7800f1432100810f50003c
:1067200001003400800deb00e68044001100e80019
:1067300080087800afb09700808f50009cff3c002d
:106740003fb097004f0778004f06be004f05be00d0
:106750004f04be002f01b10000000600f087470083
:10676000889fbe008a9fbe008c9fbe008e1f78004f
:106770000006780001047800b2b79f00660044006c
:106780000008eb000000eb00c0b79f000200e00033
:106790005e003400aa0520000c054500eb05200032
:1067a0008c854500ae0420000c074700e104200062
:1067b00081004600a1b79f00690420008c8444003a
:1067c0001a0078000000e00012003a009b007800f8
:1067d00081804000810d78001e0178009e019000ac
:1067e0000201410083814900028fbe00e00f510089
:1067f000e08f590002003d000100a000810d7800eb
:106800002fb197001209e900cfb197008301e8008a
:10681000c3b79f004480de009b0078006781600062
:10682000f211b900020140008001eb0002014100b9
:106830008381490000ea2c00f0b79f00111020006e
:1068400081bf9f007fb097008fb897000201400082
:10685000838148009101800002f0a4008381d2006e
:1068600003d0fe001201780001d0fe00cf91de00bf
:106870001900780099009000a4b302000100000004
:10688000808cbe00110020000c007800f48902000a
:1068900001000000b80690008d06d00098864600e2
:1068a000f00320000100200001017800e2b79f0002
:1068b0009c016000d3b79f005fb19700efb19700d4
:1068c00039004100a98049000002b1000180b100f7
:1068d000c2b3020001000000800e78001a00e80038
:1068e000000d7800f1112000810f500001003400ec
:1068f000000deb00e60044001100e800800878007d
:10690000bfb19700808f5100adff3c004fb09700a2
:106910004f0778004f06be004f05be004f04be0073
:106920000f01b10000000600e6874700889fbe0007
:106930008a9fbe008c9fbe008e1f78008106780063
:1069400082bf9f00e68046008008eb000007eb0056
:106950008fb897000100e00033003400a805200044
:1069600000044400a904200080844400e1042000c5
:1069700081004000f1b79f006a0420000005450037
:10698000e68546001800e00008003a00190078008b
:10699000990090000000400081804800808cbe007b
:1069a0007fb097001008e9000e07e8001900780092
:1069b00099009000e00f5000e08f580003003d0068
:1069c000024b2000030020000200370082892000d3
:1069d000030020001a0078009a009000a4b302007f
:1069e00001000000008dbe001b06d0001d06460001
:1069f000c2b3020001000000000e78001800e80099
:106a0000000c780071042000810f50000100340058
:106a1000000ceb001b00e800800d78008fb8970099
:106a2000808f5000d7ff3c000e0078004f077800a1
:106a30004f06be004f05be004f04be006f00b10000
:106a400000000600889fbe008a9fbe008c9fbe008b
:106a50008e1f7800e68140008009eb008005eb0086
:106a60000200e00039003400a605200000034300c6
:106a7000ea05200000054500ad04200080864600a0
:106a8000e004b0000b067800e68340009601780031
:106a9000f18f5100030034000c0b78008c0178005a
:106aa000020037000300e0000f003a001a047800eb
:106ab000080744000e0d78001d0478009d04900026
:106ac0000804440089844c00888ebe00e00f540006
:106ad000e08f5c0002003d000e00a0000e0d78006b
:106ae0001008e9008b05e8001707d00011074700e0
:106af0001a02780067046200f244b9000884410079
:106b00008004eb000804440089844c0004fc2c0041
:106b1000151020000804420089844a009301800077
:106b200008f0a4008984d20009d0fe00180478007f
:106b300003d0fe00080f7800160be8009701e8006c
:106b4000830b7800830f5100d0ff3c000b007800ce
:106b50004f0778004f06be004f05be004f04be0031
:106b600000000600889fbe008a9fbe008c9fbe006a
:106b70008e1f7800e68140008009eb008005eb0065
:106b80000200e00039003400a605200000034300a5
:106b9000ea05200000054500ad042000808646007f
:106ba000e004b0000b067800e68340009601780010
:106bb000e88f5100030034000c0b78008c01780042
:106bc000020037000300e0000f003a001a047800ca
:106bd000080744000e0d78001d0478009d04900005
:106be0000804440089844c00888ebe00e00f5400e5
:106bf000e08f5c0002003d000e00a0000e0d78004a
:106c00001008e9008b05e8001707d00011074700be
:106c10001a02780067046200e944b9000884410060
:106c20008004eb000804440089844c00049d2d007e
:106c3000151020000804420089844a009301800056
:106c400008f0a4008984d20009d0fe00180478005e
:106c500003d0fe00080f7800160be8009701e8004b
:106c6000830b7800830f5100d0ff3c000b007800ad
:106c70004f0778004f06be004f05be004f04be0010
:106c800000000600ee874700889fbe008a9fbe0076
:106c90008c9fbe008e1f78000006be00d2b79f00fa
:106ca000668046000008eb000000eb00e0b79f00a4
:106cb0000200e00066003400680620000c04440076
:106cc0004a0620000c054500a10420008100460072
:106cd000c1b79f000b0420008c854500e204200012
:106ce00002014600b2b79f0018007800f10f500073
:106cf00002003400000ceb00020037000000e0004e
:106d00002e003a001a00e800000d7800e80f50004d
:106d100001003400000deb004fb297001401780021
:106d2000940190004f18de00000040000201410075
:106d300083814900e00f5100e08f590001003d00c0
:106d40000000a0000201410083814900cfb29700fa
:106d5000828abe001a01d0001b014100630060005e
:106d60008000eb000000400081804800a71c2e003e
:106d7000f7b79f001310200083bf9f007fb29700da
:106d80008fba97000000420081804a009301800082
:106d900000f0a4008180d20001d0fe001000780035
:106da00003d0fe0000097800bfb29700958ae90081
:106db000efb397008783e800e7b79f00e6844600bb
:106dc0001907d0001d07470018007800cf80de00ab
:106dd000430add00cd02de00850272004302dd00c1
:106de000848fd2008582d20004f0a10006ff2f001c
:106df000430020001c209000ac2090000001d00037
:106e00008403d000070241004220a8008582480088
:106e10004200a9004220ae004200a8000482d30034
:106e2000920020009a0078001b00780056b60200fd
:106e300001000000000f7800180ce8001900e800bd
:106e4000800c7800dfb09700808f5000a6ff3c00d8
:106e50006fb097004f0778004f06be004f05be0089
:106e60004f04be00ef00b10000000600ee874700af
:106e7000889fbe008a9fbe008c9fbe008e1f780038
:106e80000006be00d2b79f00668046000008eb00f7
:106e90000000eb00e0b79f000200e0006200340059
:106ea000680620000c0444004a0620000c0545003a
:106eb000a104200081004600c1b79f000b04200000
:106ec0008c854500e204200002014600b2b79f0015
:106ed00018007800e80f500002003400000ceb00ae
:106ee000020037000000e0002e003a001a00e8001f
:106ef000000d7800e80f500001003400000deb0099
:106f00004fb2970014017800940190004f18de00f2
:106f1000000040000201410083814900e00f510060
:106f2000e08f590001003d000000a0000201410077
:106f300083814900cfb29700828abe001a01d00037
:106f40001b014100630060008000eb000000400076
:106f500081804800a71c2e00f7b79f001310200067
:106f600083bf9f007fb297008fba97000000420056
:106f700081804a009301800000f0a4008180d2004b
:106f800001d0fe001000780003d0fe000009780058
:106f9000bfb29700958ae900efb397008783e800b6
:106fa000e7b79f00e68446001907d0001d07470099
:106fb000180278006622b900848fd2008582d20040
:106fc00004f0a10006ff2f00330020001c209000d9
:106fd000ac2090000001d0008403d00007024100e3
:106fe0004220a800858248004200a9004220ae004d
:106ff0004200a8000482d300920020009a0078008a
:107000001b00780056b6020001000000000f780057
:10701000180ce8001900e800800c7800dfb0970039
:10702000808f5000aaff3c006fb097004f07780098
:107030004f06be004f05be004f04be00ef00b1007a
:10704000000006000200280003002000021898003b
:10705000131898006011b80042109800531098005f
:1070600050219000cf91de004f1add00c112de00ea
:10707000850272004f12dd00241098003510980030
:107080008582d1000482d300420320000001410028
:1070900006002c00f7ff2f000619420007914a0056
:1070a0000001eb00c30420008081410082097800c8
:1070b000e30420008081410082097800030620005b
:1070c00080814100820978002306200080814100f0
:1070d00082097800430620008081410082097800ff
:1070e000e306200080814100820978000307200028
:1070f0008081410082097800a30620008081410040
:1071000082097800c306200080814100820978004e
:1071100063072000808141001340a100420020004d
:10712000423098006109b900f30f5100e08f590017
:10713000b1003e00020601009a0037006e003700e1
:107140007d003700890037000f003700aa003700a4
:10715000a9003700a80037002d0037003a0037009b
:10716000a5003700a4003700410037004e0037006b
:10717000570037009c003700960037009e0037000c
:107180009d003700110037003100200021289800b1
:1071900041002000312898008102200041289800f9
:1071a0000105200051289800e1e727006128980098
:1071b000a1052000712898001100200031309800ae
:1071c00071002000413098008b0037003100200012
:1071d00021289800410020003128980081022000d9
:1071e000412898000105200051289800515525009c
:1071f00061289800a1052000712898001100200046
:107200003130980071002000413098007a0037003a
:107210001100200021289800220020003228980028
:107220008202200042289800020220005228980082
:107230005255250062289800a20520007228980067
:10724000313098006c00370001052000512898006b
:10725000c1052000808040008008eb00a1052000cf
:10726000712898002100200031309800620037001a
:1072700011002000212898002200200032289800c8
:10728000020520004228980002022000522898009f
:107290005255250062289800a20520007228980007
:1072a0003130980054003700010520005128980023
:1072b000c1052000808040008008eb00c10520004f
:1072c0007128980021002000313098004a003700d2
:1072d0000105200051289800c10520008080400051
:1072e0008008eb0021062000712898002100200072
:1072f00031309800400037002100200021289800fc
:107300003100200031289800010520004128980014
:10731000512898005155250061289800e10420006b
:107320007128980011002000313098007100200071
:1073300041309800300037001100200021289800cb
:1073400022002000322898000205200042289800e0
:1073500052289800525525006228980052052000b6
:107360007228980031309800230037001100200067
:1073700021289800220020003228980002142000c2
:1073800042289800020520005228980052552500f6
:1073900062289800a20520007228980031309800d9
:1073a000150037001100200021289800312898008e
:1073b00002052000422898005228980052552500c6
:1073c00062289800f2052000722898003130980059
:1073d00009003700c1052000712898002100200015
:1073e0003130980004003700110620007128980001
:1073f0002100200031309800e005b00090007800b6
:10740000c708dd00b24721000289b9004399de00b8
:10741000cf88de000108510000000600e00f500098
:10742000e08f580002003d0060001000e08018006e
:1074300000000600889fbe008a9fbe008c9fbe0091
:10744000800478006033b8006022b8008000eb0050
:10745000648644008006eb00748544008005eb00e0
:107460006109b90002014100838149000c0041001b
:10747000100478004fc0de0004024400850248007a
:107480000a014100120178004f90de00060341001e
:10749000870348008100e800e88f5000f0ff3a00c1
:1074a000e00f5300e08f5b0002003d0067034300e4
:1074b000e0834b004d39dd004330de0000007100f9
:1074c000c3b8de000001be00e00f5200e08f5a009a
:1074d00002003d0067024200e0824a004d2bdd00c1
:1074e0004320de0000007300c3a8de00020050004d
:1074f000838058004f0ade0000004200e080480010
:107500008180d1000080d300c906b000820c400009
:107510004f06be004f05be004f04be00000006002f
:107520009020900080219000838f5000060034004e
:107530001200200020209000808f50000a003c00a4
:107540000001eb00080037000001eb00838f5000c2
:1075500005003d002020900022002000808f500078
:10756000010035000001eb00020078000000060079
:107570000000e00005003400100020000100e000e1
:10758000060034000000eb0004003700100020006b
:107590000100e00001003c000000eb0000000600dc
:1075a000820f50000500340010002000810f5100b0
:1075b00006003d000000eb00040037001000200032
:1075c000810f5100010035000000eb0000000600b3
:1075d0002600fa00889fbe008a9fbe008c9fbe00d6
:1075e0008004780081067800620f9800430f9800ad
:1075f000340f98003d0090000000e0001e013400b0
:107600008005eb004a04200009054500080320001e
:10761000090444008c0220000906460040032000b3
:1076200000804400700f98004102200081804400d7
:10763000510f9800281798000b00d0001d00400043
:1076400010007800000d78001c0278009c02900069
:10765000ae10900031014200a1814a00028ebe00ae
:107660007e0a9000b40f5100a48f59007a003400b4
:10767000de0a9000351e510025965900b938900059
:107680000108a30013003a00810320008980400014
:1076900011017800910190000201410083814900ad
:1076a0008288be00e1032000898040009108e80044
:1076b000e9309000810f5000180034008003200052
:1076c000090040000202be000400a0000488be00c1
:1076d00012003700810320008980400011017800ea
:1076e0009101900002014100838149008288be001f
:1076f000e1032000898040009108e800e930900013
:10770000810f500005003d0080032000090040006b
:107710000202be000400a0000488be007918900098
:10772000f00f500033003a006e089000d00078004f
:107730000101d000ee0a900015014100c919900026
:10774000030978008100e800010878002500900016
:10775000808f500024003a00b1029800c408dd0078
:10776000c1029800293090000000e00003003c00b6
:10777000193090000000e000040034006e0a900010
:10778000720042001000a00003003700ee0a9000d3
:10779000728042001000a100f687470076845700ef
:1077a0006e0890000a000900301c78006801b100e2
:1077b0006001b1004e089000fe9702000100000039
:1077c000be0890000e00780028960200010000001c
:1077d000ee0890000a000900be1878006101b100af
:1077e0006e01b10088077800e00320000900400026
:1077f0000008eb00692890008000eb004919900018
:10780000d9199000800f5100818f590002003a0071
:1078100059299000a2349800210620008980400058
:107820001100e9008008780003003b0020062000da
:10783000090040000008eb0041062000898040005c
:107840001100e9008008780003003b00400620009a
:10785000090040000008eb009a0078001920900011
:1078600043ff07000000e0003c003200792990004f
:10787000cf91de009c0078008388b90059129000f7
:1078800082a2b900040040000209b8008301400050
:10789000e00f5100e08f590002003d00f207b000f8
:1078a0000380b000c91add004712de0004827200b6
:1078b000041798004798de00101798000e119000ea
:1078c0009e119000028ebe00c92890004f08de0075
:1078d000010040000080d10019319000800f51005c
:1078e00002003d00a9299000932c98006921900086
:1078f0007920900000005100802c980003003b008c
:1079000002052000090141000009ea000929900050
:1079100019289000800f51000b003d000206200046
:10792000090141001200e800000978004931900087
:10793000820f50000700360091349800392a9000d9
:10794000942c980003003700000620000900400036
:107950001008d100e9229000f524980039389000f1
:107960000048a3002e00320009007800ecfe07005a
:10797000e10f500016003200e20f50002b003a00d9
:1079800001072000898040001100e800800878008d
:10799000e70f5000050034000007200009004000f8
:1079a0000008eb0009007800a2fe070009389000eb
:1079b000cf80de006a004000e08048000000400008
:1079c00081804800008044001a08780017003700c2
:1079d000e1062000898040001100e800800878005e
:1079e000e70f500005003400e006200009004000c9
:1079f0000008eb00090078008efe07007930900047
:107a0000cf80de0062004000e080480000004000bf
:107a100081804800008044001a0878000300370085
:107a2000c0062000090040000008eb0020042000f0
:107a30000900400090007800812498001a0878001e
:107a4000c1042000898040001100e800800878000f
:107a5000d9209000810f500003003500c0042000a1
:107a6000090040000008eb008b05e8003d00900095
:107a70008b0f5000f0fe3c004f06be004f05be00cd
:107a80004f04be000080fa00000006002a00fa0041
:107a9000889fbe008a9fbe008c9fbe008004780035
:107aa00081057800720f9800430f9800340f9800fa
:107ab0003b0090000000e000c60034000006eb0030
:107ac00048042000090444008d04200089864600f3
:107ad0000003200000804400600f98008a0220000c
:107ae000090545004103200081804400510f9800a2
:107af000481798006160b90000014000818148008a
:107b00001b014100920178004e119000030978009a
:107b100061004000e0804800000040008180480093
:107b20001b00400010017800820e78001a027800d5
:107b30009a0290006e0b900036004200a6804a0028
:107b4000008dbe005e0a9000b40f5000a48f580054
:107b50007600340029129000b9129000041d5000e4
:107b600005955800c00320000900400090007800ef
:107b7000c208dd00010878000300e00004003400c2
:107b8000c0032000090040000110a0000108780097
:107b90000200e00003003400c003200009004000a0
:107ba0001000a000691990006f0161008001eb00d6
:107bb0000201410083814900a5002e0005179800ad
:107bc00016102000161798000e1090009e109000be
:107bd00002014000838148009001800002f0a4006f
:107be0008381d20003d0fe001201780000d0fe0095
:107bf0006113b900800320000900400010027800e2
:107c0000900290004229dd00ce21de008301710048
:107c10004221dd0002017300838173000288be00ef
:107c2000692890008000eb00800f5100818f59007f
:107c300002003a00d9289000a1349800e103200006
:107c4000898040001180e80080087800ef0f500024
:107c50002e003400e0032000090040000008eb0083
:107c60007e089000d00078000102d000fe0a90004b
:107c700015024200020a78008100e800010878003d
:107c800025009000808f500020003a00b10298003b
:107c9000c408dd00c1029800293090000000e00017
:107ca00003003200728042001000a0000300370081
:107cb0007e0b9000720043001000a100f687470081
:107cc000768457007e0890000a000900301c780076
:107cd0006801b1006001b1004e089000fe970200fb
:107ce00001000000be0890000e00780028960200f7
:107cf00001000000fe0890000a000900be1878008c
:107d00006101b1006e01b1008807780041062000d2
:107d1000898040001100e9008008780003003b00e2
:107d200040062000090040000008eb004e119000c2
:107d30001204780019209000880078000cfe0700db
:107d40000000e00005003a009d0078003920900016
:107d500007fe07000000e0001700320079299000bc
:107d6000cf91de009a0078008388b9005912900004
:107d700082a2b900040040000209b800830140005b
:107d8000e00f5100e08f590002003d00f207b00003
:107d90000380b000c91add004712de0004827200c1
:107da00024179800479bde00361798002e1090008d
:107db000be109000008dbe00982498009d007800b1
:107dc000b12498000c86e8003b0090008c0f500016
:107dd00048ff3c004f06be004f05be004f04be00ea
:107de0000080fa00000006003a00fa00889fbe00fa
:107df0008a9fbe008c9fbe008004780081057800b9
:107e000002067800330f9800040478003b009000cd
:107e10000000e000760134000005eb0089067800e0
:107e2000648044006101b80022179800331798005d
:107e3000481f9800393890000008a300060032005f
:107e40008a00d0009b8040004004200009004000d0
:107e50001108ea00040037000a00d0001b004000af
:107e600010007800a024980009189000991890003c
:107e7000c20220000901410032024000a2824800f3
:107e80000400be000489be0029199000b9199000b1
:107e9000820f5200838f5a008c0034002912900008
:107ea000b9129000c20220000901410004195000db
:107eb000059158008002eb00151f98001904d000ae
:107ec000081f98000e1a90009e1a9000848cbe0025
:107ed000292090000000e00012003d000207200071
:107ee000090141009200e80001097800e78f500085
:107ef0000300340001072000898040008008eb0067
:107f000009399000cf91de006a014100e08149000b
:107f1000020141008381490082804400800878008a
:107f200014003700e2062000090141009200e80039
:107f300001097800e78f500003003400e1062000bb
:107f4000898040008008eb0079319000cf91de00fd
:107f500062014100e0814900020141008381490042
:107f600002814400000978000401be000200a00064
:107f7000828cbe00190078009900900053552500ae
:107f8000830f5000e08f580050003a0039389000bd
:107f90000018a3004d003a000000eb006022b8007a
:107fa0006033b800f48046006109b800221f9800d1
:107fb000331f98006101b90002014100838149002b
:107fc0002e14900088004100910078004f8cde0054
:107fd0000683400087034c00ae1890000101410069
:107fe000920078004f89de0004824000850249003b
:107ff0000000e800e80f5000eeff3a00e00f5300e9
:10800000e08f5b0002003d0067034300e0834b000c
:108010004d38dd004334de0008047000480f98003e
:10802000c3b8de00510f98004e089000de089000a3
:10803000e00f5200e08f5a0002003d00670242004c
:10804000e0824a00cd29dd004321de00028171007b
:10805000620f980043acde00780f98006e09900024
:10806000fe09900002005000838058004f0ade0095
:1080700000024200e08248008582d1000482d300e1
:10808000c206200009014100ee09900003094200e8
:10809000c30620008389b9000300b80081004100b5
:1080a00042062000030020006e06020000000000cf
:1080b000d034980069129000f9129000c41498000e
:1080c000d5149800d92a9000a5349800091890007a
:1080d00099189000820220000901410032024000fc
:1080e000a28248000400be000489be002919900045
:1080f000b9199000820f5200838f5a009800340003
:1081000029129000b912900082022000090141005a
:108110000419500005915800410420008980400056
:108120006930900011001000800878008103200061
:10813000898040001101780091019000431add0010
:10814000cd12de00850272004312dd00241f98006c
:10815000351f98008488be00e1032000898040001c
:108160009102780063844200880878000000e000f3
:108170001f0035006700b90059319000cf91de0033
:108180006e0602000000000063006000cf80de0089
:108190000000400081804800221a2e0042179800fb
:1081a00013102000531798004e129000de1290001a
:1081b0000000420081804a009301800000f0a4008a
:1081c0008180d20001d0fe001000780003d0fe00b4
:1081d0006101b90081032000898040002e1a9000bf
:1081e000be1a900084187100859071001f0037003e
:1081f00091ff2f000180b90059319000cf91de002e
:108200006e0602000000000063006000cf80de0008
:108210000000400081804800a51a2e000517980034
:1082200012102000121798000e1290009e1290005b
:108230000000420081804a009301800000f0a40009
:108240008180d20001d0fe001000780003d0fe0033
:108250006101b90081032000898040002e1a90003e
:10826000be1a90008418710085907100ef0f5400c1
:108270003300340070045400f81c98000c0078009f
:10828000d00078000101d0001c014100491a900083
:10829000d91a90000804e900030033008502d100d8
:1082a0000482d300fbff3700040978008100e80056
:1082b000010878002c009000808f500020003a00c8
:1082c00031069800c408dd0041069800193090007e
:1082d0000000e00003003c00293090000000e000b6
:1082e00003003400720046001000a00002003700b6
:1082f000720046001000a100f68747007684570000
:108300000a0009003c1c78006801b1006c01b10052
:108310003e089000fe97020001000000ce18900079
:108320000e00780028960200010000000a000900f3
:108330003e1e78006c01b1006e01b1008807780024
:1083400041062000898040001100e9008008780083
:1083500003003b0040062000090040000008eb003d
:1083600029249000192090000001eb00880078007b
:108370008bfc07000000e000180032007929900013
:10838000cf91de00e91090008388b9007912900047
:1083900082a2b900040040000209b8008301400035
:1083a000e00f5100e08f590002003d00f207b000dd
:1083b0000380b0004918dd00c712de00850270009e
:1083c00065179800c798de00711798006e1190002d
:1083d000fe119000e2149800f3149800982498007d
:1083e0000a05e8003b0090008a0f500091fe3c0017
:1083f0004f06be004f05be004f04be000080fa00cd
:10840000000006003600fa00889fbe008a9fbe006a
:108410008c9fbe0080047800810678003217980097
:10842000430f9800340f98003d0090000000e000da
:108430003d0134008005eb0060072000008044000f
:10844000001f98004c042000090646000803200085
:1084500009044400ca022000090545004103200028
:1084600081804400111f9800281f98000e19900069
:108470001201780061006100040032000b00d0009e
:108480001d004000100eea00030037000b00d00072
:108490001d004000100e78001a0278009a02900029
:1084a0002e19900032004200a2804a00008dbe00ca
:1084b0009e199000b30f5000a38f58006a0034003b
:1084c00029119000b9119000021d50000395580029
:1084d000190178009901900002014100838149004f
:1084e000828cbe001c0078000000e00012003d00fd
:1084f00002072000090141009200e800010978000c
:10850000e78f5000030034000107200089804000fd
:108510008008eb0009399000cf91de006a0141002c
:10852000e081490002014100838149000281440049
:108530000009780014003700e40620000902420018
:108540009400e800010a7800e78f5000030034002f
:10855000e1062000898040008008eb00793290001d
:10856000cfa2de0062024200e0824a000402420022
:1085700085824a0004824400000a78000202be009c
:108580000400a000848cbe008e1a90009502780032
:108590006280620034003a000000eb00201798006f
:1085a00099007800111798001e119000ae119000ec
:1085b000c4cc2c00840f5100e08f590008003a0011
:1085c000090078009bfb0700a03c9800a106200052
:1085d00089804000800840008e1a90001530a0006d
:1085e0000000eb000017980099007800710f9800c8
:1085f0007e0990008e119000a4aa2a00840f5100d9
:10860000e08f590018003a001a0078009a00900094
:10861000c0149800d11498000900780085fb070069
:10862000903c98000e19900012017800e80061005b
:108630000a0032008e199000820078000130a100fb
:108640000120a0008109780029399000a1062000ae
:10865000898040008208400003003700a106200006
:10866000898040008008400082022000090141000a
:108670001202780092029000ae199000330042007e
:10868000a3804a000089be001e1a9000b40f50005b
:10869000a48f58008100340029129000b912900074
:1086a0008202200009014100041950000591580080
:1086b000693090001c001000000e7800810320003b
:1086c000898040001101780091019000421add007c
:1086d000ce12de00850272004212dd008488be00e8
:1086e000e2032000090141009283e80007097800b5
:1086f0000000e0001e003500e300b9005931900091
:10870000110009000200d8008000fd00010178007e
:1087100061016100cf91de000201410083814900c7
:10872000201b2e00401798001110200051179800b0
:108730004e109000de10900002014000838148003e
:108740009601800002f0a4008381d20003d0fe00d5
:108750001201780006d0fe00cf91de0080032000d9
:108760000900400004187100059071001e003700d8
:10877000d2ff2f008280b90059319000110009000a
:108780000200d8008000fd00010178006101610055
:10879000cf91de000201410083814900a01b2e0021
:1087a000500f980011102000610f98005e08900093
:1087b000ee08900002014000838148009001800093
:1087c00002f0a4008381d20003d0fe0012017800e1
:1087d00000d0fe00cf91de008003200009004000a1
:1087e0000418710005907100ef8f53002b003400c6
:1087f000f0805300f11c98003e109000500178006a
:108800008201d0003e12900094814100491a9000ec
:10881000d91a90008100e900030033008502d100dd
:108820000482d300fbff3700840978000201e800ce
:1088300002087800be12900025009000800f5100c1
:1088400016003a00b20298004411dd00c2029800fe
:10885000f6874700768457000a000900351c780027
:108860006801b1006501b1004e089000fe9702005a
:1088700001000000be0890000e007800289602005b
:10888000010000003e1090000a0009003e18780028
:108890006001b1006e01b100880778001c04780007
:1088a000192090000001eb00880078003cfb0700d5
:1088b0000000e0001700320079299000cf91de001f
:1088c0009a0078008388b9007912900082a2b900da
:1088d000040040000209b80083014000e00f51008d
:1088e000e08f590002003d00f207b0000380b000a5
:1088f000491add00c710de00810072006117980080
:10890000c79ade00751798006e109000fe10900058
:10891000008dbe00982498008b05e8003d00900073
:108920008b0f5000d1fe3c000000eb004106200000
:1089300089804000800878002906b000800c78000b
:108940004f06be004f05be004f04be000080fa0077
:10895000000006003a00fa00889fbe008a9fbe0011
:108960008c9fbe0080047800810678003217980042
:10897000430f9800340f98003d0090000000e00085
:10898000420134008005eb006007200000804400b5
:10899000201f98004c042000090646000803200010
:1089a00009044400ca0220000905450041032000d3
:1089b00081804400311f9800481f98002e199000b4
:1089c0001201780061006100040032000b00d00049
:1089d0001d004000100eea00030037000b00d0001d
:1089e0001d004000100e78001a0278009a029000d4
:1089f0004e19900032004200a2804a00008dbe0055
:108a0000be199000b30f5000a38f58006a003400c5
:108a100029119000b9119000021d500003955800d3
:108a200019017800990190000201410083814900f9
:108a3000828cbe001c0078000000e00012003d00a7
:108a400002072000090141009200e80001097800b6
:108a5000e78f5000030034000107200089804000a8
:108a60008008eb0009399000cf91de006a014100d7
:108a7000e0814900020141008381490002814400f4
:108a80000009780014003700e406200009024200c3
:108a90009400e800010a7800e78f500003003400da
:108aa000e1062000898040008008eb0079329000c8
:108ab000cfa2de0062024200e0824a0004024200cd
:108ac00085824a0004824400000a78000202be0047
:108ad0000400a000848cbe00ae1a900095027800bd
:108ae0006280620034003a000000eb00201798001a
:108af00099007800111798001e119000ae11900097
:108b0000c4cc2c00840f5100e08f590008003a00bb
:108b10000900780047fa0700a03c9800a106200051
:108b20008980400080084000ae1a90001530a000f7
:108b30000000eb000017980099007800710f980072
:108b40007e0990008e119000a4aa2a00840f510083
:108b5000e08f590018003a001a0078009a0090003f
:108b6000c0149800d11498000900780031fa070069
:108b7000903c98002e19900012017800e8006100e6
:108b80000a003200ae199000820078000130a10086
:108b90000120a0008109780029399000a106200059
:108ba000898040008208400003003700a1062000b1
:108bb00089804000800840008202200009014100b5
:108bc0001202780092029000ce1990003300420009
:108bd000a3804a000089be003e1a9000b40f5000e6
:108be000a48f58008600340029129000b91290001a
:108bf000820220000901410004195000059158002b
:108c0000693090001c001000000e780081032000e5
:108c1000898040001101780091019000431add0025
:108c2000cd12de00850272004312dd006417980049
:108c3000751798008488be00e103200089804000f9
:108c40009102780063844200880878000000e00008
:108c50001f0035006700b90059319000cf91de0048
:108c60006e0602000000000063006000cf80de009e
:108c70000000400081804800221a2e004217980010
:108c800013102000531798004e129000de1290002f
:108c90000000420081804a009301800000f0a4009f
:108ca0008180d20001d0fe001000780003d0fe00c9
:108cb0006101b90081032000898040006e1290009c
:108cc000fe12900084187100859071001f0037001b
:108cd00091ff2f000180b90059319000cf91de0043
:108ce0006e0602000000000063006000cf80de001e
:108cf0000000400081804800a51a2e00550f980002
:108d000012102000620f98005e0a9000ee0a900098
:108d10000000420081804a009301800000f0a4001e
:108d20008180d20001d0fe001000780003d0fe0048
:108d30006101b90081032000898040006e1290001b
:108d4000fe1290008418710085907100ef0f54009e
:108d50002b00340070045400f81c98003e10900062
:108d6000d00078000101d000be1290001501410032
:108d7000491a9000d91a90000804e9000300330052
:108d80008502d1000482d300fbff3700040978007c
:108d90008100e800010878003e1190002200900058
:108da000808f500016003a0031019800c408dd00a1
:108db00041019800f6874700768457000a000900b1
:108dc000321c78006801b1006201b1004e089000c9
:108dd000fe97020001000000be0890000e0078001f
:108de0002896020001000000be1190000a00090050
:108df000be1978006301b1006e01b10088077800e8
:108e00001c047800192090000001eb008800780015
:108e1000e3f907000000e000170032007929900014
:108e2000cf91de009a0078008388b9007912900013
:108e300082a2b900040040000209b800830140008a
:108e4000e00f5100e08f590002003d00f207b00032
:108e50000380b000c91add004712de0004827200f0
:108e6000041f98004798de00101f98000e1990000c
:108e70009e199000028dbe00982498008b05e80092
:108e80003d0090008b0f5000ccfe3c000000eb003a
:108e90004106200089804000800878002906b00043
:108ea000800c78004f06be004f05be004f04be0088
:108eb0000080fa00000006000400fa00889fbe004f
:108ec0008a9fbe008c9fbe00000678008104780057
:108ed000820578009c259800a92598008804200028
:108ee0000b0444001800780072b902000100000071
:108ef000b0259800980078000c00780076b9020040
:108f0000010000008b00780080187800100020001d
:108f10008008780090bf9f00000446000c86440043
:108f20008c0f540014003d00290020008a0420000a
:108f30000b054500890678009a0078000800780043
:108f400076b902000100000080bf9f000804e8001d
:108f50001a0278008d01780070815700890078002e
:108f60000b00780000bb0200010000008904e8004b
:108f70008c0f5400f0ff350010002000e0a5980091
:108f80004f06be004f05be004f04be000080fa0031
:108f9000000006000f05b000889fbe008a9fbe003b
:108fa0008c9fbe008e1f780080067800b1b79f00ae
:108fb000020578002a2290000400e0000d00340031
:108fc0000000eb0080017800420420000a0141000b
:108fd00081027800850040008100d0008d80400033
:108fe000830878000000e80012027800800f520029
:108ff000f8ff3c000402e8004240a9000d003400e4
:109000000000eb0041fa2f008f804000610bb80098
:109010006101b900020141008381490086004100dd
:1090200002814600920878000000e800840f50009a
:10903000f7ff35003fb197000200e0003a0034002e
:109040000007eb0043fa2f008381470083bf9f0096
:109050000380e9006101b800c2b79f00d3b79f0049
:109060002f9697002a2090008000e800e18f5000a2
:109070001e00340018002000890420008a84440067
:109080008fb997006119b800e2b79f00f3b79f004e
:109090004b0420008a854500190178000800500023
:1090a0000000d0000a004000900078000c0078001a
:1090b0008eb90200010000006141b90002014100c7
:1090c000838149004fb29700840041006fb297003e
:1090d00004014100920868000804e8001b007800c1
:1090e0008000e800888f5000ebff3c008000d0003b
:1090f0000e014000cf91de0061014100e081490096
:10910000020141008381490002804600100178007d
:10911000c105b10082b778000e07e800bfb1970023
:109120008e8f5100ceff3c002a2090000000e0000e
:109130000f003400bfb097000000eb0042fa2f0090
:109140000f0141006112b8004a04b0000101d000d3
:109150000d0141008001d000848141001309780095
:109160008100e8000000e8009a0f1000f7ff3c00c3
:109170004f0778004f06be004f05be004f04be00eb
:109180000f05b10000000600af02b000889fbe00ce
:109190008a9fbe008c9fbe008e1f780080067800dc
:1091a000e1b79f00020578002a2290000400e00049
:1091b0000c0034000000eb008041eb004204200072
:1091c0000a0141006fb29700840040008180460090
:1091d000834878000000e80012027800800f5200f7
:1091e000f8ff3c000402e8004240a9000c003400f3
:1091f0000000eb00a1fc2f008f804000610cb80044
:10920000616bb8006101b9008800410006014100ae
:10921000924878000000e800840f5000f9ff350004
:109220006fb197000200e0002f0034000007eb0050
:10923000a3fc2f008f8141000300e9006101b80009
:10924000f2b79f0083bf9f00afcd97002a20900008
:109250008000e800e18f50001a0034001800200060
:10926000890420008a8444008b85fb004c04200084
:109270000a06460019017800080050000000d000de
:109280000a004000900078000b0078008eb90200c0
:10929000010000006141b9007fb2970084004100e5
:1092a000a4fc2f000f024200020142009248680015
:1092b0000804e8001c0078008000e800888f500057
:1092c000ecff3c008e004000818046001141900080
:1092d0006003b100827778000e07e800efb19700d5
:1092e0008e8f5100d8ff3c002a2090000000e00043
:1092f0000d003400efb097000000eb00a2fc2f003f
:109300000f0141006112b8004a04b000018146001b
:1093100084014000134978008100e8000000e80063
:109320009a0f1000f9ff3c004f0778004f06be006f
:109330004f05be004f04be00af02b10000000600a2
:10934000af12b000889fbe008a9fbe008c9fbe00f7
:109350008e1f7800a0af9f00d1af9f00a2b79f00e3
:10936000222090000000e0005b0034008006eb004b
:10937000a1ec2f008f8040006108b80080b79f00eb
:1093800091b79f00820478008904b0002204b000e5
:10939000e2af9f005fa997000207e9000e06780080
:1093a0008e017800b3b79f000d077800afae97002d
:1093b0006170b90000004000818048000fb1970043
:1093c0009fb197000001410081814900f2b79f00e1
:1093d00083bf9f000009eb0099007800efa9970078
:1093e0001300470076b902000100000080057800f4
:1093f0003fb29700d4b79f00040078000000e0005f
:109400000f0032000004eb007fb5970019017800cf
:109410000800d0000d004000100078001a0068001d
:109420008b0078008eb9020001000000000d78006a
:109430000804e800880f5600f4ff3e0002003700e1
:109440008000eb00d1b79f007fb097005fb197001d
:109450008200d0008d804000910078001088680064
:109460000e07e800afb19700232290008e0f520044
:10947000cfff3c000400e000170034000000eb00c8
:10948000aaf02f000f0545008005eb008000780052
:10949000a8f42f000f0444008004eb00c6f82f004e
:1094a0000f0343008003eb006101b900020141009a
:1094b000838149008a024100810a780088024100c4
:1094c000810a780006014100010978000000e800e7
:1094d000840f5000f4ff3a0010002000d0079f00d6
:1094e000e0279f002fb29700242090000000e000aa
:1094f0005f023c00990037008fb097000100d00058
:109500006013b100ef0478000b00e0001500340098
:10951000180020002fb597008a04b0008c06780050
:10952000010678001a017800080056000000d000fb
:109530006013b100ef0078000800d000ffb1970081
:1095400003004000100078008eb902000100000006
:1095500080846c000804e800888f5500f1ff3d000e
:109560000d0678008cb79f000fb29700e4af9f0004
:109570000900e000600032000b00e000250035002b
:109580000004eb002fb597008a04b000a0f42f0070
:109590000f0040006101b800d2b79f00e3b79f0001
:1095a000c0f82f000f0040006101b800b2b79f0063
:1095b000c3b79f000b077800890678008a047800fb
:1095c0006145b9000a0545008b854d00ffb1970044
:1095d0000300450010067800190178005fb297007b
:1095e00004004500900078000d0078008eb902005c
:1095f00001000000bfb09700010545000c0d680098
:109600000804e8008e0f5400edff34008e0578004a
:109610008d0478002fb19700c220900009007800d7
:1096200086b902000100000000077800afb1970082
:1096300023209000e10f40002f0035000004eb00d4
:10964000830478008904b000a0f42f000f004000cc
:109650006101b800d2b79f00e3b79f002fb5970014
:109660004a04b0006146b9000c0646008d864e00e3
:1096700019017800ffb19700030046008e007800c2
:10968000100078008eb90200010000005fb2970060
:1096900004064600000e78000804e8001a0078006e
:1096a000cf00de00008040000080d100880f500015
:1096b000ecff3d000000e0000f0035008000eb00f3
:1096c000c6f82f000f0343008003eb003fac970068
:1096d000cfac97006109b9000201410083814900c4
:1096e0000802410006014100120a78008100e800ea
:1096f000808f5000f7ff34000b804500efa89700e3
:10970000810f500001003d008b8550002fb1970064
:10971000a22190000300e0000a003400030078005a
:109720008000d0000000e9000001d000620bb10011
:109730006f027900610bb10084b778000000e0008f
:10974000f7ff3a000000eb00d0279f008fb0970092
:109750000106e8008c8f510067ff3d002fb0970095
:10976000a004b0000008eb005fa997000200e00031
:10977000540034008001eb00d3b79f00a4f02f0009
:1097800004824700b4b79f00840078006108b800e5
:10979000f0b79f0081bf9f002fb197003226900045
:1097a000dfa99700030656005fb297000406460043
:1097b000222090008006eb00e10f50002b003400c7
:1097c0008c04780018002000820578008b04b0001b
:1097d000020778006e04b000020578004a04b00069
:1097e0000800d000ffb09700010040001000780092
:1097f0000000e000150032009b0078007eb90200f6
:1098000001000000090040009e0278008581e90007
:10981000830f5000090036006182120004004000ee
:109820008502e90001003700010078008400400053
:1098300001814200828f5100fbff39009b007800bc
:1098400076b902000100000080866e000804e8007e
:109850008c8444001a007800cf00de0000804000b5
:109860000080d100880f5000ddff3d005f019700b0
:10987000828f56000d003a002fb09700a004b00070
:10988000900078006109b9006202b0000380b00066
:1098900002014100838149002fb29700020142007a
:1098a000dfb19700030978000108e8005fb2970074
:1098b0000402e800d4b79f005fa89700840f50000f
:1098c000b5ff3c00afb09700512090000101780037
:1098d000a22090004f09de00810041000181d100eb
:1098e000afb19700e3a0900081005100810f5000bc
:1098f00044013c000000e0004f013c00fa0037004a
:109900006148b9000000400081804800aaf42f009f
:109910000f05450000054500e08548001e20900029
:10992000008044000000d0006013b1006f00780098
:10993000000d78000900e000160034001800200037
:109940008b0420008e8545002d0420008e86460065
:109950001a0678001b0178008800d0007fb29700bb
:10996000848040001d804400080050000000d000aa
:109970006013b1006f007800910078008eb902008a
:10998000010000000c0d68000804e800890f540075
:10999000efff34008904e8005e209000890f50003a
:1099a000d7ff3c000000e000cf0034000000eb00d7
:1099b000b0b79f00afb0970091af9f000100780053
:1099c000c004b0006101b800f2a79f0083af9f0000
:1099d000a3f42f0083814700e3a79f003fb29700c5
:1099e0006120b9000001400081814800e2af9f0082
:1099f000f3af9f007fa097008fa897000200400060
:109a00008380480080b79f0091b79f001086ea00ce
:109a1000dfa8970001064600df2597002fb19700c9
:109a200052209000e10f5000390034008c0478007f
:109a300018002000820678006d04b000020778004c
:109a40008e04b000efa097006108b800f0b79f0047
:109a500081bf9f00a204b000d2b79f001d03780011
:109a60008680e900898f50000a00310061021300ee
:109a7000048144008602e9000100370000017800fb
:109a80000400410080814200838f5000fbff3900b9
:109a900001003700090178000602e90002005200c7
:109aa000810f5000080036006103130006004000db
:109ab00001003700020078000601400082014200e8
:109ac000818f5100fbff3e001e0578008a00780060
:109ad00076b90200010000008801d0007fb1970034
:109ae000828141000a01780080007800130078002c
:109af0008eb902000100000080856d000804e800b6
:109b00008c844400dfb19700930f1400d3ff3c0016
:109b10002fb2970044249000880078000c00780051
:109b200076b902000100000008017800800078008a
:109b30000b0078008eb9020001000000b0af9f005a
:109b4000ef069700afb0970021209000e50f50007e
:109b50003f0034000c0646008c04780038002000da
:109b6000010778006e04b0008104b000f1b79f00d7
:109b7000a0f02f000f0040006101b800d2b79f0095
:109b8000e3b79f00afb597004b04b0001e03780009
:109b90008680e900898f50000a00310061021300bd
:109ba000090142008602e900010037000001780047
:109bb0000400410080814200818f5100fbff3e0084
:109bc00001003700090178000602e9000200520096
:109bd000810f5000080036006103130006004000aa
:109be00001003700020078000601400082014200b7
:109bf000838f5000fbff3900ffb1970013057800f9
:109c00008a00780076b90200010000008801d000c7
:109c10005fb29700848141000a01780080007800db
:109c2000130078008eb902000100000080866e00eb
:109c30000884e8008c8444001b007800cf00de001c
:109c4000008040000080d100880f5000cfff3d0011
:109c50002fb09700c02090000d0078007eb9020060
:109c6000010000002fb19700b22090008100e900b0
:109c700000805000808f500001003a000000eb008f
:109c80002fb497008804b0009800780076b90200dd
:109c90000100000018017800bfa897008eb90200eb
:109ca000010000009fa997006faa970084804100df
:109cb000e08098000fb197009fb197009200d0000c
:109cc000afa9970083804000910868003fb29700d9
:109cd0000402e800b4b79f00afb097005120900095
:109ce000840f50003dff3c002fb1970022209000d0
:109cf0000000e000460034008006eb00a1ec2f00dd
:109d00008f8040006108b800b0b79f00c1b79f00c6
:109d1000820478008904b0002204b00082b79f005a
:109d20005fa997000207e9000e0678006168b90094
:109d300000004000818048003fb19700cfb19700fc
:109d40000001410081814900f2b79f0083bf9f005d
:109d50000009eb00990078008fb19700138046004e
:109d600076b902000100000080057800deb79f0090
:109d70000e00e000120032000004eb007fb59700f7
:109d8000edaf9f00afae9700190178000800d0003a
:109d90000d004000100078001a0068008b00780069
:109da0008eb9020001000000000d78000804e800f0
:109db0008c0f5400f4ff3900efae9700020037001b
:109dc0000000eb00d0b79f00dfb097000100d0008b
:109dd0002fa99700020040007fb197008fb997002c
:109de00092017800908f51000c003a008d06e80037
:109df0002fb29700242090008d0f5000cbff3c0025
:109e000003003700e0ff2f00afb09700d02098008c
:109e10002fb1970052209000010037000080eb0026
:109e20004f0778004f06be004f05be004f04be002e
:109e3000af12b10000000600afb1970013209000f0
:109e40000000d0006013b1006f007800d0279f00a1
:109e50008004eb00a0f02f000f0040006101b8006b
:109e6000f2b79f0083bf9f002fb79700c9fe37004e
:109e7000dfa496001300200083b79f008005eb004d
:109e8000a0f02f000f0040006101b800f2b79f0062
:109e900083bf9f00b2af9f00c3af9f00b2fd3700ea
:109ea000af12b000889fbe008a9fbe008c9fbe008c
:109eb0008e1f7800a0af9f00d1af9f00a2b79f0078
:109ec000222090000000e000590034008006eb00e2
:109ed000a1ec2f008f8040006108b80080b79f0080
:109ee00091b79f00820478008904b0002204b0007a
:109ef000e2af9f005fa997000207e9000e06780015
:109f00008e017800b3b79f000d077800afae9700c1
:109f10006170b90000004000818048000fb19700d7
:109f20009fb197000001410081814900f2b79f0075
:109f300083bf9f000009eb0099007800efa997000c
:109f40001300470076b90200010000008005780088
:109f50003fb29700d4b79f00040078000000e000f3
:109f60000e0032000004eb007fb597001901780065
:109f7000088046001080fb001a0068008b00780003
:109f80008eb9020001000000000d78000804e8000e
:109f9000880f5600f5ff3e00020037008000eb00fe
:109fa000d1b79f007fb097005fb1970082804600d5
:109fb0009180fb00108868000e07e800afb19700a1
:109fc000232290008e0f5200d1ff3c000400e000dd
:109fd000170034000000eb00aaf02f000f05450029
:109fe0008005eb0080007800a8f42f000f044400e7
:109ff0008004eb00c6f82f000f0343008003eb0042
:10a000006101b90002014100838149008a024100d7
:10a01000810a780088024100810a78000601410027
:10a02000010978000000e800840f5000f4ff3a00b6
:10a0300010002000d0079f00e0279f002fb297005c
:10a04000242090000000e0005d023c0099003700f1
:10a050008fb097000100d0006013b100ef047800ca
:10a060000b00e00015003400180020002fb5970009
:10a070008a04b0008c067800010678001a01780086
:10a08000080056000000d0006013b100ef00780017
:10a090000800d000ffb197000300400010007800d6
:10a0a0008eb902000100000080846c000804e80002
:10a0b000888f5500f1ff3d000d0678008cb79f009a
:10a0c0000fb29700e4af9f000900e000600032008b
:10a0d0000b00e000250035000004eb002fb59700d1
:10a0e0008a04b000a0f42f000f0040006101b80006
:10a0f000d2b79f00e3b79f00c0f82f000f004000c9
:10a100006101b800b2b79f00c3b79f000b0778008a
:10a11000890678008a0478006145b9000a0545007f
:10a120008b854d00ffb197000300450010067800b5
:10a13000190178005fb29700040045009000780094
:10a140000d0078008eb9020001000000bfb097003a
:10a15000010545000c0d68000804e8008e0f54004e
:10a16000edff34008e0578008d0478002fb1970044
:10a17000c22090000900780086b9020001000000aa
:10a1800000077800afb1970023209000e10f400056
:10a190002f0035000004eb00830478008904b00030
:10a1a000a0f42f000f0040006101b800d2b79f005b
:10a1b000e3b79f002fb597004a04b0006146b9008d
:10a1c0000c0646008d864e0019017800ffb19700fd
:10a1d000030046008e007800100078008eb902005f
:10a1e000010000005fb2970004064600000e7800f0
:10a1f0000804e8001a007800cf00de00008040006c
:10a200000080d100880f5000ecff3d000000e0000e
:10a210000f0035008000eb00c6f82f000f0343004d
:10a220008003eb003fac9700cfac97006109b90009
:10a2300002014100838149000802410006014100fa
:10a24000120a78008100e800808f5000f7ff340088
:10a250000b804500efa89700810f500001003d00e2
:10a260008b8550002fb19700a22190000300e000e1
:10a270000a003400030078008000d0000000e900ec
:10a280000001d000620bb1006f027900610bb100d8
:10a2900084b778000000e000f7ff3a000000eb0010
:10a2a000d0279f008fb097000106e8008c8f5100e7
:10a2b00067ff3d002fb09700a004b0000008eb003e
:10a2c0005fa997000200e000540034008001eb0019
:10a2d000d3b79f00a4f02f0004824700b4b79f00bb
:10a2e000840078006108b800f0b79f0081bf9f002c
:10a2f0002fb1970032269000dfa997000306560081
:10a300005fb2970004064600222090008006eb0012
:10a31000e10f50002b0034008c047800180020005e
:10a32000820578008b04b000020778006e04b0004c
:10a33000020578004a04b0000800d000ffb0970082
:10a3400001004000100078000000e000150032001d
:10a350009b0078007eb90200010000000900400067
:10a360009e0278008581e900830f500009003600c5
:10a3700061821200040040008502e90001003700fc
:10a38000010078008400400001814200828f51006a
:10a39000fbff39009b00780076b902000100000045
:10a3a00080866e000804e8008c8444001a0078005f
:10a3b000cf00de00008040000080d100880f5000f8
:10a3c000ddff3d005f019700828f56000d003a00cf
:10a3d0002fb09700a004b000900078006109b90088
:10a3e0006202b0000380b000020141008381490095
:10a3f0002fb2970002014200dfb1970003097800f5
:10a400000108e8005fb297000402e800d4b79f009b
:10a410005fa89700840f5000b5ff3c00afb09700d5
:10a420005120900001017800a22090004f09de0029
:10a43000810041000181d100afb19700e3a09000fd
:10a4400081005100810f500042013c000000e000fb
:10a450004d013c00fa0037006148b900000040009f
:10a4600081804800aaf42f000f0545000005450033
:10a47000e08548001e209000008044000000d000cd
:10a480006013b1006f007800000d78000900e00053
:10a4900016003400180020008b0420008e85450033
:10a4a0002d0420008e8646001a0678001b017800d5
:10a4b0008800d0007fb29700848040001d80440057
:10a4c000080050000000d0006013b1006f00780059
:10a4d000910078008eb90200010000000c0d6800a8
:10a4e0000804e800890f5400efff34008904e800f5
:10a4f0005e209000890f5000d7ff3c000000e00074
:10a50000cf0034000000eb00b0b79f00afb0970061
:10a5100091af9f0001007800c004b0006101b80055
:10a52000f2a79f0083af9f00a3f42f008381470011
:10a53000e3a79f003fb297006120b90000014000ef
:10a540008181480082b79f0093b79f007fa097004a
:10a550008fa897000200400083804800e0af9f0072
:10a56000f1af9f001086ea00dfa8970001064600c1
:10a57000df2597002fb1970052209000e10f500087
:10a58000390034008c04780018002000820678001e
:10a590006d04b000020778008e04b000efa09700b1
:10a5a0006108b800f0b79f0081bf9f00a204b0000f
:10a5b000d2b79f001d0378008680e900898f500084
:10a5c0000a00310061021300048144008602e900a0
:10a5d0000100370000017800040041008081420042
:10a5e000818f5100fbff3e00010037000901780018
:10a5f0000602e90002005200810f500008003600f8
:10a6000061031300060040000100370002007800db
:10a610000601400082014200818f5100fbff3e0095
:10a620001e0578008a00780076b90200010000005b
:10a630008801d0007fb19700828141000a01780033
:10a6400080007800130078008eb90200010000003d
:10a6500080856d000804e8008c844400dfb1970019
:10a66000930f1400d3ff3c002fb2970044249000b6
:10a67000880078000c00780076b902000100000024
:10a6800008017800800078000b0078008eb9020085
:10a6900001000000b0af9f00ef069700afb0970039
:10a6a00021209000e50f50003f0034000c064600ca
:10a6b0008c04780038002000010778006e04b00098
:10a6c0008104b000f1b79f00a0f02f000f00400000
:10a6d0006101b800d2b79f00e3b79f00afb5970004
:10a6e0004b04b0001e0378008680e900898f50007b
:10a6f0000a00310061021300090142008602e900ec
:10a700000100370000017800040041008081420010
:10a71000838f5000fbff39000100370009017800ea
:10a720000602e90002005200810f500008003600c6
:10a7300061031300060040000100370002007800aa
:10a740000601400084014100818f5100fbff3e0063
:10a75000ffb19700130578008a00780076b90200ef
:10a76000010000008801d0005fb2970084814100a1
:10a770000a01780080007800130078008eb902008a
:10a780000100000080866e000884e8008c8444008c
:10a790001b007800cf00de00008040000080d10068
:10a7a000880f5000cfff3d002fb09700c0209000d1
:10a7b0000d0078007eb90200010000002fb1970063
:10a7c000b22090008100e90000805000808f50008e
:10a7d00001003a000000eb002fb497008804b0009d
:10a7e0009800780076b90200010000001801780096
:10a7f000bfa897008eb90200010000009fa9970032
:10a800000fb2970084804100e08098006fa9970004
:10a81000ffa9970092007800afa9970081804100be
:10a82000914868003fb297000402e800b4b79f0067
:10a83000afb0970051209000840f50003dff3c00c6
:10a840002fb19700222090000000e0004400340067
:10a850008006eb00a1ec2f008f8040006108b8005b
:10a86000b0b79f00c1b79f00820478008904b00090
:10a870002204b00082b79f005fa997000207e90099
:10a880000e0678006168b900000040008180480031
:10a890003fb19700cfb1970000014100818149008d
:10a8a000f2b79f0083bf9f000009eb00990078007a
:10a8b0008fb197001380460076b9020001000000b6
:10a8c00080057800deb79f000e00e0001100320026
:10a8d0000004eb007fb59700edaf9f00afae97008f
:10a8e00019017800088046001080fb001a006800fb
:10a8f0008b0078008eb9020001000000000d780086
:10a900000804e8008c0f5400f5ff3900efae970003
:10a91000020037000000eb00d0b79f00afa89700ff
:10a920005fb19700028040001080fb007fb197006c
:10a930008fb99700920f10000c003a008d06e800c6
:10a94000afb19700232090008d0f5000cdff3c0049
:10a9500003003700e0ff2f002fb29700502298002d
:10a96000afb0970051209000010037000080eb004d
:10a970004f0778004f06be004f05be004f04be00d3
:10a98000af12b100000006002fb197001220900016
:10a990000000d0006013b1006f007800d0279f0046
:10a9a0008004eb00a0f02f000f0040006101b80010
:10a9b000f2b79f0083bf9f002fb79700cbfe3700f1
:10a9c000dfa496001300200083b79f008005eb00f2
:10a9d000a0f02f000f0040006101b800f2b79f0007
:10a9e00083bf9f00b2af9f00c3af9f00b4fd37008d
:10a9f0000000d000010040001000780000000600b8
:10aa00008000eb007c014000010978000202200078
:10aa100000014100010978007e0140000109780031
:10aa20002015b0001080a10000000600ea87470052
:10aa3000889fbe008a9fbe008c9fbe008e1f78003c
:10aa4000d0b79f0001077800020678000300e000fd
:10aa500004003400708011009c0078000008de00c3
:10aa6000000e7800030478000200200003e02700b5
:10aa70008004eb0089057800090278008b05e80066
:10aa80000900d0000c004000900078008180400058
:10aa900001087800e00f5100e08f590002003d00ee
:10aaa0000100a000010878000804e800ef0f54003e
:10aab000050034008904e8000900d0000c004000c3
:10aac0000408780004047800e88f55000300320081
:10aad0000201410083814900e8ff37000e00e800d1
:10aae00080bf9f004240a900490034000005eb00f0
:10aaf0008a067800dfb097006108b800e0b79f00d1
:10ab0000f1b79f008d0f570006003400efb097009b
:10ab1000018046001082fb008002eb0082002000d2
:10ab2000060037008e0078005fb0970012c4020064
:10ab3000010000006102b800020120008001eb006a
:10ab40000900d0000c004000900078008180400097
:10ab5000010878008b05e800e50f55000e00320073
:10ab60000408a300070032000100a00001087800db
:10ab70000a05e8000201e9008502d1000482d30041
:10ab8000060037000201e9008502d1000482d300eb
:10ab90000305780001003700030578000804e80089
:10aba000ef0f5400050034008904e8000900d000cc
:10abb0000c00400003087800030478000200e00065
:10abc000dfff3a008d06e8000fb89700808f56002f
:10abd000ccff3500e50f55000d003a008901d0008b
:10abe0008c81410013027800840942008b05e80043
:10abf0000804e800ef0f5400050034008904e80061
:10ac00000900d0000c0040000008eb000004eb003d
:10ac100082002000e0072000010020000003eb007c
:10ac20008901d0008c8141001302780004024200a7
:10ac3000e1026000850972008100d1000080d3002c
:10ac40000804e800ef0f5400050034008904e80010
:10ac50008901d0008c8141008609780006047800c3
:10ac60000201e900eeff3a00688045000800e000bc
:10ac7000060034008904d0000c86440070041400df
:10ac80009c0078008808dd00010e78004f077800ee
:10ac90004f06be004f05be004f04be00af00b1001e
:10aca00000000600889fbe008a9fbe008c9fbe00e9
:10acb000900278000002eb000100e0000300340085
:10acc000708210008400e900812add008004eb001e
:10acd0000200e000360034000903780086037800a3
:10ace0000604780086047800860078000c012000b5
:10acf000060578000400e000020032008582420070
:10ad0000050037000804e8000802d00000024200f5
:10ad1000940278000c0278000500e0000f003d006e
:10ad2000898541009b4678000d74a0008d4d780008
:10ad30008703e8000603e800e70f53000300340030
:10ad40008904e8000a037800140037008d86fb00b0
:10ad50008d06d1008d4d780010003700e48f530030
:10ad60000d003c000603e800e70f53000400340028
:10ad70008904e8000a0378008a0378000700370096
:10ad8000898341009785fb008b05d1008b4b7800b0
:10ad90008a037800010037008a0378008100e80008
:10ada000828f5000020032000402e900d1ff370018
:10adb000090078004f06be004f05be004f04be00dc
:10adc00000000600889fbe00b00090008003eb00ea
:10add000070378000100e0000d003c00130037007d
:10ade00010014200920178000300a7000603e8006a
:10adf0000309d1008100e800f08f5000f8ff3a000d
:10ae00008703e800998f130003003c000700370018
:10ae10000004eb00e604400088007800613ab900c5
:10ae20000402420085824a00edff370006007800e8
:10ae30004f04be0000000600ea874700889fbe005e
:10ae40008a9fbe008c9fbe008e1f78000004780091
:10ae500001057800f2b79f003a0090008005eb00f2
:10ae60000000e000ad003c00b4003700615eb900b6
:10ae70000c0646008d864e001a0046001000e000c9
:10ae80002c003d00600220000800400010417800c6
:10ae90000274a0000248780001022000888040006f
:10aea0001100e80080087800fc0044009101e800ef
:10aeb00083087800e60f5000060034000000eb0025
:10aec000fc00440080087800fe0044008008780000
:10aed00088003700e78f5100120034007c004400e6
:10aee0000008eb00fe0044001100780080014400df
:10aef000f26198000000e80080087800b11220009c
:10af0000810f50007b0034000000eb00fe00440085
:10af100080087800010220008880400080087800c6
:10af2000740037000281fb000201d10062649800c6
:10af30007000370008109000e40f50001c003c0027
:10af40006002200008004000104178000274a10057
:10af500002487800fc0044001100e80080087800f6
:10af6000e70f50000e0034007c0044000008eb00a6
:10af7000fe0044001100780080014400f261980056
:10af80000000e80080087800b1122000810f500016
:10af9000550034007e0044000008eb0052003700ea
:10afa0000281fb000201d100626498004e0037006c
:10afb000e50f50004c003200e60f500045003a000b
:10afc00078089000e90f50003c003400e808900039
:10afd000e78f500039003a008080e900710c98003a
:10afe000700220000000440080bf9f004cc402009b
:10aff000010000000000e0002d003200780a9000ff
:10b0000004004400006990004811dd000400440081
:10b01000706090000080fb00020170001214980024
:10b0200020152000080040001080a0008001eb00e7
:10b030000808900098089000800f5100818f5900f7
:10b04000170032008fb997000041eb008240780072
:10b050007fb09700de8c0200010000002015200068
:10b060000800400010a0a100780990002214980068
:10b070000000eb006172b8005fb39700efb3970078
:10b080006101b90084004100060141009248780046
:10b090000000e800e70f5000f9ff3a000700370012
:10b0a000201520000800400010a0a0000300370079
:10b0b00020152000080040001090a0000000eb00c8
:10b0c000fe00440080087800fc00440080087800fe
:10b0d000050037000000eb00fe0044008008780007
:10b0e000fc004400800878000002200008004000b6
:10b0f0000008eb001a0646001c007800000e400015
:10b100008904e90059ff3a008b05e8003a009000f5
:10b110008b0f500007003c0008003700080778003c
:10b1200070022000080040006101b800d2b79f0003
:10b13000e3b79f00090120004cff37004f0778005c
:10b140004f06be004f05be004f04be00af00b10069
:10b150000000060080007800a2cab3008258780080
:10b1600062cab3008248780041c8b3002140980009
:10b1700001c4b3003140980041409800514098000c
:10b1800002ceb3006240980082cab30072409800b9
:10b19000c2c9b3000248980062c8b30012489800c0
:10b1a00021489800314898004148980011c6b300e2
:10b1b0005148980031c0b3006148980001cfb300f6
:10b1c000714898000001200000000600e687470053
:10b1d000889fbe008a9fbe008c9fbe008e1f780095
:10b1e000000678000404be000605be0003077800d0
:10b1f0000c00780023c9b3000358780083c8b3005b
:10b2000003487800a0c8b30020469800c0c9b30026
:10b210003046980080cab3004046980000c4b3008e
:10b220005046980000ceb30060469800730020009e
:10b230000000eb006163b800610ab800f4b79f003a
:10b2400085bf9f00868241007fb297008400400046
:10b2500011427800844a42008301e8000000e800bf
:10b26000e60f5000f7ff3a00024141001246b300da
:10b27000524e980030c0b300604e980000cfb3002b
:10b28000704e980070004600014e250028720200a2
:10b2900001000000f00640000d0046008e0078001e
:10b2a000a073020001000000808646000d004600e9
:10b2b000814e2500287202000100000080864600b1
:10b2c0000d0046000801be00667202000100000089
:10b2d0000084460008004600b14f25002872020095
:10b2e0000100000000044400080046000a01be00fe
:10b2f0006672020001000000000044004f07780061
:10b300004f06be004f05be004f04be006f00b100e7
:10b31000000006000001fa00889fbe008a9fbe0060
:10b320008c9fbe0080047800030478000405780038
:10b330000900780063c8b3000358780023cab3003b
:10b340000348780040c8b300a0449800a0c8b300e8
:10b35000b0449800c044980000cab300d04498009c
:10b36000a0ceb300e0449800730020000000eb0082
:10b37000614eb800610bb8008c82410006024000ab
:10b3800014427800844a42008301e8000000e8008b
:10b39000e60f5000f8ff3a000241410002407800f9
:10b3a0001046b300d04c980030c0b300e04c980079
:10b3b00000cfb300f04c980070804400e1502500ad
:10b3c0002872020001000000f00540000b804400dc
:10b3d00088007800a073020001000000808545000d
:10b3e0000b8044000151250028720200010000007a
:10b3f000008045008001eb008300780005102000ec
:10b40000e20520000400370083007800f105b10058
:10b41000828f5000fdff3c0046ef2f000f034300da
:10b420000102430006c2b30006ca40008301e800df
:10b43000858f510004003200828f5100f2ff3c00e2
:10b4400083007800f4ff37000a00e00012003400a7
:10b450008001eb00f20520000082410088007800a6
:10b46000820f540003003400f105b100828f5000b8
:10b47000fdff3c0004824400c110b100efc0780021
:10b48000014a78008301e8000804e8008a8f51002f
:10b49000f1ff3a000a0040004f06be004f05be0013
:10b4a0004f04be000080fa00000006001800fa00f9
:10b4b000889fbe008a9fbe008c1f78000001780024
:10b4c00023c9b3000359780083c8b3000349780047
:10b4d000a2c8b30022409800c2c9b300324098000d
:10b4e00082cab3004240980002c4b30052409800a0
:10b4f00002ceb30062409800720020008103780001
:10b500006105b800658440008004eb006112b90059
:10b510000a034200080242009441780003cb410034
:10b520000201e800ed0f5100f8ff3a006d01400004
:10b5300013c6b30003497800215290000442420030
:10b540000349720032c0b3006248980002cfb300d2
:10b5500072489800a2c3b300025098001201200064
:10b56000658353008003eb006112b9008401400041
:10b5700006024200944978000201e800f70f5100ea
:10b58000f9ff3a0002c2b3007250980051099000ce
:10b59000cf91de00f30f5100e08f5900e2003e0032
:10b5a000020601007200370012003700de0037008b
:10b5b0005c00370022003700db003700da0037007c
:10b5c000d90037007d0037008d003700d6003700e6
:10b5d000d5003700c10037009a003700ac003700b3
:10b5e000280037003a003700cf003700ce00370080
:10b5f0001300370012c4b3000258980062c4b300ad
:10b600001258980032c5b30022589800b2c4b30053
:10b610003258980002c2b3004258980012c3b300d7
:10b620005258980022c3b3006258980002c3b30076
:10b63000725898000260980012022000c200370081
:10b6400012c4b3000258980062c4b30012589800a4
:10b6500032c5b30022589800b2c4b30032589800e3
:10b6600002c2b3004258980032c3b3005258980047
:10b6700002c3b3006258980072589800020220007a
:10b68000b100370042c3b3000258980062c4b3004f
:10b690001258980032c5b30022589800b2c4b300c3
:10b6a0003258980002c2b3004258980092c3b300c7
:10b6b0005258980062c3b3006258980002c3b300a6
:10b6c0007258980002609800120220009e00370015
:10b6d00042c3b3000258980062c4b30012589800e5
:10b6e00032c5b30022589800b2c4b3003258980053
:10b6f00002c2b3004258980012c3b30052589800d7
:10b7000092c3b3006258980022c3b30072589800e5
:10b7100002c3b30002609800126098002202200069
:10b720008900370072c4b3000258980062c4b300a5
:10b730001258980032c5b30022589800b2c4b30022
:10b740003258980002c2b3004258980042c3b30076
:10b750005258980082c3b3006258980002c3b300e5
:10b76000725898000260980012022000760037009c
:10b7700072c4b3000258980062c4b3001258980013
:10b7800032c5b30022589800b2c4b30032589800b2
:10b7900002c2b3004258980092c3b30052589800b6
:10b7a00062c3b3006258980002c3b3007258980095
:10b7b00002609800120220006300370022c4b30028
:10b7c0000258980002c5b3001258980032c5b30061
:10b7d00022589800b2c4b3003258980002c2b30095
:10b7e0004258980032c3b3005258980002c3b300c5
:10b7f00062589800725898000202200052003700e8
:10b8000012c5b3000258980002c5b3001258980040
:10b8100032c5b30022589800b2c4b3003258980021
:10b8200002c2b3004258980062c3b3005258980055
:10b8300002c3b300625898007258980002022000b8
:10b840004100370012c5b3000258980002c5b3008a
:10b850001258980032c5b30022589800b2c4b30001
:10b860003258980002c2b3004258980022c3b30075
:10b870005258980042c3b3006258980002c3b30004
:10b880007258980002609800120220002e003700c3
:10b8900012c5b3000258980002c5b30012589800b0
:10b8a00032c5b30022589800b2c4b3003258980091
:10b8b00002c2b3004258980032c3b30052589800f5
:10b8c00062c3b3006258980002c3b3007258980074
:10b8d00002609800120220001b00370022c4b3004f
:10b8e0000258980002c5b3001258980032c5b30040
:10b8f00022589800b2c4b3003258980002c2b30074
:10b900004258980012c3b3005258980022c3b300a3
:10b910006258980002c3b300725898000260980001
:10b920001202200008003700f2c6b3000258980047
:10b930001258980002c7b3002258980032c7b300cb
:10b9400032589800c2012000c1099000e28f5100d6
:10b9500050003a008201400004c2b30084497800dc
:10b960008202e8000501400093c4b3000349780057
:10b970008502e80005014000c3c4b3000349780014
:10b980008502e8000501400023c3b30003497800a5
:10b990008502e8000501400003c5b30003497800b3
:10b9a0008502e800f108900032092000828f5000e3
:10b9b0000b003c0002092000828f500013003d0064
:10b9c00032022000828f5000100032001e0035002d
:10b9d0000104b100e18f50001b003e000b00370056
:10b9e000020b2000828f50000800320004003c004f
:10b9f000010ab100e38f500013003e00030037003e
:10ba0000120f2000828f50000f003a008500400086
:10ba1000b2c2b300824878008502e8000501400008
:10ba200031c4b300014978008502e80005014000f7
:10ba300023c5b300034978008502e80005014000f2
:10ba4000014978008502e800e1fd2f008180470070
:10ba5000225125000a000900b2187800b258780077
:10ba6000050178008000eb00e3fd2f008f8141008d
:10ba7000611bb800820140000682400094497800b2
:10ba80000201e8008100e800f78f5000f9ff3a005a
:10ba900077814200020078004f0678004f05be0013
:0cbaa0004f04be000080fa000000060009
:020000040000fa
:020000040002f8
:10baac00889fbe008a1f7800000478000205780089
:10babc0054049800630498001102900064804000c4
:10bacc008001eb0018017800840078001655020004
:10badc0001000000e8044400800c78000101200003
:10baec000ed702000100000030049800c400dd00f5
:10bafc00810c780015002000050278008a0178007e
:10bb0c000201200018007800da8602000100000013
:10bb1c004f0578004f04be000000060001037800ba
:10bb2c005300980062009800e60040008008eb008b
:10bb3c008000eb0001027800660140003306200013
:10bb4c008100d00090804000840878009200e800ca
:10bb5c0001097800838f5000f9ff3400c408dd0020
:10bb6c00410098001500200005027800860178003d
:10bb7c000201200010007800da86020001000000ab
:10bb8c0000000600ea874700889fbe008a9fbe001f
:10bb9c008c9fbe008e1f7800d1b79f005300980079
:10bbac0062009800a0009000810f52000100360046
:10bbbc00010278000400e00001003a0014002000ab
:10bbcc00e60040008008eb008000eb008104780068
:10bbdc000284e900611bb8000c0120000d0020005c
:10bbec0001077800535525003a0120000b00200076
:10bbfc00e602400082bf9f00e10f54002100360096
:10bc0c008a0f53008b8f5b0052003e00060601002a
:10bc1c0013003700120037001600370010003700f1
:10bc2c000f0037004b0037004a003700490037003f
:10bc3c000b0037000a00370046003700450037007c
:10bc4c0007003700060037000500370004003700f6
:10bc5c00030037003f0037003e003700000037007c
:10bc6c008100d00090804000e2e727008208780035
:10bc7c00380037008100d0009080400083087800a5
:10bc8c00340037008c0f53008d8f5b0031003e0069
:10bc9c000606010018003700170037001a0037009d
:10bcac0015003700140037002a0037002900370030
:10bcbc0028003700080037000b003700250037003c
:10bccc002400370004003700070037000600370057
:10bcdc0011003700100037008100d0009080400028
:10bcec008e0878001b0037008100d0009080400047
:10bcfc008e087800170037008100d000908040003b
:10bd0c0083087800130037008100d0009080400039
:10bd1c00830878000f003700e28f540005003c00c8
:10bd2c008100d00090804000727727008208780054
:10bd3c00040037008100d00090804000f2f525000f
:10bd4c00820878008904e800e58f54000100340073
:10bd5c008e0478009500e800810a7800810f52006b
:10bd6c00a5ff3e000fb99700c408dd004100980004
:10bd7c00e10f510007003a00150020000502780081
:10bd8c00dfb197000201200010007800da86020073
:10bd9c00010000004f0778004f06be004f05be00a3
:10bdac004f04be00af00b100000006000400fa0012
:10bdbc00889fbe008a1f780052009800610098008e
:10bdcc00a000900083027800818f520001003600a1
:10bddc00810278000500e00001003a001500200007
:10bdec00e60040008008eb008000eb008001eb00d7
:10bdfc003601200007002000faf5250059552500d2
:10be0c000104780066024000860f5100878f5900ac
:10be1c0028003e00020601001b0037001a00370004
:10be2c001d003700180037001700370021003700bd
:10be3c00200037001f0037000f0037000a003700c2
:10be4c001c0037001b0037000b00370006003700c2
:10be5c0005003700140037001300370015003700b9
:10be6c0014003700080037008100d000908040009b
:10be7c00880878000f0037008100d00090804000c7
:10be8c00880878000b0037008100d00090804000bb
:10be9c0089087800070037008100d00090804000ae
:10beac0089087800030037008100d00090804000a2
:10bebc008a0878009400e800010a7800818f52000b
:10becc00d1ff3e00c408dd00410098004f0578000a
:10bedc004f04be000080fa0000000600ef80500006
:10beec00e18f50000d003e00510020006602400022
:10befc0076772700e8014000140178008202d00018
:10bf0c0090824200860a7800020ae8001301780049
:10bf1c00f00941008100e900f7ff3a00000006003b
:10bf2c00889fbe008a9fbe008c9fbe0000047800d4
:10bf3c0001067800820578005308900050049800a0
:10bf4c004308900060049800431890000028a30058
:10bf5c0003003200d308900008007800dfff0700d0
:10bf6c00e804440099067800660544009a00d00065
:10bf7c00988040000b0178000c00780060040200ef
:10bf8c00010000000d004000800c78000101200031
:10bf9c000ed7020001000000000d78004f06be0015
:0cbfac004f05be004f04be000000060060
:020000040000fa
:020000040002f8
:10bfb80010270000f220000082100000e7fa0000bd
:10bfc800e4e60000bfda000045da00009ce5000066
:10bfd80038f90000f30e00000020000006270000da
:10bfe800d42100000912000098fc000038e8000085
:08bff8004bdb0000ddd9000065
:020000040000fa
:020000040002f8
:10c000000000000000000000000000000000000030
:10c010000000000000000000000000000000000020
:10c020000000000000000000000000000000000010
:10c030000000000000000000000000000000000000
:10c0400000000000000000000000000000000000f0
:10c0500000000000000000000000000000000000e0
:10c0600000000000000000000000000000000000d0
:10c0700000000000000000000000000000000000c0
:10c0800000000000000000000000000000000000b0
:10c0900000000000000000000000000000000000a0
:10c0a0000000000000000000000000000000000090
:10c0b0000000000000000000000000000000000080
:10c0c0000000000000000000000000000000000070
:10c0d0000000000000000000000000000000000060
:10c0e0000000000000000000000000000000000050
:10c0f0000000000000000000000000000000000040
:10c10000000000000000000000000000000000002f
:10c11000000000000000000000000000000000001f
:10c12000000000000000000000000000000000000f
:10c1300000000000000000000000000000000000ff
:10c1400000000000000000000000000000000000ef
:10c1500000000000000000000000000000000000df
:10c1600000000000000000000000000000000000cf
:10c1700000000000000000000000000000000000bf
:10c1800000000000000000000000000000000000af
:10c19000000000000000000000000000000000009f
:10c1a000000000000000000000000000000000008f
:10c1b000000000000000000000000000000000007f
:10c1c000000000000000000000000000000000006f
:10c1d000000000000000000000000000000000005f
:10c1e000000000000000000000000000000000004f
:10c1f000000000000000000000000000000000003f
:10c20000000000000000000000000000000000002e
:10c21000000000000000000000000000000000001e
:10c22000000000000000000000000000000000000e
:10c2300000000000000000000000000000000000fe
:10c2400000000000000000000000000000000000ee
:10c2500000000000000000000000000000000000de
:10c2600000000000000000000000000000000000ce
:10c2700000000000000000000000000000000000be
:10c2800000000000000000000000000000000000ae
:10c29000000000000000000000000000000000009e
:10c2a000000000000000000000000000000000008e
:10c2b000000000000000000000000000000000007e
:10c2c000000000000000000000000000000000006e
:10c2d000000000000000000000000000000000005e
:10c2e000000000000000000000000000000000004e
:10c2f000000000000000000000000000000000003e
:10c30000000000000000000000000000000000002d
:10c31000000000000000000000000000000000001d
:10c32000000000000000000000000000000000000d
:10c3300000000000000000000000000000000000fd
:10c3400000000000000000000000000000000000ed
:10c3500000000000000000000000000000000000dd
:10c3600000000000000000000000000000000000cd
:10c3700000000000000000000000000000000000bd
:10c3800000000000000000000000000000000000ad
:10c39000000000000000000000000000000000009d
:10c3a000000000000000000000000000000000008d
:10c3b000000000000000000000000000000000007d
:10c3c000000000000000000000000000000000006d
:10c3d000000000000000000000000000000000005d
:10c3e000000000000000000000000000000000004d
:10c3f000000000000000000000000000000000003d
:10c40000000000000000000000000000000000002c
:10c41000000000000000000000000000000000001c
:10c42000000000000000000000000000000000000c
:10c4300000000000000000000000000000000000fc
:10c4400000000000000000000000000000000000ec
:10c4500000000000000000000000000000000000dc
:10c4600000000000000000000000000000000000cc
:10c4700000000000000000000000000000000000bc
:10c4800000000000000000000000000000000000ac
:10c49000000000000000000000000000000000009c
:10c4a000000000000000000000000000000000008c
:10c4b000000000000000000000000000000000007c
:10c4c000000000000000000000000000000000006c
:10c4d000000000000000000000000000000000005c
:10c4e000000000000000000000000000000000004c
:10c4f000000000000000000000000000000000003c
:10c50000000000000000000000000000000000002b
:10c51000000000000000000000000000000000001b
:10c52000000000000000000000000000000000000b
:10c5300000000000000000000000000000000000fb
:10c5400000000000000000000000000000000000eb
:10c5500000000000000000000000000000000000db
:10c5600000000000000000000000000000000000cb
:10c5700000000000000000000000000000000000bb
:10c5800000000000000000000000000000000000ab
:10c59000000000000000000000000000000000009b
:10c5a000000000000000000000000000000000008b
:10c5b000000000000000000000000000000000007b
:10c5c000000000000000000000000000000000006b
:10c5d000000000000000000000000000000000005b
:10c5e000000000000000000000000000000000004b
:10c5f000000000000000000000000000000000003b
:10c60000000000000000000000000000000000002a
:10c61000000000000000000000000000000000001a
:10c62000000000000000000000000000000000000a
:10c6300000000000000000000000000000000000fa
:10c6400000000000000000000000000000000000ea
:10c6500000000000000000000000000000000000da
:10c6600000000000000000000000000000000000ca
:10c6700000000000000000000000000000000000ba
:10c6800000000000000000000000000000000000aa
:10c69000000000000000000000000000000000009a
:10c6a000000000000000000000000000000000008a
:10c6b000000000000000000000000000000000007a
:10c6c000000000000000000000000000000000006a
:10c6d000000000000000000000000000000000005a
:10c6e000000000000000000000000000000000004a
:10c6f000000000000000000000000000000000003a
:10c700000000000000000000000000000000000029
:10c710000000000000000000000000000000000019
:10c720000000000000000000000000000000000009
:10c7300000000000000000000000000000000000f9
:10c7400000000000000000000000000000000000e9
:10c7500000000000000000000000000000000000d9
:10c7600000000000000000000000000000000000c9
:10c7700000000000000000000000000000000000b9
:10c7800000000000000000000000000000000000a9
:10c790000000000000000000000000000000000099
:10c7a0000000000000000000000000000000000089
:10c7b0000000000000000000000000000000000079
:10c7c0000000000000000000000000000000000069
:10c7d0000000000000000000000000000000000059
:10c7e0000000000000000000000000000000000049
:10c7f0000000000000000000000000000000000039
:10c800000000000000000000000000000000000028
:10c810000000000000000000000000000000000018
:10c820000000000000000000000000000000000008
:10c8300000000000000000000000000000000000f8
:10c8400000000000000000000000000000000000e8
:10c8500000000000000000000000000000000000d8
:10c8600000000000000000000000000000000000c8
:10c8700000000000000000000000000000000000b8
:10c8800000000000000000000000000000000000a8
:10c890000000000000000000000000000000000098
:10c8a0000000000000000000000000000000000088
:10c8b0000000000000000000000000000000000078
:10c8c0000000000000000000000000000000000068
:10c8d0000000000000000000000000000000000058
:10c8e0000000000000000000000000000000000048
:10c8f0000000000000000000000000000000000038
:10c900000000000000000000000000000000000027
:10c910000000000000000000000000000000000017
:10c920000000000000000000000000000000000007
:10c9300000000000000000000000000000000000f7
:10c9400000000000000000000000000000000000e7
:10c9500000000000000000000000000000000000d7
:10c9600000000000000000000000000000000000c7
:10c9700000000000000000000000000000000000b7
:10c9800000000000000000000000000000000000a7
:10c990000000000000000000000000000000000097
:10c9a0000000000000000000000000000000000087
:10c9b0000000000000000000000000000000000077
:10c9c0000000000000000000000000000000000067
:10c9d0000000000000000000000000000000000057
:10c9e0000000000000000000000000000000000047
:10c9f0000000000000000000000000000000000037
:10ca00000000000000000000000000000000000026
:10ca10000000000000000000000000000000000016
:10ca20000000000000000000000000000000000006
:10ca300000000000000000000000000000000000f6
:10ca400000000000000000000000000000000000e6
:10ca500000000000000000000000000000000000d6
:10ca600000000000000000000000000000000000c6
:10ca700000000000000000000000000000000000b6
:10ca800000000000000000000000000000000000a6
:10ca90000000000000000000000000000000000096
:10caa0000000000000000000000000000000000086
:10cab0000000000000000000000000000000000076
:10cac0000000000000000000000000000000000066
:10cad0000000000000000000000000000000000056
:10cae0000000000000000000000000000000000046
:10caf0000000000000000000000000000000000036
:10cb00000000000000000000000000000000000025
:10cb10000000000000000000000000000000000015
:10cb20000000000000000000000000000000000005
:10cb300000000000000000000000000000000000f5
:10cb400000000000000000000000000000000000e5
:10cb500000000000000000000000000000000000d5
:10cb600000000000000000000000000000000000c5
:10cb700000000000000000000000000000000000b5
:10cb800000000000000000000000000000000000a5
:10cb90000000000000000000000000000000000095
:10cba0000000000000000000000000000000000085
:10cbb0000000000000000000000000000000000075
:10cbc0000000000000000000000000000000000065
:10cbd0000000000000000000000000000000000055
:10cbe0000000000000000000000000000000000045
:10cbf0000000000000000000000000000000000035
:10cc00000000000000000000000000000000000024
:10cc10000000000000000000000000000000000014
:10cc20000000000000000000000000000000000004
:10cc300000000000000000000000000000000000f4
:10cc400000000000000000000000000000000000e4
:10cc500000000000000000000000000000000000d4
:10cc600000000000000000000000000000000000c4
:10cc700000000000000000000000000000000000b4
:10cc800000000000000000000000000000000000a4
:10cc90000000000000000000000000000000000094
:10cca0000000000000000000000000000000000084
:10ccb0000000000000000000000000000000000074
:10ccc0000000000000000000000000000000000064
:10ccd0000000000000000000000000000000000054
:10cce0000000000000000000000000000000000044
:10ccf0000000000000000000000000000000000034
:10cd00000000000000000000000000000000000023
:10cd10000000000000000000000000000000000013
:10cd20000000000000000000000000000000000003
:10cd300000000000000000000000000000000000f3
:10cd400000000000000000000000000000000000e3
:10cd500000000000000000000000000000000000d3
:10cd600000000000000000000000000000000000c3
:10cd700000000000000000000000000000000000b3
:10cd800000000000000000000000000000000000a3
:10cd90000000000000000000000000000000000093
:10cda0000000000000000000000000000000000083
:10cdb0000000000000000000000000000000000073
:10cdc0000000000000000000000000000000000063
:10cdd0000000000000000000000000000000000053
:10cde0000000000000000000000000000000000043
:10cdf0000000000000000000000000000000000033
:10ce00000000000000000000000000000000000022
:10ce10000000000000000000000000000000000012
:10ce20000000000000000000000000000000000002
:10ce300000000000000000000000000000000000f2
:10ce400000000000000000000000000000000000e2
:10ce500000000000000000000000000000000000d2
:10ce600000000000000000000000000000000000c2
:10ce700000000000000000000000000000000000b2
:10ce800000000000000000000000000000000000a2
:10ce90000000000000000000000000000000000092
:10cea0000000000000000000000000000000000082
:10ceb0000000000000000000000000000000000072
:10cec0000000000000000000000000000000000062
:10ced0000000000000000000000000000000000052
:10cee0000000000000000000000000000000000042
:10cef0000000000000000000000000000000000032
:10cf00000000000000000000000000000000000021
:10cf10000000000000000000000000000000000011
:10cf20000000000000000000000000000000000001
:10cf300000000000000000000000000000000000f1
:10cf400000000000000000000000000000000000e1
:10cf500000000000000000000000000000000000d1
:10cf600000000000000000000000000000000000c1
:10cf700000000000000000000000000000000000b1
:10cf800000000000000000000000000000000000a1
:10cf90000000000000000000000000000000000091
:10cfa0000000000000000000000000000000000081
:10cfb0000000000000000000000000000000000071
:10cfc0000000000000000000000000000000000061
:10cfd0000000000000000000000000000000000051
:10cfe0000000000000000000000000000000000041
:10cff0000000000000000000000000000000000031
:020000040000fa
:020000040002f8
:10d0000000000000400000005b0000006f00000016
:10d01000800000008f0000009d000000a9000000bb
:10d02000b5000000c0000000ca000000d4000000ed
:10d03000de000000e7000000ef000000f800000044
:10d0400000010000080100001001000017010000ad
:10d050001e010000250100002c010000330100002a
:10d060003a01000040010000460100004d010000af
:10d0700053010000590100005f010000640100003d
:10d080006a01000070010000750100007b010000d2
:10d0900080010000850100008b010000900100006c
:10d0a000950100009a0100009f010000a40100000a
:10d0b000a9010000ad010000b2010000b7010000ad
:10d0c000bb010000c0010000c5010000c901000053
:10d0d000ce010000d2010000d6010000db010000fb
:10d0e000df010000e3010000e7010000ec010000a7
:10d0f000f0010000f4010000f8010000fc01000054
:10d100000002000004020000080200000c020000ff
:10d110001002000014020000170200001b020000b1
:10d120001f02000023020000270200002a02000064
:10d130002e02000032020000350200003902000019
:10d140003c020000400200004402000047020000d0
:10d150004b0200004e020000520200005502000087
:10d16000580200005c0200005f0200006302000041
:10d1700066020000690200006d02000070020000fb
:10d1800073020000760200007a0200007d020000b7
:10d190008002000083020000860200008a02000074
:10d1a0008d02000090020000930200009602000031
:10d1b000990200009c0200009f020000a2020000f1
:10d1c000a5020000a8020000ab020000ae020000b1
:10d1d000b1020000b4020000b7020000ba02000071
:10d1e000bd020000c0020000c3020000c602000031
:10d1f000c9020000cc020000ce020000d1020000f3
:10d20000d4020000d7020000da020000dd020000b4
:10d21000df020000e2020000e5020000e802000078
:10d22000ea020000ed020000f0020000f30200003c
:10d23000f5020000f8020000fb020000fd02000001
:10d2400000030000030300000503000008030000c2
:10d250000b0300000d030000100300001203000088
:10d2600015030000180300001a0300001d0300004e
:10d270001f03000022030000240300002703000016
:10d280002a0300002c0300002f03000031030000dc
:10d290003403000036030000390300003b030000a4
:10d2a0003e0300004003000042030000450300006d
:10d2b000470300004a0300004c0300004f03000036
:10d2c0005103000053030000560300005803000000
:10d2d0005b0300005d0300005f03000062030000c9
:10d2e0006403000066030000690300006b03000094
:10d2f0006e0300007003000072030000740300005e
:10d3000077030000790300007b0300007e03000028
:10d3100080030000820300008503000087030000f3
:10d32000890300008b0300008e03000090030000bf
:10d33000920300009403000097030000990300008b
:10d340009b0300009d0300009f030000a203000058
:10d35000a4030000a6030000a8030000aa03000025
:10d36000ad030000af030000b1030000b3030000f1
:10d37000b5030000b7030000ba030000bc030000bf
:10d38000be030000c0030000c2030000c40300008d
:10d39000c6030000c8030000cb030000cd0300005b
:10d3a000cf030000d1030000d3030000d503000029
:10d3b000d7030000d9030000db030000dd030000f9
:10d3c000df030000e2030000e4030000e6030000c6
:10d3d000e8030000ea030000ec030000ee03000095
:10d3e000f0030000f2030000f4030000f603000065
:10d3f000f8030000fa030000fc030000fe03000035
:10d400000004000002040000040400000604000000
:10d41000080400000a0400000c0400000e040000d0
:10d4200010040000120400001404000016040000a0
:10d43000180400001a0400001c0400001e04000070
:10d440002004000021040000230400002504000043
:10d4500027040000290400002b0400002d04000014
:10d460002f040000310400003304000035040000e4
:10d4700037040000380400003a0400003c040000b7
:10d480003e04000040040000420400004404000088
:10d490004604000048040000490400004b0400005a
:10d4a0004d0400004f04000051040000530400002c
:10d4b0005504000056040000580400005a040000ff
:10d4c0005c0400005e0400006004000061040000d1
:10d4d00063040000650400006704000069040000a4
:10d4e0006a0400006c0400006e0400007004000078
:10d4f000720400007304000075040000770400004b
:10d50000790400007b0400007c0400007e0400001d
:10d5100080040000820400008404000085040000f0
:10d5200087040000890400008b0400008c040000c4
:10d530008e04000090040000920400009304000098
:10d540009504000097040000990400009a0400006c
:10d550009c0400009e040000a0040000a104000040
:10d56000a3040000a5040000a6040000a804000015
:10d57000aa040000ac040000ad040000af040000e9
:10d58000b1040000b2040000b4040000b6040000be
:10d59000b8040000b9040000bb040000bd04000092
:10d5a000be040000c0040000c2040000c304000068
:10d5b000c5040000c7040000c8040000ca0400003d
:10d5c000cc040000cd040000cf040000d104000012
:10d5d000d2040000d4040000d6040000d7040000e8
:10d5e000d9040000db040000dc040000de040000bd
:10d5f000e0040000e1040000e3040000e504000092
:10d60000e6040000e8040000e9040000eb04000068
:10d61000ed040000ee040000f0040000f20400003d
:10d62000f3040000f5040000f6040000f804000014
:10d63000fa040000fb040000fd040000fe040000ea
:10d6400000050000020500000305000005050000bc
:10d6500006050000080500000a0500000b05000093
:10d660000d0500000e05000010050000110500006a
:10d670001305000015050000160500001805000040
:10d68000190500001b0500001c0500001e05000018
:10d6900020050000210500002305000024050000ee
:10d6a0002605000027050000290500002a050000c6
:10d6b0002c0500002e0500002f050000310500009c
:10d6c0003205000034050000350500003705000074
:10d6d000380500003a0500003b0500003d0500004c
:10d6e0003e05000040050000420500004305000023
:10d6f00045050000460500004805000049050000fa
:10d700004b0500004c0500004e0500004f050000d1
:10d7100051050000520500005405000055050000a9
:10d7200057050000580500005a0500005b05000081
:10d730005d0500005e050000600500006105000059
:10d740006305000064050000660500006705000031
:10d75000690500006a0500006b0500006d0500000a
:10d760006e050000700500007105000073050000e3
:10d7700074050000760500007705000079050000bb
:10d780007a0500007c0500007d0500007f05000093
:10d79000800500008105000083050000840500006d
:10d7a0008605000087050000890500008a05000045
:10d7b0008c0500008d0500008e050000900500001e
:10d7c00091050000930500009405000096050000f7
:10d7d00097050000990500009a0500009b050000d0
:10d7e0009d0500009e050000a0050000a1050000a9
:10d7f000a2050000a4050000a5050000a705000083
:10d80000a8050000aa050000ab050000ac0500005b
:10d81000ae050000af050000b1050000b205000034
:10d82000b3050000b5050000b6050000b80500000e
:10d83000b9050000ba050000bc050000bd050000e8
:10d84000bf050000c0050000c1050000c3050000c1
:10d85000c4050000c6050000c7050000c80500009b
:10d86000ca050000cb050000cc050000ce05000075
:10d87000cf050000d1050000d2050000d30500004f
:10d88000d5050000d6050000d7050000d905000029
:10d89000da050000dc050000dd050000de05000003
:10d8a000e0050000e1050000e2050000e4050000dd
:10d8b000e5050000e6050000e8050000e9050000b8
:10d8c000eb050000ec050000ed050000ef05000091
:10d8d000f0050000f1050000f3050000f40500006c
:10d8e000f5050000f7050000f8050000f905000047
:10d8f000fb050000fc050000fd050000ff05000021
:10d9000000060000010600000306000004060000f7
:10d9100005060000070600000806000009060000d2
:10d920000b0600000c0600000d0600000f060000ac
:10d930001006000011060000130600001406000087
:10d940001506000017060000180600001906000062
:10d950001a0600001c0600001d0600001e0600003e
:10d960002006000021060000220600002406000018
:10d9700025060000260600002706000029060000f4
:10d980002a0600002b0600002d0600002e060000cf
:10d990002f060000310600003206000033060000aa
:10d9a0003406000036060000370600003806000086
:10d9b0003a0600003b0600003c0600003d06000061
:10d9c0003f0600004006000041060000430600003c
:10d9d0004406000045060000460600004806000018
:10d9e000490600004a0600004b0600004d060000f4
:10d9f0004e0600004f0600005106000052060000cf
:10da000053060000540600005606000057060000aa
:10da100058060000590600005b0600005c06000086
:10da20005d0600005e060000600600006106000062
:10da3000620600006306000065060000660600003e
:10da400067060000680600006a0600006b0600001a
:10da50006c0600006d0600006f06000070060000f6
:10da600071060000720600007406000075060000d2
:10da70007606000077060000790600007a060000ae
:10da80007b0600007c0600007e0600007f0600008a
:10da90008006000081060000820600008406000067
:10daa0008506000086060000870600008906000043
:10dab0008a0600008b0600008c0600008d06000020
:10dac0008f060000900600009106000092060000fc
:10dad00094060000950600009606000097060000d8
:10dae000980600009a0600009b0600009c060000b5
:10daf0009d0600009e060000a0060000a106000092
:10db0000a2060000a3060000a5060000a60600006d
:10db1000a7060000a8060000a9060000ab0600004a
:10db2000ac060000ad060000ae060000af06000027
:10db3000b1060000b2060000b3060000b406000003
:10db4000b5060000b6060000b8060000b9060000e1
:10db5000ba060000bb060000bc060000be060000be
:10db6000bf060000c0060000c1060000c20600009b
:10db7000c4060000c5060000c6060000c706000077
:10db8000c8060000c9060000cb060000cc06000055
:10db9000cd060000ce060000cf060000d106000032
:10dba000d2060000d3060000d4060000d50600000f
:10dbb000d6060000d8060000d9060000da060000ec
:10dbc000db060000dc060000dd060000df060000ca
:10dbd000e0060000e1060000e2060000e3060000a7
:10dbe000e4060000e6060000e7060000e806000084
:10dbf000e9060000ea060000eb060000ec06000063
:10dc0000ee060000ef060000f0060000f10600003e
:10dc1000f2060000f3060000f5060000f60600001c
:10dc2000f7060000f8060000f9060000fa060000fa
:10dc3000fb060000fd060000fe060000ff060000d7
:10dc400000070000010700000207000003070000b2
:10dc5000050700000607000007070000080700008e
:10dc6000090700000a0700000b0700000d0700006d
:10dc70000e0700000f07000010070000110700004a
:10dc80001207000013070000140700001607000029
:10dc90001707000018070000190700001a07000006
:10dca0001b0700001c0700001d0700001f070000e5
:10dcb00020070000210700002207000023070000c2
:10dcc00024070000250700002607000028070000a1
:10dcd000290700002a0700002b0700002c0700007e
:10dce0002d0700002e0700002f070000300700005e
:10dcf000320700003307000034070000350700003a
:10dd00003607000037070000380700003907000019
:10dd10003a0700003c0700003d0700003e070000f6
:10dd20003f070000400700004107000042070000d5
:10dd300043070000440700004607000047070000b3
:10dd400048070000490700004a0700004b07000091
:10dd50004c0700004d0700004e0700004f07000071
:10dd6000500700005207000053070000540700004e
:10dd7000550700005607000057070000580700002d
:10dd8000590700005a0700005b0700005c0700000d
:10dd90005e0700005f0700006007000061070000e9
:10dda00062070000630700006407000065070000c9
:10ddb00066070000670700006807000069070000a9
:10ddc0006b0700006c0700006d0700006e07000085
:10ddd0006f07000070070000710700007207000065
:10dde0007307000074070000750700007607000045
:10ddf00077070000790700007a0700007b07000022
:10de00007c0700007d0700007e0700007f07000000
:10de100080070000810700008207000083070000e0
:10de200084070000850700008607000087070000c0
:10de3000890700008a0700008b0700008c0700009c
:10de40008d0700008e0700008f070000900700007c
:10de5000910700009207000093070000940700005c
:10de6000950700009607000097070000980700003c
:10de7000990700009a0700009c0700009d0700001a
:10de80009e0700009f070000a0070000a1070000f8
:10de9000a2070000a3070000a4070000a5070000d8
:10dea000a6070000a7070000a8070000a9070000b8
:10deb000aa070000ab070000ac070000ad07000098
:10dec000ae070000af070000b0070000b107000078
:10ded000b3070000b4070000b5070000b607000054
:10dee000b7070000b8070000b9070000ba07000034
:10def000bb070000bc070000bd070000be07000014
:10df0000bf070000c0070000c1070000c2070000f3
:10df1000c3070000c4070000c5070000c6070000d3
:10df2000c7070000c8070000c9070000ca070000b3
:10df3000cb070000cc070000cd070000ce07000093
:10df4000cf070000d0070000d1070000d207000073
:10df5000d4070000d5070000d6070000d70700004f
:10df6000d8070000d9070000da070000db0700002f
:10df7000dc070000dd070000de070000df0700000f
:10df8000e0070000e1070000e2070000e3070000ef
:10df9000e4070000e5070000e6070000e7070000cf
:10dfa000e8070000e9070000ea070000eb070000af
:10dfb000ec070000ed070000ee070000ef0700008f
:10dfc000f0070000f1070000f2070000f30700006f
:10dfd000f4070000f5070000f6070000f70700004f
:10dfe000f8070000f9070000fa070000fb0700002f
:10dff000fc070000fd070000fe070000ff0700000f
:020000040000fa
:020000040002f8
:10e00000889fbe008a1f78008c9fbe0000057800a4
:10e010000204be001a109000aa1090004219de00ff
:10e0200003002000800f5100818f5900130036003b
:10e030004409dd00cc01de00830171004401dd00f4
:10e040000800be00ead60200010000006106500090
:10e05000e08658004409dd00cc01de008301710038
:10e060004401dd000800be00ead602000100000005
:10e070000003be008001eb00120037004209dd0002
:10e08000ce01de00830171004201dd000800be0008
:10e09000ead602000100000061065000e086580048
:10e0a0004209dd00ce01de00830171004201dd0086
:10e0b0000800be00ead60200010000000003be0016
:10e0c00013002000c319dd0003f0a0008000eb0066
:10e0d0006c004500010878006a00450001087800de
:10e0e0006e004500010878007400450001087800c2
:10e0f00072004500010878007600450001087800ac
:10e10000820220000a014100120278000420a100ce
:10e110001615980027159800700045000108780032
:10e120007800450001087800040078003000b30052
:10e130000040a10000097800000220000a00400011
:10e14000010878007e004500010878004a00900030
:10e15000e20f500005003a00cc11880083118800be
:10e160000040200090118800040037004c11880006
:10e170000311880000402000101188004f06be00e7
:10e180004f0578004f04be0000000600e20f50006b
:10e1900002003a0023c8a800010037002168a80047
:10e1a00000000600e20f500002003a0023c8a90058
:10e1b000010037002168a90000000600889fbe000a
:10e1c0008a9fbe008c9fbe0042c0b3007602400012
:10e1d000fc024000f203400064054000780040006b
:10e1e0008005eb00cc09de00c408dd00e9cf51005a
:10e1f000020036007343b000010037000343b00053
:10e2000014037800950f53001d003d00170378009c
:10e210006134b900888fd2008984d20008f0a1004f
:10e220000806d000ba06d0000d0446004220a8001f
:10e23000aa844c004200a9004220ae004200a8007f
:10e240000884d300ac01800089067800ad01880005
:10e25000034c7800ac0188000603e800860b7800c8
:10e260009401e800030a7800908f51000100340007
:10e2700003087800950f530001003a008b0b7800db
:10e280000241e900d7ff3a004f06be004f05be002d
:10e290004f04be0000000600889fbe008a9fbe009b
:10e2a0008c9fbe0022c0b30076024000fc024000fa
:10e2b0007203400064044000780040008004eb00da
:10e2c0008181fb00c419de00c408dd00e9cf5100e4
:10e2d000020036007343b000010037000343b00072
:10e2e00094037800958f53001d003d00960378003d
:10e2f000613db9008a8fd2008b85d2000af0a1005f
:10e300000a06d000b806d0000d0546004220a8003d
:10e31000a8854d004200a9004220ae004200a8009e
:10e320000a85d300ac0180008b067800ad0188001f
:10e33000034d7800ac0188008703e800070b7800e4
:10e340009401e800030a7800908f51000100340026
:10e3500003087800958f530001003a00090b7800fc
:10e360000241e900d6ff3a004f06be004f05be004d
:10e370004f04be0000000600889fbe008a9fbe00ba
:10e380008c9fbe00914178000304e0002c00320015
:10e390000001eb0076024000fc024000f203400066
:10e3a000640540007800400082057800140378007e
:10e3b000950f53001d003d00170378006134b9002c
:10e3c000888fd2008984d20008f0a1000806d0000e
:10e3d000ba06d0000d0446004220a800aa844c00d2
:10e3e0004200a9004220ae004200a8000884d300e9
:10e3f000ac01800089067800ad018800034c7800ec
:10e40000ac0188000603e800860b78009401e80060
:10e41000030a7800908f510001003400030878004f
:10e42000950f530001003a008b0b78000201e800c1
:10e4300082814000934178000304e000dbff3a0052
:10e440004f06be004f05be004f04be000000060090
:10e45000914178000001eb000304e0000900320064
:10e460006022b80004024000034a78000201e8007c
:10e470006112b90084814000934178000304e000f8
:10e48000f8ff3a0002007800000006000001eb00ef
:10e490006103b800cc09de00c408dd00e9cf5100fb
:10e4a000020036007343b000010037000343b000a0
:10e4b00006024100034a78000201e800e40f51001f
:10e4c000f4ff3a004000200000000600e887470003
:10e4d000889fbe008a9fbe008c9fbe008e1f780062
:10e4e000e0b79f000205be000040eb0080f79f00f0
:10e4f000e00f5100e08f590007003d00d0c2b3008b
:10e50000efb097008048780060051100e0851900a1
:10e5100012c0b30082f79f0014002000f4b79f00e0
:10e5200008a02c00a9b92300ac0020000d00200099
:10e530000801be000a00be006e06020000000000d6
:10e54000004778000e04e0002a003a000c01be00eb
:10e550000800be006e060200000000000004be00bd
:10e560007fb097000000e0000b003a000ff1970029
:10e570000280fb008000eb006fb2970000004200b9
:10e5800001c3b300014847000241e80082f79f0041
:10e590000001eb00f2b79f00e00f5400e08f5c0039
:10e5a000e3ff3c000ff097007fb297000400e0000b
:10e5b000080032000081fb008001eb006fb2970081
:10e5c0008200420002c3b300824878000040e800a5
:10e5d00080f79f008ff097000180fb004f077800c5
:10e5e0004f06be004f05be004f04be008f00b100b5
:10e5f000000006000e80fb008000eb0080c9b9001f
:10e600000800b800810041000005550081855d00cb
:10e610000c01be000800be006e06020000000000f3
:10e620000004be00d1ff3700e4874700889fbe008a
:10e630008a9fbe008c9fbe008e1f780080bf9f0007
:10e64000010778000043eb000e00e00004003d00ed
:10e65000d2c2b300024878000e07ea0016c0b30029
:10e66000540020001a002000027122000006eb0076
:10e670007b662600edc2b300110009000207d80036
:10e68000800178000304e000010032000c057800ee
:10e690000b94b900c2cbde00cf92de00858253001e
:10e6a000e18f520006003a000684fb008004eb0074
:10e6b0000fb89700880340008d4b78000643e800b0
:10e6c0000a00e00007003a000684fb008004eb002b
:10e6d0008fb897008883400000c3b30080cb41000f
:10e6e0000643e8000402e900050032008381fb00d4
:10e6f0008299b9000207570005017800deff370054
:10e700000a00e000070032000681fb008001eb00f8
:10e710000fba97000200420002c3b300024878001b
:10e720000643e8000680fb004f0778004f06be0056
:10e730004f05be004f04be004f00b10000000600b0
:10e74000889fbe008a9fbe00800578000105780082
:10e750000042eb000a00e00004003d00d2c2b3001a
:10e76000824d78000a05ea0014c0b30015002000ad
:10e7700002712200766626008003eb00110009007a
:10e780000205d800800178000304e0001b003a0075
:10e790000694b90042ccde004f91de000201540025
:10e7a0000500e00007003a000484fb008004eb0051
:10e7b0008882450000c3b30080ca41000442e800db
:10e7c000870278000200e000ecff3c000500e0005a
:10e7d000060032000481fb008001eb00028045004e
:10e7e00002c3b300024878000442e8000480fb0042
:10e7f0004f05be004f04be00000006000384fb006e
:10e8000082c4b900080555000694b900c2cade00ea
:10e810004f91de0002815200e3ff37008000eb00e1
:10e820006103b8004c1ade00050020004418dd002a
:10e83000cc11de00830170004411dd00e94f52006d
:10e84000020036007443b000010037000443b000fa
:10e8500086824000844a78008100e800e88f5000fa
:10e86000f0ff3a0080002000000006000148780018
:10e870001000200000000600889fbe00b009900034
:10e8800060099000828f510024003d00f201400099
:10e89000130178006112b900848fd2008582d20002
:10e8a00004f0a10020039000b00390000604d00003
:10e8b0008404d000090244004220a80085824b0055
:10e8c0004200a9004220ae004200a8000482d3000a
:10e8d000a601800085037800a7018800014a78001e
:10e8e000a60188000201e80082097800f6014000d4
:10e8f0009300e80081097800c0099000838f5000e0
:10e900000100340041089800e0089000810f510098
:10e9100002003a00720040000008eb004f04be0005
:10e9200000000600889fbe0003ceb30083c14000f4
:10e93000e2c5b30082cf510001003600e1c2b3004e
:10e94000b009900060099000828f510024003d00c2
:10e95000f2014000130178006112b900848fd200e7
:10e960008582d20004f0a10020039000b003900043
:10e970000604d0008404d000090244004220a8000c
:10e9800085824b004200a9004220ae004200a80050
:10e990000482d300a601800085037800a7018800c7
:10e9a000014a7800a60188000201e8008209780087
:10e9b000f60140009300e80081097800c00990004a
:10e9c000838f50000100340041089800e008900057
:10e9d000810f510002003a00720040000008eb0075
:10e9e0004f04be0000000600e4874700889fbe0079
:10e9f0008a9fbe008c9fbe008e1f780033002000cf
:10ea000042062000d9cc2c0076024000fc024000d7
:10ea10007204400064074000f806400081bf9f0078
:10ea20008fb89700110009008280d8000083fb0096
:10ea300082b3b9008fbb97008683530087bf9f00c6
:10ea40000913b8004339de0094007800958f500018
:10ea50001f003d00180378006135b9008a8fd2008d
:10ea60008b85d2000af0a1008a03d000be00d0003e
:10ea7000018543004220a800ae854d004200a90058
:10ea80004220ae004200a8000a85d3000043b00037
:10ea9000a70180000b067800ac018800004d7800cb
:10eaa000a70188000603e800060c78001400e800bf
:10eab000000a78009d0f500001003400800e78009d
:10eac000950f530002003a008003eb00070c78001a
:10ead0008301e900d2ff3a004f0778004f06be00dd
:10eae0004f05be004f04be004f00b10000000600fd
:10eaf000ec874700889fbe008a9fbe008c9fbe00a7
:10eb00008e1f78000100e0002a003d00b00990004f
:10eb100060099000828f510025003d007201400085
:10eb200092017800611ab900848fd2008582d200e8
:10eb300004f0a10020039000b00390000604d00070
:10eb40008404d000090244004220a80085824b00c2
:10eb50004200a9004220ae004200a8000482d30077
:10eb6000a601800085037800a7018800d5c2b30004
:10eb7000054a7800a60188008301e80003097800af
:10eb8000760240001401e800020a7800400a900072
:10eb9000840f510001003400420898006009900081
:10eba000828f510002003a00720140000009eb0020
:10ebb0008100ea001800200002712200736626001e
:10ebc000760240007c0340008002eb0072054000aa
:10ebd000e4054000cbb79f0078074000f0b79f00e6
:10ebe00081bf9f000fb89700110009000200d800f4
:10ebf000000678000c04e0005c003a000390b900c5
:10ec0000d0b79f00e1b79f00c28bde004f91de00be
:10ec1000028153000800e00025003a000504780056
:10ec200094007800968f500021003d009a037800f0
:10ec3000613cb900888fd2008984d20008f0a1001d
:10ec4000cfb597000800d000bb00d0000104400001
:10ec50004220a800ab844c004200a9004220ae0034
:10ec60004200a8000884d3000c43b000ab01800030
:10ec700089067800ad0188000c4c7800ab01880053
:10ec80008703e800070d78001404e800080a7800fc
:10ec90009e0f540001003400080f7800050478002e
:10eca000968f530002003a00050d780005047800a5
:10ecb0000200e000cbff3c007fb097000800e000be
:10ecc0003400320030099000e0089000810f5100bc
:10ecd00030003d00f2004000110178006112b900df
:10ece000848fd2008582d20004f0a100200390001e
:10ecf000b00390008601d0000404d00008824100d7
:10ed00004220a80085824b004200a9004220ae00ac
:10ed10004200a8000482d300a3018000050378000c
:10ed2000a601880005c3b300054a7800a301880046
:10ed30000201e80082087800f60140009300e80034
:10ed400081097800c0099000838f500001003400d1
:10ed500041089800e0089000810f51000d003a0032
:10ed6000720040000008eb000a0037000c84fb0032
:10ed700082c4b9008fbc97008884540089bf9f006b
:10ed80000394b900c2cbde004f91de000281530034
:10ed9000a2ff37004f0778004f06be004f05be00a8
:10eda0004f04be00cf00b1000000060070019000cb
:10edb0008080eb000200e0001e0034006c02400086
:10edc00094017800611bb900868fd2008783d2003e
:10edd00006f0a1008600d000b002d00005834000fc
:10ede0004220a800a0834b004200a9004220ae00b0
:10edf0004200a8000683d3009501800087007800b8
:10ee000001d0fe009640780005d0fe008180fb0016
:10ee10008301e800030a78006e024000020ae9005c
:10ee200050099000828f5100020035006c004000b4
:10ee30000008eb000100780000000600889fbe007b
:10ee4000300990008080eb000200e00020003400d8
:10ee50007402400094017800611bb900868fd200d3
:10ee60008783d20006f0a10020049000b004900037
:10ee70008800d0008602d000058340004220a80010
:10ee800087834c004200a9004220ae004200a80047
:10ee90000683d300950180008700780001d0fe0032
:10eea0009640780005d0fe008180fb008301e800d9
:10eeb000030a780076024000020ae9006009900027
:10eec000828f510002003500740040000008eb0002
:10eed000010078004f04be0000000600889fbe00bd
:10eee0008a1f78008004780049009000e10f5000ec
:10eef0000c003200e20f500024003a001b003700e3
:10ef000009007800cdff0700121180008200640024
:10ef1000fdff3a000000e0000400350020118800e9
:10ef20000200370076854400082020001a00e00027
:10ef3000f3ff3c00011020001211800002806000ed
:10ef4000fdff32001100370009007800bbff070009
:10ef50009211800082006400fdff3a000000e00092
:10ef600004003500a01188000200370076854400b7
:10ef7000082020001a00e000f3ff3c0001102000f0
:10ef80001211800002806000fdff32004f05780002
:08ef90004f04be000000060062
:020000040000fa
:020000040002f8
:10ef980000000000050000000b0000001000000049
:10efa800160000001c0000002200000028000000dd
:10efb8002e000000350000003b0000004200000069
:10efc8004900000050000000570000005e000000eb
:10efd800650000006d000000740000007c00000067
:10efe800840000008c000000940000009c000000d9
:10eff800a4000000ad000000b6000000bf00000043
:10f00800c7000000d1000000da000000e3000000a3
:10f01800ed000000f6000000000100000a010000f9
:10f02800140100001e010000290100003301000046
:10f038003e01000048010000530100005e0100008d
:10f048006a01000075010000800100008c010000c9
:10f0580098010000a4010000b0010000bc010000fc
:10f06800c8010000d5010000e1010000ee01000028
:10f07800fb01000008020000150200002302000046
:10f08800300200003e0200004c0200005a0200005c
:10f09800680200007602000084020000930200006b
:10f0a800a2020000b0020000bf020000cf02000070
:10f0b800de020000ed020000fd0200000d0300006a
:10f0c8001d0300002d0300003d0300004d03000058
:10f0d8005e0300006e0300007f0300009003000041
:10f0e800a1030000b3030000c4030000d60300001e
:10f0f800e7030000f90300000b0400001d040000f2
:10f1080030040000420400005504000068040000b8
:10f118007b0400008e040000a1040000b504000078
:10f12800c8040000dc040000f0040000040500002e
:10f13800190500002d0500004205000056050000d5
:10f148006b0500008005000096050000ab05000077
:10f15800c1050000d6050000ec050000020600000d
:10f16800180600002f060000450600005c06000097
:10f17800730600008a060000a1060000b906000018
:10f18800d0060000e806000000070000180700008d
:10f1980030070000480700006107000079070000f9
:10f1a80092070000ab070000c5070000de0700005b
:10f1b800f7070000110800002b08000045080000b0
:10f1c8005f0800007a08000094080000af080000fb
:10f1d800ca080000e5080000000900001b0900003b
:10f1e80037090000530900006f0900008b0900006f
:10f1f800a7090000c3090000e0090000fd0900009c
:10f208001a0a0000370a0000540a0000720a0000b7
:10f218008f0a0000ad0a0000cb0a0000e90a0000ce
:10f22800070b0000260b0000450b0000630b0000d5
:10f23800820b0000a20b0000c10b0000e00b0000d5
:10f24800000c0000200c0000400c0000600c0000c6
:10f25800810c0000a10c0000c20c0000e30c0000af
:10f26800040d0000250d0000470d0000680d00008a
:10f278008a0d0000ac0d0000ce0d0000f00d00005e
:10f28800130e0000350e0000580e00007b0e000023
:10f298009e0e0000c20e0000e50e0000090f0000df
:10f2a8002d0f0000510f0000750f00009a0f00008d
:10f2b800be0f0000e30f0000081000002d10000032
:10f2c80052100000781000009d100000c3100000cc
:10f2d800e91000000f110000351100005c1100005a
:10f2e80082110000a9110000d0110000f7110000e0
:10f2f8001f120000461200006e1200009612000055
:10f30800be120000e61200000e13000037130000c2
:10f318005f13000088130000b1130000db13000026
:10f32800041400002d14000057140000811400007c
:10f33800ab140000d5140000001500002a150000c9
:10f348005515000080150000ab150000d61500000b
:10f35800021600002d160000591600008516000040
:10f36800b1160000dd16000009170000361700006e
:10f378006317000090170000bd170000ea1700008f
:10f38800171800004518000072180000a0180000a7
:10f39800ce180000fd1800002b19000059190000b4
:10f3a80088190000b7190000e6190000151a0000b6
:10f3b800441a0000741a0000a31a0000d31a0000af
:10f3c800031b0000331b0000631b0000941b00009c
:10f3d800c41b0000f51b0000261c0000571c000081
:10f3e800881c0000b91c0000eb1c00001c1d00005c
:10f3f8004e1d0000801d0000b21d0000e41d00002d
:10f40800161e0000491e00007b1e0000ae1e0000f4
:10f41800e11e0000141f0000471f00007b1f0000b2
:10f42800ae1f0000e21f0000162000004a20000066
:10f438007e200000b2200000e62000001b21000012
:10f448004f21000084210000b9210000ee210000b6
:10f4580023220000582200008e220000c322000050
:10f46800f92200002f230000652300009b230000e1
:10f47800d1230000072400003e240000742400006b
:10f48800ab240000e22400001925000050250000ec
:10f4980087250000be250000f62500002d26000067
:10f4a800652600009d260000d42600000c270000d9
:10f4b800452700007d270000b5270000ee27000043
:10f4c800262800005f28000098280000d1280000a6
:10f4d8000a290000432900007c290000b529000002
:10f4e800ef290000282a0000622a00009c2a000058
:10f4f800d62a00000f2b0000492b0000842b0000a7
:10f50800be2b0000f82b0000332c00006d2c0000ef
:10f51800a82c0000e22c00001d2d0000582d000032
:10f52800932d0000ce2d0000092e0000452e00006e
:10f53800802e0000bb2e0000f72e0000322f0000a6
:10f548006e2f0000aa2f0000e62f000021300000d7
:10f558005d30000099300000d63000001231000004
:10f568004e3100008a310000c7310000033200002c
:10f57800403200007c320000b9320000f632000050
:10f58800323300006f330000ac330000e933000071
:10f598002634000063340000a0340000de3400008c
:10f5a8001b3500005835000096350000d3350000a3
:10f5b800103600004e3600008c360000c9360000b8
:10f5c800073700004437000082370000c0370000ca
:10f5d800fe3700003c3800007a380000b8380000d8
:10f5e800f53800003339000072390000b0390000e6
:10f5f800ee3900002c3a00006a3a0000a83a0000f0
:10f60800e63a0000253b0000633b0000a13b0000f8
:10f61800e03b00001e3c00005c3c00009b3c0000fe
:10f62800d93c0000173d0000563d0000943d000005
:10f63800d33d0000113e0000503e00008e3e000009
:10f64800cd3e00000b3f00004a3f0000883f00000d
:10f65800c63f000005400000444000008240000012
:10f66800c0400000ff4000003d4100007c41000018
:10f67800ba410000f941000037420000764200001c
:10f68800b4420000f3420000314300006f43000021
:10f69800ae430000ec4300002a4400006944000027
:10f6a800a7440000e544000024450000624500002e
:10f6b800a0450000de4500001c4600005a46000038
:10f6c80098460000d7460000154700005247000042
:10f6d80090470000ce4700000c4800004a48000050
:10f6e80088480000c648000003490000414900005e
:10f6f8007e490000bc490000fa490000374a000072
:10f70800744a0000b24a0000ef4a00002c4b000087
:10f718006a4b0000a74b0000e44b0000214c00009e
:10f728005e4c00009b4c0000d84c0000144d0000bb
:10f73800514d00008e4d0000ca4d0000074e0000dc
:10f74800434e0000804e0000bc4e0000f84e000002
:10f75800344f0000714f0000ad4f0000e94f00002a
:10f7680024500000605000009c500000d850000059
:10f77800135100004f5100008a510000c55100008c
:10f78800015200003c52000077520000b2520000c3
:10f79800ed52000028530000625300009d53000002
:10f7a800d7530000125400004c5400008654000047
:10f7b800c1540000fb540000345500006e55000091
:10f7c800a8550000e25500001b56000055560000e1
:10f7d8008e560000c7560000005700003957000039
:10f7e80072570000ab570000e45700001c58000097
:10f7f800555800008d580000c5580000fe580000fc
:10f80800365900006d590000a5590000dd59000067
:10f81800145a00004c5a0000835a0000ba5a0000db
:10f82800f15a0000285b00005f5b0000965b000057
:10f83800cc5b0000035c0000395c00006f5c0000da
:10f84800a55c0000db5c0000115d0000475d000066
:10f858007c5d0000b25d0000e75d00001c5e0000fa
:10f86800515e0000865e0000bb5e0000ef5e000097
:10f87800245f0000585f00008c5f0000c05f00003c
:10f88800f45f0000286000005c6000008f600000ea
:10f89800c3600000f6600000296100005c610000a0
:10f8a8008f610000c1610000f46100002662000061
:10f8b800586200008a620000bc620000ee6200002c
:10f8c8001f6300005163000082630000b3630000ff
:10f8d800e4630000156400004664000076640000dc
:10f8e800a7640000d76400000765000037650000c2
:10f8f8006765000096650000c6650000f5650000b4
:10f90800246600005366000082660000b1660000ad
:10f91800df6600000d6700003c6700006a670000b2
:10f9280098670000c5670000f367000020680000c2
:10f938004d6800007a680000a7680000d4680000dd
:10f94800016900002d6900005969000085690000ff
:10f95800b1690000dd690000086a0000346a00002f
:10f968005f6a00008a6a0000b56a0000e06a000069
:10f978000a6b0000356b00005f6b0000896b0000ac
:10f98800b36b0000dd6b0000066c00002f6c0000fc
:10f99800596c0000826c0000ab6c0000d36c000056
:10f9a800fc6c0000246d00004c6d0000746d0000bc
:10f9b8009c6d0000c46d0000eb6d0000136e00002c
:10f9c8003a6e0000616e0000886e0000ae6e0000a6
:10f9d800d56e0000fb6e0000216f0000476f00002d
:10f9e8006d6f0000926f0000b86f0000dd6f0000bf
:10f9f80002700000277000004c700000707000005a
:10fa080095700000b9700000dd7000000171000001
:10fa180025710000487100006c7100008f710000b2
:10fa2800b2710000d5710000f77100001a72000071
:10fa38003c7200005e72000080720000a27200003a
:10fa4800c3720000e572000006730000277300000f
:10fa5800487300006973000089730000aa730000ee
:10fa6800ca730000ea7300000a7400002a740000d8
:10fa7800497400006874000088740000a7740000ce
:10fa8800c5740000e47400000375000021750000cf
:10fa98003f7500005d7500007b75000098750000db
:10faa800b6750000d3750000f07500000d760000f3
:10fab8002a76000047760000637600007f76000013
:10fac8009b760000b7760000d3760000ef76000042
:10fad8000a77000025770000407700005b77000078
:10fae8007677000090770000ab770000c5770000bc
:10faf800df770000f9770000137800002c78000009
:10fb0800457800005f780000787800009178000060
:10fb1800a9780000c2780000da780000f2780000c6
:10fb28000a790000227900003a7900005179000032
:10fb3800697900008079000097790000ae790000ab
:10fb4800c5790000db790000f2790000087a00002e
:10fb58001e7a0000347a0000497a00005f7a0000bb
:10fb6800747a00008a7a00009f7a0000b47a000054
:10fb7800c87a0000dd7a0000f17a0000067b0000f8
:10fb88001a7b00002e7b0000427b0000557b0000a2
:10fb9800697b00007c7b00008f7b0000a27b00005b
:10fba800b57b0000c87b0000da7b0000ed7b00001d
:10fbb800ff7b0000117c0000237c0000347c0000e7
:10fbc800467c0000577c0000697c00007a7c0000bd
:10fbd8008b7c00009c7c0000ac7c0000bd7c00009d
:10fbe800cd7c0000dd7c0000ed7c0000fd7c000089
:10fbf8000d7d00001d7d00002c7d00003b7d000078
:10fc08004b7d00005a7d0000687d0000777d000074
:10fc1800867d0000947d0000a27d0000b07d00007c
:10fc2800be7d0000cc7d0000da7d0000e77d00008d
:10fc3800f57d0000027e00000f7e00001c7e0000a3
:10fc4800297e0000357e0000427e00004e7e0000c6
:10fc58005a7e0000667e0000727e00007e7e0000f4
:10fc68008a7e0000957e0000a07e0000ac7e000029
:10fc7800b77e0000c27e0000cc7e0000d77e000068
:10fc8800e17e0000ec7e0000f67e0000007f0000b0
:10fc98000a7f0000147f00001d7f0000277f0000fe
:10fca800307f0000397f0000437f00004b7f000059
:10fcb800547f00005d7f0000667f00006e7f0000bb
:10fcc800767f00007e7f0000867f00008e7f000028
:10fcd800967f00009d7f0000a57f0000ac7f00009c
:10fce800b37f0000ba7f0000c17f0000c87f00001a
:10fcf800cf7f0000d57f0000dc7f0000e27f00009e
:10fd0800e87f0000ee7f0000f47f0000fa7f00002b
:020000040000fa
:020000040002f8
:10fd180044c0b30002102000cc09de00c408dd0096
:10fd2800e9cf51000300360076c3b30086c2410014
:10fd38000200370006c3b30086c24100e20f50003c
:10fd480006003a009611800086016100fdff32002e
:10fd58008582fb00a5118800050037001611800078
:10fd680086016100fdff32008582fb0025118800b5
:10fd78000442e900e8ff3a00000006006f06b00000
:10fd8800889fbe008a9fbe008c9fbe008e1f780091
:10fd9800004024005100200007802f003600240076
:10fda80004802000050020000240250053002000a8
:10fdb8006139880000846300583988004639880012
:10fdc8000600fc005805200078398800a80a2000a1
:10fdd8007839880029e7a80000000000000000002a
:10fde8002807e200feff35000000420081804a003b
:10fdf800820f5000838f5800edff3a000000eb009f
:10fe0800809f9f00909f9f00a09f9f00b09f9f0092
:10fe180005102000648c20001d00200000057800db
:10fe280070802800a1002000d0b79f00e1b79f0094
:10fe38006011b80092af9f00a3af9f000a0078003e
:10fe48008a007800faaf9f008ab79f009ab79f0090
:10fe58000a067800aab79f0008402400590020002d
:10fe680083fb2f008381470083af9f000381e80055
:10fe78006113b800e6a79f00f7a79f0007fb2f00b4
:10fe880087834700d7a79f000781e800c2a79f0084
:10fe98000060fe00970180000401780002f0a400d1
:10fea8008581d20003d0fe001241780007d0fe0001
:10feb8000203fb006101b900ea0f5100e08f59000d
:10fec8001b013e00020601000a0037000e00370041
:10fed800230037003c003700500037006600370029
:10fee8007c00370097003700aa003700c2003700af
:10fef800ef00370015cea900a2032000820f53009f
:10ff08000b013a0009013700158ea90000fd2f00ea
:10ff180006004000e90f50000d003600f0f92f00f0
:10ff280006004000e50f500003003e0090fa2f0045
:10ff38000600400006003700f0fb2f0006004000d6
:10ff4800e50f50003c023e0090fc2f0006004000e8
:10ff58004400dd0080b79f0020002000f400370037
:10ff680014eea90000fd2f0006004000e90f500024
:10ff78000d003600f0f92f0006004000e50f500094
:10ff880003003e0090fa2f000600400006003700ec
:10ff9800f0fb2f0006004000e50f50002c023e0049
:10ffa80090fc2f00060040008fb19700830170007d
:10ffb80083b79f001fb397000303430096b79f00c2
:10ffc80030002000da00370000fd2f000600400056
:10ffd800e90f50000d003600f0f92f000600400030
:10ffe800e50f500003003e0090fa2f000600400085
:10fff80006003700f0fb2f0006004000e50f500018
:020000040003f7
:1000080019023e0090fc2f00060040004c00dd0065
:10001800a0b79f0040002000c500370000fd2f005a
:1000280006004000e90f50000d003600f0f92f00df
:1000380006004000e50f500003003e0090fa2f0034
:100048000600400006003700f0fb2f0006004000c5
:10005800e50f50000a023e0090fc2f000600400009
:100068004800dd00afb3970087037000a7b79f0073
:1000780050002000ae00370000fd2f0006004000b1
:10008800e90f50000d003600f0f92f00060040007f
:10009800e50f500003003e0090fa2f0006004000d4
:1000a80006003700f0fb2f0006004000e50f500067
:1000b800f9013e0090fc2f00060040004400dd00de
:1000c8002fb1970002017000a2b79f0060002000c6
:1000d8009700370000fd2f0006004000e90f500090
:1000e8000d003600f0f92f0006004000e50f500023
:1000f80003003e0090fa2f0006004000060037007b
:10010800f0fb2f0006004000e50f5000e8013e001c
:1001180090fc2f0006004000afb1970083017000eb
:10012800a3b79f004819de000380fb0000004100d0
:100138001fb397000003430096b79f00700020008c
:100148007b00370000fd2f0006004000e90f50003b
:100158000d003600f0f92f0006004000e50f5000b2
:1001680003003e0090fa2f0006004000060037000a
:10017800f0fb2f0006004000e50f5000d2013e00c2
:1001880090fc2f00060040004406dd00800020009f
:100198006700370000fd2f0006004000e90f5000ff
:1001a8000d003600f0f92f0006004000e50f500062
:1001b80003003e0090fa2f000600400006003700ba
:1001c800f0fb2f0006004000e50f5000c4013e0080
:1001d80090fc2f00060040000c0670009fb39700ab
:1001e8008c83430097b79f00900020000001eb002c
:1001f800f2af9f004e003700ed0f530002003200af
:10020800ea0f53000b003a0011002000afe19700fd
:100218000304e000010032002100200015aea80010
:1002280014eea800158ea80015cea8000000eb005b
:100238003f003700ffab97000700d000e2f82f001f
:100248000f014100000041000008eb0000fd2f00f5
:1002580006004000e90f50000d003600f0f92f00ad
:1002680006004000e50f500003003e0090fa2f0002
:100278000600400006003700f0fb2f000600400093
:10028800e50f50009c013e0090fc2f000600400046
:10029800ffa997000301d0004400dd0000037800a7
:1002a8002207b10086377900a0002000200037001f
:1002b80000fd2f0006004000e90f50000d00360039
:1002c800f0f92f0006004000e50f500003003e0043
:1002d80090fa2f000600400006003700f0fb2f00c0
:1002e80006004000e50f500089013e0090fc2f00f9
:1002f80006004000ffab97000701d000e3f82f008d
:100308008f814100028141001200700000097800cd
:100318001fb397000003430096b79f008703e800c8
:10032800f7af9f0090002000010037001000200068
:10033800e18f500018013a00e10f5600af0032007b
:10034800050039001d0020008000eb00e40f560076
:1003580025013a00090137008fb197006119b800eb
:10036800f2b79f0083bf9f001d0020008000eb00b4
:10037800e00f5100e08f59001b0132001fab9700be
:10038800afab9700c031dd0002002000afb397008b
:1003980002834300e0834900b6af9f00c7af9f00c8
:1003a8006033b800e2f82f000f0141006115b80072
:1003b800dcaf9f0000077800ada79f003fa997001a
:1003c800cfa99700b4af9f00c5af9f005fb2970059
:1003d800efb2970084a79f0095a79f000fa69700ec
:1003e8009fa697008c0f51008d8f59006200360030
:1003f80063024400e0824c00d4b79f00e5b79f0039
:10040800fc3f25005d0020008c0f52008d8f5a00a4
:1004180059003e00a40f2000a40288000002eb004f
:100428008f9e97000d0abb001f989700008abb009b
:1004380024002000af9a9700050abb003f9e970052
:100448000c8abb00404ede000d0020008c027800b4
:100458006c39880008027800583988001c0024008c
:100468004c3988000600fc005c0520007c398800b7
:10047800ac0a20007c39880029e7a80000000000a9
:10048800000000002fa097002807e200feff3500bb
:10049800a0a79f00a50288009402ba00c59f9f00ec
:1004a8001486ba00dc9f9f008f9e97008d8f5200a4
:1004b80004003a001f989700800f560004003a0085
:1004c800050037008002eb00a5a79f000200370057
:1004d8000006eb00aca79f0062044400e0844c00d7
:1004e800a90288000482e8009402ba00e59f9f00f0
:1004f8001482ba00f49f9f00af9e97008d8f520020
:1005080004003a003f989700800f520004003a0018
:10051800050037000002eb00a4a79f000200370087
:100528008002eb00a5a79f008302d1000282d300be
:1005380005047800c8b79f00c8ff2f0004046400b2
:10054800b8b79f003fb49700cfb4970008024400a3
:1005580089824c0067064200e0864a008ca79f000b
:100568009da79f000006eb008c9f9f009c9f9f000b
:10057800ac9f9f00bc9f9f008306d1000286d300da
:10058800630666000208a3000b0032000c06d000c8
:100598002c02b000edf82f008f8646000c8646002e
:1005a8008106d0008a8646009d067800c86edd0068
:1005b8001c8e7600060037000c06d0008106d0009d
:1005c8008a8646001d0078000c05b10080377e0041
:1005d80061034300e0834b008100e8007fb297008d
:1005e8008fba9700840f5300858f5b006f0031002e
:1005f80061014100e081490078ff37001d002000bb
:100608008000eb000a00e000770032000105780066
:100618008a007800f23f250053002000820f540022
:10062800838f5c0070003e00a10f2000a1028800ab
:100638008a0078000f9b97008608bb001f999700d7
:100648008288bb00210020002f9997008208bb00f8
:100658003f9997008288bb0069398800583988001b
:1006680011002400413988000600fc0051052000d3
:1006780071398800a10a20007139880029e7a8008b
:1006880000000000000000002807e200feff35001f
:100698000801be008000eb001d0020008fab970012
:1006a800613bb800f6b79f0087bf9f00dfa39700a4
:1006b800613bb800d6af9f00e7af9f000107780005
:1006c800cfa39700613bb80086a79f0097a79f001c
:1006d800b8af9f00c9af9f00a4a79f00b5a79f0010
:1006e800a30288001204ba00610db800425bdd0065
:1006f800ce53de00870373004253dd00ffb497003a
:1007080009024300080a78009282ba00efa4970011
:1007180009044300050c7800dfac97000904430086
:1007280014027800980f520005003a000fa29700b3
:1007380004034300968f520003003a000300370079
:100748008e067800010037008e0678008100e800e8
:1007580062014100e0814900e28f5000e0ff3a0069
:100768003fac9700cfac97002fa29700bfa297008d
:100778000005eb008a0078001b0037008f8897007f
:10078800610bb80096af9f00a7af9f001d00200027
:100798008000eb0014003700e28f50000f00320099
:1007a800e38f500010003a000e0037000fa69700a4
:1007b8009fa69700dcb79f00edb79f00afa69700f4
:1007c8005fae97000e0078003faa9700cfaa970067
:1007d8001a0020008000eb00030037008000eb00c7
:1007e800010037008000eb0061024200e0824a000d
:1007f8000310200052c42300820f5200a4fd3a00c7
:1008080003037800868f5200a1fd3a0015cea90097
:10081800158ea90014eea90015aea9000d007800e8
:100828004f0778004f06be004f05be004f04be00bc
:100838006f06b1000000060015aea80014eea8006f
:10084800158ea80015cea80031002000350037000d
:1008580015aea80014eea800158ea80015cea800a5
:10086800310020002f00370015aea80014eea800b4
:10087800158ea80015cea8003100200029003700e9
:1008880015aea80014eea800158ea80015cea80075
:10089800310020002300370015aea80014eea80090
:1008a800158ea80015cea800310020001d003700c5
:1008b80015aea80014eea800158ea80015cea80045
:1008c800310020001700370015aea80014eea8006c
:1008d800158ea80015cea8003100200011003700a1
:1008e80015aea80014eea800158ea80015cea80015
:1008f800310020000b00370015aea80014eea80048
:10090800158ea80015cea80031002000050037007c
:1009180015aea80014eea800158ea80015cea800e4
:10092800210020000000eb009bff3700889fbe00dd
:100938002001980031019800830320008281410042
:100948008009eb008001eb008603200002034300ce
:100958000002be00830378008703e9000300330028
:100968008502d1000482d300fbff37000408a300ee
:1009780009003200160278006124b9006c044400b2
:10098800e0844c000804440089844c00880241003b
:10099800830a7800040be8008301e800f88f51000f
:1009a800ebff3a00421890000000e900cf80de001b
:1009b8006c004000e0804800000040008180480052
:1009c80000004100100078001400200005002000fd
:1009d8000403be00800078008100e90003003300b2
:1009e8000603430087834b00fbff3700660198002e
:1009f80077019800d20890000403be0081017800b6
:100a08008301e900030033000603430087834b009a
:100a1800fbff370006099800170998004401980061
:100a280055019800a30320008281410081095000ec
:100a3800c1032000828040008008eb00e103200011
:100a4800828040001100a000110020000008dd0095
:100a5800cf80de002009980031099800f0ff2f00b0
:100a6800010020000089be004f04be0000000600ff
:100a78006f02b000889fbe008a9fbe008c9fbe0098
:100a88008e1f780000057800b1b79f0082047800b7
:100a9800030478008405780095b79f0000c8b30068
:100aa80080df9f0080c0eb00e1cf9f00e78f5400fc
:100ab80007003c00100020008900dd008140e900ab
:100ac800e1cf9f008900e9008100dd0081df9f0000
:100ad800781890000008a30004003a00280090004d
:100ae800b80090000801780090ff07001fb1970038
:100af8000200e00004003200d81e9000bfb1970049
:100b08008d86410001003700bfb697000b00e0005a
:100b180004003200c0032000080040000008eb0079
:100b280002003700581a9000641c98000000eb007f
:100b3800800578000d00e00094003400b0af9f00fd
:100b48008005780000037800800378008000780032
:100b58006011b80092af9f00a3af9f00e30320008d
:100b68008301440083b79f006c024400f4af9f00e8
:100b78008fda97008582fb0085af9f0068074400e5
:100b880064014400e2af9f00cc0320000806460041
:100b9800a303200083014400a3b79f007002440010
:100ba800d4af9f008dbf9f00bfb29700818f5200c6
:100bb800180034008fb697009d06780062816600a1
:100bc80007003200070145001282fb000482ea0098
:100bd8000fa9970002026200cfa2de0005003700cd
:100be800070145008fd9970012c261000482fb00fb
:100bf8008002eb00070145009241780003c94100db
:100c08000603e800e00f5200e08f5a000d003a009a
:100c1800110037001fb297000400e0000e003200f8
:100c2800180178009801900092af9f00a3af9f0031
:100c380013002000b3af9f000002eb0094b79f00a1
:100c48000500370018017800980190007faa9700e6
:100c5800341c7100249471001801780098019000e8
:100c68001e0278009e02900083866200fdb79f00f6
:100c780082066200edb79f006fb29700ffb297003f
:100c8800e00f5200e08f5a0005003200efae9700e7
:100c98001d0278009d029000021c6a0003946a00fd
:100ca8001c017800afb19700930f51001e0035006a
:100cb8008b8f5300030032000b01450092417800ee
:100cc80003c94100dfae97001d0278009d02900025
:100cd800180178009801900085866100ddb79f00b3
:100ce80084066100cdb79f004fb19700dfb1970030
:100cf800e00f5100e08f5900020032000b0145005f
:100d08001204a0000000e800890f500007003a0014
:100d18000b004500efc9970010c861008b05e8007b
:100d28000000eb0001003700020ee800890f5300b5
:100d380002003a008703e8000003eb00180178007e
:100d4800980190008301d1000281d300028cbe007b
:100d58008100e8000fba9700848f500092ff3a0094
:100d680084067800bfaa97000500e000070032005b
:100d78001fa99700afa99700028cbe00c803b00056
:100d8800bfb19700988041000d8c500089d9b900f7
:100d9800000041004f0778004f06be004f05be0017
:100da8004f04be006f02b100000006004f02b00001
:100db800889fbe008a9fbe008c9fbe008e1f780051
:100dc80080047800b1b79f0002057800030478001a
:100dd8008405780095b79f00ef0f550008003c0088
:100de800100020008a00dd008100e90081af9f002b
:100df8008a00e9008100dd0081b79f000400370008
:100e08000000280080b79f008080eb0081af9f0022
:100e1800781890000008a30004003a002800900009
:100e2800b800900008017800c0fe07001fb19700c5
:100e38000200e00004003200d81e9000bfb1970005
:100e48008d86410001003700bfb697000b00e00017
:100e580004003200c0032000080040000008eb0036
:100e680002003700581a9000641c98008005eb00b7
:100e78000b0078000d00e0009c003400bbaf9f0021
:100e88000b0378008b0378008b0078006011b800a2
:100e980092af9f00a3af9f00e303200083014400ab
:100ea800f3af9f006c024400e4af9f006807440062
:100eb800e4024400d5af9f00cc032000080646009a
:100ec800a203200002014400a2b79f00f0014400e1
:100ed800c3af9f008dbf9f003fb29700810f5200a4
:100ee80019003400ffaa9700950278006281620019
:100ef800070032000701d000090141001282ea0010
:100f08008fb697000d0262008002eb0005003700e3
:100f18000701d000090141008fb1970012826100da
:100f28008002eb000701d00009014100920178001e
:100f3800038941000603e800e00f5200e08f5a00e1
:100f48000d003a00110037001fb297000400e000be
:100f58000e003200180178009801900092af9f00af
:100f6800a3af9f0013002000b3af9f000002eb0067
:100f780094b79f0005003700180178009801900089
:100f88006faa9700341c710024947100180178002e
:100f9800980190001e0278009e02900083866200ed
:100fa800fdb79f0082066200edb79f006fb2970001
:100fb800ffb29700e00f5200e08f5a0005003200a0
:100fc800dfae97001d0278009d029000021c6a00a7
:100fd80003946a001c017800afb19700930f510089
:100fe800210035008b8f5300040032000b01d00024
:100ff800090141009201780003894100cfae9700b2
:101008001d0278009d029000180178009801900058
:1010180085866100ddb79f0084066100cdb79f001b
:101028004fb19700dfb19700e00f5100e08f5900f2
:10103800030032000b01d000090141001200a0009a
:101048000000e8008a0f500008003a000b00d000aa
:10105800090040008fa99700108861008b05e800ff
:101068000000eb0001003700020ee8008a0f530071
:1010780002003a008703e8000003eb00180178003b
:10108800980190008301d1000281d300028cbe0038
:101098008100e8000fba9700848f50008eff3a0055
:1010a80084067800bfaa97000500e0000700320018
:1010b8001fa99700afa99700028cbe00c803b00013
:1010c800bfb19700988041000d8c50000000e000ef
:1010d800060034008b00d00089844000f000100026
:1010e800190178008110dd00810c78008addb900d3
:1010f800000045004f0778004f06be004f05be00b0
:101108004f04be004f02b10000000600e887470008
:10111800889fbe008a9fbe008c9fbe008e1f7800ed
:10112800000578008104780002047800781890009f
:101138000008a30004003a0028009000b8009000be
:1011480008017800f9fd07000900e0003a003400c2
:101158008001eb00830078000301780064004400fc
:10116800e0b79f00ee03200008074700e8054400a9
:101178000300450010427800044842000404e000df
:1011880005003d0018027800980290006fb39700a0
:10119800361c6a0026946a009e0378006282630007
:1011a8000d00320018027800980290000482ea00cc
:1011b8008582ea001b0390000503630086bf9f0039
:1011c8009b03780084836300f7b79f007fb2970082
:1011d8008fba9700070037001b0378009b03900025
:1011e800180278009802900087866200060662005e
:1011f8000c02be00e00f5200e08f5a0001003200de
:101208001004a0008100e800e88f500002003a00b6
:101218008301e8008000eb00180278009802900033
:101228008502d1000482d300048cbe000201e800cc
:10123800890f5100ceff3a004f0778004f06be00d5
:101248004f05be004f04be008f00b100000006002d
:10125800ee874700889fbe008a9fbe008c9fbe0015
:101268008e1f7800800578000105780082047800d8
:1012780003047800ef8f540007003c0010002000a2
:101288008900dd008100e900b1b79f000906e90087
:101298000c06dd00030037000c0028000080eb007e
:1012a800b0b79f00781890000008a30004003a0027
:1012b80028009000b8009000080178009bfd070006
:1012c8000a00e000400034008001eb008300780051
:1012d8000301780064024400c4b79f00ee032000b5
:1012e80008074700e80644000300d0000b00400050
:1012f80010027800040842000c0262000500320067
:1013080018027800980290004fb39700361c6a00c4
:1013180026946a009e037800628263000d00320002
:1013280018027800980290000482ea008582ea0098
:101338001d0390000503630086bf9f009d0378008e
:1013480084836300f7b79f007fb297008fba970036
:101358000a00370018027800980290001d039000d8
:1013680006836200e6b79f009d037800870362004a
:10137800d7b79f005fb29700efb29700e00f520017
:10138800e08f5a00010032001000a0008100e80040
:10139800898f500004003a00bfb0970010886000a1
:1013a8008301e8008000eb001802780098029000a2
:1013b8008502d1000482d300048cbe000201e8003b
:1013c8008a0f5100c8ff3a004f0778004f06be0049
:1013d8004f05be004f04be00ef00b100000006003c
:1013e800889fbe008a9fbe008c9fbe000100e0005f
:1013f8001a00340060059000f00590004006900047
:10140800d00690008004780039027800b90278008c
:101418000003eb000c0478008d03780004027500cb
:10142800858275008581630004016400e00f510026
:10143800e08f59000300320039066a00a9866a0065
:101448000c02be008502d1000482d3000603e80026
:10145800810f5300f1ff3a000488be004f06be001a
:101468004f05be004f04be0000000600e142200008
:1014780081004000110178000200a1000210a000c4
:101488000080e8000008eb00a0fe2f008008610043
:1014980000000600e1422000810040009100780031
:1014a800e880600005003200e14220008100400031
:1014b8001130a1008080e8008008eb00e1422000a4
:1014c8008100400091007800e4806000060032004e
:1014d8008080e8008008eb00e142200081004000a5
:1014e800b2fe2f0091086100900078000100e00032
:1014f80090003500e242200002014000120178000d
:101508006201610014003200020c2000828f50003a
:1015180006003a008080e8008008eb00e1422000e5
:10152800010040001040a10082003700c2422000a4
:1015380002014000c489de006fc96100d242200068
:10154800020140006fc96000e14220000100400034
:101558001010a10077003700e2422000020140008d
:1015680012417800614161002b003200e242200004
:10157800020140001200a100c20d2000828f50001d
:1015880014003200d20d2000828f500069003a000a
:10159800800078005101780082014000b4cdb3008a
:1015a800c44198000201e800820878001141200037
:1015b800810f51005f0034008080e8008008eb0054
:1015c800e14220000100400090007800728870001d
:1015d80058003700800078005101780082014000ef
:1015e80004ccb300c44198000201e80082087800e6
:1015f80011412000810f51004e0034008080e80026
:101608008008eb00e14220000100400090007800d3
:101618007288700047003700020c2000828f50004b
:1016280007003200b20d2000828f500031003a00ce
:10163800e1422000010040001000a0003d003700fa
:10164800e142200081004000110178000200a10061
:101658000210a00082087800d142200081004000da
:10166800914078000104e0000c003200eacf5000fd
:101678000a003200eccf500008003200e9cf5000d9
:101688000600320090009000e18f50000300340003
:10169800e1422000810040001140a000900090002d
:1016a8000100e00003003a00e14220008100400010
:1016b8001140a000e1422000810040009100780024
:1016c800f0806000070032008080e8008008eb00ae
:1016d800e142200001004000b1fe2f0010886000a8
:1016e80014003700e1422000010040001020a00053
:1016f8001000370000017800d20178000302400092
:10170800414298008300e800010978001241200056
:10171800828f5000070034008080e8008008eb00ca
:10172800e142200001004000900078000100a10083
:101738007288700000000600889fbe008a9fbe0065
:101748008c9fbe008e1f780080047800010478000a
:10175800020678008305780001ccb3000900780000
:101768003c74020001000000c440dd00090078005c
:101778003c740200010000000045eb000b00e00093
:10178800240034000004eb000d0c2000be0d2000e6
:101798000800d0000c00400010007800804078005d
:1017a80000456d008d0f50000b0032008e0f500069
:1017b80012003a00b1cdb300090078003c74020071
:1017c80001000000d1cdb300090078003c7402008c
:1017d800010000000c003700b1cdb300090078000b
:1017e8003c74020001000000c1cdb300090078007c
:1017f8003c74020001000000030037000900780073
:101808003c740200010000000804e800888f5500bd
:10181800dfff3c00491090000038a30004003200ac
:101828008a407800090078003c740200010000003a
:1018380001ccb300090078003c74020001000000ec
:101848004f0778004f06be004f05be004f04be008c
:1018580000000600889fbe008a9fbe008c9fbe00c5
:101868008e1f7800000578000104780002077800d0
:101878008306780001ccb3000a0078003c740200ab
:1018880001000000c440dd000a0078003c7402003a
:10189800010000000d00e0003d0034000004eb00f2
:1018a8000cccb300bbcdb3008804d0008e844400b8
:1018b80099007800c808de008ccf50000b00320079
:1018c8008bcf500012003a008b4078000a00780055
:1018d8003c74020001000000d1cdb3000a0078007a
:1018e8003c740200010000000c0037008b407800b7
:1018f8000a0078003c74020001000000c1cdb3006a
:101908000a0078003c740200010000000300370060
:101918000a0078003c740200010000009940780039
:101928008ccf50000b0032008bcf500012003a00d1
:101938008b4078000a0078003c7402000100000027
:10194800d1cdb3000a0078003c7402000100000009
:101958000c0037008b4078000a0078003c740200c5
:1019680001000000c1cdb3000a0078003c740200f9
:1019780001000000030037000a0078003c740200f0
:10198800010000000804e800888f5600c6ff3c00ec
:1019980001ccb3000a0078003c740200010000008a
:1019a8004f0778004f06be004f05be004f04be002b
:1019b800000006000400fa00889fbe008a9fbe004f
:1019c8008c1f780080047800014578000244780074
:1019d800030678008405780001ccb300090078007c
:1019e8003c740200010000006f446400c450dd0034
:1019f80088c07000090078003c74020001000000f3
:101a08000045eb000b00e000260034000004eb006a
:101a18006160b80090bf9f00a1bf9f000cccb300cd
:101a28009fb89700010044009040780001456d0080
:101a38008ccf50000c003200b0cdb30080cf5000e6
:101a480012003a0080407800090078003c740200d7
:101a580001000000d1cdb300090078003c740200f9
:101a6800010000000c003700b1cdb3000900780078
:101a78003c74020001000000c1cdb30009007800e9
:101a88003c740200010000000300370009007800e0
:101a98003c740200010000000804e800888f55002b
:101aa800dfff3c00491090000038a300040032001a
:101ab8008a407800090078003c74020001000000a8
:101ac80001ccb300090078003c740200010000005a
:101ad8004f0678004f05be004f04be000080fa0094
:101ae80000000600e6874700889fbe008a9fbe0068
:101af8008c9fbe008e1f78000005be00820678000d
:101b080000042000808f5600010034008006780011
:101b18000d00e000440034000006eb008c0478005f
:101b28006158b800f0b79f0081bf9f00090778008f
:101b38006f8064001f003a00815825000a00780071
:101b4800bc710200010000008c8f54000d003400ad
:101b58000c04780008804500904078000a0078005e
:101b680092740200010000000804e800890f540084
:101b7800f8ff35000c00e8000c86ea000c06470068
:101b88000c064000b15825000a007800bc7102001c
:101b9800010000008e0078000a007800de70020064
:101ba80001000000e15825000a007800bc7102001d
:101bb80001000000ffb097000180440090407800c9
:101bc8000a0078004c71020001000000115925003c
:101bd8000a007800bc710200010000008904e800d6
:101be800898f5600d1ff3c006f8066000e003200de
:101bf800815825000a007800bc710200010000002d
:101c08008c8f5600080034000c8045009040780006
:101c18000a00780092740200010000000c06e80037
:101c28008c8f5600f8ff3c004f0778004f06be0027
:101c38004f05be004f04be006f00b1000000060053
:101c4800889fbe008a9fbe008c9fbe008e1f7800b2
:101c58000005be00820678000d00e0004300340055
:101c68000006eb008c047800090778006f80640098
:101c780020003a00815825000a007800bc71020053
:101c8800010000008c8f54000e0034000c04780012
:101c98000800d0000b004000900078000a0078008f
:101ca80092740200010000000804e800890f540043
:101cb800f7ff35000c00e8000c86ea000c06470028
:101cc8000c064000b15825000a007800bc710200db
:101cd800010000008e0078000a007800de70020023
:101ce80001000000e15825000a007800bc710200dc
:101cf800010000000900d0000b00400090007800af
:101d08000a0078004c7102000100000011592500fa
:101d18000a007800bc710200010000008904e80094
:101d2800898f5600d0ff3c006f8066000f0032009c
:101d3800815825000a007800bc71020001000000eb
:101d48008c8f5600090034000c00d0000b004000b6
:101d5800900078000a0078009274020001000000e8
:101d68000c06e8008c8f5600f7ff3c004f07780000
:101d78004f06be004f05be004f04be00000006001f
:101d8800889fbe008a9fbe008c9fbe008e1f780071
:101d98008004780001067800820578000b00e000d6
:101da8001e0034000004eb00bd582500ee58250045
:101db800670064000c003a008d0078000900780084
:101dc800bc7102000100000088007800090078005a
:101dd800de700200010000008e0078000900780023
:101de800bc710200010000000800d0000c00400097
:101df8009000780009007800de7002000100000001
:101e08001159250009007800bc710200010000008a
:101e18000804e800888f5500e5ff3c004f0778006c
:101e28004f06be004f05be004f04be00000006006e
:101e3800889fbe008a9fbe008c9fbe008e1f7800c0
:101e4800000578000104780002077800830678000e
:101e580001ccb3000a0078003c74020001000000c5
:101e6800c440dd000a0078003c7402000100000054
:101e78000d00e0003d0034000004eb000b0c2000d6
:101e8800bc0d20008804d0008e844400990078009e
:101e9800c808de008b8f50000b0032008c8f50007a
:101ea80012003a00b1cdb3000a0078003c74020079
:101eb80001000000d1cdb3000a0078003c74020094
:101ec800010000000c003700b1cdb3000a00780013
:101ed8003c74020001000000c1cdb3000a00780084
:101ee8003c74020001000000030037000a0078007b
:101ef8003c740200010000009980fb008b8f5000a9
:101f08000b0032008c8f500012003a00b1cdb300a4
:101f18000a0078003c74020001000000d1cdb30033
:101f28000a0078003c740200010000000c00370031
:101f3800b1cdb3000a0078003c7402000100000033
:101f4800c1cdb3000a0078003c7402000100000013
:101f5800030037000a0078003c740200010000000a
:101f68000804e800888f5600c6ff3c0001ccb30087
:101f78000a0078003c740200010000004f07780056
:101f88004f06be004f05be004f04be00000006000d
:020000040000fa
:020000040003f7
:101f9800000000004c00000099000000e50000006f
:101fa800310100007d010000c90100001602000097
:101fb80062020000ae020000fa02000047030000bf
:101fc80093030000df0300002b04000078040000e6
:101fd800c4040000100500005c050000a80500000e
:101fe800f4050000410600008d060000d906000037
:101ff8002507000071070000bd0700000908000060
:1020080056080000a2080000ee0800003a09000087
:1020180086090000d20900001e0a00006a0a0000b2
:10202800b60a0000020b00004e0b00009a0b0000dd
:10203800e60b0000320c00007d0c0000c90c00000b
:10204800150d0000610d0000ad0d0000f90d000038
:10205800450e0000900e0000dc0e0000280f000066
:10206800730f0000bf0f00000b1000005610000097
:10207800a2100000ee1000003911000085110000c8
:10208800d01100001c12000067120000b3120000fb
:10209800fe1200004a13000095130000e013000030
:1020a8002c14000077140000c21400000d15000065
:1020b80059150000a4150000ef1500003a1600009d
:1020c80085160000d01600001b17000066170000d8
:1020d800b1170000fc170000471800009218000014
:1020e800dc1800002719000072190000bd19000053
:1020f800071a0000521a00009d1a0000e71a000093
:10210800321b00007c1b0000c71b0000111c0000d4
:102118005b1c0000a61c0000f01c00003a1d00001b
:10212800851d0000cf1d0000191e0000631e000061
:10213800ad1e0000f71e0000411f00008b1f0000ad
:10214800d51f00001f20000068200000b2200000fa
:10215800fc200000462100008f210000d92100004a
:10216800222200006c220000b5220000fe2200009e
:102178004823000091230000da23000023240000f4
:102188006d240000b6240000ff240000482500004c
:1021980091250000d9250000222600006b260000aa
:1021a800b4260000fc260000452700008e2700000a
:1021b800d62700001e28000067280000af2800006e
:1021c800f72800004029000088290000d0290000d5
:1021d800182a0000602a0000a82a0000f02a00003f
:1021e800382b00007f2b0000c72b00000f2c0000ad
:1021f800562c00009e2c0000e52c00002c2d000021
:10220800742d0000bb2d0000022e0000492e000096
:10221800902e0000d72e00001e2f0000652f000012
:10222800ac2f0000f32f0000393000008030000090
:10223800c73000000d310000533100009a31000012
:10224800e0310000263200006c320000b23200009b
:10225800f83200003e33000084330000ca33000027
:1022680010340000553400009b340000e0340000b6
:10227800263500006b350000b0350000f53500004c
:102288003a36000080360000c436000009370000e6
:102298004e37000093370000d83700001c38000084
:1022a80061380000a5380000e93800002e39000028
:1022b80072390000b6390000fa3900003e3a0000d1
:1022c800823a0000c63a0000093b00004d3b00007e
:1022d800903b0000d43b0000173c00005a3c000033
:1022e8009e3c0000e13c0000243d0000673d0000ea
:1022f800aa3d0000ec3d00002f3e0000723e0000a9
:10230800b43e0000f73e0000393f00007b3f00006c
:10231800bd3f0000ff3f0000414000008340000037
:10232800c540000007410000494100008a41000003
:10233800cc4100000d4200004e4200008f420000d8
:10234800d0420000114300005243000093430000b4
:10235800d443000014440000554400009544000094
:10236800d64400001645000056450000964500007a
:10237800d645000016460000564600009546000067
:10238800d54600001447000054470000934700005a
:10239800d247000011480000504800008f48000054
:1023a800ce4800000d4900004b4900008a49000052
:1023b800c8490000064a0000444a0000824a00005a
:1023c800c04a0000fe4a00003c4b00007a4b000067
:1023d800b74b0000f54b0000324c00006f4c00007a
:1023e800ac4c0000e94c0000264d0000634d000095
:1023f800a04d0000dc4d0000194e0000554e0000b5
:10240800914e0000cd4e0000094f0000454f0000de
:10241800814f0000bd4f0000f84f0000345000000d
:102428006f500000ab500000e65000002151000042
:102438005c51000096510000d15100000c52000080
:102448004652000081520000bb520000f5520000c5
:102458002f53000069530000a3530000dc53000011
:10246800165400004f54000089540000c254000064
:10247800fb540000345500006d550000a5550000c0
:10248800de550000165600004f5600008756000023
:10249800bf560000f75600002f570000675700008e
:1024a8009f570000d65700000d58000045580000ff
:1024b8007c580000b3580000ea5800002159000079
:1024c800575900008e590000c4590000fb590000fc
:1024d800315a0000675a00009d5a0000d35a000084
:1024e800085b00003e5b0000735b0000a85b000017
:1024f800de5b0000135c0000485c00007c5c0000b0
:10250800b15c0000e55c00001a5d00004e5d000053
:10251800825d0000b65d0000ea5d00001e5e0000fe
:10252800515e0000855e0000b85e0000ec5e0000b1
:102538001f5f0000525f0000845f0000b75f00006b
:10254800ea5f00001c6000004e600000816000002f
:10255800b3600000e46000001661000048610000fc
:1025680079610000ab610000dc6100000d620000d1
:102578003e6200006f6200009f620000d0620000af
:102588000063000031630000616300009163000094
:10259800c1630000f0630000206400004f64000085
:1025a8007f640000ae640000dd6400000c6500007c
:1025b8003a6500006965000097650000c66500007f
:1025c800f465000022660000506600007e66000088
:1025d800ab660000d966000006670000336700009c
:1025e800606700008d670000ba670000e6670000ba
:1025f800136800003f6800006b68000097680000df
:10260800c3680000ef6800001b690000466900000d
:10261800716900009c690000c8690000f269000047
:102628001d6a0000486a0000726a00009c6a000087
:10263800c66a0000f06a00001a6b0000446b0000d4
:102648006d6b0000976b0000c06b0000e96b000029
:10265800126c00003b6c0000646c00008c6c000085
:10266800b46c0000dd6c0000056d00002c6d0000ee
:10267800546d00007c6d0000a36d0000ca6d000061
:10268800f26d0000196e00003f6e0000666e0000db
:102698008c6e0000b36e0000d96e0000ff6e000063
:1026a800256f00004b6f0000706f0000966f0000f0
:1026b800bb6f0000e06f0000057000002a7000008a
:1026c8004f7000007370000097700000bc7000002d
:1026d800e070000004710000277100004b710000d9
:1026e8006e71000091710000b5710000d871000092
:1026f800fa7100001d7200003f7200006272000053
:1027080084720000a6720000c8720000e97200001e
:102718000b7300002c7300004d7300006e730000f3
:102728008f730000b0730000d0730000f1730000d5
:1027380011740000317400005174000071740000bd
:1027480090740000b0740000cf740000ee740000b4
:102758000d7500002c7500004a75000069750000b1
:1027680087750000a5750000c3750000e1750000bd
:10277800ff7500001c7600003976000057760000cf
:102788007476000090760000ad760000ca760000ee
:10279800e6760000027700001e7700003a77000016
:1027a80055770000717700008c770000a77700004c
:1027b800c2770000dd770000f8770000127800008b
:1027c8002d78000047780000617800007b780000d1
:1027d80094780000ae780000c7780000e078000028
:1027e800f9780000127900002b7900004379000085
:1027f8005c790000747900008c790000a4790000ed
:10280800bb790000d3790000ea790000017a000062
:10281800187a00002f7a0000467a00005c7a0000df
:10282800727a0000887a00009e7a0000b47a00006c
:10283800ca7a0000df7a0000f57a00000a7b0000ff
:102848001f7b0000337b0000487b00005c7b00009e
:10285800717b0000857b0000997b0000ac7b000049
:10286800c07b0000d37b0000e77b0000fa7b000000
:102878000c7c00001f7c0000327c0000447c0000bf
:10288800567c0000687c00007a7c00008c7c00008c
:102898009d7c0000af7c0000c07c0000d17c000063
:1028a800e27c0000f27c0000037d0000137d000044
:1028b800237d0000337d0000437d0000527d000031
:1028c800627d0000717d0000807d00008f7d00002a
:1028d8009e7d0000ac7d0000bb7d0000c97d00002e
:1028e800d77d0000e57d0000f27d0000007e00003d
:1028f8000d7e00001a7e0000277e0000347e000056
:10290800417e00004d7e0000597e0000667e00007a
:10291800727e00007d7e0000897e0000947e0000ab
:102928009f7e0000ab7e0000b57e0000c07e0000e8
:10293800cb7e0000d57e0000df7e0000e97e00002f
:10294800f37e0000fd7e0000067f00000f7f000080
:10295800197f0000217f00002a7f0000337f0000dc
:102968003b7f0000437f00004b7f0000537f000047
:102978005b7f0000637f00006a7f0000717f0000ba
:10298800787f00007f7f0000867f00008c7f00003a
:10299800927f0000987f00009e7f0000a47f0000c7
:1029a800aa7f0000af7f0000b47f0000b97f00005d
:1029b800be7f0000c37f0000c87f0000cc7f0000fe
:1029c800d07f0000d47f0000d87f0000dc7f0000ab
:1029d800df7f0000e27f0000e57f0000e87f000065
:1029e800eb7f0000ee7f0000f07f0000f27f000028
:1029f800f47f0000f67f0000f87f0000f97f0000f8
:102a0800fb7f0000fc7f0000fd7f0000fe7f0000d0
:102a1800fe7f0000ff7f0000ff7f0000ff7f0000b7
:020000040000fa
:020000040003f7
:102a28008002780005027800011a7800020a78000e
:102a3800a3029800f81ab900840f510007003d005e
:102a4800110009000301d80000017800b2029800c3
:102a58000200e00003003c000d0037008101200067
:102a6800b1029800350190008000eb006c834200b1
:102a78008003eb000082eb008101d00086814100d9
:102a8800840978008100e800810f5100faff3c00ba
:102a9800c2029800f1ff2700d1029800000006004a
:102aa8008002780005027800011a7800020a78008e
:102ab800a3029800f81ab900840f510007003d00de
:102ac800110009000301d80000017800b202980043
:102ad8000200e00003003c000d00370081012000e7
:102ae800b1029800350190008000eb006c83420031
:102af8008003eb000082eb008101d0008681410059
:102b0800840978008100e800810f5100faff3c0039
:102b1800c2029800f1ff2700d102980000000600c9
:102b28008002780005027800011a7800020a78000d
:102b3800a3029800f81ab900840f510007003d005d
:102b4800110009000301d80000017800b2029800c2
:102b58000200e00003003c000d0037008101200066
:102b6800b1029800350190008000eb006c834200b0
:102b78008003eb000082eb008101d00086814100d8
:102b8800840978008100e800810f5100faff3c00b9
:102b9800c2029800f1ff2700d10298000000060049
:102ba8008000eb00022120000001410001097800ab
:102bb8002221200000014100010978004221200063
:102bc8000001410001097800622120000001410054
:102bd800010978008021b000010878000000060093
:102be8008000eb000212200000014100010978007a
:102bf8002212200000014100010978004212200041
:102c080000014100010978006012b0000108780055
:102c1800000006008000eb000212200000014100c5
:102c28000109780022122000000141000109780002
:102c38004212200000014100010978006012b00032
:102c48000108780000000600640140000089eb00dc
:102c58000001eb00e601400082097800f201400023
:102c6800130278000410a100e8024000820a7800ec
:102c78008082e800820a7800c2ff2f008209620081
:102c8800310290000400e00021003400610190004e
:102c9800e10f41000a0032000001eb006c834000a4
:102ca8008003eb00170037008201d00086814100c5
:102cb8008082eb00938f120012003a000100370067
:102cc8000001eb00a10190000382410082a2b9003b
:102cd800110242000408780023009800cf91de001a
:102ce80066014100e08149000201410083814900f9
:102cf8000281400004097800688140001209e90057
:102d0800030037000201e800820f5200e6ff3c0092
:102d18002108980041019000d1019000830f5100d3
:102d280001003d00d2009800000006006401400048
:102d38000089eb000001eb00e60140008209780001
:102d4800e8014000820978008081e8008209780063
:102d5800310290000400e00021003400610190007d
:102d6800e10f41000a0032000001eb006c834000d3
:102d78008003eb00170037008201d00086814100f4
:102d88008082eb00938f120012003a000100370096
:102d98000001eb00a10190000382410082a2b9006a
:102da800110242000408780023009800cf91de0049
:102db80066014100e0814900020141008381490028
:102dc8000281400004097800688140001209e90086
:102dd800030037000201e800820f5200e6ff3c00c2
:102de8005100980041019000d1019000830f5100db
:102df80001003d00d2009800000006006401400078
:102e08000089eb000001eb00e60140008209780030
:102e1800e8014000820978008081e8008209780092
:102e2800310290000400e0002000340061019000ad
:102e3800e10f41000a0032000001eb006c83400002
:102e48008003eb00160037008201d0008681410024
:102e58008082eb00938f120011003a0001003700c6
:102e68000001eb00210290008493b9009101430016
:102e780003087800240098006112b9006602420035
:102e8800e0824a000402420085824a000481400030
:102e980003097800688140001209e900030037003f
:102ea8000201e800820f5200e7ff3c005100980041
:102eb80041019000d1019000830f510001003d00b5
:102ec800d200980000000600881f7800b00190002a
:102ed8000300e000130034000001eb006c03400025
:102ee8008003eb000084eb00680040006112b90029
:102ef8000402420085824a000402430085824b0096
:102f0800948f100004003a000100e0000200320033
:102f1800080a78001008e8000201e800830f510051
:102f2800f2ff35004f04780000000600881f780083
:102f3800b00190000300e000130034000001eb0032
:102f48006c0340008003eb000084eb006800400045
:102f58006112b9000402420085824a00040243005b
:102f680085824b00948f100004003a000100e000b5
:102f780002003200080a78001008e8000201e800a0
:102f8800830f5100f2ff35004f047800000006005f
:102f9800881f7800b00190000300e000130034009f
:102fa8000001eb006c0340008003eb000084eb00a1
:102fb800680040006112b9000402420085824a009c
:102fc8000402430085824b00948f100004003a00ed
:102fd8000100e00002003200080a78001008e8004a
:102fe8000201e800830f5100f2ff35004f0478001a
:102ff800000006000000fa00a0089200f78f5000b9
:103008001a003c008100e80021089a00300992006b
:10301800828f50000100340031089a0004212000fa
:1030280000024200940078006109b9007611b800e6
:1030380002014000fc8157000a000900331978009a
:103048006201b1008100e800010a7800f88f5000a1
:1030580003003a0001212000808040008008eb0036
:103068008021b000dfb09700108840000080fa008f
:1030780000000600ee8747008e1f78006e87570015
:10308800011f7800020f7800b3bf9f00c4bf9f00e4
:10309800d5bf9f00e6bf9f00a0109100f78f50009a
:1030a80022003c008100e8002110990030119100b5
:1030b800828f500001003400311099000412200062
:1030c80000024200940278006129b9006c11b8002e
:1030d800020140006e8757003e037800be03780067
:1030e8000689be00820078004100b000be18780052
:1030f800be1078001e0178009e019000a200980082
:10310800b30098008500e800010a7800f88f5000a5
:1031180003003a0001122000808040008008eb0084
:103128008012b000cfb89700108840004f07780091
:10313800ef00b10000000600ee8747008e1f780000
:103148006e875700011f7800020f7800b3bf9f00f9
:10315800c4bf9f00d5bf9f00e6bf9f00a01091008d
:10316800f78f500022003c008100e80021109900f0
:1031780030119100828f5000010034003110990005
:103188000412200000024200940278006129b9006c
:103198006c11b800020140006e8757003e037800aa
:1031a800be0378000689be00820078004100b000a6
:1031b800be187800be1078001e0178009e019000ad
:1031c800a2009800b30098008500e800010a780082
:1031d800f88f500003003a00011220008080400060
:1031e8008008eb008012b000cfb89700108840002c
:1031f8004f077800ef00b10000000600889fbe006e
:10320800640140000089eb00a21220000101410086
:103218001200a000211291000400e00021003400f7
:103228002512200081824200150378006131b9001f
:103238006c11b8000281400032047800b2047800b2
:103248000888be00800178004300b000b2197800f9
:10325800b21178001204780092049000a801980036
:10326800b90198000601e800820a7800f80f5100b9
:1032780003003a0022122000010141000009eb007e
:1032880042122000010141000409e900a2122000b5
:10329800010141001200a1008112b000300190002c
:1032a800910811004f04be0000000600881f780036
:1032b800640140000089eb00a221200001014100c7
:1032c8001200a000210a92000400e0001a00340055
:1032d8002521200081824200150378006131b90060
:1032e8007611b800028140000a00090032187800ff
:1032f8006001b1006201b1000601e800820a7800ad
:10330800f80f510003003a0022212000010141007a
:103318000009eb0042212000010141000409e900f5
:10332800a2212000010141001200a1008121b0006a
:1033380030019000910811004f0478000000060049
:10334800889fbe00640140000089eb00a2122000a3
:10335800010141001200a000211291000400e000c8
:1033680021003400251220008182420015037800d4
:103378006131b9006c11b800028140003204780054
:10338800b20478000888be00800178004300b000cd
:10339800b2197800b21178001204780092049000f3
:1033a800a8019800b90198000601e800820a78008f
:1033b800f80f510003003a002212200001014100d9
:1033c8000009eb0042122000010141000409e90054
:1033d800a2122000010141001200a1008112b000d8
:1033e80030019000910811004f04be000000060053
:1033f8006203200000014100920278000580a100cc
:10340800f103200041109800430620005310980053
:10341800a100200071109800e1c4b3004148980051
:1034280091c3b3005148980061c3b3006148980044
:1034380001c3b300714898000150980011c4b3004b
:103448001150980041c0b300215098008000eb0053
:103458007e024000010a7800a4232000041098008e
:10346800f4ef24000482620004e0a000040978005c
:103478008203200000014100120278000400a1002c
:103488002503200015109800451f200025189800d6
:1034980013189800030320008081410081097800f7
:1034a8004002b0000108780060ff2f0000096200a8
:1034b80000000600f00890000128a3000400320074
:1034c800620320000001410012a0a00003003700a1
:1034d800620320000001410012a0a1000138a300ee
:1034e80004003200620320000001410012b0a00075
:1034f80003003700620320000001410012b0a10060
:103508000188a3000400320082032000000141006a
:103518001210a000030037008203200000014100c0
:103528001210a100820320000001410033ff2f0088
:103538001289610001017800320fb200cf91de00dc
:10354800210f2000810f5100e08f59000c023e002e
:10355800020601003201370022013700ff00370060
:10356800ef00370006023700050237000402370073
:103578000302370002023700010237000002370059
:10358800ff013700fe013700fd013700fc0137005d
:10359800fb013700fa0137005a013700f8013700fc
:1035a800f7013700f6013700f5013700f40137005d
:1035b800f3013700f2013700f1013700f00137005d
:1035c800ef013700ee013700ed013700ec0137005d
:1035d800eb013700ea013700e90137007d013700c8
:1035e8007c013700e6013700e5013700e4013700c8
:1035f800e3013700e2013700e1013700e00137005d
:10360800df013700de013700dd013700dc0137005c
:10361800db0137005f01370049013700d801370067
:10362800d7013700d6013700d5013700d40137005c
:10363800d3013700d2013700d1013700d00137005c
:10364800cf013700ce013700cd013700cc0137005c
:10365800cb0137000701370018013700c8013700d0
:10366800c7013700c6013700c5013700c40137005c
:10367800c3013700c2013700c1013700c00137005c
:10368800bf013700be013700bd013700bc0137005c
:10369800bb013700ba013700b9013700b80137005c
:1036a800b7013700b6013700b5013700b40137005c
:1036b800b3013700b2013700b1013700b00137005c
:1036c800af013700ae013700ad013700ac0137005c
:1036d800ab013700aa013700a9013700a80137005c
:1036e800a7013700a6013700a5013700a40137005c
:1036f800a3013700a2013700a1013700a00137005c
:103708009f0137009e0137009d0137009c0137005b
:103718009b0137009a01370099013700980137005b
:10372800970137009601370095013700940137005b
:10373800930137009201370091013700900137005b
:103748008f0137008e0137008d0137008c0137005b
:103758008b01370053013700620137004101370000
:103768002c013700860137008501370084013700b6
:10377800830137008201370081013700800137005b
:103788007f0137007e0137007d0137007c0137005b
:103798007b013700ff003700320137001d01370079
:1037a8005f00370076013700750137007401370074
:1037b800730137007201370071013700700137005b
:1037c8006f0137006e0137006d0137006c0137005b
:1037d8006b013700330137006901370041013700b9
:1037e800c8003700660137006501370064013700fb
:1037f800630137006201370061013700600137005b
:103808005f0137005e0137005d0137005c0137005a
:103818005b01370065003700590137005801370050
:10382800570137005601370055013700540137005a
:10383800530137005201370051013700500137005a
:103848004f0137004e0137004d0137004c0137005a
:103858004b0137004a01370049013700480137005a
:10386800470137004601370045013700440137005a
:10387800430137004201370041013700400137005a
:103888003f0137003e0137003d0137003c0137005a
:103898003b0137003a01370039013700380137005a
:1038a800370137003601370035013700340137005a
:1038b800330137003201370031013700300137005a
:1038c8002f0137002e0137002d0137002c0137005a
:1038d8002b0137002a01370029013700280137005a
:1038e800270137002601370025013700240137005a
:1038f800230137002201370021013700200137005a
:103908001f0137001e0137001d0137001c01370059
:103918001b0137001a01370006013700190137006b
:103928002100200041089800024b2000220898003e
:103938006208980012002000520898002203200014
:1039480012109800421f20002218980042062000fa
:1039580012189800617098000a01370011002000c1
:1039680041089800024b200022089800620898003d
:10397800510898002203200012109800421f2000ce
:1039880022189800420620001218980061709800ca
:1039980000119000a1232000810f5100f9003a0086
:1039a8000002b0000008eb00f600370021002000fc
:1039b80041089800025822002208980062089800de
:1039c8007a0140000009eb00220320001210980041
:1039d8004306200023189800121898006170980078
:1039e800e800370021002000410898000258220012
:1039f80022089800620898007a0140000009eb004c
:103a08002203200012109800421f2000221898005c
:103a1800420620001218980061709800d9003700fb
:103a2800110020004108980002582200220898003e
:103a3800620898007a0140000009eb002203200088
:103a480012109800421f20002218980042062000f9
:103a5800121898006170980000119000a1232000ae
:103a6800810f5100c7003a000002b0000008eb00c7
:103a7800c40037002100200041089800022c2100d2
:103a8800220898000258220062089800f2002000dc
:103a980052089800220320001210980043062000c4
:103aa8002318980012189800820320000001410092
:103ab8001220a00061709800b20037002100200099
:103ac80041089800025822002208980002b02400f9
:103ad8006208980002012000520898002203200082
:103ae8001210980043062000231898001218980016
:103af80082032000000141001220a000617098009c
:103b0800a00037002100200041089800022c210065
:103b18002208980062089800320020005208980095
:103b28002203200012109800421f2000221898003b
:103b38004206200012189800617098009100370022
:103b48001100200041089800c212200022089800a5
:103b580062089800420020005208980022032000c2
:103b680012109800421f200022189800a20f20006f
:103b7800121898006170980000119000a12320008d
:103b8800810f51007f003a000002b0000008eb00ee
:103b98007c0037002100200041089800c112200055
:103ba80021089800610898004100200051089800f9
:103bb8002103200011109800411f200021189800af
:103bc800a10f20001118980011c0b300617098006f
:103bd8006c0037002100200041089800c112200025
:103be80021089800610898003101200051089800c8
:103bf8002103200011109800411f2000211898006f
:103c0800a10f20001118980011c0b300617098002e
:103c18005c0037002100200041089800c1122000f4
:103c28002108980081252000610898009100200053
:103c3800510898002103200011109800411f20000e
:103c480021189800a10f2000111898008103200066
:103c5800808040001130a00011c0b300617098004e
:103c6800480037002100200041089800c1122000b8
:103c780021089800610898008100200051089800e8
:103c88002103200011109800411f200021189800de
:103c9800a10f20001118980011c0b300617098009e
:103ca800380037002100200041089800014b20000f
:103cb8002108980061089800c10020005108980068
:103cc8002103200011109800411f2000211898009e
:103cd800410620001118980011c0b30061709800c7
:103ce800280037002100200041089800014b2000df
:103cf800210898000196200061089800d100200052
:103d0800510898002103200011109800411f20003d
:103d180021189800410620001118980081032000fe
:103d2800808040001130a00011c0b300617098007d
:103d380014003700210020004108980082702000fc
:103d48002208980002e1200062089800e2002000a2
:103d5800520898002203200012109800421f2000e9
:103d680022189800420620001218980082032000aa
:103d7800000141001230a000617098000100370076
:083d88000000fe00000006002f
:020000040000fa
:020000040003f7
:103d90006ca9000075a9000080a9000083a900009b
:103da00073a900004ba9000019a90000eca80000ad
:103db000d2a80000d2a80000eca800001ba90000b7
:103dc00058a9000097a90000caa90000eea90000a8
:103dd00001aa000001aa000063aa0000eca90000eb
:103de0002fa900003ea8000036a7000040a6000052
:103df0007da5000012a500001da50000ada50000d6
:103e0000bda6000039a80000fda90000d8ab000045
:103e100090ad0000f0ae0000c7af0000e7af0000bb
:103e2000b2ae000048ad000013ab000024a80000b3
:103e3000a0a40000cfa000001a9d0000ff99000080
:103e400003980000a997000062990000909d00006f
:103e500077a400003aae0000d4ba00001fca0000e8
:103e6000cfdb00006cef0000a9af0000bfad000089
:103e7000c2aa0000dea6000064a20000c49d0000eb
:103e80007e990000259600004f9400008494000065
:103e900033970000ad9c00001ca500007bb0000023
:103ea00099be000021cf000095e1000053f500000d
:103eb000dc030000951900002f2f0000c443000010
:103ec0006f5600005f660000ec720000957b0000fa
:103ed000ff7f0000ff7f0000947b0000ee72000077
:103ee0006c660000935600000b4400009d2f0000fc
:103ef000221a000070040000d30400000c1a000015
:103f0000de2e00007f4200003254000053630000a8
:103f1000506f0000ba7700004a7c0000da7c000095
:103f2000657900000c72000010670000d558000091
:103f3000d14700009f340000e71f0000570a00002f
:103f400021090000681d0000c23000006542000029
:103f50009c510000e35d0000ed660000a86c0000cd
:103f6000316f0000d66e00000a6c0000636700002d
:103f70008b610000365b000015550000ce4f00003d
:103f8000ef4b0000dc490000180a0000df1d0000b4
:103f9000713000001f410000604f0000d75a000040
:103fa00051630000cd6800007c6b0000b16b000025
:103fb000dc6900008066000030620000785d00006f
:103fc000da580000d0540000b5510000c24f000084
:103fd000d7ee000043db0000b1c900008cba00003e
:103fe00016ae00006aa400008e9d000063990000d8
:103ff000a997000003980000ff9900001c9d000095
:10400000dca00000c5a400006ba8000081ab00008c
:10401000d4ad000046af0000cfef0000b9db0000d8
:1040200060c9000047b90000d9ab00005fa10000e3
:10403000f299000088950000f4930000df940000de
:10404000d09700003a9c000081a1000006a7000064
:1040500031ac000083b000009ab300002db5000021
:104060001df4000016df000044cb00002db9000055
:1040700043a90000ee9b00008f910000768a0000ab
:10408000da860000da860000758a0000919100004f
:10409000fb9b000068a9000074b90000b2cb0000cf
:1040a000a2df0000b2f4000014f500008cdf000075
:1040b000f3ca0000e7b7000007a70000e39800007c
:1040c000f38d00009b86000026830000b68300006d
:1040d00046880000ae900000a09c0000a9ab000044
:1040e0003abd0000b4d0000068e5000098fa000076
:1040f00047490000634b0000604f0000cd540000b2
:10410000125b00007e610000616700000b6c000024
:10411000d66e0000316f0000a76c0000ef66000053
:10412000f05d0000c1510000ac42000030310000e1
:10413000f51d0000b60900003e4a0000da4b000001
:104140000f4f000088530000d5580000735e000038
:10415000c563000031680000216b00000c6c00009a
:10416000786a00000d660000945e000002540000b2
:104170007246000032360000ba2300009c0f000097
:104180008c4e0000364f0000f35000006e530000cc
:104190004056000002590000625b00001e5d0000f6
:1041a000085e0000085e00001d5d0000645b00000a
:1041b0000f59000064560000b55300006151000023
:1041c000c24f0000214f0000844f0000ad4f00009f
:1041d000a25000002852000003540000f6550000d1
:1041e000c657000044590000535a0000e35a00002b
:1041f000ef5a0000815a0000b3590000a558000092
:104200007b570000635600008855000008550000e9
:1042100053af00003baf000082ae000049ad00008c
:10422000b4ab0000f0a9000037a80000bea6000053
:10423000ada500001da5000011a500007fa5000090
:104240004da600005ba7000085a800009da9000006
:1042500078aa0000f8aa00004ab00000b1af000040
:1042600031ae000003ac000077a90000e4a6000016
:104270009ba40000e3a20000f8a10000f8a1000048
:10428000e3a200009ca40000f1a600009ca900008d
:104290004bac00009fae00003eb00000dfb000005d
:1042a00098b400000db3000015b00000e9ab0000a9
:1042b000e1a6000074a10000389c0000d197000026
:1042c000df940000f493000088950000f39900004b
:1042d0006ca10000feab00008eb90000cec900004a
:1042e00046dc000064f000008fb5000084b30000dd
:1042f000c4af0000a4aa0000a5a40000689e0000ae
:104300009c980000f69300002a910000cf900000d6
:10431000599300001199000010a200003fae000068
:1043200054bd0000d0ce00000be200004af60000b1
:10433000c20900005b1f0000313400008a47000002
:10434000b0580000046700000a720000667900009f
:10435000da7c00004a7c0000ba770000526f00004f
:104360006063000057540000c64200004c2f00005c
:10437000981a000068050000b90a0000d21f00006a
:10438000e03300004446000073560000f86300006c
:104390006e6e00008c750000267900002679000002
:1043a0008b7500006f6e00000564000098560000d9
:1043b0008c4600004e3400005e2000004e0b0000d2
:1043c000080f00002e230000c43500002a4600001c
:1043d000de530000875e00000b660000796a000073
:1043e0000c6c0000216b000030680000c663000008
:1043f0007f5e0000fa580000cf5300007d4f0000a0
:10440000664c0000d34a0000ff0f0000a523000007
:1044100073350000e5440000a15100007c5b000002
:104420006f6200009f66000057680000fd67000093
:1044300001660000e4620000245f00003b5b0000b6
:10444000955700007f5400002c520000ba50000025
:10445000bef4000008e10000b3ce000052be000030
:1044600057b000000fa50000ac9c0000349700007e
:10447000849400004f94000024960000809900006e
:10448000d09d000088a2000026a7000030ab0000ed
:104490004bae00003eb00000b5f500007fe100002b
:1044a00062ce00000dbd00001aae000003a20000a5
:1044b0000f9900005a930000cf9000002a9100004d
:1044c000f69300009d980000759e0000caa40000ad
:1044d000ebaa000032b0000011b4000024b60000c6
:1044e00003fa0000dbe4000046d00000f2bc00004c
:1044f00084ab0000939c0000ad9000004788000052
:10450000b6830000268300009b860000f48d000027
:10451000f09800002ba700002fb8000061cb00002e
:1045200019e00000a9f50000fbfa000052e50000c8
:10453000f5cf0000adbb000048a90000879900003e
:10454000108d00006d8400000180000001800000db
:104550006c840000128d0000949900006da9000089
:10456000f5bb000063d00000dee5000090fb00001a
:104570002e4f0000295100006254000093580000a3
:10458000535d0000236200007f660000dc690000cc
:10459000b16b00007c6b0000cd680000536300002d
:1045a000e45a0000854f000067410000df30000042
:1045b0006b1e0000ad0a0000255000009f51000056
:1045c000115400004d570000165b0000175f0000fb
:1045d000e262000002660000fd670000576800000c
:1045e0009e66000070620000895b0000c6510000fa
:1045f0002c450000e135000031240000941000003b
:1046000073540000fc540000f555000033570000bf
:1046100081580000a7590000805a0000ef5a00009e
:10462000e35a0000535a000043590000c7570000e6
:104630000356000028540000705200001051000082
:1046400039500000195000006a55000072550000f2
:10465000a4550000ee550000445600009b56000093
:10466000e3560000155700002e5700002e5700009b
:1046700014570000e5560000a856000069560000d7
:104680003656000012560000ff550000ff5500008e
:020000040000fa
:020000040003f7
:10469000e05400004a0000008200000044656d0004
:1046a0006f643a0020002000546f7400616c200099
:1046b0004269740020436f00756e74003a20000058
:1046c000204269007420450072726f00722043001e
:1046d0006f756e00743a2000007b000020002000ff
:1046e0006874740070733a002f2f74006172700048
:1046f0006e2e6e0065742f00494c32005000000091
:10470000f44f0000000200008200000000000100e1
:10471000000100000200010000020000020003008e
:10472000000100000200020000030000020003007c
:10473000000300000400010000020000020003006a
:104740000002000003000300000400000200030058
:104750000003000004000300000400000400050042
:10476000000100000200020000030000020003003c
:104770000003000004000200000300000300040026
:104780000003000004000400000500000200030014
:104790000003000004000300000400000400050002
:1047a00000030000040004000005000004000500f0
:1047b00000050000060001000002000002000300e6
:1047c00000020000030003000004000002000300d8
:1047d00000030000040003000004000004000500c2
:1047e00000020000030003000004000003000400b6
:1047f00000040000050003000004000004000500a0
:10480000000400000500050000060000020003008f
:104810000003000004000300000400000400050081
:10482000000300000400040000050000040005006f
:10483000000500000600030000040000040005005d
:10484000000400000500050000060000040005004b
:104850000005000006000500000600000600070035
:10486000000100000200020000030000020003003b
:104870000003000004000200000300000300040025
:104880000003000004000400000500000200030013
:104890000003000004000300000400000400050001
:1048a00000030000040004000005000004000500ef
:1048b00000050000060002000003000003000400e1
:1048c00000030000040004000005000003000400d1
:1048d00000040000050004000005000005000600bb
:1048e00000030000040004000005000004000500af
:1048f0000005000006000400000500000500060099
:10490000000500000600060000070000020003008a
:104910000003000004000300000400000400050080
:10492000000300000400040000050000040005006e
:10493000000500000600030000040000040005005c
:10494000000400000500050000060000040005004a
:104950000005000006000500000600000600070034
:10496000000300000400040000050000040005002e
:104970000005000006000400000500000500060018
:104980000005000006000600000700000400050006
:1049900000050000060005000006000006000700f4
:1049a00000050000060006000007000006000700e2
:1049b00000070000080000002a5500003000000039
:1049c000820000000000000000100000010006004e
:1049d000000700000800c30000c40000ca00cb00ac
:1049e00000cc0000cd00ce0000cf0000f0002f0072
:1049f000004300000f006300008700000300af00c9
:104a000000e30000945500000a000000820000004e
:104a100054415200504e7300746174000000000055
:104a2000885500000c0000008200000020200000db
:104a30000d0a00003a20000020000000f4510000a0
:104a400000020000820000000200020000020000dc
:104a5000020002000002000002000200000200004a
:104a60000200020000020000030003000003000037
:104a70000300030000030000030003000003000024
:104a80000300030000030000030003000003000014
:104a900003000400000400000400040000040000ff
:104aa00004000400000400000400050000050000ec
:104ab00005000500000500000500050000050000d8
:104ac00006000600000600000600060000060000c2
:104ad00007000700000700000700070000080000ab
:104ae0000800080000080000090009000009000093
:104af00009000a00000a00000a000b00000b000079
:104b00000b000c00000c00000c000d00000d00005c
:104b10000e000e00000f00000f001000001000003b
:104b20001100110000120000120013000013000019
:104b300014001500001500001600170000180000f2
:104b400018001900001a00001b001c00001d0000c6
:104b50001e001f0000200000210022000023000092
:104b6000240025000027000028002900002b000059
:104b70002c002e00002f0000310032000034000015
:104b800036003800003900003b003d00003f0000c7
:104b9000420044000046000049004b0000070000ae
:104ba00007000700000700000700070000070000db
:104bb00007000700000800000800080000080000c7
:104bc00008000800000800000800080000080000b5
:104bd000090009000009000009000900000900009f
:104be00009000a00000a00000a000a00000a00008a
:104bf0000b000b00000b00000b000c00000c000071
:104c00000c000d00000d00000d000e00000e000055
:104c10000e000f00000f0000100010000011000037
:104c20001100120000120000130014000014000014
:104c300015001600001700001800190000190000e8
:104c40001a001b00001d00001e001f0000200000b5
:104c50002200230000240000260028000029000074
:104c60002b002d00002f0000310033000035000024
:104c700038003a00003d00004000430000460000bc
:104c800049004c000050000054005800005c000037
:104c900060006500006a00006f0074000079000089
:104ca0007f008500008c000093009a0000a10000a6
:104cb000a900b10000ba0000c300cd0000d7000079
:104cc000e200ed0000f8000005011200011f0100e4
:104cd0002d013c00014c01005d016e0001800100ce
:104ce0009401a80001bd0100d301eb000103020003
:104cf0001d0200009e55000006000000820000001a
:104d000043514200454550005a5500002e00000016
:104d10008200000020200d000a20200073616d0039
:104d2000706c65003a2000002c206f0075746500df
:104d30007220640065766900617469006f6e3a00e4
:104d400020002c00206465006d6170003a20000096
:104d500000000000e0140000143b00008000000090
:104d60001aa700000020000080000000cea2000072
:104d70004c0400008000000006100000da0400006f
:104d8000800000007ece0000820100008000000054
:104d9000bccd0000c200000080000000facc000082
:104da000c20000008000000038cc0000c2000000fb
:104db0008000000076cb0000c200000080000000f0
:104dc000b4ca0000c200000080000000f2c9000068
:104dd000c20000008000000030c90000c2000000d6
:104de000800000006ec80000c200000080000000cb
:104df000acc70000c2000000800000001ac700001d
:104e0000920000008000000000100000060000007a
:104e100080000000f4530000ec000000820000005d
:104e20003d466900726d77006172650056723a0006
:104e3000003d530065726900616c4e006d62720046
:104e40003a003d0055707400696d65004d696c0055
:104e5000533a00003d4272006453770063684d008e
:104e60006f643a00003d41005832350052785000de
:104e70006b7473003a003d00494c32005052780088
:104e8000506b7400733a00003d494c0032505200a0
:104e900078556e0043723a00003d540078506b0024
:104ea00074436f00756e74003a003d0050726500e7
:104eb000616d62006c436e00743a30003030300037
:104ec000003d4c006f6f7000437963006c657300a8
:104ed0003a003d004c6f73007441440043536d0031
:104ee000703a00003d3030003a003d0030313a0069
:104ef000003d3000323a00003d3033003a003d00c2
:104f000030343a00003d3000363a00003d30370082
:104f10003a003d0030383a00003d3000393a000098
:104f20003d3041003a003d0030423a003030300020
:104f300030003d0030433a00003d3000443a00006c
:104f40003d3045003a003d0030463a00003d31001a
:104f5000303a00003d3131003a000000000000000e
:020000040000fa
:020000040003f7
:104f6000ee874700889fbe008a9fbe008c9fbe00d0
:104f70008e1f7800d142200081004000c2c0b300e3
:104f8000914f110002003a00660540000100370011
:104f900064054000e1422000810040001150a00063
:104fa0008000eb008a0378006151b800e9422000dc
:104fb00089044000070478000206be008282400097
:104fc0009582fb000508a300010032001950a100e2
:104fd0008100e800ed8f5000f6ff3a000c02be00a1
:104fe0006d0645009c80fb000108a30003003a0009
:104ff000e1422000810040001150a100e60645007a
:105000001d81fb000106200001016100810f51009c
:1050100003003200e1422000810040001150a10055
:105020001c81fb000106200001016100810f51007d
:1050300003003200e1422000810040001150a10035
:105040001d4378009c406b000178a30003003a00e8
:10505000e1422000810040001150a100e242200006
:10506000020140000102200092806000b70032007f
:10507000ea489000324220000201400001497800d5
:105080000181fb0073422000830140007003610036
:1050900044b3de00864978000208a3000400320011
:1050a000524220000201400063c960000c0037003a
:1050b00052422000020140000049eb00a2422000c1
:1050c000020140008180fb008101d10067c96100bd
:1050d0009242200002014000c508de00014978002c
:1050e000514220008100400091407800e1cf500003
:1050f0000c003a0091422000810040003242200022
:10510000020140001281fb004511de008248780058
:105110004142200081004000c2cfb30082487800a5
:10512000290037004242200002014000c3cfb300f3
:1051300003497800e3cf500023003a0031422000b9
:1051400081004000914078000144a10042422000cb
:10515000020140000149780032c4b30082cf500000
:105160001900320008003e00efcf50001600320058
:10517000f2c2b30082cf500013003200e3cf5000e0
:105180000e003a001000370072c8b30082cf500002
:105190000d00320004003e0032c6b30082cf500042
:1051a00006003a0008003700f2cab30082cf500070
:1051b00005003200fdcf400003003200e142200034
:1051c000810040001150a1005142200081004000a8
:1051d0001104e0000500320041422000810040003f
:1051e00037c0b30091cf130008003a00614220009d
:1051f000810040007a4d90008a487800e14220000a
:10520000810040001160a0000600370061422000cc
:10521000810040008048eb00e14220008100400016
:105220001160a100e1422000810040001170a10046
:105230008000eb00b341200083014000611bb800f7
:10524000f6b79f0087bf9f00670444006143b80022
:10525000d6b79f00e7b79f005341200003014000ed
:105260006113b800b6b79f00c7b79f0009ceb3005f
:10527000f8c3b300ea4220000a0540008d0578001b
:105280000401be000c0278000206be006109b900ec
:10529000820246009582fb008502d100ffb3970091
:1052a00002834300054b78005fb797000e0341006f
:1052b0001683fb000603d100864378003fb79700b2
:1052c0000e0141000649780085c2440088cf520093
:1052d000010036001a70a00089c3430088cf530034
:1052e000010036001a70a0008100e800e68f50002f
:1052f000e6ff3a00040678008b0678001142200091
:10530000810040001d81fb000201d100ef486100d7
:1053100021422000810040001c81fb000201d100dd
:10532000ef4861001d04e00005003d0081422000bf
:105330000100400011c0b3000148780003003700ad
:1053400081422000010040000048eb004f07780038
:105350004f06be004f05be004f04be00ef00b10077
:1053600000000600889fbe00010378000001eb00ea
:1053700018002000670040008000eb008003eb0075
:10538000820478006112b900800142009381fb0021
:105390008301d1000602420094cf110001003200c7
:1053a000090478000201e800e60f5100f5ff3a0019
:1053b000080078004f04be0000000600889fbe0071
:1053c0008a9fbe00010478000001eb001a00200053
:1053d0006e0040008000eb008004eb008205780046
:1053e0006112b9000403420085834a008001430032
:1053f0009301d1000802420094cf11000100320055
:105400000b0578000201e800e60f5100f4ff3a00b6
:105410000a0078004f05be004f04be0000000600e1
:10542000ec874700889fbe008a1f78008e1f780097
:105430000105780072875700a2ac8200b3ac8200ed
:10544000029fbe00c2ac8200d3ac8200029fbe00ad
:10545000c1592500114f7800180020000001eb0011
:10546000f2815700611bb800750040008000eb001e
:10547000820478006112b9008601420000024200f5
:105480009341780094cf5100010032000904780064
:105490000201e800e90f5100f6ff3a00e10f540065
:1054a00002003a004a0fb0001a20a0004f0778000f
:1054b0004f0578004f04be00cf00b1000000060089
:1054c000889fbe008a1f78000004be000205780095
:1054d000e142200081004400000220001100600031
:1054e00021003200404220000000440031c0b300df
:1054f00090cf10001c003a00514120008100440070
:105500006c8044006200200088d702000100000087
:105510000000e00014003a00600320000900400091
:1055200010c0a0004a0fb0001a30a0000000eb002d
:105530006c8344008003eb005441200004024400cb
:105540008002eb006101b9008600410004014100c6
:10555000924878000000e800e60f5000f9ff3a009a
:10556000f2844400804ceb004f0578004f04be00ed
:105570000000060082017800d242200002014000b3
:105580001282fb008002eb0061025200e0825a00ae
:10559000ed0f5200e08f5a0096003e000406010015
:1055a0000d00370012003700170037001d003700cc
:1055b000900037007a003700240037004800370099
:1055c000590037002d00370054003700890037009c
:1055d0004600370026003700e102b00011027800d3
:1055e000404190000281fb0082087800860037006d
:1055f0008102b00011027800404190000281fb005e
:105600008208780080003700a102b0001102780003
:1056100040409000a2c0b3000440bc008208780063
:1056200079003700011a900040409000a2c0b300fa
:105630000440bc00609f2000800f51000100360034
:1056400000017800821898006f00370040409000f9
:105650000080fb00f0089800200f200003004000ad
:105660001070a000430fb0001340a0006a00370084
:10567000230fb00013a0a000670037004041900046
:10568000c240980050429000d4409800e042900000
:10569000e540980070419000f2409800004a900068
:1056a00084489800904a90009548980020499000be
:1056b000a2489800304a9000b4489800100090002a
:1056c000e80f500054003a0050a52a00e0a19800cd
:1056d000430fb00093027800f88972004e00370043
:1056e000230fb00013d0a0004b00370040419000c2
:1056f00070c3b300804f510047003a006103b0000f
:1057000011d0a000200f2000030040001090a00046
:10571000430fb0001340a0003f003700230fb0003c
:1057200013e0a0003c003700100190000200e000f0
:10573000390034004041900074cab300844f5100d6
:1057400005003200f04f41000e0032000204e0007c
:10575000040032002a003700630fb0001300a000dd
:105760002d00370063289000f32890004309b00013
:105770000082eb008082eb00841940008591480094
:10578000250037000102b00011027800504090005f
:10579000c2c3b3000440bc00820878001a0037007e
:1057a000404190006f016100a2109800ef0f51007e
:1057b0000d003200404090000048a3000400320079
:1057c000200f2000030040001070a00003003700ed
:1057d000200f2000030040001090a000430fb000f5
:1057e0001340a0000c0037004102b0008008eb001d
:1057f000090037000001eb000202780002003700c8
:105800000001eb0002027800820f52000200320019
:10581000430fb0001330a000000006004027ef0047
:10582000230f200080814100930278000500a10031
:105830006033b800662098007720980046209800d2
:1058400057209800062898001728980026289800c6
:10585000372898004628980057289800662898000e
:105860007728980006809800178098002680980076
:1058700037809800468098005780980066389800d6
:105880007738980046389800573898004690980026
:105890005790980066909800779098000698980026
:1058a000179898002698980037989800420f200083
:1058b00000014100120278000420a1002690980007
:1058c000379098008000eb00060d20000003430095
:1058d000010b7800260d200000034300010b780027
:1058e000260e200000034300010b7800460e200026
:1058f00000034300010b7800e60c20000003430086
:10590000010b7800f13f200031b098006033b800ff
:10591000669898007798980006a0980017a09800bd
:10592000a1472e0081896200a100260001096200c2
:1059300046a0980057a09800600fb00091ff2f007c
:1059400010886000000006000a00fa00889fbe0070
:105950008a9fbe008c9fbe008004780001067800fc
:1059600002057800830678008006200009004000c8
:105970001200200003002000100841005090490050
:105980000900780094e1020001000000200f2000cf
:105990000900400010f0a000f9a09000400620008f
:1059a000808f500003003600200f200009004000c7
:1059b00010f0a10069289000f92890000982900059
:1059c00099829000040250008582580002e82e005f
:1059d00063032000820f5200838f5a0003003600b9
:1059e000220f20000901410012f0a100298290003d
:1059f000b9829000040250008582580002f8240009
:105a000023012000820f5200838f5a0003003600ca
:105a1000220f20000901410012f0a10049829000ec
:105a2000d9829000040250008582580002e82e00be
:105a300063032000820f5200838f5a000300360058
:105a4000220f20000901410012f0a10002402a00ab
:105a500093ad2700820f5000838f58000b00360053
:105a6000140eab0009003a002d0892000000e0007f
:105a700006003a0019b890000008a30003003a009d
:105a8000200f20000900400010f0a10029b890006c
:105a90000008a3000a00320069299000f92990004b
:105aa00029889000b9889000800f5100818f59009b
:105ab00003003900200f20000900400010f0a10071
:105ac00029b890000000e0000a003d00692990001c
:105ad000f929900049889000d9889000800f5100e2
:105ae000818f590003003900200f20000900400079
:105af00010f0a10019b890000000e00001003d0086
:105b00000060fe008001eb00d3b79f0083027800a5
:105b100005027800e8814400020120001100200005
:105b200076805700da86020001000000082020007d
:105b3000f6054500060037000a0078001e770200cf
:105b4000010000000000e000010035002011880085
:105b5000141180000400640002003a001b00e00001
:105b6000f5ff3c004a1090000058a30006003200e8
:105b7000800220000a0040001050a100200e2000ea
:105b8000090040001008e80069299000f9299000f8
:105b900049a09000d9a09000820f5000838f580038
:105ba00003003e00200f2000090040001040a1002b
:105bb000f40f2000050020004903900085007800c4
:105bc000040063004c1290008002eb00840f500030
:105bd000858f580004003600200f20000900400087
:105be0001050a00003003700200f200009004000e3
:105bf0001050a10019b89000e6006000e28f50003c
:105c0000070032000038a30005003a00c9a8900040
:105c1000e38f500010003400128eab000e003200f3
:105c20001c1a9000c1072000898040000203420036
:105c3000e08349008688be000008a30002003a0005
:105c4000a2849800b3849800200f2000090040002f
:105c50001000a00013003700693a9000f93a900054
:105c6000840f5100858f59000e0039000008a300f1
:105c700009003200c00a2000090040003002410043
:105c8000a08249000401be0029829000b9829000e0
:105c90000418510005905900200f20000900400011
:105ca0001000a10029b8900000c8a3002400320011
:105cb000410f2000898040001100780000c0a10041
:105cc0008008780000e8a30004003200400f2000a4
:105cd0000900400010e0a100190037000028a300cf
:105ce00017003200f6ac820007ad8200e6b79f00d5
:105cf000f7b79f0017ad820087bf9f0062002000aa
:105d0000f48057000900780088d7020001000000e5
:105d10000000e0000a003200e9409000ef806000df
:105d2000803e20008088b90080bc98000000e00020
:105d300003003200400f20000900400010d0a000f6
:105d400019b8900000a8a3003c003200200f2000ea
:105d50000900400010a0a10064044600080078007b
:105d6000b6bb020001000000984078007480570024
:105d7000367402000100000000047800dc4090004e
:105d800074815700080041003674020001000000d1
:105d900008044000ec409000f48157000880410066
:105da000367402000100000000044400fc40900032
:105db000748257000800420036740200010000009f
:105dc000000444008c489000f48257000880420090
:105dd0003674020001000000000444009c4890005a
:105de000748357000800430036740200010000006d
:105df00000044400ac489000f4835700088043003e
:105e0000367402000100000000044400bc48900009
:105e10007481570008004100367402000100000040
:105e200000024400f48157000041eb00e1c0b300e0
:105e30000a007800de8c02000100000019b8900012
:105e400000c8a30020003a000c119000803e200002
:105e50000091b90069809000f98090000201400033
:105e60008381480069989000f9989000800f510054
:105e7000818f590014003100692a9000f92a90009e
:105e800000712200010020000402400085824800c9
:105e9000f2ff2300030020004903900083007800f4
:105ea000020063000400400085804800808c980058
:105eb000918c9800e0849800f1849800200f2000d5
:105ec0000900400010c0a000098990009989900045
:105ed00069289000f9289000800f5100818f5900a7
:105ee0001e003e0019b8900000c8a3001b0032003d
:105ef000200f2000090040009000780001c0a100a0
:105f000001b0a000010878000c1090000000e00033
:105f100003003a00200f20000900400010b0a1004b
:105f20003c18900000c8a30003003a00200f200096
:105f30000900400010b0a10019b8900000b8a300fb
:105f400006003200600f2000090040001020a00071
:105f5000400f2000090040001040a0006928900078
:105f6000f928900069899000f9899000820f50000b
:105f7000838f580001003900158ea90029b99000bf
:105f80000218a3000200320015aea8000b00370073
:105f90004a1190000248a3000200320015aea8008a
:105fa000060037000991900099919000820f5000ef
:105fb000838f58000100390015aea9002d0892000a
:105fc0000000e00003003c007a0090000000e000c8
:105fd0000200340014eea8000100370014eea900fe
:105fe00019b890000008a30003003a0039b89000e7
:105ff0000018a3000200320015cea80001003700ef
:1060000015cea90019a8900089a89000810f500012
:106010000100320080ac980079b4900049a890004b
:1060200042b8020001000000800f54000500320059
:10603000200f2000090040001080a000490fb00090
:106040001940a0004f06be004f05be004f04be0021
:106050000080fa0000000600e6874700889fbe0027
:106060008a9fbe008c9fbe008e1f78009601800024
:106070000002be0004f0a1006403b0000402d000de
:106080004240af008502e8000500b0004220ae00ab
:106090004200a8000482d3008501780003d0fe00ee
:1060a000040178009202780006d0fe000500a000ee
:1060b000a4018000a301880005097800a4018800dc
:1060c0000001be0002f0a1000203b0000201d000f6
:1060d0004240af008301e8000300b0004220ae0060
:1060e0004200a8000281d300a4018000830278004e
:1060f000a50188008001eb0003097800a401880055
:106100000001be0002f0a1002203b0000201d00095
:106110004240af008301e8000300b0004220ae001f
:106120004200a8000281d300a4018000830278000d
:10613000a5018800833e200003097800a40188009f
:10614000940180000001be0002f0a1004203b000f3
:106150000201d0004240af008301e8000300b0001c
:106160004220ae004200a8000281d30083027800e2
:1061700005d0fe001201780004d0fe000200e0000d
:10618000a00034000002be0004f0a1008401b000b1
:106190000402d0004240af008502e8000500b000d4
:1061a0004220ae004200a8000482d3000003be00db
:1061b00006f0a100c600b0000603d0004240af00c8
:1061c0008703e8000700b0004220ae004200a800ac
:1061d0000683d3000201e900cf91de0002f0a100a6
:1061e0006d014100e08149000201410083814900c5
:1061f000828fd2008381d20002f0a1000005d0007e
:106200008205d0000b0445004220a800838448008a
:106210004200a9004220ae004200a8000884d3003a
:10622000f8b79f0089bf9f000c0120000001be004d
:1062300002f0a1000203b0000201d0004240af0012
:106240008301e8000300b0004220ae004200a80035
:106250000281d300030578008204780000f0a100d9
:106260002003b0000000d0004240af008100e800f1
:106270000100b0004220ae004200a8000080d30020
:10628000010478008005eb00a1018000a5018800d1
:106290000c0a7800a10188009201800007d0fe005e
:1062a0009600780002d0fe000100e00010003500ea
:1062b0009301800005d0fe001401780003d0fe0099
:1062c000818040000201e9000100e000fcff3d0088
:1062d000a3018000a5018800020a7800a3018800bc
:1062e000a2018000a7018800010b7800a2018800ac
:1062f0009301800005d0fe001401780003d0fe0059
:106300009d0180000ad0fe00990178000dd0fe00aa
:10631000830f510004003400a3018000aa0188000b
:10632000820c7800a30188009d01800008d0fe0047
:10633000900178000dd0fe00830f510004003d0055
:10634000a3018000a801880002087800a30188004a
:10635000700111008208de00a3018000a7018800ff
:10636000010b7800a30188000401be0002f0a10027
:106370008201b1000201d0004240af008301e90078
:106380000300b0004220ae004200a8000281d3000a
:10639000a101800083067800ad0188000b09780018
:1063a000a101880004f0a1002400b0000402d00084
:1063b0004240af008502e8000500b0004220ae0078
:1063c0004200a8000482d30006f0a1002600b0001d
:1063d0000603d0004240af008703e8000700b0008a
:1063e0004220ae004200a8000683d300ffb0970011
:1063f000810f5200a4ff3a000fb99700828f52001c
:10640000a1ff3a004f0778004f06be004f05be00bf
:106410004f04be006f00b10000000600f487470083
:10642000889fbe008a9fbe008c9fbe008e1f780092
:1064300080b79f0081bf9f00c2b79f000404be00c9
:10644000920180000400be0000f0a1006003b000d3
:106450000000d0004240af008100e8000100b00021
:106460004220ae004200a8000080d30081017800e5
:1064700003d0fe001000780002d0fe000008a30048
:1064800002003a000400be00f3fe07008fb297003e
:10649000150078004fb397000600e0008f003c0025
:1064a0000000eb0087003700ffb397000b002800c7
:1064b0008b846300efb097008100e800e1b79f0094
:1064c000f08f50000300320087834300f7b79f002e
:1064d0000a0037001fb197000201e80092b79f0041
:1064e0008200d0008fb19700838040009100780037
:1064f000f1b79f008002eb00e5b79f00920180009a
:106500000ed0fe009c00780002d0fe000100e000ea
:106510005d0034002fb19700bfb197008002eb00ff
:106520009801800003d0fe009203780008d0fe009e
:106530008703d100a8018000a30188000709780023
:10654000a80188000900e0001400320091018000d9
:106550000205be000af0a100ca00b0000a05d00082
:106560004240af008b05e8000b00b0004220ae00b7
:106570004200a8000a85d3000b03780006d0fe0075
:106580001a03780001d0fe0086836b00a101800011
:10659000a301880007097800a10188008d00d000c0
:1065a0008fbb9700878040001104780008044400e6
:1065b000880878009a0180000203be0006f0a1005e
:1065c0004602b0000603d0004240af008703e80057
:1065d0000700b0004220ae004200a8000683d300ae
:1065e000870578000bd0fe00160378000ad0fe0065
:1065f0000600e000080032009701800003d0fe0092
:106600001203780007d0fe00610363000600a200b9
:1066100086087400060037009701800003d0fe0052
:106620001203780007d0fe0061036300860874003f
:106630000000e8000402e800f00f520002003a00f7
:106640008d06e8000002eb008502e80002f0a100e0
:106650002200b0000201d0004240af008301e800f8
:106660000300b0004220ae004200a8000281d30027
:10667000960180000ed0fe009c00780006d0fe003f
:10668000858f5000a6ff3c005fb197000201e80033
:10669000d2b79f00cfb19700830f510082ff3a001d
:1066a0000400e000070034008d00d0008fba97008e
:1066b0008580400070021200110178000411dd0095
:1066c000820878004f0778004f06be004f05be00d5
:1066d0004f04be004f01b100000006000100280079
:1066e0008100600000004000f0b79f000000eb0058
:1066f0000002780080067800d0b79f0016002000c6
:10670000e6b79f0090b79f000801be0002f0a1000d
:106710004203b0000201d0004240af008301e80014
:106720000300b0004220ae004200a8000281d30066
:1067300003077800a8b79f00b9b79f0081047800cd
:10674000020678006dff3700020040008380480099
:10675000f217250013002000820f5000838f58008d
:106760000700340004e82a00e5ff2f000000420083
:1067700081804a00820f5000838f5800fbff3c004d
:1067800000000600f217250013002000820f5000c1
:10679000838f58000700340004e82a00e5ff2f002b
:1067a0000000420081804a00820f5000838f580011
:1067b000fbff3c00e00f5000e08f580005003d005b
:1067c00002182500130020000000410081804900cc
:1067d000fdff3300f2452500820f5000e08f580086
:1067e00012003c004b0add004501de000201720090
:1067f000c589de000200410083804900c2fc2800f8
:1068000013102000000141008181490091018000a6
:1068100002f0a4008381d20003d0fe0012017800b0
:1068200001d0fe000200780048003700f28b2a00f9
:10683000820f5000e08f580015003c00028c2a00a7
:106840000300200000005100818059004b0add0048
:106850004501de0002017200c589de00020141002f
:1068600083814900c0fc2800111020000200400074
:10687000838048009301800000f0a4008180d20052
:1068800001d0fe001000780003d0fe002f0037007a
:10689000f2d12f00820f5000e08f580016003c000c
:1068a00002742500f3ff2f000000410081804900a1
:1068b0004b0add004501de0002017200c589de00e1
:1068c0000201410083814900c0fc28001110200012
:1068d00002004000838048009301800000f0a40083
:1068e0008180d20001d0fe001000780003d0fe00ad
:1068f0000000ea00150037000218250013002000f0
:1069000000005100818059004b0add004501de0086
:1069100002017200c589de00020141008381490045
:10692000c0fc2800111020000200400083804800b5
:106930009301800000f0a4008180d20001d0fe000d
:106940001000780003d0fe000000ea0000000600fe
:10695000024625000300200000004100818049001c
:10696000f217250013002000820f5000838f58007b
:106970000700340004e82a00e5ff2f000000420071
:1069800081804a00820f5000838f5800fbff3c003b
:10699000e00f5000e08f580005003d000218250070
:1069a000130020000000410081804900fdff3300fa
:1069b000f2452500820f5000e08f580012003c0085
:1069c0004b0add004501de0002017200c589de00d0
:1069d0000200410083804900c2fc280013102000ff
:1069e00000014100818149009101800002f0a40072
:1069f0008381d20003d0fe001201780001d0fe0096
:106a00000200780048003700f28b2a00820f500005
:106a1000e08f580015003c00028c2a000300200083
:106a200000005100818059004b0add004501de0065
:106a300002017200c589de00020141008381490024
:106a4000c0fc280011102000020040008380480094
:106a50009301800000f0a4008180d20001d0fe00ec
:106a60001000780003d0fe002f003700f2d12f0075
:106a7000820f5000e08f580016003c000274250081
:106a8000f3ff2f0000004100818049004b0add0028
:106a90004501de0002017200c589de0002014100ed
:106aa00083814900c0fc2800111020000200400032
:106ab000838048009301800000f0a4008180d20010
:106ac00001d0fe001000780003d0fe000000ea00b4
:106ad00015003700021825001300200000005100a7
:106ae000818059004b0add004501de000201720081
:106af000c589de000201410083814900c0fc2800f5
:106b000011102000020040008380480093018000a3
:106b100000f0a4008180d20001d0fe0010007800b7
:106b200003d0fe000000ea00000006004400a900b7
:106b30001201c30000027800810278001201c00037
:106b40000400cd0004007800000006004400a90005
:106b5000300190001201c300020278009002900000
:106b60001201c00040039000a00390001201c60073
:106b700050029000900278001201c0000400cd0085
:106b800084007800420098005100980001007800cd
:106b900000000600889fbe008a1f78004400a900fc
:106ba000d00490006c04400018057800700140008b
:106bb000920178001201c30009027800a00290003f
:106bc0001201c0000a037800b00390001201c60051
:106bd00070029000c00290001201c400030278000d
:106be000900278001201c000100b900090039000fa
:106bf0001201c6000400cd00840078007a009800dd
:106c0000090c780013089800010978000100780049
:106c10004f0578004f04be00000006000400fa0093
:106c2000889fbe008a9fbe008c1f78008103780079
:106c30008205780094bf9f00a5bf9f0003067800df
:106c4000860478004400a8008700d000008040003f
:106c5000000478001fbd97008c00780007017800c1
:106c6000ca05c3000201e90004003b008b01780063
:106c7000028141008301d00003044400ca05c00022
:106c80008100e900f7ff3a00090378000600c80018
:106c90000100cd00010078004f0678004f05be00ce
:106ca0004f04be000080fa00000006000400fa0055
:106cb000889fbe008a9fbe008c1f780081037800e9
:106cc0008205780094bf9f00a5bf9f00030678004f
:106cd000860478004400a8008700d00000804000af
:106ce000000478001fbd97008c0078000701780031
:106cf000c605c3000201e90004003b008b017800d7
:106d0000028141008301d00003044400c605c00095
:106d10008100e900f7ff3a00090378000600c80087
:106d20000100cd00010078004f0678004f05be003d
:106d30004f04be000080fa00000006000400fa00c4
:106d4000889fbe008a9fbe008c1f78008103780058
:106d50008205780094bf9f00a5bf9f00860478003d
:106d60008381d1004400a8000706d0000006460039
:106d70000300e8000c0478001fbd97008000780035
:106d8000070178008a05c3000281e90004003b0086
:106d90008b017800028141008301d000030444008c
:106da0008a05c0008100e900f7ff3a000903780076
:106db0000600c8000100cd00010078004f067800f1
:106dc0004f05be004f04be000080fa000000060020
:020000040000fa
:020000040003f7
:106dd000881f78001e2eef001a2eef001c2eef00e9
:106de000142eef00d0ff2f0080708800142ea90011
:106df0004006200001002000b0dc0200010000007d
:106e000000302800120eb6000004eb000c003a001f
:106e1000142ea8004006200001002000b0dc020073
:106e200001000000003028009270800082006000a5
:106e300018002000808f5000010032000004eb0099
:106e4000142eef00f0ef2f0080708800150ea900bf
:106e50004006200001002000b0dc0200010000001c
:106e600000302000120eb6000b003a00150ea800ec
:106e70004006200001002000b0dc020001000000fc
:106e8000003020009270800082006000808f5000ef
:106e900001003a000810a000142eef00f0ef2f00c0
:106ea00080708800150ea900400620000100200017
:106eb000b0dc02000100000000302400120eb60019
:106ec0000b003a00150ea80040062000010020002b
:106ed000b0dc02000100000000302400927080004d
:106ee00082006000808f500001003a000820a0005e
:106ef000142eef00f0ef2f0080708800150ea9000f
:106f00004006200001002000b0dc0200010000006b
:106f100000302100120eb6000b003a00150ea8003a
:106f20004006200001002000b0dc0200010000004b
:106f3000003021009270800082006000808f50003d
:106f400001003a000830a000e40f54000b003200aa
:106f500005003c00e10f54000c003200e30f540028
:106f60000b003a0009003700e60f5400030032001e
:106f7000ea0f540006003a000200370038002000f3
:106f800003003700480020000100370018002000ef
:106f9000080078004f0478000000060041a9900026
:106fa000e10f51002400340071b190006f016100c5
:106fb000cf91de000202410083824900a2022e002e
:106fc00013102000040141008581490091018000d7
:106fd00002f0a4008381d20003d0fe0012017800e9
:106fe00001d0fe0072089800310f2000810f51007f
:106ff00023003a00201190006f016100cf91de0064
:107000000202410083824900a2022e0013102000d8
:1070100004014100858149009101800002f0a40033
:107020008381d20003d0fe001201780001d0fe005f
:107030007208980012003700f1b09000e28f500003
:107040000a003200e38f50000b003200e18f500045
:10705000030032007e0040000008eb00080037000b
:10706000010b200071089800050037002100200066
:107070007108980002003700110f20007108980075
:107080000000060080007800907080004300de0061
:1070900061006000124eaf000010a000122eaf0081
:1070a0000020a000120ee20001003d000030a00010
:1070b000e18f50000700320003003c000100e000b7
:1070c0000800320008003700e48f500006003c0042
:1070d0000200370063006000030037006f006000ab
:1070e000010037000000eb00000006000002fa007b
:1070f0000003780000e02f0000804700412f2500aa
:107100007f0009003118780002f02f00028147004b
:10711000401f25007f000900301978002023ef0070
:107120002143a800f1cf2f00023220001289600015
:10713000000e20002023b7002083a9002223ef00a7
:107140002423ef0025e3a80000f021002423b7004a
:107150003223ef002623ef001100200041198800a0
:107160002e23ef003023ef000e2ea80021e3a8000d
:107170002023a8002003ab00feff3200011880008e
:10718000311398002023ef00ff8f500020003600bd
:10719000c508de00f107b2006609900003e1200097
:1071a000830f51000d0034008100d0000120b10098
:1071b000ef8078000182400003b024001100090034
:1071c0008201d80000017800110009000282d80075
:1071d0008000fd00310b98001a0037008100d000bc
:1071e0000110b1006f827800e322b90001e12000b4
:1071f000110009008200d800000178001100090088
:107200000282d8008000fd00310b98000d0037008d
:10721000e6089000b24721000289b9004399de00d8
:10722000cf88de00f6119000010151008391b90072
:107230000200e00001003d006f0141004491de00ca
:10724000320b9800b60890000100e00002003c00fc
:1072500011002000310b9800e608900026099000ec
:10726000110009008200d8008000fd00e38f50006b
:107270000f003a00b60a9000320020001100090009
:107280008202d800010178000200e000080032000c
:10729000320020008502e800110009008202d800b7
:1072a000810178000300e000faff3a00350b9800f6
:1072b0000080fa000000060066014000920078009d
:1072c0008101d100030978000108a3000400320005
:1072d000900090008100d1006600400003886800a3
:1072e0000000060020009000000006000080400022
:1072f000680040001080fb00000006000080400095
:10730000704092000080fb000000060000804000fa
:107310007020b0001080fb00000006000000e000bc
:107320001a0032000100e0001800320000004100a5
:10733000704092000080fb0081004100f14092000b
:107340008180fb0080804000220390000682e900db
:10735000848f500009003600e10213008580400050
:107360000603e90001003700800078000580400036
:1073700080014300830f5200fbff39008100410070
:10738000e88040001180fb00010037000000eb00a6
:1073900000000600ea874700889fbe008a9fbe0063
:1073a0008c9fbe008e1f780001057800000d7800cc
:1073b0001100200021059800120598006102b90013
:1073c000e00f5200e08f5a0009003400aa0090003c
:1073d0006011b8008180400061014100e0814900f6
:1073e000840f5100858f5900faff35002105980060
:1073f00010002000300598002a0490000884e9005d
:107400006146b9000007eb00e00f5600e08f5e0018
:107410001c00350061065600e0865e00e60545006a
:10742000690045006101b800f2b79f0083bf9f006b
:107430000a007800a0ff07001b007800ffb197004a
:10744000830046008048780080004500f8409a009c
:10745000e10f500005003a0061004600e0804e0058
:107460004240a900010034000e07e8006106560002
:10747000e0865e000844e90061004600e0804e00be
:10748000ebff3b000040eb00711020008a804000c1
:1074900080487800712020008a8040008048780071
:1074a0002a0090008005eb001c0020000d00200049
:1074b000e10f500015003c001f003700610444003c
:1074c000e0844c000a017800880078000c00780005
:1074d00092ff0700e10f5000f8ff3a00ffb097005d
:1074e000018045000848780061064600e0864e00ad
:1074f0008b05e8005fb19700efb197008c0f51004a
:107500008d8f590009003c000b00370081202000be
:107510008a8040006109b800f2b79f0083bf9f00d6
:107520006101b900d2b79f00e3b79f0018002000a7
:1075300009002000e3ff37000e0078004f077800b5
:107540004f06be004f05be004f04be00af00b100a5
:1075500000000600e68747008e1f78006687570008
:10756000001f7800010f78000080eb000100e000b0
:10757000200032000000eb00dfb897000100e000bf
:107580001c003200dfb997000300410070409200f8
:107590000080fb00d0bf9f00668757005e0041005f
:1075a000704092000080fb00000f7800dfb8970069
:1075b00000805000d0bf9f00dfb997000300e000bb
:1075c00008003d00a2009000dfb997000380400052
:1075d0000000e900d0bf9f005fb897000000e00006
:1075e000f9ff3500dfb89700010141006801410053
:1075f0001280fb004f0778006f00b100000006000a
:107600000e00fa00889fbe008a9fbe008c9fbe00bd
:1076100020079800820478004307980084067800c9
:107620000f0f78000100e90003017800020040001c
:1076300010079800000178000200d0000080e800e8
:10764000808747001e0678000200e0000b00320031
:107650000000eb006162b800800178000403be0006
:10766000820278000001d000060141000309780081
:107670000000e800808f5200faff3e0031079800ba
:107680000005eb000100e0001a003a00200037007e
:107690008a05d0002e00900080854500690798007b
:1076a0008a0444000800d000ee0090000100400071
:1076b0000d017800900078001b00780017ff07008c
:1076c0008904d0008c844400990c68000804e80008
:1076d0005e019000820f5400f1ff3900ee0490002b
:1076e0000a05e8003e009000800f550003003900b5
:1076f00007003700ce009000510798000004eb000f
:107700004e0190000200e000e1ff3a00f4ff370074
:107710001e0090000000e0000d0032000000eb00b1
:107720008006eb001e029000ae0290006101b800de
:107730000201410083814900828042000c01410026
:10774000920878000000e800800f5200f7ff3e002a
:107750001e0090009e0778004f06be004f05be0039
:107760004f04be000080fa00000006001110200047
:10777000a1028800010026008180e8009101ba0082
:10778000c819de0000017800035978009181ba0021
:10779000034978008180e8001101ba002240980076
:1077a0001101ba004811de00324098001181ba0080
:1077b000424098008180e8001101ba0052409800d0
:1077c0001101ba004811de00624098009180ba00b1
:1077d0007140980000000600f10f2000a10288000f
:1077e0008000eb009100ba00011878002100200011
:1077f0001108ba0000000600889fbe008a1f7800aa
:1078000013102000a302880005002600b6aa2a0053
:10781000060bb8008701d10003824100e31bb900c9
:10782000868050008001eb001a0020003900200003
:10783000030478002700200020003700e18f50006b
:107840000d00320005003900e28f500012003200b6
:10785000e38f5000f9ff3a0016003700050342009d
:107860001603ba0083004000864878008301e800d0
:107870008a00780011003700050342001603ba00a1
:10788000830040004833de00864878008301e8002a
:107890008700780009003700050342001683ba000c
:1078a00083004000864878008301e8008900780062
:1078b000020037000482e80088007800830f51003e
:1078c000deff3e004f0578004f04be0000000600ba
:1078d00011102000a102880001802f000600260060
:1078e000010363008000eb0005802000068140005a
:1078f0001202ba008101d000808141008409780021
:107900001281ba008101e8008301d000808141002a
:10791000820978008180e800858f5000f3ff3a00eb
:1079200000000600101020006039880000802f0041
:1079300001002600008160005239880030002400d8
:10794000403988000600fc0050052000703988008e
:10795000a00a20007039880029e7a8000000000074
:10796000000000002807e200feff350000000600ce
:10797000a20f2000a2028800000178008001eb0025
:10798000b209bb009289bb0022002000a001900038
:107990000309bb00300090000089bb0010102000dc
:1079a00060398800000026008100400051398800bd
:1079b00010002400403988000600fc00500520001b
:1079c00070398800a00a20007039880029e7a800d3
:1079d00000000000000000002807e200feff350064
:1079e00000000600889fbe008a1f7800800478008f
:1079f0000004eb000a8020000800d00009004000cd
:107a000088007800daff0700640444008a0f5400fd
:107a1000f9ff3a004f0578004f04be000000060051
:107a2000e6874700889fbe008a9fbe008c9fbe00ed
:107a30008e1f7800800478008105780002047800a9
:107a4000030578000a007800a1ff0700b0aa2a0009
:107a50000058b8008100d100e308b90080855500c6
:107a60000000eb00fe0f2000270020003600200061
:107a7000800278001400200031003700e18f5500ab
:107a80001100320003003c000b00e0000600320051
:107a90002b003700e28f550016003200e38f5500af
:107aa00027003a00240037004209dd000a014100a6
:107ab000808144009381fb00030978000000e80006
:107ac000840578001e0037004209dd000a014100ec
:107ad0009201670003097800808544009b85fb00c4
:107ae000c85ddd00038975000000e80087057800a7
:107af000130037006109b900f2b79f0083bf9f00f0
:107b00000206be004269dd00ce61de008301710025
:107b10004261dd0062014100e0814900020145004f
:107b2000808144009381fb00030978000000e80095
:107b300086057800020037008100e800850578009e
:107b4000880f5000cdff3900018020000a00780026
:107b50003ec50200010000000004be0071ff0700e6
:107b60000a0078009fff07000a00780058ff07000e
:107b7000018020000a0078003ec5020001000000dc
:107b800000006c0081806c000080700000f0a70095
:107b90000000ea000000ea004f00de004f07780016
:107ba0004f06be004f05be004f04be006f00b1007f
:047bb00000000600cb
:020000040000fa
:020000040003f7
:107bb40000000000e0fc000044fd00007efd000029
:107bc400a8fd0000c8fd0000e2fd0000f9fd000072
:107bd4000cfe00001dfe00002cfe00003afe00001a
:107be40046fe000052fe00005dfe000067fe00003d
:107bf40070fe000079fe000081fe000089fe000096
:107c040090fe000097fe00009efe0000a4fe00000f
:107c1400aafe0000b0fe0000b6fe0000bbfe00009d
:107c2400c1fe0000c6fe0000cbfe0000cffe000037
:107c3400d4fe0000d8fe0000ddfe0000e1fe0000de
:107c4400e5fe0000e9fe0000edfe0000f1fe00008c
:107c5400f4fe0000f8fe0000fbfe0000fffe000042
:107c640002ff000005ff000008ff00000bff0000fa
:107c74000eff000011ff000014ff000017ff0000ba
:107c84001aff00001dff00001fff000022ff00007c
:107c940025ff000027ff00002aff00002cff000042
:107ca4002fff000031ff000033ff000036ff00000b
:107cb40038ff00003aff00003cff00003fff0000d7
:107cc40041ff000043ff000045ff000047ff0000a4
:107cd40049ff00004bff00004dff00004fff000074
:107ce40051ff000053ff000055ff000056ff000045
:107cf40058ff00005aff00005cff00005eff000018
:107d04005fff000061ff000063ff000064ff0000ec
:107d140066ff000068ff000069ff00006bff0000c1
:107d24006cff00006eff00006fff000071ff000099
:107d340072ff000074ff000075ff000077ff000071
:107d440078ff00007aff00007bff00007dff000049
:107d54007eff00007fff000081ff000082ff000023
:107d640083ff000085ff000086ff000087ff0000fe
:107d740089ff00008aff00008bff00008dff0000d8
:107d84008eff00008fff000090ff000091ff0000b5
:107d940093ff000094ff000095ff000096ff000091
:107da40097ff000099ff00009aff00009bff00006e
:107db4009cff00009dff00009eff00009fff00004d
:107dc400a0ff0000a2ff0000a3ff0000a4ff00002a
:107dd400a5ff0000a6ff0000a7ff0000a8ff000009
:107de400a9ff0000aaff0000abff0000acff0000e9
:107df400adff0000aeff0000afff0000b0ff0000c9
:107e0400b1ff0000b2ff0000b3ff0000b4ff0000a8
:107e1400b5ff0000b6ff0000b7ff0000b8ff000088
:107e2400b9ff0000b9ff0000baff0000bbff00006b
:107e3400bcff0000bdff0000beff0000bfff00004c
:107e4400c0ff0000c1ff0000c2ff0000c2ff00002d
:107e5400c3ff0000c4ff0000c5ff0000c6ff000010
:107e6400c7ff0000c7ff0000c8ff0000c9ff0000f3
:107e7400caff0000cbff0000ccff0000ccff0000d5
:107e8400cdff0000ceff0000cfff0000d0ff0000b8
:107e9400d0ff0000d1ff0000d2ff0000d3ff00009c
:107ea400d3ff0000d4ff0000d5ff0000d6ff000080
:107eb400d6ff0000d7ff0000d8ff0000d9ff000064
:107ec400d9ff0000daff0000dbff0000dcff000048
:107ed400dcff0000ddff0000deff0000dfff00002c
:107ee400dfff0000e0ff0000e1ff0000e1ff000011
:107ef400e2ff0000e3ff0000e3ff0000e4ff0000f6
:107f0400e5ff0000e5ff0000e6ff0000e7ff0000da
:107f1400e7ff0000e8ff0000e9ff0000e9ff0000c0
:107f2400eaff0000ebff0000ebff0000ecff0000a5
:107f3400edff0000edff0000eeff0000efff00008a
:107f4400efff0000f0ff0000f1ff0000f1ff000070
:107f5400f2ff0000f2ff0000f3ff0000f4ff000056
:107f6400f4ff0000f5ff0000f5ff0000f6ff00003d
:107f7400f7ff0000f7ff0000f8ff0000f8ff000023
:107f8400f9ff0000faff0000faff0000fbff000009
:107f9400fbff0000fcff0000fdff0000fdff0000f0
:107fa400feff0000feff0000ffff0000ffff0000d7
:020000040000fa
:020000040003f7
:107fb4000000000024030000480600006a090000d5
:107fc4008c0c0000ab0f0000c8120000e21500008a
:107fd400f91800000b1c00001a1f000023220000e7
:107fe40028250000262800001f2b0000112e000069
:107ff400fb300000df330000ba3600008c3900008b
:10800400563c0000173f0000ce4100007a440000b7
:108014001c470000b44900003f4c0000bf4e000064
:10802400335100009b530000f555000042580000f6
:10803400825a0000b35c0000d75e0000eb600000d1
:10804400f1620000e8640000cf660000a66800004a
:108054006d6a0000236c0000c96d00005e6f0000b3
:10806400e270000054720000b57300000475000053
:10807400417600006b770000847800008979000065
:108084007c7a00005c7b0000297c0000e37c00001b
:10809400897d00001d7e00009c7e0000097f000099
:1080a400617f0000a67f0000d87f0000f57f0000fc
:1080b400ff7f0000f57f0000d87f0000a67f00004e
:1080c400617f0000097f00009c7e00001d7e00008f
:1080d400897d0000e37c0000297c00005c7b0000bb
:1080e4007c7a000089790000847800006b770000b6
:1080f4004176000004750000b5730000547200005e
:10810400e27000005e6f0000c96d0000236c000087
:108114006d6a0000a6680000cf660000e8640000f5
:10812400f1620000eb600000d75e0000b35c000069
:10813400825a000042580000f55500009b5300008d
:1081440033510000bf4e00003f4c0000b449000012
:108154001c4700007a440000ce410000173f000095
:10816400563c00008c390000ba360000df330000b2
:10817400fb300000112e00001f2b000026280000f9
:1081840028250000232200001a1f00000b1c0000f9
:10819400f9180000e2150000c8120000ab0f00003f
:1081a4008c0c00006a09000048060000240300004b
:1081b40000000000dcfc0000b8f9000096f60000a6
:1081c40074f3000055f0000038ed00001eea0000d2
:1081d40007e70000f5e30000e6e00000dddd000055
:1081e400d8da0000dad70000e1d40000efd10000b3
:1081f40005cf000021cc000046c9000074c6000071
:10820400aac30000e9c0000032be000086bb000023
:10821400e4b800004cb60000c1b3000041b1000056
:10822400cdae000065ac00000baa0000bea70000a4
:108234007ea500004da3000029a10000159f0000a9
:108244000f9d0000189b0000319900005a97000010
:1082540093950000dd93000037920000a290000087
:108264001e8f0000ac8d00004b8c0000fc8a0000c7
:10827400bf890000958800007c8700007786000095
:1082840084850000a4840000d78300001d830000bf
:1082940077820000e381000064810000f780000021
:1082a4009f8000005a800000288000000b8000009e
:1082b400018000000b800000288000005a8000002c
:1082c4009f800000f780000064810000e3810000cb
:1082d400778200001d830000d7830000a48400007f
:1082e40084850000778600007c8700009588000064
:1082f400bf890000fc8a00004b8c0000ac8d00009c
:108304001e8f0000a290000037920000dd93000051
:10831400939500005a97000031990000189b0000c3
:108324000f9d0000159f000029a100004da300002f
:108334007ea50000bea700000baa000065ac0000eb
:10834400cdae000041b10000c1b300004cb6000046
:10835400e4b8000086bb000032be0000e9c00000a3
:10836400aac3000074c6000046c9000021cc000066
:1083740005cf0000efd10000e1d40000dad70000ff
:10838400d8da0000dddd0000e6e00000f5e30000df
:1083940007e700001eea000038ed000055f0000079
:1083a40074f3000096f60000b8f90000dcfc00004d
:020000040000fa
:020000040003f7
:1083b400ff7f0000ff7f0000ff7f0000ff7f0000c1
:1083c400ff7f0000ff7f0000ff7f0000ff7f0000b1
:1083d400ff7f0000ff7f0000ff7f0000ff7f0000a1
:1083e400ff7f0000ff7f0000ff7f0000ff7f000091
:1083f400ff7f0000ff7f0000ff7f0000ff7f000081
:10840400ff7f0000ff7f0000ff7f0000ff7f000070
:10841400ff7f0000ff7f0000ff7f0000ff7f000060
:10842400ff7f0000ff7f0000ff7f0000ff7f000050
:10843400ff7f0000ff7f0000ff7f0000ff7f000040
:10844400ff7f0000ff7f0000ff7f0000ff7f000030
:10845400ff7f0000ff7f0000ff7f0000ff7f000020
:10846400ff7f0000ff7f0000ff7f0000ff7f000010
:10847400ff7f0000ff7f0000ff7f0000ff7f000000
:10848400ff7f0000ff7f0000ff7f0000ff7f0000f0
:10849400ff7f0000ff7f0000ff7f0000ff7f0000e0
:1084a400ff7f0000ff7f0000ff7f0000ff7f0000d0
:1084b400fc7f0000047e00001b7c0000417a000069
:1084c40075780000b6760000047500005e73000045
:1084d400c471000035700000b06e0000376d0000fc
:1084e400c76b0000606a000003690000af6700000a
:1084f4006366000020650000e4630000b0620000d1
:10850400836100005d6000003f5f0000265e0000a4
:10851400145d0000095c0000035b0000035a0000c6
:108524000859000013580000235700003956000072
:10853400535500007154000095530000bd520000d3
:10854400e9510000195100004e500000864f000010
:10855400c24e0000024e0000464d00008d4c00004b
:10856400d84b0000264b0000774a0000cb4900009e
:10857400224900007d480000da4700003a47000025
:108584009d460000024600006a450000d5440000f4
:1085940042440000b243000024430000984200001b
:1085a4000e42000087410000024100007f400000ad
:1085b400fe3f00007f3f0000023f0000873e0000b6
:1085c4000e3e0000963d0000203d0000ad3c000042
:1085d4003a3c0000ca3b00005b3b0000ee3a00005e
:1085e400823a0000183a0000af3900004839000010
:1085f400e23800007d3800001a380000b937000066
:1086040058370000f93600009b3600003f36000062
:10861400e33500008935000030350000d83400000f
:10862400823400002c340000d7330000843300006f
:1086340032330000e032000090320000403200008b
:10864400f2310000a4310000583100000c31000068
:10865400c2300000783000002f300000e72f000007
:108664009f2f0000592f0000132f0000ce2e000072
:108674008a2e0000472e0000042e0000c32d0000a7
:10868400812d0000412d0000012d0000c22c0000ae
:10869400842c0000472c00000a2c0000cd2b000085
:1086a400922b0000572b00001c2b0000e32a000033
:1086b400a92a0000712a0000392a0000012a0000ba
:1086c400ca290000942900005e290000292900001d
:1086d400f4280000c02800008d2800005a2800005b
:1086e40027280000f5270000c32700009227000078
:1086f400612700003127000001270000d226000076
:10870400a326000075260000472600001926000055
:10871400ec250000bf25000093250000672500001c
:108724003b25000010250000e5240000bb240000c8
:1087340091240000682400003e2400001524000059
:10874400ed230000c52300009d23000075230000d5
:108754004e2300002823000001230000db22000038
:10876400b5220000902200006a2200004622000088
:1087740021220000fd210000d9210000b5210000c4
:10878400922100006f2100004c21000029210000eb
:1087940007210000e5200000c4200000a220000002
:1087a40081200000602000003f2000001f20000006
:020000040000fa
:020000040003f7
:1087b400889fbe000081eb000100e000150034003a
:1087c4000004eb0088047800874028008801d0006a
:1087d400808141001302780089017800e102610080
:1087e4000201d10061036200850f530001003200d1
:1087f400070169008301e800e88f5100020032009c
:108804000402d100f5ff37000804e800810f54008a
:10881400eeff3a000280ea004f04be0000000600aa
:10882400881f78008a9fbe000081eb000100e000f1
:10883400140034000004eb006105b800800020003f
:10884400874028008a0144001382fb0080017800dd
:10885400e10261000201d10061036200850f53004f
:1088640001003200070169008301e90002003200bf
:108874000402d100f6ff37000804e800810f540019
:10888400f0ff3a000280ea004f05be004f04780072
:1088940000000600889fbe000004be000800be0061
:1088a400dfff07006149b900820044001182fb0028
:1088b40061014100e0814900020144009280fb0013
:1088c400c808dd00810072000100680000f0a70004
:1088d4000000ea000000e9004f00de004f04be0083
:1088e400000006000400fa00889fbe008a9fbe00b4
:1088f4008c9fbe0000027800010678000080eb0027
:108904008080eb000c00e000230034000080eb00ca
:108914008080eb008002eb006123b80086bf9f00db
:1089240097bf9f00850678000a3228008bdb2e0053
:10893400050178008fbb9700870141001383fb007a
:108944008003eb008d017800610460008100d10098
:108954000080d300cfc4de008002eb00610263001c
:10896400840f5400858f5c00020032000a00680006
:108974008b8068008301e800e88f51000300320017
:108984008703d1000683d300efff37000201e8001c
:108994008c0f5100e7ff3a000080ea008180ea0072
:1089a4004f06be004f05be004f04be000080fa0013
:1089b40000000600889fbe008a9fbe000004be001f
:1089c4000800be00c7ff07006149b9000202440065
:1089d4001482fb008002eb0061034100e083490044
:1089e400060344001683fb008003eb00483ddd00d2
:1089f400c835de008b0575004835dd006203410093
:108a0400e0834900060344001683fb008003eb0067
:108a1400c033dd000600200006037500878375005f
:108a2400040373008583730063014100e0814900fe
:108a3400020144001281fb008001eb00c812dd003a
:108a440004002000040173008581730002016800a2
:108a540083816800028171000200780000f0a700a1
:108a64000000ea000000e9004f00de004f05be00f0
:108a74004f04be0000000600889fbe008a9fbe000f
:108a84008c9fbe008e1f780000027800810678005b
:108a94000080eb008080eb000d00e0001e0034003d
:108aa4000080eb008080eb000006eb000e0120004c
:108ab4000a3228008bdb2e008c02d0008482420014
:108ac400150378008003eb008e02780061046000d7
:108ad4008100d1000080d300cfc4de008001eb0010
:108ae40061016300820f5400838f5c000200320036
:108af4000a0068008b8068008502e90003003200e8
:108b04008703d1000683d300f0ff37000c06e8008a
:108b14008d0f5600e8ff3a000080ea008180ea00e9
:108b24004f0778004f06be004f05be004f04be003d
:108b340000000600f6874700889fbe008a9fbe009b
:108b44008c9fbe008e1f7800f2af9f004201200070
:108b54005200980042002000620098006601400024
:108b64000009eb00730020000001eb007faa9700ce
:108b74000400e00094003400820578000b017800c2
:108b8400610eb8008cb79f009db79f000ecdb30057
:108b9400e60240008b0378000b0678008506780017
:108ba4000fb2970084004600914078000ec5400043
:108bb400e94f55000d003600f5cbb30005c2400067
:108bc400f94f520003003e0096ccb30006c54000a6
:108bd40006003700f5c9b30005c24000f94f520042
:108be40066003e0096cab30006c540000a04e000d1
:108bf400500035000a04fb00cfc4de00e54ab9008a
:108c04006544b8008904420061632d00c1b79f0028
:108c140014102000d4b79f004fb29700dfb2970022
:108c24000404440085844c000a05fb00cfd5de0013
:108c340061054500e0854d00e55ab9006555b80069
:108c44008b05420081027800a5b79f005fb39700af
:108c5400b6b79f004fb29700dfb2970004054500f6
:108c640085854d008cbf9f008d02780091018000a6
:108c7400080678000cf0a4008986d200ecb79f00a7
:108c8400fdb79f000dd0fe001c43780001d0fe000c
:108c94000602fb004240a90011003400870078005e
:108ca4000fbe9700020141000200a0008301e8000a
:108cb400ef8f510006003400950178008306d00040
:108cc40090864600820e7800830ae80087017800c7
:108cd4008100e800848f5000f2ff35008cbf9f00b4
:108ce4000604e0000a003400020141008301e800a8
:108cf400ef8f510006003400950078008101d00008
:108d04009081410082097800810ae8008701780097
:108d140061044400e0844c008a0f5400d3ff3a00fd
:108d24008b8f5400d1ff3a000fbe97008506780060
:108d34001200370001c2b300814f55000f003a0002
:108d4400410020008d027800020141008301e80007
:108d5400ef8f510006003400950178000302d00023
:108d640010024200020a7800830ae80087017800b2
:108d74008100e900f4ff3a00850678003100200004
:108d84008d027800020141008301e800ef8f510059
:108d940006003400950178000302d000100242005e
:108da400020a7800830ae800870178008100e9005c
:108db400f4ff3a00850678000c06e8007faa9700c5
:108dc400840f560076ff3a004100200066024000fe
:108dd4000003eb00020141008301e800ef8f510022
:108de40006003400940178008302d000908242008f
:108df400820a7800030ae800860178008100e9000d
:108e0400f4ff3a000300e0000c003400ef8f51003f
:108e140004003c00020141008301e800f08f51008e
:108e2400fcff3a00e6004000910178000302d00004
:108e340010024200020a78008308e800b0009000a3
:108e4400c408dd00410098004f0778004f06be00bb
:108e54004f05be004f04be006f01b10000000600c4
:108e6400f0874700889fbe008a9fbe008c9fbe008b
:108e74008e1f7800028651008002eb00e5b79f0048
:108e840016002000850578008b0278008b0378009b
:108e94000b0578000304ea00b8b79f00a3b79f004e
:108ea4008501d00080814100130478008004eb0028
:108eb4008502e800848f5200010035000a0378001f
:108ec4000200e000380034008c815300f2b79f00a8
:108ed4008cbf9f00c8b79f00d9b79f008206780057
:108ee4000700e00003003a000b04d0000104440032
:108ef4000a0c78000fbc9700870f5400130035004c
:108f0400080678004fb49700dfb497008b01d000b7
:108f140081814100870656008d06e9000300330075
:108f24000804440089844c00fbff37009309740053
:108f3400828343008b06e800edb79f00afb1970032
:108f4400878f510021003400170037000b07d00031
:108f5400010747004fb49700dfb497000306780079
:108f64000c06e900030033008904d1000884d3000f
:108f7400fbff37001e0f74003fb4970087034400c3
:108f8400878646008b05e8000b04d00001044400ea
:108f94000a0c78003fb697008c8141000d00e00078
:108fa400cfff3c000fbe97000600e000bcff3a0074
:108fb4006fb097004f0778004f06be004f05be0004
:108fc4004f04be000f01b10000000600efb597008a
:108fd4008a037800f4ff3700889fbe008a9fbe0092
:108fe4008c1f7800839ab900cf24de0004824400e9
:108ff4008484d1004240a900080034000002eb0040
:10900400040378008402d00081824200860a78003a
:109014000402e800890f5200faff3a000200e0005f
:10902400210034008002eb0005047800050278007a
:10903400050378006105b800050078008a834200c2
:109044009783fb000608a30007003a004f36de00b2
:10905400060346000600a10001034300c83bdd00ef
:10906400168b7300050037004f36de0006034600fa
:109074000600a10001034300168b73000402e800fc
:10908400830f520002003a000804e800000278004e
:109094008502e800828f52000300320083a3b900e6
:1090a40008034300e5ff3700090078004f06780005
:1090b4004f05be004f04be00000006000002eb0096
:1090c4000100e00014003400840178006103b8005a
:1090d4000308a300070032008402d0008282420009
:1090e400068041001080fb00950a70000402e8002d
:1090f400060037000400d0000200400086824100d0
:109104009582fb00c82add00050878008301e80089
:10911400818f5100eeff3a000100a7000402e8002d
:1091240004007800000006008001eb000100e0006c
:109134000f00340003027800840178008302d00019
:10914400808242000403410095439000074b78005d
:109154000403410095427800154398000482e80016
:109164008301e800818f5100f4ff3a008101d000af
:08917400030078000000060072
:020000040000fa
:020000040003f7
:10917c00ffff0000feff00000000000005000000e3
:10918c000a0000000c00000007000000fcff0000bb
:10919c00f1ff0000e9ff0000ebff0000f7ff00000b
:1091ac0009000000190000001f000000180000005a
:1091bc0006000000f3ff0000e7ff0000e7ff0000df
:1091cc00f2ff0000ffff000006000000040000009a
:1091dc00fcff0000f9ff0000020000001600000078
:1091ec002c000000330000001e000000f0ff000007
:1091fc00bbff000099ff0000a2ff0000d9ff000098
:10920c00290000006f0000008800000066000000cc
:10921c001a000000c8ff000097ff00009aff000032
:10922c00c7ff0000fcff0000180000000e0000004b
:10923c00f1ff0000e5ff00000600000051000000f7
:10924c009e000000b40000006a000000caff00008d
:10925c0013ff0000a4fe0000c5fe00007eff00000e
:10926c00880000006b010000b90100004a010000f9
:10927c00530000004cff0000b1fe0000bbfe0000dc
:10928c0049ff0000f2ff00004b0000002d00000021
:10929c00d0ff0000a7ff0000120000000c0100002e
:1092ac0013020000650200007001000040ff000086
:1092bc00a7fc0000f3fa000049fb0000fcfd0000d5
:1092cc00340200002c060000f20700005d060000ce
:1092dc00be010000ddfb000048f7000028f600008e
:1092ec0037f9000050ff0000e60500001e0a0000e0
:1092fc001e0a0000e605000050ff000037f90000d0
:10930c0028f6000048f70000ddfb0000be0100005d
:10931c005d060000f20700002c060000340200007d
:10932c00fcfd000049fb0000f3fa0000a7fc000064
:10933c0040ff0000700100006502000013020000f5
:10934c000c01000012000000a7ff0000d0ff00007d
:10935c002d0000004b000000f2ff000049ff000050
:10936c00bbfe0000b1fe00004cff000053000000eb
:10937c004a010000b90100006b01000088000000e8
:10938c007eff0000c5fe0000a4fe000013ff0000dd
:10939c00caff00006a000000b40000009e0000003c
:1093ac005100000006000000e5ff0000f1ff000086
:1093bc000e00000018000000fcff0000c7ff0000ba
:1093cc009aff000097ff0000c8ff00001a00000081
:1093dc0066000000880000006f00000029000000fb
:1093ec00d9ff0000a2ff000099ff0000bbff0000a6
:1093fc00f0ff00001e000000330000002c000000f5
:10940c001600000002000000f9ff0000fcff000045
:10941c000400000006000000ffff0000f2ff000047
:10942c00e7ff0000e7ff0000f3ff0000060000006c
:10943c00180000001f0000001900000009000000c7
:10944c00f7ff0000ebff0000e9ff0000f1ff000058
:10945c00fcff0000070000000c0000000a000000e8
:10946c000500000000000000feff0000ffff0000f0
:020000040000fa
:020000040003f7
:10947c00feff0000090000001100000010000000b9
:10948c0006000000f8ff0000edff0000ecff0000fc
:10949c00f5ff00000500000014000000180000009b
:1094ac000f000000feff0000efff0000e8ff0000cf
:1094bc00efff0000feff00000c0000001100000098
:1094cc000c00000003000000fdff0000feff000088
:1094dc000300000004000000fcff0000ecff000093
:1094ec00e2ff0000e9ff0000050000002c00000076
:1094fc00450000003a00000006000000c0ff00001c
:10950c008fff000098ff0000e0ff00004700000004
:10951c00950000009900000047000000c5ff000006
:10952c0059ff000042ff000091ff00001f000000e7
:10953c009d000000c6000000860000000400000032
:10954c008cff00005eff00008aff0000e7ff0000b8
:10955c00370000004c0000002d0000000600000049
:10956c000700000034000000610000004c00000007
:10957c00daff000038ff0000d2fe000012ff0000ee
:10958c00090000004f01000024020000e00100006f
:10959c00680000005efe0000e1fc0000f2fc000030
:1095ac00cbfe0000a0010000f003000053040000fb
:1095bc0052020000cbfe000094fb000083fa000076
:1095cc0063fc000064000000760400005a060000f2
:1095dc00e6040000ba000000fefb00003ff90000aa
:1095ec000bfa000008fe0000210300009e0600009c
:1095fc009e0600002103000008fe00000bfa00008c
:10960c003ff90000fefb0000ba000000e604000079
:10961c005a060000760400006400000063fc0000a1
:10962c0083fa000094fb0000cbfe00005202000005
:10963c0053040000f0030000a0010000cbfe00006a
:10964c00f2fc0000e1fc00005efe0000680000007f
:10965c00e0010000240200004f010000090000009e
:10966c0012ff0000d2fe000038ff0000daff0000fd
:10967c004c000000610000003400000007000000f6
:10968c00060000002d0000004c0000003700000018
:10969c00e7ff00008aff00005eff00008cff000067
:1096ac000400000086000000c60000009d000000c1
:1096bc001f00000091ff000042ff000059ff000056
:1096cc00c5ff000047000000990000009500000055
:1096dc0047000000e0ff000098ff00008fff000033
:1096ec00c0ff0000060000003a000000450000002a
:1096fc002c00000005000000e9ff0000e2ff000064
:10970c00ecff0000fcff0000040000000300000060
:10971c00feff0000fdff0000030000000c00000035
:10972c00110000000c000000feff0000efff000025
:10973c00e8ff0000efff0000feff00000f0000003c
:10974c00180000001400000005000000f5ff0000e8
:10975c00ecff0000edff0000f8ff00000600000029
:10976c00100000001100000009000000feff0000c6
:020000040000fa
:020000040003f7
:10977c003d0000004d0000004a0000000000000009
:10978c0043ff00002efe000054fd0000a2fd00006f
:10979c0000000000c8040000630b00004c12000025
:1097ac008e170000851900008e1700004c12000067
:1097bc00630b0000c804000000000000a2fd0000c4
:1097cc0054fd00002efe000043ff000000000000ce
:1097dc004a0000004d0000003d0000005300000056
:1097ec00560000006d000000390000006fff000003
:1097fc0012fe0000c1fc00009cfc0000cdfe00002d
:10980c00de030000360b00001513000025190000c4
:10981c006d1b00002519000015130000360b00000d
:10982c00de030000cdfe00009cfc0000c1fc00002b
:10983c0012fe00006fff0000390000006d000000f8
:10984c0056000000530000006b0000006100000097
:10985c0092000000780000009eff0000f4fd000064
:10986c0023fc000081fb000081fd0000e1020000f0
:10987c00070b0000ef130000de1a00007d1d000036
:10988c00de1a0000ef130000070b0000e1020000dd
:10989c0081fd000081fb000023fc0000f4fd0000b2
:1098ac009eff0000780000009200000061000000a4
:1098bc006b000000820000006b000000b70000008d
:1098cc00b4000000ccff0000d7fd00008afb0000b4
:1098dc006efa00003efc0000eb010000d80a00000c
:1098ec00c31400008b1c00007d1f00008b1c0000ab
:1098fc00c3140000d80a0000eb0100003efc00007d
:10990c006efa00008afb0000d7fd0000ccff0000bf
:10991c00b4000000b70000006b00000082000000e3
:10992c009800000074000000d9000000ec0000005a
:10993c00f7ff0000bbfd0000fafa00006cf9000014
:10994c0010fb000005010000ac0a000089150000a6
:10995c001d1e00005e2100001d1e00008915000068
:10996c00ac0a00000501000010fb00006cf90000bf
:10997c00fafa0000bbfd0000f7ff0000ec0000004d
:10998c00d90000007400000098000000b600000030
:10999c0081000000090100003b01000033000000c1
:1099ac0095fd000031fa000006f800006bf900008c
:1099bc00c4ff0000700a00009e1600004c2000003e
:1099cc00fc2300004c2000009e160000700a0000d2
:1099dc00c4ff00006bf9000006f8000031fa00002b
:1099ec0095fd0000330000003b0100000901000060
:1099fc0081000000b6000000d20000008d000000c5
:109a0c0035010000820100006900000072fd0000b9
:109a1c007cf90000c2f60000eef70000a2fe000088
:109a2c00390a000098170000452200005926000052
:109a3c004522000098170000390a0000a2fe000021
:109a4c00eef70000c2f600007cf9000072fd000089
:109a5c006900000082010000350100008d0000004b
:049a6c00d200000024
:020000040000fa
:020000040003f7
:109a7000610000006d000000ceff0000ccfd000082
:109a800001fc0000cbfe000061090000e0180000ae
:109a90008c2400008c240000e01800006109000004
:109aa000cbfe000001fc0000ccfd0000ceff00005a
:109ab0006d00000061000000710000008f000000d8
:109ac00016000000c2fd000015fb000038fd00007c
:109ad000600800009d190000dd260000dd26000062
:109ae0009d1900006008000038fd000015fb000013
:109af000c2fd0000160000008f0000007100000091
:109b000083000000b20000005e000000b8fd00000d
:109b100026fa0000a1fb00005c0700005e1a0000ae
:109b200035290000352900005e1a00005c0700009e
:109b3000a1fb000026fa0000b8fd00005e00000056
:109b4000b20000008300000098000000dd0000006b
:109b5000b8000000abfd0000fff80000a9f900000c
:109b60001b0600004b1b00001a2c00001a2c0000e2
:109b70004b1b00001b060000a9f90000fff80000c5
:109b8000abfd0000b8000000dd0000009800000000
:109b9000a90000000001000001010000a1fd00007b
:109ba0000ff800000ff80000160500000d1c000063
:109bb000752e0000752e00000d1c0000160500001b
:109bc0000ff800000ff80000a1fd000001010000e7
:109bd00000010000a9000000bf0000002d010000ee
:109be0005e01000093fd0000dcf6000003f60000bb
:109bf000c7030000041d0000783100007831000028
:109c0000041d0000c703000003f60000dcf600009e
:109c100093fd00005e0100002d010000bf00000068
:109c2000d50000005a010000bd01000086fd0000c3
:109c3000a5f50000eff3000074020000ff1d000016
:109c40008634000086340000ff1d0000740200000e
:109c5000eff30000a5f5000086fd0000bd01000047
:109c60005a010000d5000000ec000000890100004e
:109c70001e02000078fd000066f40000cff1000035
:109c80001a010000ff1e0000a6370000a6370000e2
:109c9000ff1e00001a010000cff1000066f4000072
:109ca00078fd00001e02000089010000ec000000a9
:109cb00008010000c10100009402000067fd0000df
:109cc000e1f2000037ef000072ff000039200000d1
:109cd000793b0000793b00003920000072ff000052
:109ce00037ef0000e1f2000067fd00009402000081
:109cf000c10100000801000023010000f80100007c
:109d00000703000057fd000068f10000b2ec0000fe
:109d1000d7fd0000692100002d3f00002d3f00000d
:109d200069210000d7fd0000b2ec000068f10000de
:109d300057fd000007030000f801000023010000a8
:020000040000fa
:020000040003f7
:109d400040060000400600004006000040060000fb
:109d500040060000400600004006000040060000eb
:109d600040060000400600004006000040060000db
:109d700040060000400600004006000040060000cb
:109d800040060000400600004006000040060000bb
:109d900040060000400600004006000040060000ab
:109da0004006000041060000410600004206000097
:109db0004406000046060000490600004e0600006a
:109dc000550600005d0600006806000075060000ec
:109dd0008406000093060000a4060000b5060000fb
:109de000c4060000d3060000e0060000ea060000fa
:109df000f2060000f8060000fb060000fc0600006a
:109e0000fb060000f8060000f2060000ea0600006b
:109e1000e0060000d3060000840600009306000060
:109e2000a4060000b5060000c5060000d306000029
:109e3000e0060000eb060000f3060000fa06000052
:109e4000ff060000020700000407000006070000ec
:109e500007070000070700000807000008070000c8
:109e6000c4060000b5060000a4060000930600002a
:109e70008306000075060000680600005d0600000d
:109e8000550600004e060000490600004606000088
:109e900044060000420600004106000041060000a2
:109ea0004006000040060000c4060000b5060000a1
:109eb000a40600009306000084060000750600005a
:109ec000680600005e06000056060000500600000e
:109ed0004d0600004c0600004d0600005006000034
:109ee000560600005e0600006806000075060000c9
:109ef0000807000008070000080700000807000026
:109f00000807000008070000080700000707000016
:109f10000707000006070000040700000207000012
:109f2000ff060000fa060000f3060000eb06000042
:109f3000e0060000d3060000080700000807000044
:109f400008070000080700000807000008070000d5
:109f500008070000080700000807000008070000c5
:109f600008070000080700000807000008070000b5
:109f700008070000080700000807000008070000a5
:020000040000fa
:020000040003f7
:109f800002800000018000000180000001800000cc
:109f900001800000018000000180000001800000bd
:109fa00001800000018000000180000001800000ad
:109fb000018000000180000001800000018000009d
:109fc000018000000180000002800000018000008c
:109fd0000180000001800000028000000680000077
:109fe0000e8000002380000052800000b680000038
:109ff0007f810000f982000096850000eb89000057
:10a00000aa900000889a000011a8000081b9000001
:10a0100097ce000083e60000000000007d190000dc
:10a02000683100007a460000e157000056650000e4
:10a03000056f000060750000ec7800000f7a0000ea
:10a04000ec78000060750000056f000056650000a8
:10a05000e15700007a46000097ce000083e600003a
:10a06000000000007d1900006a3100007f460000fa
:10a07000ef57000078650000566f0000157600006d
:10a080006a7a0000077d0000817e00004a7f0000a0
:10a09000ae7f0000dd7f0000f27f0000fa7f00004d
:10a0a000693100007d1900000000000083e6000017
:10a0b00096ce000081b9000011a80000889a000027
:10a0c000aa900000eb89000096850000f98200004c
:10a0d0007f810000b68000005280000023800000d5
:10a0e0000e80000006800000693100007d1900002c
:10a0f0000000000083e6000098ce000086b9000052
:10a100001fa80000aa9a0000fb900000a08a00008f
:10a1100014870000f185000014870000a08a000069
:10a12000fb900000aa9a00001fa8000086b900005a
:10a13000fe7f0000ff7f0000ff7f0000ff7f000028
:10a14000fe7f0000fa7f0000f27f0000dd7f00004c
:10a15000ae7f00004a7f0000817e0000077d000086
:10a160006a7a000015760000566f000078650000de
:10a17000ef5700007f460000fe7f0000ff7f0000d9
:10a18000ff7f0000ff7f0000ff7f0000ff7f0000d7
:10a19000ff7f0000ff7f0000ff7f0000ff7f0000c7
:10a1a000ff7f0000ff7f0000ff7f0000ff7f0000b7
:10a1b000ff7f0000ff7f0000ff7f0000ff7f0000a7
:020000040000fa
:020000040003f7
:10a1c000000000000000000000000000030000008c
:10a1d00000000000050000000e0000000700000065
:10a1e00000000000090000000e0000000b0000004d
:10a1f0000e0000000d0000000e0000000e00000028
:10a200000000000003000000030000000300000045
:10a21000040000000d000000060000000300000024
:10a22000080000000d0000000a000000030000000c
:10a230000d0000000d0000000e0000000d000000e9
:10a240000000000005000000020000000b000000fc
:10a2500005000000050000000600000005000000e9
:10a26000080000000b0000000b0000000b000000c5
:10a270000c000000050000000e0000000b000000b4
:10a2800008000000010000000600000003000000bc
:10a2900006000000050000000600000006000000a7
:10a2a0000800000008000000080000000b0000008b
:10a2b000080000000d000000060000000f00000074
:10a2c000000000000900000002000000070000007c
:10a2d0000400000007000000070000000700000065
:10a2e00009000000090000000a0000000900000049
:10a2f0000c000000090000000e0000000700000034
:10a3000004000000010000000a000000030000003b
:10a31000040000000400000004000000070000002a
:10a320000a000000090000000a0000000a00000006
:10a33000040000000d0000000a0000000f000000f3
:10a340000200000001000000020000000200000006
:10a350000c000000050000000200000007000000e3
:10a360000c00000009000000020000000b000000cb
:10a370000c0000000c0000000c0000000f000000aa
:10a3800001000000010000000200000001000000c8
:10a390000400000001000000060000000f000000a3
:10a3a00008000000010000000a0000000f0000008b
:10a3b0000c0000000f0000000f0000000f00000064
:020000040000fa
:020000040003f7
:10a3c000000000000100000001000000010000008a
:10a3d0000100000001000000010000000100000079
:10a3e0000100000001000000010000000100000069
:10a3f000010000000100000000000000010000005a
:10a400000100000001000000010000000000000049
:10a410000100000001000000010000000100000038
:10a420000100000001000000010000000100000028
:10a430000100000000000000010000000100000019
:10a440000100000001000000010000000100000008
:10a4500001000000000000000100000001000000f9
:10a4600001000000010000000100000000000000e9
:10a4700001000000010000000100000001000000d8
:10a4800001000000010000000100000001000000c8
:10a4900001000000010000000000000001000000b9
:10a4a00000000000010000000100000001000000a9
:10a4b0000100000001000000010000000100000098
:10a4c0000100000001000000010000000100000088
:10a4d0000100000001000000010000000000000079
:10a4e0000100000000000000010000000100000069
:10a4f0000100000001000000010000000100000058
:10a500000100000001000000010000000100000047
:10a510000000000001000000010000000100000038
:10a520000100000001000000000000000100000028
:10a530000100000001000000010000000100000017
:10a540000100000001000000000000000100000008
:10a5500001000000010000000100000001000000f7
:10a5600001000000010000000100000001000000e7
:10a5700000000000010000000100000001000000d8
:10a5800001000000000000000100000001000000c8
:10a5900001000000010000000100000001000000b7
:10a5a00001000000010000000100000001000000a7
:10a5b0000100000001000000010000000000000098
:020000040000fa
:020000040003f7
:10a5c000889fbe008a9fbe00100c900080089000fb
:10a5d000010444001001780090019000020444003e
:10a5e000e08449000888be00e10f4400e08f5c0071
:10a5f0000f0034000801be0006002000f7ff2f0006
:10a60000f4ff2f00050020000201430083814b006e
:10a61000840f5100858f5900fbff3c00e1845400fa
:10a620006011b8008901ea000218440003904c0050
:10a630001004780090049000e00f5400e08f5c005c
:10a6400011003d000801be0004002000150020009c
:10a650000201420083814a00fdff33006001440093
:10a66000e1814c000884ea008984ea00404cde0065
:10a6700009002000c044dd0008002000020444005e
:10a6800083844c000888be000a0024000b002000d0
:10a690000805450089854d003a0098004b00980058
:10a6a000e10f4500e08f5d00150034000a01be0097
:10a6b00006002000f7ff2f00f4ff2f000500200008
:10a6c0000201430083814b00840f5100858f5900a4
:10a6d000fbff3c00e185550004002400f5ff2f003e
:10a6e0000802420089824a006011b8008501ea0030
:10a6f0000a0541008b8549003a0098004b009800fc
:10a70000c848dd004841de0002817000c8c9de0093
:10a710000202410083824900a2fd2b001310200099
:10a7200004024100858249009101800004f0a400e8
:10a730008582d20005d0fe001402780001d0fe0010
:10a7400024009800c858dd004852de0004827000e2
:10a75000c8dade000402420085824a00040141009a
:10a76000858149009101800002f0a4008381d2001c
:10a7700003d0fe001201780001d0fe0052009800c4
:0ca780004f05be004f04be0000000600a4
:020000040000fa
:020000040003f7
:10a78c00f3ff0000fbff00000200000005000000ca
:10a79c0001000000f8ff0000e9ff0000daff0000f4
:10a7ac00d0ff0000cdff0000d5ff0000e5ff00004a
:10a7bc00f7ff000002000000feff0000e6ff0000b3
:10a7cc00bdff00008fff000069ff00005cff000070
:10a7dc006dff000099ff0000d0ff0000f9ff0000a2
:10a7ec00fdff0000ceff000072ff000001ff000023
:10a7fc00a0fe000074fe000094fe0000fbfe0000b2
:10a80c0086ff0000000000002f000000eeff00009b
:10a81c0040ff000051fe00006ffd0000f2fc000044
:10a82c0018fd0000eafd000031ff00007d00000073
:10a83c00460100001f010000deff0000bdfd00000e
:10a84c0059fb00008df9000039f90000fcfa0000fa
:10a85c00f7fe0000b8040000420b00004b11000092
:10a86c008b150000131700008b1500004b11000016
:10a87c00420b0000b8040000f7fe0000fcfa0000d8
:10a88c0039f900008df9000059fb0000bdfd0000f6
:10a89c00deff00001f010000460100007d000000eb
:10a8ac0031ff0000eafd000018fd0000f2fc000082
:10a8bc006ffd000051fe000040ff0000eeff0000a5
:10a8cc002f0000000000000086ff0000fbfe0000cf
:10a8dc0094fe000074fe0000a0fe000001ff0000ca
:10a8ec0072ff0000ceff0000fdff0000f9ff00002a
:10a8fc00d0ff000099ff00006dff00005cff00001e
:10a90c0069ff00008fff0000bdff0000e6ff0000a4
:10a91c00feff000002000000f7ff0000e5ff000052
:10a92c00d5ff0000cdff0000d0ff0000daff0000d3
:10a93c00e9ff0000f8ff0000010000000500000026
:0ca94c0002000000fbff0000f3ff000011
:020000040000fa
:020000040003f7
:10a9580000037800007020004628b700102bef0095
:10a9680065902000e558880025002000955888004b
:10a978000402e900f4588800162bef001a2bef00a8
:10a98800a6588800c1588800202bef00409020006e
:10a99800605988001559880074598800262bef00e3
:10a9a8002a2bef0022598800435988000308a90080
:10a9b8002308a90020002a00005988008058880030
:10a9c80001c8a90021c8a80000000600889fbe0091
:10a9d8008a1f78000284d10024002000150020007e
:10a9e800840f5100040034008502e800040242008c
:10a9f800840f5100fcff3c0042a1de00f2841200eb
:10aa080043a2de00020154004295de000300e0008c
:10aa18000f0032000001eb00040545006113b90086
:10aa28000603430087834b00060240009402780027
:10aa380089aade0085024500050a54000683400005
:10aa4800088b42000201e800828f5100f3ff3e00ac
:10aa58004f0578004f04be0000000600889fbe0026
:10aa68000004be000029ef000229ef0000c0210009
:10aa78000029b7000629ef0013002000080178001c
:10aa88004190200060902000d0ff070000fe2f00ba
:10aa98000209b600c000b300104888000900e000b1
:10aaa80002003a000389a900010037000389a800c1
:10aab800700020000029b7000621ef001021ef00e8
:10aac8000804e9006808880011a1a80010c1a900bd
:10aad8001021a900f0fc2f001021b60011e1a800f8
:10aae80000e8a90020e8a9004f04be000000060005
:020000040000fa
:020000040003f7
:10aaf800f0ff0000d3ff0000b6ff0000a3ff000036
:10ab08009fff0000acff0000c6ff0000e7ff000049
:10ab1800030000000d00000000000000dcff000042
:10ab2800acff000080ff00006fff00008aff0000fc
:10ab3800d9ff000055000000e80000007301000084
:10ab4800d0010000e6010000a90100002601000074
:10ab580080000000e9ff000090ff000096ff000061
:10ab680000000000ad0000005c010000bc01000016
:10ab78008001000076000000a1fe00003bfc000000
:10ab8800b5f90000a1f7000093f60000fcf60000fc
:10ab980008f9000093fc000020010000f505000002
:10aba800390a0000270d0000310e0000270d0000b3
:10abb800390a0000f50500002001000093fc0000a0
:10abc80008f90000fcf6000093f60000a1f7000069
:10abd800b5f900003bfc0000a1fe00007600000073
:10abe80080010000bc0100005c010000ad00000015
:10abf8000000000096ff000090ff0000e9ff000041
:10ac08008000000026010000a9010000e601000004
:10ac1800d001000073010000e800000055000000aa
:10ac2800d9ff00008aff00006fff000080ff0000ce
:10ac3800acff0000dcff0000000000000d00000079
:10ac480003000000e7ff0000c6ff0000acff0000a3
:10ac58009fff0000a3ff0000b6ff0000d3ff000025
:04ac6800f0ff0000f9
:020000040000fa
:020000040003f7
:10ac6c0003030000030300000301000003030000c2
:10ac7c0003030000010100000303000003010000b6
:10ac8c0001010000030300000101000001010000ac
:10ac9c00030100000101000001010000030300009a
:10acac000303000001030000030300000101000086
:10acbc00030300000101000001030000010100007a
:10accc00010100000103000000000000000300006f
:10acdc00010100000100000003010000030100005d
:10acec000003000001010000000000000100000052
:10acfc000000000000010000010300000100000042
:10ad0c00030300000100000000010000010100002d
:10ad1c000100000001010000000000000001000023
:10ad2c000303000003000000030100000300000007
:10ad3c0000010000030100000100000003030000fb
:10ad4c0000000000000300000100000000000000f3
:10ad5c0003030000030000000001000003030000d7
:10ad6c0001000000030300000103000000010000cb
:10ad7c0003010000000000000101000001000000c0
:10ad8c0000030000000000000000000001010000b2
:10ad9c00030000000001000001010000030000009e
:10adac00010300000300000000030000010100008b
:10adbc000300000003010000030300000003000077
:08adcc0003010000010000007a
:020000040000fa
:020000040003f7
:10add4000202be0000004000818048006011b800fb
:10ade4006033b800f4070200000000000008a3006c
:10adf4000400320062004000e08048006001490025
:10ae0400e08149008301d1000281d3008180d30015
:10ae14000080d3000000060080027800010378005f
:10ae2400110009008602d800000178008692b9005a
:10ae3400848f5200010034000201e800020078000f
:10ae44000000060080027800010378001100090068
:10ae54008602d800000178008692b900848f5200df
:10ae6400010034000201e80002007800000006003e
:10ae74000080fb008000eb004240a9000e0034007b
:10ae84006101b9000201410083814900a0dd2b006a
:10ae940011102000020040008380480092018000cd
:10aea40000f0a4008180d20001d0fe0010007800e0
:10aeb40002d0fe0080007800010078000000060047
:10aec400889fbe00480620008884b900cfc4de00f5
:10aed4004788de00e6ff0700cf80de00080440005c
:10aee40089844800a125200081c9b9000140b80027
:10aef4008100410042062000030020006e0602008b
:10af0400000000004f04be0000000600889fbe0041
:10af14008a9fbe00170020000200e0000e003400eb
:10af24008001eb006105b800610cb80003007800f3
:10af3400611ab9000a03420008024200164378006d
:10af4400944f530001003200800378008301e8002d
:10af5400828f5100f6ff3a00070078004f05be00cb
:10af64004f04be00000006000001eb000100e000f9
:10af74000c00340003c2b30090cf1100090032006a
:10af84006103b800034278000300370086014100e2
:10af9400934f1200030032000201e800828f500038
:10afa400faff3c0002007800000006000002eb00fb
:10afb4000100e0000b003400040178006103b800d4
:10afc40005cdb3008601410093c14200e9cf510091
:10afd40001003e000402e8000201e800810f510074
:10afe400f8ff3a000400780000000600889fbe00c5
:10aff4000002eb000100e0000c00340004017800c2
:10b004006104b800f6cdb300e5c5b3008801410082
:10b014009341430085cf510001003e000402e80043
:10b024000201e800810f5100f8ff3a0004007800a3
:08b034004f04be0000000600fd
:020000040000fa
:020000040003f7
:10b03c00200000001600000007000000f5ff0000d3
:10b04c00e3ff0000d5ff0000ccff0000ccff0000a8
:10b05c00d6ff0000e9ff0000020000001e00000007
:10b06c00380000004b0000005000000043000000be
:10b07c0022000000eeff0000a9ff00005cff0000b2
:10b08c0011ff0000d3fe0000b1fe0000b8fe00006e
:10b09c00f4fe00006eff00002800000022010000fa
:10b0ac0053020000ad0300001f05000091060000d4
:10b0bc00eb07000016090000fd0900008f0a0000d4
:10b0cc00c10a00008f0a0000fd09000016090000eb
:10b0dc00eb070000910600001f050000ad03000007
:10b0ec005302000022010000280000006eff000047
:10b0fc00f4fe0000b8fe0000b1fe0000d3fe00001c
:10b10c0011ff00005cff0000a9ff0000eeff000033
:10b11c002200000043000000500000004b00000023
:10b12c00380000001e00000002000000e9ff0000d3
:10b13c00d6ff0000ccff0000ccff0000d5ff0000c4
:10b14c00e3ff0000f5ff0000070000001600000000
:04b15c0020000000cf
:020000040000fa
:020000040003f7
:10b160000000000036000000ad11000036000000b5
:10b170000000000065000000981100001b000000a6
:10b1800000000000b3000000581100000d00000096
:10b19000000000002e010000e51000000600000085
:10b1a00000000000e0010000361000000200000076
:10b1b00000000000d5020000430f00000100000065
:10b1c0000000000011040000080e00000000000054
:10b1d000000000008e0500008a0c00000000000046
:10b1e000000000003f070000d90a00000000000036
:10b1f000000000000c0900000c0900000000000025
:10b2000000000000d90a00003f0700000000000015
:10b21000000000008a0c00008e0500000000000005
:10b2200000000000080e00001104000000000000f3
:10b2300001000000430f0000d502000000000000e4
:10b240000200000036100000e001000000000000d5
:10b2500006000000e51000002e01000000000000c4
:10b260000d00000058110000b300000000000000b5
:10b270001b000000981100006500000000000000a5
:020000040000fa
:020000040003f7
:10b28000000000000100000068290000010000002b
:10b29000000000002e00000049290000f3ff00001c
:10b2a0000000000097000000e0280000f3ff00000d
:10b2b000000000006301000010280000f7ff0000fc
:10b2c00000000000c0020000b0260000faff0000ed
:10b2d00000000000d804000095240000fdff0000dd
:10b2e00000000000c5070000a6210000ffff0000cd
:10b2f00000000000850b0000e61d0000ffff0000bd
:10b3000000000000ed0f00007d19000000000000ab
:10b3100000000000b5140000b5140000000000009b
:10b32000000000007d190000ed0f0000000000008b
:10b33000ffff0000e61d0000850b0000000000007c
:10b34000ffff0000a6210000c5070000000000006c
:10b35000fdff000095240000d8040000000000005c
:10b36000faff0000b0260000c0020000000000004c
:10b37000f7ff00001028000063010000000000003b
:10b38000f3ff0000e028000097000000000000002c
:10b39000f3ff0000492900002e000000000000001b
:020000040000fa
:020000040003f7
:10b3a0000180000001800000018000000180000099
:10b3b0000180000001800000018000000180000089
:10b3c0000180000001800000028000000680000073
:10b3d00020800000aa800000d68200009e89000024
:10b3e000119a000009b900004fe60000b0190000f2
:10b3f000f2460000d0650000b9750000557a0000e3
:10b40000b9750000d0650000f24600004fe600006c
:10b41000b1190000f7460000ef65000062760000f9
:10b420002a7d0000567f0000e07f0000fa7f0000c8
:10b43000b11900004fe6000009b90000119a0000a0
:10b440009e890000d6820000aa80000020800000b3
:10b4500006800000b119000050e600000eb900009f
:10b46000309a0000478a0000ab850000478a000040
:10b47000309a00000eb90000ff7f0000fe7f000040
:10b48000fa7f0000e07f0000567f00002a7d000068
:10b4900062760000ef650000f7460000ff7f0000c5
:10b4a000ff7f0000ff7f0000ff7f0000ff7f0000a4
:10b4b000ff7f0000ff7f0000ff7f0000ff7f000094
:020000040000fa
:020000040003f7
:10b4c00001000000050000000b000000100000005b
:10b4d0001000000007000000f5ff0000e1ff000081
:10b4e000d2ff0000cbff0000d1ff0000e2ff000010
:10b4f000feff00001f0000003d0000004f000000a4
:10b500004e0000003400000002000000beff0000fa
:10b5100074ff000034ff000015ff00002cff000046
:10b520008bff00003f0000004c010000a80200005b
:10b5300042040000fb050000b00700003a090000cb
:10b54000730a00003d0b0000820b00003d0b000061
:10b55000730a00003a090000b0070000fb05000074
:10b5600042040000a80200004c0100003f0000005f
:10b570008bff00002cff000015ff000034ff0000cf
:10b5800074ff0000beff0000020000003400000055
:10b590004e0000004f0000003d0000001f000000b2
:10b5a000feff0000e2ff0000d1ff0000cbff000023
:10b5b000d2ff0000e1ff0000f5ff000007000000df
:10b5c00010000000100000000b000000050000004b
:04b5d0000100000076
:020000040000fa
:020000040003f7
:10b5d400889fbe000003eb000200e0001700340067
:10b5e4008601780003037800f80f200047ff240049
:10b5f400611ab9000402420085824a008484400032
:10b60400040240009904780014826c0088026200ed
:10b614008502d000878242004822de000402d00066
:10b62400070242009502780014824200040343009a
:10b634008301e800828f5100edff3a000600780094
:10b644004f04be0000000600889fbe008a1f7800d9
:10b654000003eb000200e0001100340086017800d2
:10b6640003037800610cb8008000eb0047ff24005e
:10b67400611ab90008054200000242001a45780028
:10b6840014426d000482fb000402d0000702420051
:10b69400140343008301e800828f5100f4ff3a0051
:10b6a400060078004f0578004f04be000000060035
:10b6b40000017800f20fb2000201d00041ff240023
:10b6c400010141004800de000000d000810040007c
:0cb6d40012017800110041000000060087
:020000040000fa
:020000040003f7
:10b6e0008a000000b1000000a50000006100000019
:10b6f000ebff00005cff0000d6fe000081fe0000b2
:10b7000080fe0000e8fe0000b7ff0000d40000004b
:10b710000a02000014030000aa0300008a030000cc
:10b7200090020000be00000046fe000089fb000001
:10b730000cf9000067f700002ef70000d5f80000b4
:10b740009bfc000078020000140a0000d2120000e6
:10b75000da1b00003a240000042b0000702f0000c8
:10b76000f9300000702f0000042b00003a24000084
:10b77000da1b0000d2120000140a00007802000058
:10b780009bfc0000d5f800002ef7000067f70000d2
:10b790000cf9000089fb000046fe0000be0000001e
:10b7a000900200008a030000aa03000014030000b6
:10b7b0000a020000d4000000b7ff0000e8fe00000d
:10b7c00080fe000081fe0000d6fe00005cff00004d
:10b7d000ebff000061000000a5000000b1000000c8
:04b7e0008a000000db
:020000040000fa
:020000040003f7
:10b7e400c028ef004427ef0061042000313a8800ac
:10b7f400e40f500010003a0000aeef00e0b3280060
:10b8040080708800042eef0000042000a0708800df
:10b8140010002000707088001e2eef000c2eef0028
:10b82400e0812800e070880000012000507088004a
:10b834001a2eef000f00370000aeef00e0b2280030
:10b8440080708800042eef0000052000a07088009e
:10b8540010002000707088001e2eef000c2eef00e8
:10b86400e0802800e070880000012000507088000b
:10b874001a2eef0000fc2f002234800082006000aa
:10b884000100a0002134880002348000820060009e
:10b894003100b3000134880001f82f002236800003
:10b8a400828060005102b300213688008806b60009
:10b8b4000040a00040348800f08f2f004e08b600ee
:10b8c4000080a00070428800f0ff28004408b60001
:10b8d40000c0a0002042880000000600889fbe002f
:10b8e4000004be00e00f5000e08f58001900320041
:10b8f4001e21ef002021ef001821ef001421ef009a
:10b90400823e20000300200000002800413f200068
:10b91400ead60200010000008889b90080cab90093
:10b92400040141000800b80081004100d0088800eb
:10b93400e10888000388a9001e61a8001fe1a8008f
:10b94400010021001240800002806000fdff3200ef
:10b954001e21ef004f04be0000000600889fbe00b9
:10b964000004be001e21ef002021ef001621ef008d
:10b974001421ef0002242400f3002000000028001a
:10b98400413f2000ead60200010000008889b90086
:10b9940080cab900040141000800b80081004100d8
:10b9a400d0088800e10888000388a9001e61a80067
:10b9b4001fe1a80001002100124080000280600005
:10b9c400fdff32001e21ef004f04be000000060000
:020000040000fa
:020000040003f7
:10b9d400fdff0000f7ff0000efff0000e5ff00009f
:10b9e400d8ff0000c8ff0000b6ff0000a3ff00005e
:10b9f40090ff000080ff000077ff000078ff000048
:10ba040087ff0000a8ff0000ddff00002900000000
:10ba14008f0000000e010000a5010000510200008b
:10ba24000f030000d9030000a904000076050000fc
:10ba34003a060000eb06000084070000fc07000043
:10ba4400500800007b0800007b080000500800003c
:10ba5400fc07000084070000eb0600003a06000023
:10ba640076050000a9040000d90300000f030000bc
:10ba740051020000a50100000e0100008f0000002b
:10ba840029000000ddff0000a8ff000087ff000080
:10ba940078ff000077ff000080ff000090ff0000a7
:10baa400a3ff0000b6ff0000c8ff0000d8ff00009d
:10bab400e5ff0000efff0000f7ff0000fdff0000be
:020000040000fa
:020000040003f7
:10bac400deff0000caff0000b9ff0000b2ff000063
:10bad400bbff0000d4ff0000f3ff000001000000e2
:10bae400e4ff00008bff0000fffe00006afe000080
:10baf4000bfe00001efe0000b4fe00009fff0000cd
:10bb040071000000a1000000c7ff0000defd00007e
:10bb140065fb00004ff90000bff800009efa00002a
:10bb240030ff0000e1050000520d0000b9130000d1
:10bb34006b1700006b170000b9130000520d0000d2
:10bb4400e105000030ff00009efa0000bff800008d
:10bb54004ff9000065fb0000defd0000c7ff000098
:10bb6400a1000000710000009fff0000b4fe00006f
:10bb74001efe00000bfe00006afe0000fffe000037
:10bb84008bff0000e4ff000001000000f3ff000051
:10bb9400d4ff0000bbff0000b2ff0000b9ff0000ab
:08bba400caff0000deff0000f3
:020000040000fa
:020000040003f7
:10bbac002023ef0021a3a8002183a8002143a80093
:10bbbc00f0cf2f002003b6000080a00000198800f1
:10bbcc00f0f12f002003b6000070a00000198800cf
:10bbdc002083a9002043a8002223ef002423ef0098
:10bbec0025e3a80000f021002423b7003223ef0046
:10bbfc003303a8002623ef002823ef002e23ef00a9
:10bc0c003023ef000e0ea80021e3a8000000060070
:10bc1c00002bef002023ef000000060083ff2f0015
:10bc2c0014428000848161006300b30013428800d9
:10bc3c00002bef000330200063588800d300200055
:10bc4c00135888000201e90072588800062bef0097
:10bc5c00205888000a2bef00415888000088a90062
:10bc6c002088a800c0ff2f00000bb6000010a00019
:0cbc7c000058880001eba8000000060042
:020000040000fa
:020000040003f7
:10bc8800faff000000000000c7ff000000000000ed
:10bc980056ff00000000000098fe000000000000b1
:10bca8007cfd000000000000e9fb0000000000002f
:10bcb800b8f90000000000009df600000000000038
:10bcc800f4f100000000000014ea00000000000089
:10bcd800ced80000000000004a86000000000000e6
:10bce800b6790000000000003227000000000000c4
:10bcf800ec150000000000000c0e00000000000021
:10bd08006309000000000000480600000000000071
:10bd1800170400000000000084020000000000007a
:10bd28006801000000000000aa00000000000000f8
:0cbd3800390000000000000006000000c0
:020000040000fa
:020000040003f7
:10bd440078000000c1ff0000fcfe0000f3fe0000cc
:10bd5400f5ff000057010000b70100000e000000cd
:10bd6400e5fc0000cffa00006bfd00005407000062
:10bd740015180000812b0000203b00001d4100002d
:10bd8400203b0000812b0000151800005407000020
:10bd94006bfd0000cffa0000e5fc00000e0000007f
:10bda400b701000057010000f5ff0000f3fe00009a
:0cbdb400fcfe0000c1ff00007800000051
:020000040000fa
:020000040003f7
:10bdc0001f00000041000000640000006a00000045
:10bdd0001f0000005cff00003bfe00003cfd000077
:10bde0002bfd0000ddfe0000c20200008f080000f5
:10bdf0002c0f0000fb140000611800006118000007
:10be0000fb1400002c0f00008f080000c20200008d
:10be1000ddfe00002bfd00003cfd00003bfe0000ad
:10be20005cff00001f0000006a00000064000000ca
:08be3000410000001f000000aa
:020000040000fa
:020000040003f7
:10be3800000000007f1900004a0f0000fdff00000d
:10be480013220000b8060000f3ff000016270000c8
:10be5800c0010000d6ff000004290000efff000029
:10be6800b0ff000068290000b0ff0000efff0000ed
:10be780004290000d6ff0000c001000016270000ba
:10be8800f3ff0000b806000013220000fdff0000c9
:0cbe98004a0f00007f19000000000000ad
:020000040000fa
:020000040003f7
:10bea40042010000b0010000a5020000cc03000024
:10beb400140500006b060000b6070000dc08000053
:10bec400c3090000570a0000890a0000570a00004d
:10bed400c3090000dc080000b60700006b06000080
:10bee40014050000cc030000a5020000b00100000e
:04bef4004201000007
:020000040000fa
:020000040003f7
:10bef80000000000fd14000067230000ba260000bf
:10bf0800ec1d0000bf0b0000e4f5000033e3000067
:10bf180088d90000e9db000098e900004cfe000029
:10bf280088130000a6220000ea260000fe1e00007a
:08bf38005c0d00008cf7000015
:020000040000fa
:020000040003f7
:10bf400010270000c8170000e4f50000e9db00003e
:10bf50002cde0000e7fa00009f1b0000ba2600005c
:10bf6000881300000df1000045da000002e1000036
:10bf700000000000fe1e0000bb250000f30e0000c4
:08bf800078ec000046d9000036
:020000040000fa
:020000040003f7
:10bf880000000000fe1e0000bb250000f30e0000ac
:10bf980078ec000046d9000061e4000019050000b3
:10bfa800d4210000172400001c0a000038e8000013
:10bfb800f0d8000038e800001c0a00001724000030
:08bfc800d4210000190500005e
:020000040000fa
:020000040003f7
:10bfd0009afe0000b7fd00009efd0000c1ff0000ba
:10bfe000e7040000a10c000024150000d01b000095
:10bff000581e0000d01b000024150000a10c0000fa
:10c00000e7040000c1ff00009efd0000b7fd000036
:04c010009afe000094
:020000040000fa
:020000040003f7
:10c014000300000001000000020000000000000016
:10c024000200000003000000000000000100000006
:10c0340001000000000000000300000002000000f6
:10c0440000000000020000000100000003000000e6
:020000040000fa
:020000040003f7
:10c054000000000041000000b000000040000000ab
:10c06400a3000000f10000000200000093000000a3
:10c074009100000092000000a0000000a200000057
:10c08400310000002200000023000000f300000043
:020000040000fa
:020000040003f7
:10c09400010000000100000000000000000000009a
:10c0a400010000000000000001000000000000008a
:10c0b400000000000100000000000000010000007a
:10c0c400000000000000000001000000010000006a
:020000040000fa
:020000040003f7
:10c0d400010000000000000001000000000000005a
:10c0e400000000000000000001000000010000004a
:10c0f400010000000100000000000000000000003a
:10c104000000000001000000000000000100000029
:020000040000fa
:020000040003f7
:10c114001821ef002021ef000000e900e00888006a
:10c1240021a1a80020c1a9002021a900f0fc2f0012
:10c134002021b60021e1a8000388a9002388a900d2
:04c1440000000600f1
:020000040000fa
:020000040003f7
:10c1480010270000ec1d0000c806000078ec000075
:10c158004bdb00004bdb000078ec0000c806000059
:10c16800ec1d000010270000ec1d0000c8060000b0
:020000040000fa
:020000040003f7
:10c17800000000001c19000078260000d4210000ef
:10c188005c0d0000a4f200002cde000088d900003d
:10c19800e4e60000000000001c19000078260000fa
:020000040000fa
:020000040003f7
:10c1a800102700009f1b00000000000061e4000051
:10c1b800f0d8000061e40000000000009f1b0000b0
:10c1c800102700009f1b00000000000061e4000031
:020000040000fa
:020000040003f7
:10c1d800000000009f1b0000102700009f1b0000ac
:10c1e8000000000061e40000f0d8000061e40000f5
:10c1f800000000009f1b0000102700009f1b00008c
:020000040000fa
:020000040003f7
:10c20800007100006213000054250000364700004a
:10c21800384900005a2b00006c1d00000e7f0000fa
:020000040000fa
:020000040003f7
:10c2280000000000267e0000ba2a0000539000009b
:10c2380073af000065540000226d000092d000002a
:020000040000fa
:020000040003f7
:10c24800ff7f0000ad1500005887000075c1000091
:10c25800796300003c6000001fbd00001e890000db
:020000040000fa
:020000040003f7
:10c2680000000000e67f00000b0a0000e4800000e8
:10c27800faeb0000897d0000e11d0000cf8400007a
:020000040000fa
:020000040003f7
:10c28800ff7f00000605000066800000f5f0000052
:10c298006c7e0000f91800008a83000042dd00006f
:020000040000fa
:020000040003f7
:10c2a80000000000d47e000035220000668a0000ed
:10c2b80014be0000d2630000d85c000038b500004e
:020000040000fa
:020000040003f7
:10c2c800ff7f000043110000a984000079cd000021
:10c2d800b76d00001e500000e5a700001f98000081
:020000040000fa
:020000040003f7
:10c2e80000000000ff7f00001e0100000480000025
:10c2f800c4fd0000f77f00005a0300001080000012
:020000040000fa
:020000040003f7
:10c30800ff7f00008f0000000280000053fe000045
:10c31800fa7f0000cb0200000c80000017fc000030
:020000040000fa
:020000040003f7
:10c328002108a900003190009031900062289800ff
:0cc33800732898002108a80000000600ef
:020000040000fa
:020000040003f7
:10c3440004000000050000000600000007000000d3
:020000040000fa
:020000040003f7
:10c3540003000000020000000100000000000000d3
:020000040000fa
:020000040003f7
:10c3640000000000010000000000000000000000c8
:020000040000fa
:020000040003f7
:10c3740002000000030000000000000000000000b4
:020000040000fa
:020000040003f7
:10c38400070000000700000000000000000000009b
:020000040000fa
:020000040003f7
:10c394000100000003000000ffff0000fdff00009b
:020000040000fa
:02000004000af0
:108800002f08b000889fbe008a9fbe008c9fbe00cc
:108810008e1f7800c3e8a9002168a9002188a9005b
:108820000168a9000188a900c028ef004427ef00d3
:1088300060042000303a880000aeef00e0b228006b
:1088400080708800042eef0000052000a0708800d2
:1088500010002000707088001e2eef000c2eef001c
:108860001c2eef000a2eef001a2eef0000fc2f0046
:1088700022348000820060000100a00021348800c2
:1088800001f82f0023368000838060005102b3007e
:108890002136880004348000840060003100b30079
:1088a000013488008806b6000040a00040348800eb
:1088b0000a2ea8001a2ea8002022ef00f011200096
:1088c000401188008000280000118800005120001d
:1088d00010118800800409000000000015aea800f7
:1088e00014eea800158ea80015cea80000002200e6
:1088f0000100200002002300030020000008eb001c
:1089000062004000e0804800820f5000838f5800d2
:10891000faff3a006033b800e6a79f00f7a79f0070
:1089200014002000949f9f000004eb00a89f9f006c
:108930006055b800baa79f00cba79f00fa979f0089
:108940008b9f9f0088057800dba79f006011b8000f
:108950008b027800c59f9f00b59f9f00d59f9f0009
:10896000f59f9f00e59f9f006000b8000c0022006b
:108970008ca79f00cdf92f008d864700ed979f00b3
:108980000d83e8006134b800b8979f00c9979f0035
:1089900049f92f0089844700d9979f000985e8008d
:1089a000aa979f00060037006fa69700ffa69700c2
:1089b00061064600e0864e00eca79f00fda79f00e1
:1089c0000400e0001200320006242400f70020001a
:1089d0006fa49700ffa49700860f5400878f5c0058
:1089e0000b003a00071020000004be001a1180009e
:1089f0008a806300fdff32000800be00b60420003c
:108a0000261188006066b800eca79f00fda79f00b4
:108a10000060fe002202ab00e3ff32003411800050
:108a200026052000860f520002003a000000fe00da
:108a30001300370066052000860f520010003a0030
:108a400006102000850378000002be0007007800b1
:108a50001d1180008d006300fdff320000037800cf
:108a60000400be008602780044042000241188001f
:108a700015cea9000002eb00d4a79f006b013700c0
:108a80005fa497006143b900ea0f5300e08f5b00d9
:108a900066013e00060601000a0037004d0037005f
:108aa000630037007d00370092003700a9003700cf
:108ab000c0003700dc003700f10037000c01370040
:108ac0003b01370015cea900a6032000860f5200f7
:108ad00056013a009f9c97000900e00035003200e3
:108ae0002c27ef002a27ef003000240040398800af
:108af0000600fc005005200070398800a00a200004
:108b00007039880029e7a80000000000000000007c
:108b10002807e200feff35000005eb00da8f9f001a
:108b2000a00f2000a002880001402400010dbb001e
:108b300020002000008dbb00510020000108bb0078
:108b40008a0078000188bb002c27ef002a27ef005d
:108b500010002400403988000600fc005005200069
:108b600070398800a00a20007039880029e7a80021
:108b700000000000000000002807e200feff3500b2
:108b80000000eb00a08f9f00b08f9f00c08f9f0060
:108b9000909f9f00fc0020000d002000bca79f00bc
:108ba000cda79f000280200003002000400020008d
:108bb00001002000dfa697008d06e800dda79f00da
:108bc0008002eb00c59f9f00b59f9f00d59f9f002f
:108bd00048033700158ea90006fd2f00040343004b
:108be000e90f53000d003600f6f92f00040343008f
:108bf000e50f530003003e0096fa2f0004034300e4
:108c000006003700f6fb2f0004034300e50f530076
:108c100053033e0096fc2f00040343004433dd0061
:108c2000b69f9f0024002000d4a79f00ff003700bc
:108c300014eea90006fd2f0004034300e90f5300c2
:108c40000d003600f6f92f0004034300e50f530032
:108c500003003e0096fa2f0004034300060037008d
:108c6000f6fb2f0004034300e50f530044033e00ce
:108c700096fc2f0004034300bf9b970087037300fb
:108c8000b79f9f005f9c970007044400d89f9f00f8
:108c900039002000d9a79f00e400370006fd2f000f
:108ca00004034300e90f53000d003600f6f92f00ce
:108cb00004034300e50f530003003e0096fa2f0023
:108cc0000403430006003700f6fb2f0004034300b3
:108cd000e50f530032033e0096fc2f0004034300cf
:108ce0004c33dd00e69f9f004a002000daa79f007a
:108cf000ce00370006fd2f0004034300e90f5300a8
:108d00000d003600f6f92f0004034300e50f530071
:108d100003003e0096fa2f000403430006003700cc
:108d2000f6fb2f0004034300e50f530024033e002d
:108d300096fc2f00040343004833dd00ef9d9700ad
:108d40008b057300eb9f9f005c002000dca79f0059
:108d5000b600370006fd2f0004034300e90f53005f
:108d60000d003600f6f92f0004034300e50f530011
:108d700003003e0096fa2f0004034300060037006c
:108d8000f6fb2f0004034300e50f530014033e00dd
:108d900096fc2f00040343004433dd00ef9e970050
:108da0008d067300ed9f9f0064002000d4a79f00f4
:108db0009e00370006fd2f0004034300e90f530017
:108dc0000d003600f6f92f0004034300e50f5300b1
:108dd00003003e0096fa2f0004034300060037000c
:108de000f6fb2f0004034300e50f530004033e008d
:108df00096fc2f0004034300ef9b9700870373004a
:108e0000e79f9f00483bde000782fb00040243000f
:108e10005f9c970004044400d89f9f0079002000c5
:108e2000d9a79f008100370006fd2f0004034300ef
:108e3000e90f53000d003600f6f92f00040343003c
:108e4000e50f530003003e0096fa2f000403430091
:108e500006003700f6fb2f0004034300e50f530024
:108e6000ef023e0096fc2f00040343004433dd0074
:108e7000f69f9f008a002000daa79f006b00370052
:108e800006fd2f0004034300e90f53000d003600d8
:108e9000f6f92f0004034300e50f530003003e00e2
:108ea00096fa2f000403430006003700f6fb2f005c
:108eb00004034300e50f5300e1023e0096fc2f003f
:108ec00004034300ff9d97008b057300fb9f9f00e9
:108ed0005f9e97000b064600dc9f9f009d002000d0
:108ee000dda79f000002eb00c49f9f004f003700ea
:108ef000ed0f520002003200ea0f52000c003a005f
:108f0000150020002f7b97000604e00001003200ce
:108f10002500200015aea80014eea800158ea800ac
:108f200015cea8008003eb00d7a79f003f003700b5
:108f30004f9c97000803d00029f72f008f8444002e
:108f400006834400000beb0006fd2f0004034300e2
:108f5000e90f53000d003600f6f92f00040343001b
:108f6000e50f530003003e0096fa2f000403430070
:108f700006003700f6fb2f0004034300e50f530003
:108f8000b7023e0096fc2f00040343004f9d97005c
:108f90000a02d0004433dd0086057800e408b10001
:108fa0008b377a00ac002000dca79f001f00370041
:108fb00006fd2f0004034300e90f53000d003600a7
:108fc000f6f92f0004034300e50f530003003e00b1
:108fd00096fa2f000403430006003700f6fb2f002b
:108fe00004034300e50f5300a5023e0096fc2f004a
:108ff00004034300cf9e97000d02d00027f72f00f7
:109000008f8343000482430014037300060a780030
:109010005f9c970006044400d89f9f008d06e800df
:10902000cd9f9f0099002000d9a79f00e18f52009b
:1090300030023a007f9d9700e10f5500ec003200ae
:1090400003003900e40f55000f023a00090237000f
:10905000bf9e9700616eb800acb79f00bdb79f0080
:10906000e00f5600e08f5e000c0232007f93970005
:109070008f9b9700c032dd0004002000ef9b97001b
:1090800004824300e0824a000004eb006033b80031
:1090900019002000c9af9f002bf72f008f854500d6
:1090a000615db8008ab79f009bb79f003fa69700fd
:1090b000cfa697008c0f52008d8f5a00800036008b
:1090c00063054000e0854800eaaf9f00fbaf9f00ca
:1090d000fc3f24005d0020008c0f55008d8f5d004b
:1090e00077003e00820f5000838f58001d0039002a
:1090f0000a802f0039002400e6af9f00f7af9f00e1
:109100000403be0063398800820665005d3988006b
:10911000493988000600fc00550520007539880093
:10912000a50a20007539880029e7a8000000000082
:10913000000000002807e200feff35000480200048
:10914000050020000201420083814a00800f510087
:10915000818f5900ebff36000602be006fab97000f
:10916000ffab9700a90f2000a90288008004eb0044
:109170002f8d97008a0cbb00bf8d97008b8cbb0096
:10918000290020004f8e97008c0cbb00df8e9700cb
:109190008d8cbb00400dde000b0020000a0778001c
:1091a0006a39880080047800503988001a00240049
:1091b0004a3988000600fc005a0520007a398800e8
:1091c000aa0a20007a39880029e7a80000000000d8
:1091d000000000002807e200feff3500ae02880014
:1091e0001905ba00ea8f9f009985ba00fb8f9f008e
:1091f0002f8e97008c0f550004003a00bf8e970009
:109200008b8f560004003a00050037000005eb0084
:10921000caaf9f00020037008005eb00cbaf9f0074
:1092200062004000e0804800a10288008984e800d4
:109230001900ba0080979f009984ba0099979f00ff
:109240004f8e97008c0f500004003a00df8e97007d
:109250008d8f540004003a00050037000000eb0039
:10926000c0af9f00020037008000eb00c1af9f003d
:109270008500d1000480d30081047800a9a79f0055
:10928000c9ff2f008084640099a79f001fa097004a
:10929000afa09700000540008185480067064500a3
:1092a000e0864d00bca79f00cda79f008004eb0087
:1092b000a98f9f00b98f9f00c98f9f00d98f9f00f2
:1092c000fdff20008d0f5200e08f5a00190036007c
:1092d0008505d1000485d300e30465000408a300dc
:1092e0000c0032008904d0002902b0002af72f00b8
:1092f0000f054500890445000805d0008fb597008b
:109300000b0545001a0578004855dd00990c7500dd
:109310002a0037008904d0000805d0000fb6970056
:109320000c0545009a067800c906b1008db77c008f
:10933000220037008505d1000485d300e3046500d1
:109340000408a300110032000807d0000fb69700f0
:109350000c0747001e0778004877dd008904d0001d
:109360002902b0002df72f008f8646008984460021
:10937000990c77000a0545008b854d008fa4970056
:109380000a8544001a0d77000c0037000807d0004a
:109390000fb697000c0747001e0778008904d0001d
:1093a000c906b1008eb77c000a0545008b854d00cb
:1093b0008fa497000a8544000e0d780061034300d6
:1093c000e0834b000804e80061024200e0824a00aa
:1093d0002fb59700bfb59700860f5500878f5d00aa
:1093e00032ff3e001b002000ab9f9f00280137008a
:1093f0001b0020002f9e97000c00e0006e00320042
:109400008006eb00ad9f9f00f43f24005500200034
:10941000840f5000858f580067003e00820f500077
:10942000838f58001700390005802f003800240072
:109430000680200007002000633988000282620055
:1094400054398800483988000600fc005405200083
:1094500074398800a40a20007439880029e7a8001c
:1094600000000000000000002807e200feff3500b9
:109470000201430083814b00820f5000838f58000c
:10948000edff3100a20f2000a20288000001eb00d6
:10949000af8a97000509bb00bf8997000389bb000d
:1094a00022002000cf8997000309bb00df899700c5
:1094b0000389bb00613988005039880012002400fc
:1094c000423988000600fc005205200072398800ed
:1094d000a20a20007239880029e7a80000000000d5
:1094e000000000002807e200feff35000003eb004b
:1094f0001b002000ef939700613eb800df949700b7
:10950000614cb80088b79f0099b79f0006047800a7
:10951000af9197006119b800e2af9f00f3af9f00d1
:10952000ccaf9f00ddaf9f00a10288009003ba007e
:109530006136b800acb79f00bdb79f004269dd003f
:10954000ce61de00830171004261dd00cfae970085
:109550008d024100870a78001082ba00bf949700fc
:1095600089034100840b78000fb597008a034100fe
:1095700095027800978f520005003a006fae970071
:109580000c014100920f520003003a000300370023
:109590008805780001003700880578000603e80098
:1095a00062004000e0804800e20f5300deff3a0016
:1095b0008006eb00ad9f9f002c27ef002a27ef00cd
:1095c00030002400403988000600fc0050052000cf
:1095d00070398800a00a20007039880029e7a800a7
:1095e00000000000000000002807e200feff350038
:1095f00022002000030020000002eb006000b80001
:109600008fa29700e5af9f00050378008682e800ef
:10961000612cb800c8af9f00d9af9f00e40243009f
:10962000612eb800acaf9f00bdaf9f00e6024300c3
:10963000612bb80086af9f0097af9f00ebb79f00ec
:10964000a50f2000a50288006123b800433cdd007f
:10965000cd34de00890474004334dd00a8b79f00d8
:10966000b9b79f006fae97000805be00080446001a
:10967000e0844c008002eb00980abb004fab9700df
:10968000dfab97000a0343008b834b00c6b79f00f4
:10969000d7b79f00968abb002fae9700bfae97004a
:1096a0000a0346008b834e002d002000960ebb005f
:1096b0000fae97009fae97000a0546008b854e00bf
:1096c0008ab79f009bb79f002d0020009a8ebb0099
:1096d000400ede000d0020008c0278006c398800fe
:1096e00000057800503988001e0024004e3988009b
:1096f0000600fc005e0520007e398800ae0a2000ce
:109700007e39880029e7a800000000000000000062
:10971000efb59700f2b79f0083bf9f004fb6970049
:10972000dfb69700a6b79f00b7b79f002807e200f3
:10973000feff3500ebb79f007fb197008fb9970010
:10974000ccb79f00ddb79f002fb39700bfb3970042
:10975000a50288009a02ba00e58f9f001a85ba0018
:10976000fa8f9f00988f520004003a004fb697007e
:109770009c0f550004003a00050037000004eb0080
:10978000e8b79f00020037008004eb00e9b79f00b4
:10979000a30288009202ba0085979f001284ba0043
:1097a00098979f00968f520004003a008fb297005e
:1097b000950f540004003a00050037000005eb0047
:1097c000eab79f00020037008005eb00ebb79f006f
:1097d00064004000e08048000402e80064014100a9
:1097e000e08149000c8020008c0f5000e08f580071
:1097f00093ff3a00efb59700020021008fa6970073
:10980000828646008da79f0002102000e18f550040
:109810000f003a00820178000002be0010118000a3
:1098200080806100fdff3200a20520002211880027
:10983000031020001211800082806100fdff3200c1
:109840000400be000000fe006011b80013003700e5
:109850000002be001311800083006100fdff320092
:109860000400be0062042000221188006011b800cc
:10987000150037002f3a97006123b800f6979f0034
:10988000879f9f000500370017002000c7af9f008b
:109890004fac9700e10f54000b003a000510200078
:1098a0000003be001911800089806200fdff3200b4
:1098b0000600be00b4042000241188000002eb0062
:1098c0008402780038fc3700051020000003be0039
:1098d0001a1180008a806200fdff32000600be007f
:1098e00064042000241188000002eb008402780048
:1098f0002dfc3700e28f52000b003a0005102000cb
:109900000003be001b1180008b806200fdff32004f
:109910000600be00e4042000241188000002eb00d1
:109920008402780020fc37000002eb00e38f520035
:109930001dfc3a00051020000003be001c11800031
:109940008c806200fdff32000600be00840520000e
:10995000241188000002eb008402780012fc37001a
:1099600015aea80014eea800158ea80015cea8000c
:109970008006eb00dda79f0035002000ddff3700eb
:1099800015aea80014eea800158ea80015cea800ec
:109990000002eb00d4a79f0035002000d5ff370060
:1099a00015aea80014eea800158ea80015cea800cc
:1099b0008002eb00d5a79f0035002000cdff3700c7
:1099c00015aea80014eea800158ea80015cea800ac
:1099d0000003eb00d6a79f0035002000c5ff37002d
:1099e00015aea80014eea800158ea80015cea8008c
:1099f0008003eb00d7a79f0035002000bdff370094
:109a000015aea80014eea800158ea80015cea8006b
:109a10000004eb00d8a79f0035002000b5ff3700f9
:109a200015aea80014eea800158ea80015cea8004b
:109a30008004eb00d9a79f0035002000adff370060
:109a400015aea80014eea800158ea80015cea8002b
:109a50000005eb00daa79f0035002000a5ff3700c6
:109a600015aea80014eea800158ea80015cea8000b
:109a70008005eb00dba79f00350020009dff37002d
:109a800015aea80014eea800158ea80015cea800eb
:109a90000006eb00dca79f002500200095ff3700a3
:109aa00000000000000000000000000000000000b6
:109ab00000000000000000000000000000000000a6
:109ac0000000000000000000000000000000000096
:109ad0000000000000000000000000000000000086
:109ae0000000000000000000000000000000000076
:109af0000000000000000000000000000000000066
:109b00000000000000000000000000000000000055
:109b10000000000000000000000000000000000045
:109b20000000000000000000000000000000000035
:109b30000000000000000000000000000000000025
:109b40000000000000000000000000000000000015
:109b50000000000000000000000000000000000005
:109b600000000000000000000000000000000000f5
:109b700000000000000000000000000000000000e5
:109b800000000000000000000000000000000000d5
:109b900000000000000000000000000000000000c5
:109ba00000000000000000000000000000000000b5
:109bb00000000000000000000000000000000000a5
:109bc0000000000000000000000000000000000095
:109bd0000000000000000000000000000000000085
:109be0000000000000000000000000000000000075
:109bf0000000000000000000000000000000000065
:109c00000000000000000000000000000000000054
:109c10000000000000000000000000000000000044
:109c20000000000000000000000000000000000034
:109c30000000000000000000000000000000000024
:109c40000000000000000000000000000000000014
:109c50000000000000000000000000000000000004
:109c600000000000000000000000000000000000f4
:109c700000000000000000000000000000000000e4
:109c800000000000000000000000000000000000d4
:109c900000000000000000000000000000000000c4
:109ca00000000000000000000000000000000000b4
:109cb00000000000000000000000000000000000a4
:109cc0000000000000000000000000000000000094
:109cd0000000000000000000000000000000000084
:109ce0000000000000000000000000000000000074
:109cf0000000000000000000000000000000000064
:109d00000000000000000000000000000000000053
:109d10000000000000000000000000000000000043
:109d20000000000000000000000000000000000033
:109d30000000000000000000000000000000000023
:109d40000000000000000000000000000000000013
:109d50000000000000000000000000000000000003
:109d600000000000000000000000000000000000f3
:109d700000000000000000000000000000000000e3
:109d800000000000000000000000000000000000d3
:109d900000000000000000000000000000000000c3
:109da00000000000000000000000000000000000b3
:109db00000000000000000000000000000000000a3
:109dc0000000000000000000000000000000000093
:109dd0000000000000000000000000000000000083
:109de0000000000000000000000000000000000073
:109df0000000000000000000000000000000000063
:109e00000000000000000000000000000000000052
:109e10000000000000000000000000000000000042
:109e20000000000000000000000000000000000032
:109e30000000000000000000000000000000000022
:109e40000000000000000000000000000000000012
:109e50000000000000000000000000000000000002
:109e600000000000000000000000000000000000f2
:109e700000000000000000000000000000000000e2
:109e800000000000000000000000000000000000d2
:109e900000000000000000000000000000000000c2
:109ea00000000000000000000000000000000000b2
:109eb00000000000000000000000000000000000a2
:109ec0000000000000000000000000000000000092
:109ed0000000000000000000000000000000000082
:109ee0000000000000000000000000000000000072
:109ef0000000000000000000000000000000000062
:109f00000000000000000000000000000000000051
:109f10000000000000000000000000000000000041
:109f20000000000000000000000000000000000031
:109f30000000000000000000000000000000000021
:109f40000000000000000000000000000000000011
:109f50000000000000000000000000000000000001
:109f600000000000000000000000000000000000f1
:109f700000000000000000000000000000000000e1
:109f800000000000000000000000000000000000d1
:109f900000000000000000000000000000000000c1
:109fa00000000000000000000000000000000000b1
:109fb00000000000000000000000000000000000a1
:109fc0000000000000000000000000000000000091
:109fd0000000000000000000000000000000000081
:109fe0000000000000000000000000000000000071
:109ff0000000000000000000000000000000000061
:10a000000000000000000000000000000000000050
:10a010000000000000000000000000000000000040
:10a020000000000000000000000000000000000030
:10a030000000000000000000000000000000000020
:10a040000000000000000000000000000000000010
:10a050000000000000000000000000000000000000
:10a0600000000000000000000000000000000000f0
:10a0700000000000000000000000000000000000e0
:10a0800000000000000000000000000000000000d0
:10a0900000000000000000000000000000000000c0
:10a0a00000000000000000000000000000000000b0
:10a0b00000000000000000000000000000000000a0
:10a0c0000000000000000000000000000000000090
:10a0d0000000000000000000000000000000000080
:10a0e0000000000000000000000000000000000070
:10a0f0000000000000000000000000000000000060
:10a10000000000000000000000000000000000004f
:10a11000000000000000000000000000000000003f
:10a12000000000000000000000000000000000002f
:10a13000000000000000000000000000000000001f
:10a14000000000000000000000000000000000000f
:10a1500000000000000000000000000000000000ff
:10a1600000000000000000000000000000000000ef
:10a1700000000000000000000000000000000000df
:10a1800000000000000000000000000000000000cf
:10a1900000000000000000000000000000000000bf
:10a1a00000000000000000000000000000000000af
:10a1b000000000000000000000000000000000009f
:10a1c000000000000000000000000000000000008f
:10a1d000000000000000000000000000000000007f
:10a1e000000000000000000000000000000000006f
:10a1f000000000000000000000000000000000005f
:10a20000000000000000000000000000000000004e
:10a21000000000000000000000000000000000003e
:10a22000000000000000000000000000000000002e
:10a23000000000000000000000000000000000001e
:10a24000000000000000000000000000000000000e
:10a2500000000000000000000000000000000000fe
:10a2600000000000000000000000000000000000ee
:10a2700000000000000000000000000000000000de
:10a2800000000000000000000000000000000000ce
:10a2900000000000000000000000000000000000be
:10a2a00000000000000000000000000000000000ae
:10a2b000000000000000000000000000000000009e
:10a2c000000000000000000000000000000000008e
:10a2d000000000000000000000000000000000007e
:10a2e000000000000000000000000000000000006e
:10a2f000000000000000000000000000000000005e
:10a30000000000000000000000000000000000004d
:10a31000000000000000000000000000000000003d
:10a32000000000000000000000000000000000002d
:10a33000000000000000000000000000000000001d
:10a34000000000000000000000000000000000000d
:10a3500000000000000000000000000000000000fd
:10a3600000000000000000000000000000000000ed
:10a3700000000000000000000000000000000000dd
:10a3800000000000000000000000000000000000cd
:10a3900000000000000000000000000000000000bd
:10a3a00000000000000000000000000000000000ad
:10a3b000000000000000000000000000000000009d
:10a3c000000000000000000000000000000000008d
:10a3d000000000000000000000000000000000007d
:10a3e000000000000000000000000000000000006d
:10a3f000000000000000000000000000000000005d
:10a40000000000000000000000000000000000004c
:10a41000000000000000000000000000000000003c
:10a42000000000000000000000000000000000002c
:10a43000000000000000000000000000000000001c
:10a44000000000000000000000000000000000000c
:10a4500000000000000000000000000000000000fc
:10a4600000000000000000000000000000000000ec
:10a4700000000000000000000000000000000000dc
:10a4800000000000000000000000000000000000cc
:10a4900000000000000000000000000000000000bc
:10a4a00000000000000000000000000000000000ac
:10a4b000000000000000000000000000000000009c
:10a4c000000000000000000000000000000000008c
:10a4d000000000000000000000000000000000007c
:10a4e000000000000000000000000000000000006c
:10a4f000000000000000000000000000000000005c
:10a50000000000000000000000000000000000004b
:10a51000000000000000000000000000000000003b
:10a52000000000000000000000000000000000002b
:10a53000000000000000000000000000000000001b
:10a54000000000000000000000000000000000000b
:10a5500000000000000000000000000000000000fb
:10a5600000000000000000000000000000000000eb
:10a5700000000000000000000000000000000000db
:10a5800000000000000000000000000000000000cb
:10a5900000000000000000000000000000000000bb
:10a5a00000000000000000000000000000000000ab
:10a5b000000000000000000000000000000000009b
:10a5c000000000000000000000000000000000008b
:10a5d000000000000000000000000000000000007b
:10a5e000000000000000000000000000000000006b
:10a5f000000000000000000000000000000000005b
:10a60000000000000000000000000000000000004a
:10a61000000000000000000000000000000000003a
:10a62000000000000000000000000000000000002a
:10a63000000000000000000000000000000000001a
:10a64000000000000000000000000000000000000a
:10a6500000000000000000000000000000000000fa
:10a6600000000000000000000000000000000000ea
:10a6700000000000000000000000000000000000da
:10a6800000000000000000000000000000000000ca
:10a6900000000000000000000000000000000000ba
:10a6a00000000000000000000000000000000000aa
:10a6b000000000000000000000000000000000009a
:10a6c000000000000000000000000000000000008a
:10a6d000000000000000000000000000000000007a
:10a6e000000000000000000000000000000000006a
:10a6f000000000000000000000000000000000005a
:10a700000000000000000000000000000000000049
:10a710000000000000000000000000000000000039
:10a720000000000000000000000000000000000029
:10a730000000000000000000000000000000000019
:10a740000000000000000000000000000000000009
:10a7500000000000000000000000000000000000f9
:10a7600000000000000000000000000000000000e9
:10a7700000000000000000000000000000000000d9
:10a7800000000000000000000000000000000000c9
:10a7900000000000000000000000000000000000b9
:10a7a00000000000000000000000000000000000a9
:10a7b0000000000000000000000000000000000099
:10a7c0000000000000000000000000000000000089
:10a7d0000000000000000000000000000000000079
:10a7e0000000000000000000000000000000000069
:10a7f0000000000000000000000000000000000059
:10a800000000000000000000000000000000000048
:10a810000000000000000000000000000000000038
:10a820000000000000000000000000000000000028
:10a830000000000000000000000000000000000018
:10a840000000000000000000000000000000000008
:10a8500000000000000000000000000000000000f8
:10a8600000000000000000000000000000000000e8
:10a8700000000000000000000000000000000000d8
:10a8800000000000000000000000000000000000c8
:10a8900000000000000000000000000000000000b8
:10a8a00000000000000000000000000000000000a8
:10a8b0000000000000000000000000000000000098
:10a8c0000000000000000000000000000000000088
:10a8d0000000000000000000000000000000000078
:10a8e0000000000000000000000000000000000068
:10a8f0000000000000000000000000000000000058
:10a900000000000000000000000000000000000047
:10a910000000000000000000000000000000000037
:10a920000000000000000000000000000000000027
:10a930000000000000000000000000000000000017
:10a940000000000000000000000000000000000007
:10a9500000000000000000000000000000000000f7
:10a9600000000000000000000000000000000000e7
:10a9700000000000000000000000000000000000d7
:10a9800000000000000000000000000000000000c7
:10a9900000000000000000000000000000000000b7
:10a9a00000000000000000000000000000000000a7
:10a9b0000000000000000000000000000000000097
:10a9c0000000000000000000000000000000000087
:10a9d0000000000000000000000000000000000077
:10a9e0000000000000000000000000000000000067
:10a9f0000000000000000000000000000000000057
:10aa00000000000000000000000000000000000046
:10aa10000000000000000000000000000000000036
:10aa20000000000000000000000000000000000026
:10aa30000000000000000000000000000000000016
:10aa40000000000000000000000000000000000006
:10aa500000000000000000000000000000000000f6
:10aa600000000000000000000000000000000000e6
:10aa700000000000000000000000000000000000d6
:10aa800000000000000000000000000000000000c6
:10aa900000000000000000000000000000000000b6
:10aaa00000000000000000000000000000000000a6
:10aab0000000000000000000000000000000000096
:10aac0000000000000000000000000000000000086
:10aad0000000000000000000000000000000000076
:10aae0000000000000000000000000000000000066
:10aaf0000000000000000000000000000000000056
:10ab00000000000000000000000000000000000045
:10ab10000000000000000000000000000000000035
:10ab20000000000000000000000000000000000025
:10ab30000000000000000000000000000000000015
:10ab40000000000000000000000000000000000005
:10ab500000000000000000000000000000000000f5
:10ab600000000000000000000000000000000000e5
:10ab700000000000000000000000000000000000d5
:10ab800000000000000000000000000000000000c5
:10ab900000000000000000000000000000000000b5
:10aba00000000000000000000000000000000000a5
:10abb0000000000000000000000000000000000095
:10abc0000000000000000000000000000000000085
:10abd0000000000000000000000000000000000075
:10abe0000000000000000000000000000000000065
:10abf0000000000000000000000000000000000055
:10ac00000000000000000000000000000000000044
:10ac10000000000000000000000000000000000034
:10ac20000000000000000000000000000000000024
:10ac30000000000000000000000000000000000014
:10ac40000000000000000000000000000000000004
:10ac500000000000000000000000000000000000f4
:10ac600000000000000000000000000000000000e4
:10ac700000000000000000000000000000000000d4
:10ac800000000000000000000000000000000000c4
:10ac900000000000000000000000000000000000b4
:10aca00000000000000000000000000000000000a4
:10acb0000000000000000000000000000000000094
:10acc0000000000000000000000000000000000084
:10acd0000000000000000000000000000000000074
:10ace0000000000000000000000000000000000064
:10acf0000000000000000000000000000000000054
:10ad00000000000000000000000000000000000043
:10ad10000000000000000000000000000000000033
:10ad20000000000000000000000000000000000023
:10ad30000000000000000000000000000000000013
:10ad40000000000000000000000000000000000003
:10ad500000000000000000000000000000000000f3
:10ad600000000000000000000000000000000000e3
:10ad700000000000000000000000000000000000d3
:10ad800000000000000000000000000000000000c3
:10ad900000000000000000000000000000000000b3
:10ada00000000000000000000000000000000000a3
:10adb0000000000000000000000000000000000093
:10adc0000000000000000000000000000000000083
:10add0000000000000000000000000000000000073
:10ade0000000000000000000000000000000000063
:10adf0000000000000000000000000000000000053
:10ae00000000000000000000000000000000000042
:10ae10000000000000000000000000000000000032
:10ae20000000000000000000000000000000000022
:10ae30000000000000000000000000000000000012
:10ae40000000000000000000000000000000000002
:10ae500000000000000000000000000000000000f2
:10ae600000000000000000000000000000000000e2
:10ae700000000000000000000000000000000000d2
:10ae800000000000000000000000000000000000c2
:10ae900000000000000000000000000000000000b2
:10aea00000000000000000000000000000000000a2
:10aeb0000000000000000000000000000000000092
:10aec0000000000000000000000000000000000082
:10aed0000000000000000000000000000000000072
:10aee0000000000000000000000000000000000062
:10aef0000000000000000000000000000000000052
:10af00000000000000000000000000000000000041
:10af10000000000000000000000000000000000031
:10af20000000000000000000000000000000000021
:10af30000000000000000000000000000000000011
:10af40000000000000000000000000000000000001
:10af500000000000000000000000000000000000f1
:10af600000000000000000000000000000000000e1
:10af700000000000000000000000000000000000d1
:10af800000000000000000000000000000000000c1
:10af900000000000000000000000000000000000b1
:10afa00000000000000000000000000000000000a1
:10afb0000000000000000000000000000000000091
:10afc0000000000000000000000000000000000081
:08afd000000000000000000079
:020000040000fa
:02000004000af0
:04afe000cfff00009f
:020000040000fa
:02000004000af0
:04afe400efff00007b
:020000040000fa
:02000004000af0
:04afe800f9ff00006d
:020000040000fa
:02000004000af0
:04afec0039ff000029
:020000040000fa
:02000004000af0
:04aff0007bff0000e3
:020000040000fa
:02000004000af0
:04aff400ffffff005c
:00000001FF
