:020000040000fa
:080000000002040000000000f2
:020000040000fa
:040008006c06000082
:020000040000fa
:04000c005806000092
:020000040000fa
:040010005c0600008a
:020000040000fa
:040014005e06000084
:020000040000fa
:04001800620600007c
:020000040000fa
:04001c006606000074
:020000040000fa
:040020006c0600006a
:020000040000fa
:040024006c06000066
:020000040000fa
:040028006c06000062
:020000040000fa
:04002c006c0600005e
:020000040000fa
:040030006c0600005a
:020000040000fa
:040034006c06000056
:020000040000fa
:04003800fa020000c8
:020000040000fa
:04003c006c0600004e
:020000040000fa
:040040006c0600004a
:020000040000fa
:040044008404000030
:020000040000fa
:040048009c04000014
:020000040000fa
:04004c006c0600003e
:020000040000fa
:040050006c0600003a
:020000040000fa
:040054002205000081
:020000040000fa
:04005800f8050000a7
:020000040000fa
:04005c006c0600002e
:020000040000fa
:04006000d0030000c9
:020000040000fa
:040064006c06000026
:020000040000fa
:040068006c06000022
:020000040000fa
:04006c006c0600001e
:020000040000fa
:040070006c0600001a
:020000040000fa
:040074006c06000016
:020000040000fa
:040078006c06000012
:020000040000fa
:04007c006c0600000e
:020000040000fa
:040080006c0600000a
:020000040000fa
:040084006c06000006
:020000040000fa
:040088006c04000004
:020000040000fa
:04008c006c060000fe
:020000040000fa
:040090006c060000fa
:020000040000fa
:040094006c060000f6
:020000040000fa
:040098006c060000f2
:020000040000fa
:04009c006c060000ee
:020000040000fa
:0400a000e005000077
:020000040000fa
:0400a4001006000042
:020000040000fa
:0400a8006c060000e2
:020000040000fa
:0400ac006c060000de
:020000040000fa
:0400b0006c060000da
:020000040000fa
:0400b4006c060000d6
:020000040000fa
:0400b8006c060000d2
:020000040000fa
:0400bc006c060000ce
:020000040000fa
:0400c0006c060000ca
:020000040000fa
:0400c4006c060000c6
:020000040000fa
:0400c8006c060000c2
:020000040000fa
:0400cc006c060000be
:020000040000fa
:0400d0006c060000ba
:020000040000fa
:0400d4006c060000b6
:020000040000fa
:0400d8006c060000b2
:020000040000fa
:0400dc006c060000ae
:020000040000fa
:0400e0006c060000aa
:020000040000fa
:0400e4006c060000a6
:020000040000fa
:0400e8006c060000a2
:020000040000fa
:0400ec006c0600009e
:020000040000fa
:0400f0006c0600009a
:020000040000fa
:0400f4006c06000096
:020000040000fa
:0400f8006c06000092
:020000040000fa
:0400fc006c0600008e
:020000040000fa
:040100006c06000089
:020000040000fa
:040104006c06000085
:020000040000fa
:040108006c06000081
:020000040000fa
:04010c006c0600007d
:020000040000fa
:040110006c06000079
:020000040000fa
:040114006c06000075
:020000040000fa
:040118006c06000071
:020000040000fa
:04011c006c0600006d
:020000040000fa
:040120006c06000069
:020000040000fa
:040124006c06000065
:020000040000fa
:040128006c06000061
:020000040000fa
:04012c0028060000a1
:020000040000fa
:040130004006000085
:020000040000fa
:040134006c06000055
:020000040000fa
:040138006c06000051
:020000040000fa
:04013c006c0600004d
:020000040000fa
:040140006c06000049
:020000040000fa
:040144006c06000045
:020000040000fa
:040148006c06000041
:020000040000fa
:04014c006c0600003d
:020000040000fa
:040150006c06000039
:020000040000fa
:040154006c06000035
:020000040000fa
:040158006c06000031
:020000040000fa
:04015c006c0600002d
:020000040000fa
:040160006c06000029
:020000040000fa
:040164006c06000025
:020000040000fa
:040168006c06000021
:020000040000fa
:04016c006c0600001d
:020000040000fa
:040170006c06000019
:020000040000fa
:040174006c06000015
:020000040000fa
:040178006c06000011
:020000040000fa
:04017c006c0600000d
:020000040000fa
:040180006c06000009
:020000040000fa
:040184006c06000005
:020000040000fa
:040188006c06000001
:020000040000fa
:04018c006c060000fd
:020000040000fa
:040190006c060000f9
:020000040000fa
:040194006c060000f5
:020000040000fa
:040198006c060000f1
:020000040000fa
:04019c006c060000ed
:020000040000fa
:0401a0006c060000e9
:020000040000fa
:0401a4006c060000e5
:020000040000fa
:0401a8006c060000e1
:020000040000fa
:0401ac006c060000dd
:020000040000fa
:0401b0006c060000d9
:020000040000fa
:0401b4006c060000d5
:020000040000fa
:0401b8006c060000d1
:020000040000fa
:0401bc006c060000cd
:020000040000fa
:0401c0006c060000c9
:020000040000fa
:0401c4006c060000c5
:020000040000fa
:0401c8006c060000c1
:020000040000fa
:0401cc006c060000bd
:020000040000fa
:0401d0006c060000b9
:020000040000fa
:0401d4006c060000b5
:020000040000fa
:0401d8006c060000b1
:020000040000fa
:0401dc006c060000ad
:020000040000fa
:0401e0006c060000a9
:020000040000fa
:0401e4006c060000a5
:020000040000fa
:0401e8006c060000a1
:020000040000fa
:0401ec006c0600009d
:020000040000fa
:0401f0006c06000099
:020000040000fa
:0401f4006c06000095
:020000040000fa
:0401f8006c06000091
:020000040000fa
:0401fc006c0600008d
:020000040000fa
:040200006c06000088
:020000040000fa
:040204006c06000084
:020000040000fa
:040208006c06000080
:020000040000fa
:04020c006c0600007c
:020000040000fa
:040210006c06000078
:020000040000fa
:040214006c06000074
:020000040000fa
:040218006c06000070
:020000040000fa
:04021c006c0600006c
:020000040000fa
:040220006c06000068
:020000040000fa
:040224006c06000064
:020000040000fa
:040228006c06000060
:020000040000fa
:04022c006c0600005c
:020000040000fa
:040230006c06000058
:020000040000fa
:040234006c06000054
:020000040000fa
:040238006c06000050
:020000040000fa
:04023c006c0600004c
:020000040000fa
:040240006c06000048
:020000040000fa
:040244006c06000044
:020000040000fa
:040248006c06000040
:020000040000fa
:04024c006c0600003c
:020000040000fa
:040250006c06000038
:020000040000fa
:040254006c06000034
:020000040000fa
:040258006c06000030
:020000040000fa
:04025c006c0600002c
:020000040000fa
:040260006c06000028
:020000040000fa
:040264006c06000024
:020000040000fa
:040268006c06000020
:020000040000fa
:04026c006c0600001c
:020000040000fa
:040270006c06000018
:020000040000fa
:040274006c06000014
:020000040000fa
:040278006c06000010
:020000040000fa
:04027c006c0600000c
:020000040000fa
:040280006c06000008
:020000040000fa
:10040000af1c2500ae7027000e0188000000000020
:10041000000020000000e000020032000001200087
:1004200020028800140007002d0207000000e000f1
:1004300003003a00a0422c00110020000200370007
:100440000000200001002000810f70000100320038
:100450000f000700000020000000e0000200320052
:1004600000000200000000004271020000000000d5
:100470000040da000000fe00003b20000000e00029
:1004800002003200002020009001880000000600d9
:10049000a1028800800478000000eb001f003700f4
:1004a000e284440054a0b4009905ba00e2844400f8
:1004b00054a0b4009906ba00e284440054a0b400e9
:1004c0000006eb00476fde00fd07b200ae018800ba
:1004d000636ce10003003a000ad801000000eb0061
:1004e0000e003700606ce10008003a00004deb00a0
:1004f0000a05e800020039003420ec000af0a000f0
:100500008b05e900f9ff3e00040037006168e10057
:10051000010032000086eb000b00070019c7ba008b
:100520000e04e0001905ba0003003a000a00e000da
:10053000dbff3a0000000600fe07b200ae028800b2
:100540008a047800f5ff37000cd0a300e20f4d00bd
:100550001c003b0089027800354dba000a05e8000e
:10056000020039003420ec000af0a0008b05e900fd
:100570000f003200254dba000a05e80002003900dc
:100580003420ec000af0a0008b05e90008003200de
:100590000c00e0000600320015cdba000a05e800a4
:1005a000020039003420ec000af0a0008b05e900bd
:1005b0008984e80054a0b4000b00e000e2ff3a0098
:1005c000000006009902ba00055d78008b05e9007d
:1005d000f7ff3200c82ade00055d78008b05e900d0
:1005e000f3ff32000c00e000f1ff320019ddba0029
:1005f000eeff37003600f800809fbe00829fbe00ed
:10060000849fbe00869fbe008e1f78003200f800d7
:100610003400f80010002000a00188000020200015
:1006200000d0fe00ee8747000088a90020e72300e5
:1006300010007800610060002500320080f3810026
:1006400050f3890021f3810032f3810043f38100ec
:100650000002780065f3810076f38100c0d22300a8
:100660009e92020001000000c0e781000000e0004f
:100670001400340001cf23006c805700fa90020070
:10068000010000006c8757003e007800be00780033
:1006900020f3890031f389003e007800be00780025
:1006a00040f3890051f389001e0078009e009000fd
:1006b00060f3890071f3890021f3810041588800bb
:1006c00027003700805f21001008e8002400370071
:1006d00080f38100f0f28900c1f28100d2f2810042
:1006e000e3f281000002780005f3810016f3810037
:1006f000c0d223009e92020001000000c0e78100ea
:100700000000e0001400340001cf23006c8057008b
:10071000fa900200010000006c8757003e0078004c
:10072000be007800c0f28900d1f289003e00780056
:10073000be007800e0f28900f1f289001e00780026
:100740009e00900000f3890011f38900c1f281003e
:100750002158880002003700805f21001008e8005f
:1007600020e72300900078000181ea006101610028
:100770000100a10002887000ef00b1003400f90010
:100780003200f9004f0778004f03be004f02be0051
:100790004f01be004f00be003600f90000400600c9
:1007a0003600f800809fbe00829fbe00849fbe007e
:1007b000869fbe00881f78003200f8003400f800e1
:1007c00010002000a00188000020200000d0fe00c2
:1007d00001c8a90070e781000008a3001c003a00ce
:1007e0000028a3000d00320047512100a64d210032
:1007f0008565210024eb23002368210002cd23001e
:1008000041cc2300c0ca230070fc0200000000009d
:10081000e0ce23001020a100260037004751210020
:10082000a64d21008565210024eb230023682100cb
:1008300002cd230081cb230000ca230070fc0200fc
:1008400000000000e0ce23001020a00019003700b7
:10085000e8ce23001800a100102bef00202bef00a2
:100860000629ef00130020000230200041902000f4
:1008700060902000d2ce0200010000001810a100fc
:1008800080ab800091ab8000825d21004406200097
:1008900005002000041940000591480053a880007d
:1008a0008258210000824100e08248000489be0095
:1008b00021c8a9003400f9003200f9004f04780083
:1008c0004f03be004f02be004f01be004f00be00ee
:1008d0003600f900004006003200f8003400f8004d
:1008e000881f780018002000a80188000820200038
:1008f00008d0fe004f0478000308a9003400f90076
:100900003200f900004006003200f8003400f80020
:10091000881f780018002000a80188000820200007
:1009200008d0fe004f04780000e8a9003400f90068
:100930003200f90000400600809fbe00829fbe008a
:100940003200f8003400f80010002000a0018800f8
:100950000020200000d0fe000108a90060b0800047
:100960007008880070b0800021612100910f500054
:1009700001003e000e21ec0001612100910f5000aa
:1009800002003a00e06021000008eb00e060210076
:100990001008e80040652100100078006100600048
:1009a0000a003200416121001100e800800878004f
:1009b00041632100910f500004003900606521005f
:1009c0001000a000406121000008eb0040652100fc
:1009d00010007800620060000a00320061612100ae
:1009e0001100e8008008780061632100910f500039
:1009f00004003900606521001010a0006061210032
:100a00000008eb00b0b280000008a300080032002c
:100a1000616521000000a100800878004057210096
:100a200012002000030020001008410050904900ef
:100a30003400f9003200f9004f01be004f00be0043
:100a400000400600809fbe00829fbe00849fbe00c3
:100a5000869fbe00889fbe008a9fbe008c9fbe00fe
:100a60008e1f78003200f8003400f80010002000db
:100a7000a00188000020200000d0fe000168a9002d
:100a800001682100060c2000626621002567210014
:100a9000236621006d672100846721008e65210097
:100aa0008c66210036003700371180001104780071
:100ab000700064002c003a0012007800950f50007e
:100ac00025003d00130478006145b9008a8fd200eb
:100ad0008b85d2000af0a1008a04d0003e00d0002d
:100ae000008544004220a800ae854d004200a900c8
:100af0004220ae004200a8000a85d300a001800079
:100b00008b047800a9018800074d7800a0018800b7
:100b10000804e800880978001200e800000978005d
:100b20009c0f500001003400000e7800950f540017
:100b300002003a000004eb0088097800140ae8007b
:100b4000868f53000e003a00930e78008004eb006d
:100b5000090a78000a0037009d097800140950003e
:100b60001140a00006003700868f530004003a00b1
:100b7000110078000050a0000040a100800878001b
:100b80002202ab00c8ff3a002222ab000100320073
:100b90002222a9003400f9003200f9004f07780042
:100ba0004f06be004f05be004f04be004f03be00ff
:100bb0004f02be004f01be004f00be0000400600c5
:100bc0003200f8003400f800881f78001800200078
:100bd000a80188000820200008d0fe004f047800fb
:100be00003c8a9003400f9003200f90000400600f3
:100bf0003200f8003400f800881f78001800200048
:100c0000a80188000820200008d0fe004f047800ca
:100c10000188a9003400f9003200f9000040060004
:100c20003200f8003400f800881f78001800200017
:100c3000a80188000820200008d0fe004f0478009a
:100c400003e8a9003400f9003200f9000040060072
:100c50003200f8003400f800881f780018002000e7
:100c6000a80188000820200008d0fe004f0478006a
:100c70000828a9003400f9003200f90000400600fd
:100c80003200f8003400f800881f780018002000b7
:100c9000a80188000820200008d0fe004f0478003a
:100ca0000848a9003400f9003200f90000400600ad
:100cb000c068a9000040060000400600c048a90026
:100cc00000400600c088a90000400600c0a8a90096
:100cd000f02bef00004006000040da000000fe00ac
:100ce00000000500839f68000100e00002003d0055
:100cf00060001000e08018000300e00002003d00ea
:100d000060011100e0811900050007004f00e000bc
:100d100002003b0060001000e080180000000600a8
:100d20006022b800060220000000d0008180d200be
:100d30000482d2008582d2000000a000020252008c
:100d400083825a00030031000202420083824a007b
:100d50000000a1000603e900f3ff3a0000000600ce
:100d6000889fbe008a9fbe0030044200b0844a00c3
:100d700030054b0090854b006000b1000898be0024
:100d80000a90be000440e10005c8e10006d0e10081
:100d900007d8e10002003100680040001008e800b8
:100da0004f05be004f04be0000000600889fbe0035
:100db0008a9fbe00100478009004900020059000e7
:100dc000b00590000418540005985c0006185d00fa
:100dd00007985d00110020000440e10005c8e10013
:100de00006d0e10007d8e100010039008000eb00e7
:100df000108810004f05be004f04be000000060022
:100e0000f4874700889fbe008a9fbe008c9fbe006b
:100e10008e1f7800d0b79f00e1b79f00f2b79f0008
:100e200083bf9f000605be000404be00cfae97003e
:100e30000000eb00c0b79f00b0b79f00a0b79f00b5
:100e400090b79f0080b79f00000678004fb09700d2
:100e5000000140000000e00006003d003c000700eb
:100e60000f074700450007000f004000bcff0700c8
:100e700005003700360007000f0747003f00070056
:100e80000f004000c9ff07004fb797000e00e000b9
:100e90000c0035005fb29700efb297007fb3970068
:100ea0008fbb970010002000010020006011b800e7
:100eb0000002720081827200020373008383730058
:100ec0001c0007000c06e80001042000810f5600fa
:100ed000deff3a000e00e00005003d000802be0003
:100ee0000a03be0000fe2f000f0040009cff070019
:100ef0000d00e00005003a000fb297009fb2970086
:100f00002fb39700bfb397000a0007005fb09700a8
:100f1000efb097007fb197008fb997004f07780027
:100f20004f06be004f05be004f04be004f01b1008a
:100f300000000600010007000000060094b79f00b3
:100f4000a5b79f00b6b79f00c7b79f000000060077
:100f50009fb097004f08de0002017000a2b79f000b
:100f60000fb097004f01de008180400081007100ca
:100f700091b79f000efe2f0000000600de007800f3
:100f80004f09de00000040000000710080b79f00a4
:100f90006fa897004f01de0081804000010f7100b3
:100fa0000e0007004f3ade00000040000400700011
:100fb000e0af9f00090007000402420085824a005a
:100fc00006034b0087834b00dcff07000802be00ce
:100fd0000a03be0000fe2f00000006001fb29700ab
:100fe000afb297003fb39700cfb397000000060061
:100ff000881f780018002000881f780080ff0700f5
:101000008f87e9004f04780000000600801feb0086
:101010007bff07008f87e90000000600889fbe0065
:101020008a9fbe00e00f5000e08f5800e00f59008b
:10103000e08f59000c003d006044b8006055b800d6
:101040000000540081805c0002015d0083815d002e
:10105000180020001500070008003d0018000700d8
:101060000004eb00050037000004eb000f00070050
:1010700002003d001200070018002000dcff0700fe
:101080000800e000060032006022b8006033b800bb
:101090000000520081805a0002015b0083815b00e6
:1010a0004f05be004f04be0000000600e00f5200d6
:1010b000e08f5a00e00f5b00e08f5b00000006004d
:1010c0006044b8006055b8000402540085825c009a
:1010d00006035d0087835d0000000600889fbe0058
:1010e0008a9fbe008c1f7800e00f5000e08f5800f0
:1010f000e00f5900e08f59000d003d006044b8003a
:101100006055b8000000540081805c0002015d0061
:1011100083815d001c0020000820e10009a8e10097
:101120000ab0e1000bb8e1000d003d0008003700f7
:101130000006eb00e00f5200e08f5a00e00f5b006a
:10114000e08f5b0006003d006044b8006055b800c9
:101150000402540085825c0006035d0087835d0005
:10116000aaff07000c00e000060032006022b80071
:101170006033b8000000520081805a0002015b0019
:1011800083815b004f0678004f05be004f04be0010
:041190000000060055
:020000040000fa
:101194003a300000323000003030000030300000bf
:1011a400343000003030000035660000350a00009d
:1011b4003a31000030320000383000003030000096
:1011c4003032000066300000386200003030000029
:1011d40030380000383900006662000065300000d5
:1011e400303800006139000066620000653000009c
:1011f400303800006339000066620000653000008a
:1012040030320000630a00003a310000303200003e
:101214003831000030300000303800006531000003
:10122400663700003830000030630000336500008a
:1012340038610000393000003032000031360000df
:1012440038610000393000003032000031380000cd
:10125400386100003930000030620000620a00008a
:101264003a310000303200003832000030300000e3
:1012740030300000313600003861000039300000a1
:10128400303000003138000038610000393000008f
:101294003063000030320000386500006630000022
:1012a400303400003432000037650000663000003e
:1012b40030330000330a00003a31000030320000bd
:1012c4003833000030300000303600003030000089
:1012d400343200003030000030330000303300007e
:1012e40061380000383000003066000030660000cd
:1012f40065320000663000003030000030370000f6
:10130400303800003830000030300000640a00003b
:101314003a31000030320000383400003030000030
:1013240030650000306200003232000038300000c6
:10133400303800003037000030380000383000000a
:101344003030000034320000656500006630000073
:101354003030000030300000353200003030000002
:1013640030310000300a00003a3100003032000011
:1013740038350000303000003061000030370000a4
:1013840030380000383000003031000030300000c8
:1013940030320000303000003037000030370000b9
:1013a4003038000038300000303100006532000071
:1013b400656500006630000030300000640a0000fb
:1013c4003a3100003032000038360000303000007e
:1013d40030300000633200006565000066300000b4
:1013e40030310000633200006565000066300000a3
:1013f4003030000061320000656500006630000096
:101404003031000061320000656500006630000084
:1014140030610000380a00003a3100003032000028
:1014240038370000303000003030000030660000f3
:1014340063320000663000003032000032330000b6
:101444003438000030300000303800003230000002
:101454003036000030300000303000003130000001
:10146400306100003030000030640000340a0000b5
:101474003a310000303200003838000030300000cb
:1014840030320000313300003438000038300000be
:101494003030000031660000383200006630000051
:1014a40030320000333300003638000030300000a2
:1014b400303800003338000030360000303000008f
:1014c40030300000370a00003a31000030320000aa
:1014d4003839000030300000303500003130000071
:1014e400326200003330000030320000313300003b
:1014f400363800003830000030300000343300004b
:10150400343800003030000030380000343000003f
:10151400303600003030000030620000370a00002e
:101524003a310000303200003861000030300000f1
:1015340030330000313000003062000033300000ee
:1015440030300000313300003438000038300000ff
:1015540030380000383000003662000036300000b9
:1015640030300000303400003061000030300000c2
:1015740030360000330a00003a31000030320000f7
:101584003862000030300000303400003033000096
:101594003438000038300000303000006132000080
:1015a4006561000038300000303100006132000015
:1015b4006561000038300000303200003032000035
:1015c400326500006630000030310000620a00001d
:1015d4003a3100003032000038630000303000003f
:1015e400306600003031000031320000303000003d
:1015f4003034000030310000313800003830000051
:101604003038000030300000303200003830000044
:101614003030000030310000313800003830000034
:1016240030630000640a00003a31000030320000e8
:1016340038640000303000003030000030350000e5
:101644003132000030300000303100003031000011
:1016540031380000383000003038000030300000ed
:1016640034300000393000003030000030300000e9
:10167400303000003030000030350000310a000006
:101684003a3100003032000038650000303000008c
:101694003031000035610000656100003830000021
:1016a400303100003465000065610000383000000e
:1016b400303100003538000065610000383000002a
:1016c40030310000356300006561000038300000ef
:1016d40030660000640a00003a3100003032000035
:1016e4003866000030300000303000003030000038
:1016f4003032000032300000303000003130000061
:101704003032000030300000303000003230000051
:10171400303200003330000030300000333000003d
:10172400303200003030000030340000640a000021
:101734003a3100003032000039300000303000000f
:1017440030300000303000003865000062300000a6
:1017540030360000323000003034000030300000f9
:1017640030650000303800003034000038300000ac
:1017740030380000323000006635000030300000a0
:1017840030610000390a00003a31000030320000b4
:1017940039310000303000003038000033380000a8
:1017a40066350000383000003066000061660000d5
:1017b4006633000061300000303600003033000032
:1017c40033620000383000003065000036610000ec
:1017d400373900006630000030610000330a000031
:1017e4003a3100003032000039320000303000005d
:1017f40030660000376100003739000066300000b1
:10180400303100003430000030320000303000004d
:1018140030390000343900006639000066300000b9
:1018240030300000303000003465000062300000c9
:1018340030370000350a00003a3100003032000031
:1018440039330000303000003061000038390000c6
:101854006639000066300000303600003035000084
:101864003562000038300000306200006161000021
:101874003739000066300000306300006261000008
:10188400373900006630000030330000330a0000ae
:101894003a310000303200003934000030300000aa
:1018a40030660000613900003739000066300000fe
:1018b40030380000623900006639000066300000ec
:1018c4003038000038300000353700003830000070
:1018d40030640000626100003739000066300000a7
:1018e40030360000380a00003a310000303200007f
:1018f400393500003030000030360000303100004f
:1019040031620000383000003038000062300000de
:1019140032370000383000003063000035390000f1
:10192400663900006630000030620000353900007e
:10193400663900006630000030350000330a0000cc
:101944003a310000303200003936000030300000f7
:10195400306400003539000066390000663000004c
:10196400306600003539000066390000663000003a
:10197400306500003539000066390000663000002b
:101984003036000030300000306200003830000093
:1019940030650000360a00003a31000030320000a1
:1019a4003937000030300000303000006330000070
:1019b4003032000032300000303800006361000033
:1019c40037390000663000003063000064660000b0
:1019d40039320000663000003038000064380000fe
:1019e400363400003730000030300000380a000080
:1019f4003a31000030320000393800003030000045
:101a0400306500006439000037390000663000009a
:101a140030300000643800003365000038300000c6
:101a240030360000313300003462000038300000ea
:101a34003062000038390000373900006630000099
:101a440030370000310a00003a3100003032000023
:101a540039390000303000003063000039390000ab
:101a64003739000066300000303400003966000069
:101a74003932000066300000303800003938000088
:101a8400343400003730000030640000393900007d
:101a9400373900006630000030360000340a000098
:101aa4003a3100003032000039610000303000006b
:101ab400303000003938000035650000383000004f
:101ac40030610000613900003739000066300000e1
:101ad4003030000036300000303300003730000072
:101ae40030360000666100003639000037300000ef
:101af40030650000380a00003a310000303200003e
:101b04003962000030300000306600006661000079
:101b14003639000037300000303600003130000024
:101b240036340000363000003065000030380000e4
:101b34003634000065300000306500006361000049
:101b4400373900006630000030340000380a0000e5
:101b54003a310000303200003963000030300000b8
:101b64003066000064610000373900006630000010
:101b740030300000343000003065000030300000a8
:101b840030310000323000003033000032300000c9
:101b940030300000363200003432000034300000af
:101ba40030340000650a00003a3100003032000091
:101bb4003964000030300000306600003730000027
:101bc4003032000030300000303600006661000022
:101bd40034390000373000003066000066610000d0
:101be400343900003730000030380000363000004f
:101bf400663500003430000030310000330a000044
:101c04003a31000030320000396500003030000005
:101c140030380000373800006635000063300000bb
:101c240030300000623000003033000061300000ca
:101c34003030000037310000303200003030000016
:101c440030300000303000003462000065300000a5
:101c540030330000370a00003a310000303200000f
:101c6400396600003030000030310000613100007e
:101c74003138000030300000303800006138000096
:101c84003036000033300000306600006466000027
:101c9400663300003230000030300000383000007d
:101ca400306200006530000030630000620a00000a
:101cb4003a31000030320000613000003030000062
:101cc4003062000036300000343200003030000052
:101cd4003032000036310000313800003830000066
:101ce4003036000030360000366200003830000024
:101cf4003065000063610000373900006630000081
:101d040030370000640a00003a310000303200002d
:101d14006131000030300000306600006461000072
:101d240037390000663000003030000030360000e3
:101d340030660000653000003032000032300000b0
:101d4400326100006230000030650000336600003c
:101d5400663300003230000030330000320a0000e5
:101d64003a310000303200006132000030300000af
:101d740030330000343100003138000030300000ce
:101d840030320000363000003532000030300000c0
:101d94003038000036300000663500003230000074
:101da4003030000032300000303300006130000079
:101db40030370000330a00003a31000030320000ae
:101dc400613300003030000030300000303000005b
:101dd4003066000065300000303100003330000010
:101de4003033000037300000303600003630000059
:101df400353200003030000030380000363000004a
:101e0400663500003230000030640000630a0000d0
:101e14003a310000303200006134000030300000fc
:101e240030310000303000003033000061300000f9
:101e34003030000036310000303200003030000015
:101e440030380000353000003337000038300000ef
:101e54003030000030300000326200006530000095
:101e640030340000360a00003a31000030320000fd
:101e740061350000303000003030000037300000a1
:101e84003037000038300000303100006431000089
:101e94003138000030300000303800006430000079
:101ea4003036000033300000306600006466000005
:101eb400663300003230000030320000620a000055
:101ec4003a3100003032000061360000303000004a
:101ed400303000003030000033370000383000006c
:101ee4003030000034300000306200006530000003
:101ef400303800003630000032370000383000003f
:101f0400303400003430000036320000303000003d
:101f140030620000660a00003a31000030320000ee
:101f240061370000303000003032000034310000ee
:101f340031380000383000003031000035630000d3
:101f4400656100003930000030300000303000009e
:101f5400326500006230000030640000346100002b
:101f6400373900006630000030300000360a0000c7
:101f74003a31000030320000613800003030000097
:101f8400303600006130000031330000373000008b
:101f9400303500006661000034390000373000003d
:101fa4003036000031340000336200003930000064
:101fb40030650000613000006635000033300000f9
:101fc40030360000310a00003a310000303200009f
:101fd4006139000030300000306500003038000006
:101fe40066350000623000003036000035300000f5
:101ff400313300006530000030300000363000001e
:102004003630000031300000303000006130000014
:10201400303300003730000030370000610a000020
:102024003a310000303200006161000030300000bd
:1020340030340000633000003033000037300000db
:1020440030360000323000003033000037300000fa
:1020540030370000633000003033000037300000b8
:1020640030390000313000003033000037300000d8
:1020740030380000660a00003a31000030320000b7
:102084006162000030300000306100003830000030
:10209400303300003730000030620000663000004a
:1020a400303300003730000030640000623000003c
:1020b400303300003730000030660000303000005c
:1020c400303300003730000030300000380a0000a0
:1020d4003a3100003032000061630000303000000b
:1020e400303000006230000031330000373000002f
:1020f400303300006130000031330000373000001d
:1021040030310000356300006561000039300000a3
:1021140030610000363000003332000030300000ff
:1021240030660000630a00003a31000030320000db
:1021340061640000303000003038000036300000a8
:1021440066350000323000003035000035300000c4
:10215400313300006130000030390000663900007e
:10216400633900003730000030300000393000009f
:10217400306500003030000030630000340a000095
:102184003a31000030320000616500003030000058
:1021940030330000343000003033000032300000af
:1021a4003032000063320000376500006630000002
:1021b40030320000613200003765000066300000f4
:1021c4003033000030300000303200003430000082
:1021d40030610000610a00003a3100003032000032
:1021e40061660000303000003034000030330000fd
:1021f400393800003830000030300000363000003c
:1022040030660000633000003035000030300000dc
:102214003532000030300000303700003033000029
:10222400393800003830000030320000640a000001
:102234003a310000303200006230000030300000db
:1022440030610000303000006132000030300000a6
:1022540030370000303300003938000038300000d7
:10226400303200003965000037610000383000006a
:1022740030300000303000003030000030300000da
:1022840030310000320a00003a31000030320000e0
:102294006231000030300000303000003030000087
:1022a40030300000303000003032000038300000a0
:1022b40037650000323000003066000065660000bb
:1022c400663300003530000030300000303000004c
:1022d400356500006230000030380000320a00002a
:1022e4003a31000030320000623200003030000029
:1022f4003064000061380000663900006630000078
:1023040030610000303000006632000030300000e0
:1023140030610000303000003238000038300000f6
:102324003030000031340000303200003930000019
:1023340030330000610a00003a31000030320000fe
:1023440062330000303000003030000031300000d3
:10235400646200006230000030320000303000005f
:1023640030320000303000003038000061300000ae
:1023740030370000383000003038000030380000ba
:10238400386200006230000030630000370a000049
:102394003a31000030320000623400003030000076
:1023a400303000003030000038620000623000003d
:1023b4003030000031380000386200006230000024
:1023c40030320000633200003765000066300000e0
:1023d40030320000613200003765000066300000d2
:1023e40030660000630a00003a3100003032000019
:1023f4006235000030300000303100003030000021
:10240400303200003430000030340000303300003b
:102414003938000038300000303000003630000019
:1024240030660000633000003035000030300000ba
:10243400353200003030000030630000390a0000fb
:102444003a310000303200006236000030300000c3
:1024540030370000303300003938000038300000d5
:102464003061000030300000613200003030000084
:1024740030370000303300003938000038300000b5
:102484003032000039650000376100003830000048
:1024940030380000310a00003a31000030320000c8
:1024a400623700003030000030300000303000006f
:1024b4003030000030300000303000003030000098
:1024c400303000003030000030320000383000007e
:1024d4003765000032300000306600006566000099
:1024e400663300003530000030310000320a00004d
:1024f4003a31000030320000623800003030000011
:1025040030300000303000003065000062300000e0
:102514003061000030380000663900006630000089
:102524003062000030380000663900006630000078
:102534003063000030380000663900006630000067
:1025440030630000300a00003a31000030320000ed
:1025540062390000303000003039000030390000aa
:102564006639000066300000306600006330000009
:1025740030320000303000003030000064300000a1
:10258400303200003030000030620000636100002f
:10259400373900006630000030310000630a000063
:1025a4003a31000030320000626100003030000037
:1025b40030630000646100003739000066300000b9
:1025c400303000003238000030320000303000007b
:1025d4003030000033300000303200003030000072
:1025e4003034000030300000303200003030000061
:1025f40030650000640a00003a3100003032000007
:1026040062620000303000003030000031300000e1
:102614003032000030300000306400006661000099
:1026240036390000373000003038000064300000d4
:10263400366500003830000030640000646100003a
:10264400373900006630000030330000610a0000b2
:102654003a31000030320000626300003030000084
:102664003038000030300000326500006230000075
:102674003063000035390000663900006630000020
:102684003062000035390000663900006630000011
:1026940030640000353900006639000066300000ff
:1026a40030380000660a00003a3100003032000081
:1026b4006264000030300000303400003830000024
:1026c400333300003730000030310000353800006b
:1026d40065610000393000003030000036660000cb
:1026e40064320000663000003030000034300000f6
:1026f400333400003330000030610000620a00000f
:102704003a310000303200006265000030300000d1
:1027140030650000393000006635000033300000b9
:1027240030300000643000003033000036300000e8
:102734003066000036660000393200006630000062
:1027440030300000343000003334000033300000f7
:1027540030650000660a00003a31000030320000a3
:102764006266000030300000306500003530000043
:102774006635000033300000303000003330000094
:102784003033000065300000303900003666000048
:102794006132000066300000303000003430000048
:1027a400333400003330000030340000340a0000b9
:1027b4003a31000030320000633000003030000055
:1027c4003030000036300000303300003730000075
:1027d4003066000036660000623200006630000099
:1027e4003030000034300000333400003330000057
:1027f40030650000353000006635000033300000dd
:1028040030640000360a00003a3100003032000023
:1028140063310000303000003035000033300000f8
:1028240033330000653000003039000036660000a4
:1028340063320000663000003030000034300000a5
:1028440033340000333000003034000034330000ef
:10285400336400006430000030630000310a00007b
:102864003a310000303200006332000030300000a2
:10287400306200003639000066390000663000001e
:1028840030320000343000003032000030300000bc
:102894003064000034610000373900006630000005
:1028a400306600006630000030330000373000002e
:1028b40030310000630a00003a3100003032000079
:1028c4006333000030300000303100003465000014
:1028d40065610000393000003030000036660000c9
:1028e40064320000663000003030000034300000f4
:1028f400333400003330000030650000393000000c
:10290400663500003330000030320000320a000027
:102914003a310000303200006334000030300000ef
:1029240030300000643000003033000036300000e6
:102934003066000036660000393200006630000060
:1029440030300000343000003334000033300000f5
:10295400306500003530000066350000333000007b
:1029640030390000320a00003a31000030320000f1
:102974006335000030300000303000003330000098
:102984003033000065300000303900003666000046
:102994006132000066300000303000003430000046
:1029a4003334000033300000303000003630000093
:1029b400303300003730000030650000640a000046
:1029c4003a3100003032000063360000303000003d
:1029d4003066000036660000623200006630000097
:1029e4003030000034300000333400003330000055
:1029f40030650000353000006635000033300000db
:102a040030340000343000003333000065300000ff
:102a140030320000650a00003a3100003032000014
:102a240063370000303000003039000036660000a3
:102a340063320000663000003030000034300000a3
:102a44003334000033300000306200006639000087
:102a540062390000373000003038000037300000a1
:102a6400333700003330000030350000620a0000c4
:102a74003a3100003032000063380000303000008a
:102a8400306200003739000066390000663000000b
:102a9400303500006639000063390000373000002b
:102aa400303000003730000034340000343000008f
:102ab40030640000383900006639000066300000d8
:102ac40030350000380a00003a310000303200008e
:102ad400633900003030000030330000393000002a
:102ae40030320000303000003064000039610000f2
:102af40037390000663000003065000034300000d3
:102b040030330000373000003030000036660000fb
:102b1400643200006630000030360000660a0000af
:102b24003a310000303200006361000030300000b0
:102b34003030000034300000333400003330000003
:102b44003065000039300000663500003330000085
:102b540030300000643000003033000036300000b4
:102b6400306600003666000039320000663000002e
:102b740030320000650a00003a31000030320000b3
:102b84006362000030300000303000003430000058
:102b9400333400003330000030650000353000006d
:102ba4006635000033300000303000003330000060
:102bb4003033000065300000303900003666000014
:102bc400613200006630000030380000330a000033
:102bd4003a310000303200006363000030300000fe
:102be4003030000034300000333400003330000053
:102bf4003030000036300000303300003730000041
:102c04003066000036660000623200006630000064
:102c14003030000034300000333400003330000022
:102c240030310000330a00003a3100003032000035
:102c3400636400003030000030650000353000006f
:102c440066350000333000003033000032300000bd
:102c54003333000065300000303900003666000070
:102c64006332000066300000303000003430000071
:102c7400333400003330000030320000660a0000b4
:102c84003a3100003032000063650000303000004b
:102c9400303400006333000033640000643000000b
:102ca40030650000363900006639000066300000e7
:102cb4003034000061300000303200003030000059
:102cc40030640000616100003739000066300000a4
:102cd40030640000610a00003a3100003032000024
:102ce400636600003030000030630000653000008f
:102cf400303300003730000030300000366600000a
:102d040064320000663000003030000034300000cf
:102d140033340000333000003065000039300000e7
:102d2400663500003330000030300000380a0000ff
:102d34003a310000303200006430000030300000ce
:102d440030300000643000003033000036300000c2
:102d5400306600003666000039320000663000003c
:102d640030300000343000003334000033300000d1
:102d74003065000035300000663500003330000057
:102d840030640000310a00003a31000030320000a3
:102d94006431000030300000303000003330000077
:102da4003033000065300000303900003666000022
:102db4006132000066300000303000003430000022
:102dc400333400003330000030300000363000006f
:102dd400303300003730000030320000630a000056
:102de4003a3100003032000064320000303000001c
:102df4003066000036660000623200006630000073
:102e04003030000034300000333400003330000030
:102e140030650000353000006635000033300000b6
:102e240030320000343000003333000065300000dd
:102e340030380000640a00003a31000030320000eb
:102e44006433000030300000303900003666000082
:102e5400633200006630000030300000343000007f
:102e640033340000333000003034000038330000c5
:102e740033640000643000003065000066390000ef
:102e8400643900003730000030300000640a00006c
:102e94003a31000030320000643400003030000069
:102ea4003038000062300000353700003330000055
:102eb40030650000623900006639000066300000a9
:102ec4003035000063300000303200003030000044
:102ed4003064000063610000373900006630000090
:102ee40030620000390a00003a310000303200003c
:102ef40064350000303000003062000036300000dd
:102f040030330000373000003030000036660000f7
:102f140064320000663000003030000034300000bd
:102f240033340000333000003065000039300000d5
:102f3400663500003330000030620000660a00008d
:102f44003a310000303200006436000030300000b6
:102f540030300000643000003033000036300000b0
:102f6400306600003666000039320000663000002a
:102f740030300000343000003334000033300000bf
:102f84003065000035300000663500003330000045
:102f940030370000310a00003a31000030320000be
:102fa400643700003030000030300000333000005f
:102fb4003033000065300000303900003666000010
:102fc4006132000066300000303000003430000010
:102fd400333400003330000030300000363000005d
:102fe400303300003730000030630000630a000013
:102ff4003a31000030320000643800003030000004
:103004003066000036660000623200006630000060
:10301400303000003430000033340000333000001e
:1030240030650000353000006635000033300000a4
:1030340030310000343000003333000065300000cc
:1030440030330000640a00003a31000030320000de
:10305400643900003030000030390000366600006a
:10306400633200006630000030300000343000006d
:1030740033340000333000003034000034330000b7
:1030840033640000643000003065000066390000dd
:10309400653900003730000030620000300a00005b
:1030a4003a3100003032000064610000303000002a
:1030b4003038000064300000363700003330000040
:1030c4003065000064390000663900006630000095
:1030d4003036000034300000303200003030000060
:1030e40030640000346100003739000066300000ad
:1030f40030350000340a00003a310000303200005c
:103104006462000030300000303900006530000097
:1031140030330000373000003030000036660000e5
:1031240064320000663000003030000034300000ab
:1031340033340000333000003065000039300000c3
:10314400663500003330000030370000370a0000d5
:103154003a31000030320000646300003030000077
:10316400303000006430000030330000363000009e
:103174003066000036660000393200006630000018
:1031840030300000343000003334000033300000ad
:103194003065000035300000663500003330000033
:1031a40030310000310a00003a31000030320000b2
:1031b4006464000030300000303000003330000020
:1031c40030330000653000003039000036660000fe
:1031d40061320000663000003030000034300000fe
:1031e400333400003330000030300000363000004b
:1031f400303300003730000030360000630a00002e
:103204003a310000303200006465000030300000c4
:10321400306600003666000062320000663000004e
:10322400303000003430000033340000333000000c
:103234003065000035300000663500003330000092
:1032440030300000343000003333000065300000bb
:1032540030650000640a00003a310000303200009a
:10326400646600003030000030390000366600002b
:10327400633200006630000030300000343000005b
:10328400333400003330000030650000663900003c
:103294006239000037300000303800003730000059
:1032a400333700003330000030610000610a000051
:1032b4003a31000030320000653000003030000048
:1032c40030650000373900006639000066300000c0
:1032d40030340000383300006264000065300000c0
:1032e40030300000373800003266000062300000e1
:1032f400303000003430000032340000333000003d
:1033040030360000660a00003a3100003032000016
:1033140065310000303000003035000066390000af
:1033240063390000373000003030000034300000d2
:1033340034340000343000003064000038390000b8
:103344006639000066300000303700003930000074
:10335400303200003030000030320000350a000006
:103364003a31000030320000653200003030000095
:103374003064000039610000373900006630000015
:1033840030380000313000003033000037300000a6
:103394003030000036660000643200006630000001
:1033a400303000003430000033340000333000008b
:1033b40030340000660a00003a3100003032000068
:1033c4006533000030300000306500003930000003
:1033d40066350000333000003030000064300000f7
:1033e40030330000363000003066000036660000de
:1033f4003932000066300000303000003430000004
:10340400333400003330000030390000630a000018
:103414003a310000303200006534000030300000e2
:1034240030650000353000006635000033300000a0
:1034340030300000333000003033000065300000cd
:10344400303900003666000061320000663000004a
:1034540030300000343000003334000033300000da
:1034640030660000310a00003a31000030320000ba
:103474006535000030300000303000003630000088
:10348400303300003730000030660000366600003c
:10349400623200006630000030300000343000003a
:1034a4003334000033300000306500003530000054
:1034b400663500003330000030380000340a000064
:1034c4003a31000030320000653600003030000030
:1034d40030650000663000003233000065300000c3
:1034e40030390000366600006332000066300000a8
:1034f400303000003430000033340000333000003a
:1035040030340000343300003364000064300000c1
:1035140030640000340a00003a3100003032000008
:103524006537000030300000306600003639000096
:103534006639000066300000303800006130000059
:10354400303200003030000030640000616100005f
:103554003739000066300000303600006230000069
:10356400303300003730000030620000320a0000bf
:103574003a3100003032000065380000303000007d
:10358400303000003666000064320000663000000f
:103594003030000034300000333400003330000099
:1035a400306500003930000066350000333000001b
:1035b400303000006430000030330000363000004a
:1035c40030330000380a00003a3100003032000085
:1035d40065390000303000003066000036660000b7
:1035e4003932000066300000303000003430000012
:1035f4003334000033300000306500003530000003
:1036040066350000333000003030000033300000f5
:10361400303300006530000030340000320a00000e
:103624003a310000303200006561000030300000a3
:103634003039000036660000613200006630000058
:1036440030300000343000003334000033300000e8
:1036540030300000363000003033000037300000d6
:1036640030660000366600006232000066300000fa
:1036740030620000630a00003a310000303200007a
:10368400656200003030000030300000343000004b
:103694003334000033300000306500003530000062
:1036a4006635000033300000306500003130000022
:1036b4003233000065300000303900003666000007
:1036c400633200006630000030390000660a0000f2
:1036d4003a310000303200006563000030300000f1
:1036e4003030000034300000333400003330000048
:1036f400306600006639000064390000373000008d
:1037040030380000623000003537000033300000ec
:10371400306600006239000066390000663000003f
:1037240030340000390a00003a3100003032000021
:103734006564000030300000303500006639000058
:10374400653900003730000030300000623000007e
:103754003634000036300000306400006339000065
:103764006639000066300000303900006430000023
:10377400303200003030000030330000300a0000e6
:103784003a3100003032000065650000303000003e
:1037940030640000646100003739000066300000c6
:1037a400303000003030000032650000623000002c
:1037b40030630000343900006639000066300000d0
:1037c4003034000066300000303300003730000031
:1037d40030340000610a00003a3100003032000049
:1037e4006566000030300000306500006430000081
:1037f4006635000032300000303000003230000006
:1038040030330000323000003065000061300000c9
:1038140066350000323000003030000063300000b4
:10382400303300006130000030620000660a00009e
:103834003a310000303200006630000030300000c1
:1038440030310000353000003032000030300000ec
:103854003032000066370000623900003730000063
:103864003030000036300000346500003030000095
:1038740030300000313000003033000032300000be
:1038840030320000650a00003a3100003032000096
:103894006631000030300000303200003530000066
:1038a400303200003030000030310000356100005b
:1038b40065610000383000003031000034650000dc
:1038c40065610000383000003031000035380000f8
:1038d400656100003830000030300000630a0000e9
:1038e4003a3100003032000066320000303000000f
:1038f400303100003563000065610000383000009d
:1039040030380000303000003365000062300000c1
:103914003064000037610000373900006630000071
:1039240030330000663000003033000037300000d0
:1039340030310000350a00003a3100003032000016
:103944006633000030300000303400006639000077
:103954006339000037300000303000003830000098
:10396400336400003030000030320000396600005b
:10397400373200006630000030380000663800003e
:10398400343400003430000030380000650a000090
:103994003a3100003032000066340000303000005c
:1039a400303000003638000033340000343000007a
:1039b40030300000303000006265000062300000ea
:1039c40030300000366600006432000066300000cb
:1039d4003030000034300000333400003330000055
:1039e40030340000320a00003a3100003032000066
:1039f40066350000303000003065000039300000ca
:103a040066350000333000003030000064300000c0
:103a140030330000363000003066000036660000a7
:103a240039320000663000003030000034300000cd
:103a3400333400003330000030370000620a0000e5
:103a44003a310000303200006636000030300000a9
:103a5400306500003530000066350000333000006a
:103a64003030000033300000303300006530000097
:103a74003039000036660000613200006630000014
:103a840030300000343000003334000033300000a4
:103a940030640000300a00003a3100003032000087
:103aa400663700003030000030300000363000004f
:103ab4003033000037300000306600003666000006
:103ac4006232000066300000303000003430000004
:103ad400333400003330000030650000353000001e
:103ae400663500003330000030360000330a000031
:103af4003a310000303200006638000030300000f7
:103b040030620000373000003233000065300000be
:103b14003039000036660000633200006630000071
:103b24003030000034300000333400003330000003
:103b3400303400006639000064390000373000007a
:103b440030620000630a00003a31000030320000a5
:103b54006639000030300000303000006130000071
:103b64003264000030300000303400003433000090
:103b74003364000064300000303800003630000048
:103b84003537000038300000306500003430000064
:103b9400386200003130000030360000310a000085
:103ba4003a3100003032000066610000303000001d
:103bb4003038000062330000373700006130000005
:103bc400306100006330000030320000303000000b
:103bd4003064000063610000373900006630000083
:103be4003031000066300000303300003730000010
:103bf40030610000310a00003a3100003032000028
:103c0400666200003030000030300000366600008c
:103c140064320000663000003030000034300000b0
:103c240033340000333000003065000039300000c8
:103c3400663500003330000030300000643000008e
:103c4400303300003630000030300000370a000006
:103c54003a3100003032000066630000303000006a
:103c6400306600003666000039320000663000001d
:103c740030300000343000003334000033300000b2
:103c84003065000035300000663500003330000038
:103c94003030000033300000303300006530000065
:103ca40030310000310a00003a31000030320000a7
:103cb40066640000303000003039000036660000d1
:103cc4006132000066300000303000003430000003
:103cd4003334000033300000303000003630000050
:103ce40030330000373000003066000036660000d4
:103cf400623200006630000030380000620a0000c2
:103d04003a310000303200006665000030300000b7
:103d14003030000034300000333400003330000011
:103d24003065000035300000663500003330000097
:103d3400306100003530000032330000653000008f
:103d4400303900003666000063320000663000003f
:103d540030610000610a00003a3100003032000096
:103d6400666600003030000030300000343000005f
:103d74003334000033300000306300006639000043
:103d84006539000037300000303000006430000036
:103d9400326400003030000030320000376600002a
:103da400373200006630000030350000370a00006a
:103db4003a31000030330000303000003030000071
:103dc400303800006638000033340000333000001f
:103dd400303000003438000032340000333000004a
:103de400303100003430000033370000333000003d
:103df40030300000363000006137000038300000f9
:103e040030390000300a00003a310000303300003d
:103e140030310000303000003035000066390000d9
:103e240063390000373000003030000036300000c5
:103e340034340000343000003064000038390000ad
:103e4400663900006630000030380000643000003d
:103e5400366500003830000030330000660a000088
:103e64003a310000303300003032000030300000be
:103e740030630000643900006639000066300000d9
:103e8400303900003930000030320000303000009a
:103e940030640000396100003739000066300000ea
:103ea4003065000031380000663500003230000013
:103eb40030660000620a00003a310000303300002e
:103ec4003033000030300000303300003030000068
:103ed40032330000613000003037000066390000e2
:103ee40064390000373000003065000031300000d4
:103ef4006635000035300000306500006330000096
:103f0400303300003230000030300000650a000019
:103f14003a3100003033000030340000303000000b
:103f240030300000333000003033000039300000fe
:103f34003065000034300000663500003530000084
:103f44003030000066300000323300006130000081
:103f540030300000393000003233000037300000c8
:103f640030360000660a00003a31000030330000a9
:103f74003035000030300000306200006639000047
:103f8400653900003730000030360000313600005b
:103f94006562000038300000306100006362000098
:103fa40037390000663000003062000064620000af
:103fb400373900006630000030650000300a000028
:103fc4003a31000030330000303600003030000059
:103fd40030650000303000006635000036300000e7
:103fe40030650000303800006635000065300000a0
:103ff4003030000063300000323300003230000003
:1040040030370000663900003339000037300000d3
:1040140030360000350a00003a3100003033000029
:1040240030370000303000003038000066390000be
:104034006239000037300000306300003033000084
:10404400326400006430000030300000343000007e
:104054003032000030300000306500006639000066
:10406400623900003730000030370000620a000077
:104074003a310000303300003038000030300000a6
:104084003030000034380000323400003330000097
:104094003065000030380000323400006130000028
:1040a4003030000030300000346500006230000021
:1040b4003036000030330000336200003830000036
:1040c40030390000310a00003a310000303300007a
:1040d4003039000030300000303100003930000049
:1040e40030320000303000003063000039610000dd
:1040f400663900006630000030320000626600005d
:1041040037320000663000003038000066380000a6
:10411400353400003530000030330000360a00002a
:104124003a310000303300003061000030300000cc
:104134003036000031350000646200003830000081
:10414400303800006162000037390000663000003a
:104154003039000062620000373900006630000028
:10416400303300006661000036390000373000004b
:1041740030350000640a00003a310000303300009a
:1041840030620000303000003063000066610000df
:10419400363900003730000030380000633000004a
:1041a400663500003230000030380000643800000a
:1041b4006635000061300000303800003030000007
:1041c400303300003630000030650000620a000021
:1041d4003a3100003033000030630000303000001a
:1041e4003036000033300000353400003030000039
:1041f40030650000303800003534000038300000ed
:10420400306500006161000066390000663000001e
:10421400306600006261000066390000663000000c
:1042240030320000610a00003a31000030330000ef
:10423400306400003030000030660000633300005a
:104244006632000039300000303200006430000073
:10425400303200003030000030380000633000009d
:104264006635000035300000303800006438000046
:10427400663500006430000030640000360a000037
:104284003a31000030330000306500003030000067
:104294003037000037300000303300006530000054
:1042a4003038000032300000663500003030000045
:1042b4003038000033380000663500003830000024
:1042c4003031000064300000303300003930000029
:1042d40030380000610a00003a3100003033000039
:1042e40030660000303000003030000061380000db
:1042f40030320000663000003033000039300000f6
:1043040030320000343000003065000036610000b7
:104314006639000066300000306600003761000036
:10432400663900006630000030340000310a0000b5
:104334003a310000303300003130000030300000ea
:10434400303000003430000033620000653000007b
:1043540030360000333300003938000038300000b4
:1043640030380000323000003636000035300000ae
:104374003035000064330000393800003830000064
:1043840030630000620a00003a310000303300005c
:104394003131000030300000303400003933000087
:1043a400393800003830000030300000363000006a
:1043b4003066000063300000303500003530000006
:1043c4003532000030300000303700003533000053
:1043d400393800003830000030660000330a00002d
:1043e4003a31000030330000313200003030000038
:1043f40030610000353000006132000030300000d0
:104404003037000035330000393800003830000000
:104414003032000039650000376100003830000098
:104424003030000030300000303000003030000008
:1044340030650000320a00003a31000030330000d9
:1044440031330000303000003030000030300000e4
:1044540030300000303000003032000038300000ce
:1044640037650000323000003066000065660000e9
:10447400663300003530000030300000343800006e
:10448400303200003030000030610000380a000093
:104494003a31000030330000313400003030000085
:1044a4003030000035300000303200003030000081
:1044b400303000003230000031340000323000006f
:1044c400303800003338000031340000613000001f
:1044d4003038000030300000663500003130000014
:1044e40030650000370a00003a3100003033000024
:1044f4003135000030300000303800003138000021
:104504006635000039300000306500006266000046
:1045140066330000363000003030000036300000d2
:104524003262000065300000303600006661000031
:10453400623900003730000030360000660a00009f
:104544003a310000303300003136000030300000d2
:1045540030660000666100006239000037300000f8
:104564003061000039300000663200003030000055
:10457400306100003930000032380000383000006b
:104584003038000030300000346500006230000034
:1045940030610000340a00003a310000303300007a
:1045a400313700003030000030320000663800003f
:1045b40064390000373000003038000061300000fa
:1045c4006362000062300000306200006638000060
:1045d40064390000373000003038000062380000d1
:1045e400636200006230000030660000360a00009a
:1045f4003a31000030330000313800003030000020
:104604003032000039300000303200003030000019
:10461400303400006638000065390000373000008f
:104624003038000063300000636200006230000034
:10463400306400006638000065390000373000003f
:1046440030320000620a00003a31000030330000ca
:104654003139000030300000303800006438000088
:10466400636200006230000030340000303000002b
:1046740064640000653000003030000062300000e7
:104684003032000030300000303000006130000073
:10469400373700003830000030370000630a00006c
:1046a4003a31000030330000316100003030000046
:1046b4003036000061330000393800003830000023
:1046c400303800003030000034370000383000004b
:1046d4003035000030330000393800003830000035
:1046e400303100006130000030320000343000000e
:1046f40030610000390a00003a3100003033000014
:1047040031620000303000003034000061330000ba
:1047140039380000383000003030000036300000f6
:104724003066000063300000303500006130000066
:1047340035320000303000003037000061330000b3
:10474400393800003830000030340000380a0000e6
:104754003a31000030330000316300003030000093
:104764003061000061300000613200003030000030
:104774003037000061330000393800003830000061
:104784003032000039650000376100003830000025
:104794003030000030300000303000003030000095
:1047a40030330000380a00003a3100003033000092
:1047b4003164000030300000303000003030000040
:1047c400303000003030000030320000383000005b
:1047d4003765000032300000306600006566000076
:1047e40066330000353000003061000065300000a1
:1047f400323800003830000030370000340a00003e
:104804003a310000303300003165000030300000e0
:1048140030310000393000003562000061300000a2
:104824003065000061380000663900006630000021
:104834003039000039380000356200006130000072
:1048440030660000623800006639000066300000ff
:1048540030650000650a00003a3100003033000082
:10486400316600003030000030320000663800004d
:104874006539000037300000303800006330000034
:104884006635000035300000303000003430000060
:1048940030330000613000003062000066380000f0
:1048a400653900003730000030360000390a000056
:1048b4003a31000030330000323000003030000064
:1048c40030380000623800006635000036300000e1
:1048d400303000003430000030330000613000001c
:1048e4003030000035300000303300003730000035
:1048f40030300000303000003565000062300000c8
:1049040030650000340a00003a3100003033000002
:10491400323100003030000030630000616100007b
:10492400663900006630000030300000323000008c
:1049340030330000373000003038000030300000e1
:1049440035650000623000003063000062610000e1
:10495400663900006630000030640000340a00004c
:104964003a310000303300003232000030300000b1
:1049740030360000323000003034000030300000a7
:10498400306500003038000030340000383000005a
:10499400306100003130000032380000383000004f
:1049a4003038000039380000346500003830000029
:1049b40030330000340a00003a3100003033000084
:1049c4003233000030300000303100003930000054
:1049d40030620000613000003038000030390000df
:1049e40037390000663000003039000039380000e3
:1049f40034620000613000003039000039390000b1
:104a0400373900006630000030350000660a0000c7
:104a14003a310000303300003234000030300000fe
:104a2400303400006638000065390000373000007b
:104a3400303800006330000066350000303000007c
:104a440030300000343000003033000061300000aa
:104a5400306400006638000065390000373000001b
:104a640030640000640a00003a3100003033000072
:104a74003235000030300000303800006438000067
:104a8400663500003430000030300000343000005f
:104a94003033000061300000303000003530000059
:104aa4003033000037300000303000003030000078
:104ab400306500006230000030390000390a00001f
:104ac4003a3100003033000032360000303000004c
:104ad4003063000030610000663900006630000079
:104ae4003030000032300000303300003730000036
:104af40030380000303000003065000062300000c3
:104b04003063000031610000663900006630000047
:104b140030390000640a00003a31000030330000ec
:104b240032370000303000003038000035300000eb
:104b340030640000313000003030000034380000b0
:104b440030640000333000003038000031300000a1
:104b54003437000038300000306100003961000053
:104b6400373900006630000030620000350a00006a
:104b74003a31000030330000323800003030000099
:104b840030630000396600006632000066300000c1
:104b94003038000030380000343600003430000073
:104ba40030390000396100003739000066300000f8
:104bb40030310000666100003039000037300000f9
:104bc40030610000610a00003a3100003033000017
:104bd40032390000303000003061000066610000ae
:104be4003039000037300000303000003030000031
:104bf4003534000030300000303800003138000017
:104c04003534000038300000303600003730000002
:104c1400363400003530000030300000330a000024
:104c24003a310000303300003261000030300000bf
:104c34003065000030380000363400006430000075
:104c44003062000063610000373900006630000004
:104c540030630000646100003739000066300000f2
:104c6400303800003030000034650000623000004d
:104c740030650000370a00003a310000303300008c
:104c8400326200003030000030610000393800002a
:104c940066390000663000003062000039380000d8
:104ca40066390000663000003063000039380000c7
:104cb40066390000663000003064000039380000b6
:104cc400663900006630000030350000320a00000a
:104cd4003a3100003033000032630000303000000d
:104ce4003066000064660000663200003030000068
:104cf40030380000643000006635000032300000b7
:104d04003065000030380000663500006130000076
:104d140030310000393000003033000036300000fc
:104d240030640000630a00003a31000030330000b0
:104d340032640000303000003038000035300000ac
:104d44003564000031300000303000003438000099
:104d5400356400003330000030650000333000005b
:104d640034360000353000003030000034300000ac
:104d7400386100003330000030330000630a000063
:104d84003a3100003033000032650000303000005a
:104d94003030000063300000303300003230000057
:104da4003038000039300000346400003030000036
:104db4003032000039300000326200003030000030
:104dc40030320000616600003732000066300000b7
:104dd40030310000380a00003a310000303300005e
:104de40032660000303000003030000066300000d1
:104df4003534000035300000303800003930000010
:104e04003434000035300000303000003830000009
:104e14003564000030300000303800006662000065
:104e2400353900003730000030650000620a0000a8
:104e34003a310000303300003330000030300000dd
:104e4400303000006230000035340000353000009e
:104e54003031000061300000353700003830000088
:104e64003034000038350000356400006430000040
:104e7400303900003930000063370000353000005d
:104e840030330000640a00003a310000303300007f
:104e94003331000030300000303200006130000057
:104ea4003033000037300000303800003930000063
:104eb400346400003030000030300000383000002e
:104ec40035640000303000003030000066620000bd
:104ed400363900003730000030620000360a000026
:104ee4003a3100003033000033320000303000002b
:104ef40030300000633000003534000035300000ed
:104f040030390000613000003637000038300000ce
:104f14003063000039300000366200003130000098
:104f2400303800006462000037370000633000004e
:104f340030650000660a00003a310000303300009a
:104f440033330000303000003032000032300000d3
:104f540030330000373000003038000035300000b6
:104f64003564000031300000303000003438000077
:104f74003564000033300000306500003330000039
:104f8400343600003530000030330000310a0000b0
:104f94003a31000030330000333400003030000078
:104fa400303000003430000038610000333000003d
:104fb4003031000031300000303300003230000066
:104fc400303000003830000037640000303000001a
:104fd40030300000666200003639000037300000cf
:104fe40030350000300a00003a3100003033000050
:104ff40033350000303000003030000063300000f2
:1050040037340000373000003031000065300000d4
:1050140037370000383000003034000038370000e3
:10502400376400006430000030380000393000007c
:10503400346400003030000030370000640a00009f
:105044003a310000303300003336000030300000c5
:10505400303200003930000032620000303000008d
:105064003032000064660000373200006630000011
:105074003038000066380000363400003630000056
:105084003038000039380000343400003630000075
:1050940030380000310a00003a310000303300009b
:1050a4003337000030300000303900003930000060
:1050b40063370000373000003030000061300000fa
:1050c400353400003530000030380000623800000c
:1050d40035340000643000003038000066610000a0
:1050e400343900003730000030620000360a000016
:1050f4003a31000030330000333800003030000013
:1051040030300000613800003534000034300000d5
:105114003031000061300000643700003730000097
:1051240030300000633000003033000037300000be
:1051340030300000383000003764000030300000a8
:1051440030610000610a00003a3100003033000091
:105154003339000030300000303000006662000057
:105164003639000037300000303000006330000072
:105174003734000037300000303100006530000063
:105184003737000038300000303800003930000074
:10519400346400003030000030370000640a00003e
:1051a4003a31000030330000336100003030000039
:1051b40030630000393000003662000031300000f6
:1051c40030380000656200003737000063300000ab
:1051d400303000006130000035340000353000000c
:1051e40030380000623800003534000064300000bc
:1051f40030320000620a00003a310000303300000f
:105204003362000030300000303800006661000076
:1052140034390000373000003030000061380000bd
:1052240035340000343000003030000065300000b8
:1052340064370000383000003036000031300000a0
:10524400333400003330000030330000360a0000ed
:105254003a31000030330000336300003030000086
:105264003065000030380000333400006230000044
:105274003030000038300000346500003830000061
:10528400303600003130000032340000323000008b
:105294003065000030380000323400006130000016
:1052a40030300000610a00003a3100003033000061
:1052b40033640000303000003032000066620000c9
:1052c40035390000373000003062000066620000ab
:1052d4003539000037300000303800003630000027
:1052e40066350000353000003038000037380000e3
:1052f400663500006430000030300000610a0000b0
:105304003a310000303300003365000030300000d3
:105314003033000032660000663300006530000060
:1053240030310000623000003032000030300000c4
:105334003061000062390000663900006630000008
:1053440030320000383000003133000037300000c4
:1053540030650000610a00003a310000303300007b
:10536400336600003030000030310000623000004d
:105374003032000030300000303200006639000066
:105384006539000037300000303000006330000021
:105394003065000030300000303600006530000019
:1053a400303300003230000030610000320a000067
:1053b4003a31000030330000343000003030000057
:1053c40030380000303000003665000062300000e4
:1053d4003061000064390000663900006630000066
:1053e40030660000343300006632000039300000bb
:1053f4003032000035300000303200003030000020
:1054040030620000660a00003a31000030330000c8
:1054140034310000303000003038000034300000f7
:1054240066350000303000003038000035380000a8
:105434006635000038300000303600003730000098
:105444003033000065300000303800003230000096
:10545400663500003030000030640000370a000078
:105464003a310000303300003432000030300000a4
:105474003038000033380000663500003830000052
:105484003031000037300000303300003930000084
:105494003030000035380000303200006630000043
:1054a4003033000038300000303200003430000067
:1054b40030640000320a00003a310000303300004a
:1054c4003433000030300000303000003638000043
:1054d400303200003030000030300000373000003f
:1054e400303200003030000030360000333300002a
:1054f4003938000038300000303000003238000005
:10550400323600003230000030620000350a0000fc
:105514003a310000303300003434000030300000f1
:1055240030350000343300003938000038300000d2
:1055340030340000383300003938000038300000bf
:105544003030000036300000306600006330000068
:1055540030350000343000003532000030300000b7
:1055640030650000330a00003a3100003033000097
:105574003435000030300000303700003433000090
:105584003938000038300000306100003430000049
:105594006132000030300000303700003433000046
:1055a400393800003830000030320000396500001e
:1055b400376100003830000030370000630a000013
:1055c4003a3100003033000034360000303000003f
:1055d4003030000030300000303000003030000047
:1055e4003030000030300000303000003030000037
:1055f40030320000383000003765000032300000df
:105604003066000065660000663300003530000037
:1056140030310000390a00003a3100003033000014
:1056240034370000303000003030000032300000e9
:1056340031340000333000003038000033380000cb
:105644003134000062300000303800003230000095
:105654006635000030300000303800003338000078
:10566400663500003830000030360000630a000060
:105674003a3100003033000034380000303000008c
:1056840030650000646600006633000031300000bd
:10569400306100003230000066320000303000001b
:1056a4003061000032300000323800003830000031
:1056b40030300000303000003165000062300000fe
:1056c40030330000360a00003a3100003033000065
:1056d40034390000303000003061000066380000ca
:1056e40061390000373000003030000035300000f0
:1056f4003962000062300000306200006638000049
:1057040039390000373000003030000033380000f1
:10571400396200006230000030360000640a000084
:105724003a310000303300003461000030300000b2
:1057340030320000323000003032000030300000df
:10574400306300006638000039390000373000004b
:105754003030000033300000396200006230000055
:10576400306400006638000039390000373000002a
:1057740030320000350a00003a31000030330000b6
:105784003462000030300000303000003338000054
:10579400396200006230000030360000313300000e
:1057a4003938000038300000303500003033000054
:1057b4003938000038300000303100003230000049
:1057c400303200003430000030350000630a00003d
:1057d4003a31000030330000346300003030000000
:1057e4003034000032330000393800003830000013
:1057f40030300000363000003066000063300000b6
:105804003035000032300000353200003030000006
:1058140030370000323300003938000038300000df
:1058240030340000640a00003a31000030330000d4
:105834003464000030300000306100003230000079
:105844006132000030300000303700003233000095
:10585400393800003830000030320000396500006b
:105864003761000038300000303000003030000074
:10587400303000003030000030330000350a0000c2
:105884003a3100003033000034650000303000004d
:105894003030000030300000303000003030000084
:1058a400303200003830000037650000323000002c
:1058b4003066000065660000663300003530000085
:1058c40030300000303000003365000062300000ea
:1058d40030610000620a00003a31000030330000f9
:1058e40034660000303000003031000062300000c7
:1058f40030320000303000003065000066390000ae
:1059040033390000373000003036000031330000f6
:105914006562000038300000306400006639000021
:10592400343900003730000030310000370a0000fd
:105934003a310000303300003530000030300000d0
:10594400303600003134000063620000383000005b
:10595400303800003862000037390000663000003b
:105964003039000039620000373900006630000029
:10597400303000003630000034370000383000008a
:1059840030300000370a00003a31000030330000a4
:10599400353100003030000030610000663900000d
:1059a400313900003730000030360000313100005a
:1059b40039620000383000003065000032610000b8
:1059c4006639000066300000306600003361000074
:1059d400663900006630000030330000310a0000f0
:1059e4003a3100003033000035320000303000001e
:1059f4003063000063610000663900006630000017
:105a04003064000064610000663900006630000004
:105a140030610000313000003238000038300000be
:105a24003039000030300000336200006130000083
:105a340030640000650a00003a3100003033000091
:105a440035330000303000003036000031330000c0
:105a540036620000383000003061000063620000ec
:105a640037390000663000003062000064620000d4
:105a74003739000066300000303400003236000050
:105a8400396400006430000030390000660a000008
:105a94003a3100003033000035340000303000006b
:105aa400306300006536000031640000653000009a
:105ab400303800003330000031370000313000004e
:105ac40030340000323600003164000064300000dd
:105ad4003063000066610000653900003730000063
:105ae40030650000350a00003a3100003033000010
:105af40035350000303000003038000064300000dc
:105b040032340000313000003038000037300000fb
:105b140061370000383000003031000030380000b8
:105b2400326200006130000030620000663900001b
:105b3400343900003730000030350000630a0000bb
:105b44003a310000303300003536000030300000b8
:105b540030380000393000003334000031300000a8
:105b64003038000034300000623700003830000064
:105b74003030000066620000353900003730000024
:105b84003038000061300000333400003130000050
:105b940030350000650a00003a310000303300005f
:105ba4003537000030300000303900003530000057
:105bb4003237000038300000303900003738000038
:105bc400663500003230000030300000353000000f
:105bd40030330000613000003036000066610000a0
:105be400653900003730000030640000310a0000dd
:105bf4003a31000030330000353800003030000006
:105c040030300000633000003134000031300000d7
:105c140030390000323000006635000032300000b8
:105c240030300000333000003033000061300000b9
:105c340030300000333000003033000037300000d3
:105c440030380000330a00003a31000030330000dd
:105c540035390000303000003038000038300000a2
:105c6400353700003830000030300000313000009b
:105c74003033000037300000303800003830000086
:105c84003537000038300000303000003630000076
:105c9400336500003830000030660000380a000028
:105ca4003a3100003033000035610000303000002c
:105cb4003036000032300000303400003030000054
:105cc4003065000030380000303400003830000007
:105cd40030650000323000006635000033300000cb
:105ce4003064000065660000663300006130000027
:105cf40030370000360a00003a310000303300002b
:105d040035620000303000003038000030300000d0
:105d14003665000062300000306100006439000024
:105d24006639000066300000303200006332000043
:105d34003765000066300000303200006132000038
:105d4400376500006630000030320000640a00004d
:105d54003a31000030330000356300003030000079
:105d640030330000303000003032000034300000a6
:105d7400303400003033000039380000383000007f
:105d84003030000036300000306600006330000020
:105d94003035000030300000353200003030000073
:105da40030320000660a00003a310000303300004f
:105db400356400003030000030370000303300001c
:105dc4003938000038300000306100003030000005
:105dd4006132000030300000303700003033000002
:105de40039380000383000003032000039650000d6
:105df400376100003830000030300000370a0000fe
:105e04003a310000303300003565000030300000c6
:105e140030300000303000003030000030300000fe
:105e240030300000303000003030000030300000ee
:105e34003032000038300000376500003230000096
:105e440030660000656600006633000035300000ef
:105e540030390000380a00003a31000030330000c5
:105e6400356600003030000030320000323000006f
:105e74003032000030300000303000003330000099
:105e8400303200003030000030300000303000008c
:105e9400326500006230000030360000303000000f
:105ea400306200003830000030360000310a000053
:105eb4003a3100003033000036300000303000004a
:105ec40030380000666100003239000037300000cd
:105ed400306500003561000066390000663000005e
:105ee4003030000035300000333700003830000017
:105ef40030380000363800003265000038300000c9
:105f040030340000660a00003a31000030330000eb
:105f140036310000303000003036000031320000ed
:105f24006362000038300000306300003861000014
:105f340066390000663000003064000039610000fa
:105f4400663900006630000030650000343000001f
:105f5400323400003330000030660000660a00006e
:105f64003a31000030330000363200003030000097
:105f74003036000031320000656200003830000025
:105f84003061000063610000663900006630000083
:105f94003062000064610000663900006630000071
:105fa4003065000036300000323400003330000029
:105fb40030320000330a00003a3100003033000070
:105fc400363300003030000030360000313200003b
:105fd4006262000038300000303800003661000092
:105fe4006639000066300000303900003761000077
:105ff400663900006630000030650000626200000f
:10600400373900006630000030340000630a0000b5
:106014003a310000303300003634000030300000e4
:10602400306100003530000066320000303000007e
:106034003061000035300000323800003830000094
:106044003036000031320000336200003830000086
:106054003034000033330000636400006430000017
:1060640030640000660a00003a310000303300005a
:106074003635000030300000306300006433000027
:10608400346400006530000030380000393000000e
:106094003437000034300000303400003333000063
:1060a4003464000064300000306100003862000095
:1060b400373900006630000030330000380a000031
:1060c4003a31000030330000363600003030000032
:1060d4003062000039620000373900006630000089
:1060e400303600006661000065390000373000007a
:1060f40030300000383000003562000065300000a8
:1061040030300000383000003434000036300000f5
:1061140030370000610a00003a31000030330000db
:1061240036370000303000003065000030380000a1
:106134003434000063300000303800003030000098
:106144003265000062300000303900003830000051
:1061540061620000623000003034000066610000bb
:10616400623900003730000030330000660a000056
:106174003a3100003033000036380000303000007f
:1061840030640000666100006239000037300000ae
:106194003030000061300000333400003330000040
:1061a40030380000623800003334000062300000f0
:1061b40030630000366200003739000066300000aa
:1061c40030350000340a00003a310000303300005a
:1061d40036390000303000003064000037620000bf
:1061e40037390000663000003039000036380000ce
:1061f400616200006230000030320000666100001d
:10620400653900003730000030620000666100002c
:10621400653900003730000030610000610a000079
:106224003a310000303300003661000030300000a5
:10623400303000006130000033340000363000009c
:10624400303800006238000033340000653000004c
:106254003032000064300000303200003030000082
:106264003039000036300000656200006230000002
:1062740030620000660a00003a310000303300004a
:1062840036620000303000003030000066610000eb
:1062940065390000373000003039000066610000c5
:1062a40065390000373000003030000061300000f4
:1062b4003534000036300000303800006238000009
:1062c400353400006530000030310000660a0000fb
:1062d4003a310000303300003663000030300000f3
:1062e4003038000061620000373900006630000079
:1062f4003039000062620000373900006630000067
:1063040030320000643000003032000030300000d1
:10631400303900006138000065620000623000001e
:1063240030660000390a00003a31000030330000c2
:10633400366400003030000030340000303000009b
:1063440065640000653000003030000064300000f7
:10635400303200003030000030380000633000007c
:10636400323700003830000030360000633300005c
:10637400393800003830000030350000650a00006c
:106384003a31000030330000366500003030000040
:106394003030000030300000353700003830000065
:1063a4003035000030330000393800003830000048
:1063b400303100006530000030320000343000001d
:1063c40030340000653300003938000038300000f4
:1063d40030660000620a00003a31000030330000e9
:1063e40036660000303000003030000036300000e7
:1063f4003066000063300000303500006530000076
:1064040035320000303000003037000065330000c2
:106414003938000038300000306100006530000079
:10642400613200003030000030320000650a0000a4
:106434003a310000303300003730000030300000c3
:106444003037000065330000393800003830000070
:106454003032000039650000376100003830000038
:1064640030300000303000003030000030300000a8
:106474003030000030300000303000003030000098
:1064840030630000320a00003a310000303300006b
:1064940037310000303000003065000066620000d3
:1064a40035390000373000003066000032620000e9
:1064b40037390000663000003038000033620000d5
:1064c4006639000066300000303400006662000067
:1064d400363900003730000030610000390a00000e
:1064e4003a31000030330000373200003030000011
:1064f4003064000066620000363900003730000066
:106504003061000036620000373900006630000058
:106514003062000037620000373900006630000046
:10652400303200003830000037650000323000009f
:1065340030350000330a00003a31000030330000e7
:10654400373300003030000030660000656600001c
:1065540066330000353000003065000062620000e0
:1065640037390000663000003037000066620000f2
:106574003139000037300000303800006662000016
:10658400393900003730000030370000300a00008d
:106594003a3100003033000037340000303000005e
:1065a4003063000063620000373900006630000089
:1065b4003064000064620000373900006630000077
:1065c40030320000666200003339000037300000ca
:1065d400306200006662000033390000373000008a
:1065e40030610000320a00003a310000303300000c
:1065f40037350000303000003061000035300000d5
:1066040032380000383000003039000061300000ba
:10661400326200006130000030650000353800004f
:106624006639000066300000303100006138000037
:10663400356200006130000030370000380a000085
:106644003a310000303300003736000030300000ab
:1066540030660000613800006639000066300000d2
:106664003039000038380000663500003230000050
:10667400303000003430000030330000613000005e
:106684003034000066620000363900003730000004
:1066940030640000650a00003a3100003033000025
:1066a400373700003030000030390000633000001c
:1066b4006635000035300000303000003430000012
:1066c400303300006130000030300000353000000d
:1066d400303300003730000030300000303000002c
:1066e400346500006230000030650000300a0000ac
:1066f4003a310000303300003738000030300000f9
:106704003065000038620000373900006630000050
:1067140030300000323000003033000037300000e9
:106724003038000030300000346500006230000072
:10673400306500003962000037390000663000001f
:1067440030310000340a00003a31000030330000d8
:106754003739000030300000306100003330000071
:106764003238000038300000303900003230000088
:10677400326200006130000030380000353900001a
:106784003739000066300000303100003238000034
:10679400346200006130000030610000330a000000
:1067a4003a3100003033000037610000303000001f
:1067b40030390000383900003739000066300000f5
:1067c40030390000363800006635000032300000f1
:1067d40030300000343000003033000061300000fd
:1067e40030380000666200003239000037300000a3
:1067f40030620000650a00003a31000030330000c6
:1068040037620000303000003039000035300000bd
:1068140066350000343000003030000034300000b1
:1068240030330000613000003030000035300000ab
:1068340030330000373000003030000030300000ca
:10684400356500006230000030610000370a000046
:106854003a3100003033000037630000303000006c
:1068640030650000616200003739000066300000c6
:106874003030000032300000303300003730000088
:106884003038000030300000356500006230000010
:106894003065000062620000373900006630000095
:1068a40030630000660a00003a3100003033000013
:1068b400376400003030000030360000343000000f
:1068c4003034000030300000306500003038000003
:1068d4003034000038300000303000003430000024
:1068e40032650000383000003036000034300000db
:1068f400313400003130000030300000390a00002b
:106904003a310000303300003765000030300000b9
:1069140030650000303800003134000039300000a8
:1069240030300000633800003032000030300000a6
:10693400303800006330000066350000303000005d
:106944003065000030380000663500003830000043
:1069540030640000310a00003a3100003033000096
:106964003766000030300000303900003366000024
:10697400663300006130000030650000666200008c
:10698400353900003730000030300000323000006c
:106994003032000031300000303800006661000001
:1069a400363900003730000030640000330a00003c
:1069b4003a3100003033000038300000303000003d
:1069c4003038000032380000363400003630000021
:1069d4003038000064610000373900006630000080
:1069e400303000003231000030320000303000001e
:1069f4003065000031380000663500003530000095
:106a040030610000300a00003a31000030330000e9
:106a140038310000303000003030000066300000b3
:106a240030330000613000003038000032300000a4
:106a340031370000383000003030000030300000c2
:106a44003262000065300000303100003031000057
:106a5400313800003030000030300000330a0000cc
:106a64003a3100003033000038320000303000008a
:106a7400303800003038000030360000313000007b
:106a840030660000646600006633000032300000a7
:106a94003061000032300000353200003030000038
:106aa400303200003231000031380000383000004c
:106ab40030380000370a00003a310000303300005b
:106ac4003833000030300000303000003331000033
:106ad400303200003030000030310000323100002c
:106ae4003138000030300000303800003238000007
:106af400303600003130000030660000646600006b
:106b0400663300003230000030320000310a0000e9
:106b14003a310000303300003834000030300000d7
:106b24003030000034300000306200006530000076
:106b34003030000030300000306600006530000066
:106b4400303600003031000031620000383000007f
:106b540030310000333000003033000037300000a3
:106b640030340000350a00003a31000030330000b0
:106b74003835000030300000303000003030000084
:106b84003262000065300000303100003331000013
:106b9400313800003030000030380000333000005d
:106ba40030360000313000003066000064660000ba
:106bb400663300003230000030660000320a000004
:106bc4003a31000030330000383600003030000025
:106bd40030300000343000003062000065300000c6
:106be4003036000032300000343200003030000013
:106bf40030320000323100003138000038300000fb
:106c040030360000303100003162000038300000be
:106c140030320000630a00003a31000030330000d3
:106c240038370000303000003031000035300000cb
:106c3400303300003730000030320000663300008b
:106c44006139000037300000303600003132000076
:106c5400336200003830000030660000363900002e
:106c6400373900006630000030390000340a000073
:106c74003a31000030330000383800003030000072
:106c840030380000373900006639000066300000f3
:106c94003030000035300000303300003730000061
:106ca4003031000037300000303200003030000056
:106cb4003063000037610000663900006630000070
:106cc40030650000620a00003a31000030330000f1
:106cd40038390000303000003034000066610000b4
:106ce40063390000373000003065000031300000a7
:106cf400663500003430000030300000623000009f
:106d040030330000613000003030000035310000c5
:106d1400303200003030000030640000380a0000d7
:106d24003a31000030330000386100003030000098
:106d34003030000030300000336200006530000065
:106d440030310000393100003138000030300000ab
:106d5400303800003938000030360000323000008e
:106d640030660000646600006633000032300000c4
:106d740030310000340a00003a31000030330000a2
:106d8400386200003030000030300000363000003f
:106d940030620000653000003062000034300000d2
:106da4003432000030300000303200003431000052
:106db400313800003830000030300000303000003e
:106dc400326500006230000030630000320a0000c7
:106dd4003a310000303300003863000030300000e6
:106de4003038000034300000323700003830000002
:106df4003033000039660000633300003730000090
:106e040030300000353100003032000030300000f6
:106e14003030000030300000336200006530000084
:106e240030390000380a00003a31000030330000e5
:106e3400386400003030000030310000613100005f
:106e44003138000030300000303800006138000074
:106e54003036000032300000306600006466000006
:106e6400663300003230000030300000363000005d
:106e7400306200006530000030640000660a0000e3
:106e84003a31000030330000386500003030000033
:106e9400303600003430000034320000303000005e
:106ea4003032000034310000313800003830000046
:106eb40030300000303000003265000062300000e5
:106ec4003038000034300000323700003830000021
:106ed40030610000380a00003a310000303300000d
:106ee4003866000030300000303200006566000073
:106ef4006333000037300000306500003238000092
:106f0400663500003230000030300000623000008e
:106f140030330000613000003030000035310000b3
:106f2400303200003030000030320000610a0000ce
:106f34003a310000303300003930000030300000b6
:106f44003030000030300000336200006530000053
:106f54003031000062310000313800003030000070
:106f64003038000062380000303600003230000053
:106f740030660000646600006633000032300000b2
:106f840030610000660a00003a310000303300002e
:106f9400393100003030000030300000363000005d
:106fa40030620000653000003065000034300000bd
:106fb4003432000030300000303200003431000040
:106fc400313800003830000030300000303000002c
:106fd400326500006230000030330000310a0000e6
:106fe4003a31000030330000393200003030000004
:106ff40030380000343000003237000038300000f0
:107004003032000031660000633300003730000086
:107014003030000030300000326500006230000083
:10702400306500003338000066350000323000005f
:1070340030390000340a00003a31000030330000d7
:107044003933000030300000303100006566000044
:10705400633300006130000030300000353100003f
:10706400303200003030000030300000303000009a
:1070740033620000653000003031000063310000ed
:10708400313800003030000030390000300a000090
:107094003a31000030330000393400003030000051
:1070a4003038000063380000303600003230000011
:1070b4003066000064660000663300003230000071
:1070c40030300000363000003062000065300000cf
:1070d4003038000034300000353200003030000019
:1070e40030360000650a00003a31000030330000f9
:1070f40039350000303000003032000034310000f7
:1071040031380000383000003030000030300000ea
:107114003265000062300000303800003430000076
:107124003237000038300000303100003366000090
:10713400633300003730000030370000390a0000a4
:107144003a3100003033000039360000303000009e
:107154003031000035610000656100003830000006
:1071640030310000346500006561000038300000f3
:10717400303100003538000065610000383000000f
:1071840030310000356300006561000038300000d4
:1071940030360000630a00003a310000303300004a
:1071a4003937000030300000303800003030000043
:1071b4003665000062300000306400006461000045
:1071c40037390000663000003033000035300000ed
:1071d400303200003030000030640000646600008b
:1071e400663300003730000030340000620a0000cb
:1071f4003a310000303300003938000030300000ec
:107204003031000035610000656100003830000055
:107214003031000034650000656100003830000042
:10722400303100003538000065610000383000005e
:107234003031000035630000656100003830000023
:1072440030340000630a00003a310000303300009b
:107254003939000030300000303000003030000098
:1072640032650000623000003064000034610000c8
:10727400373900006630000030330000353000003c
:107284003032000030300000306400003566000009
:10729400663300003730000030630000300a00001d
:1072a4003a31000030330000396100003030000012
:1072b40030310000356100006561000038300000a5
:1072c4003031000034650000656100003830000092
:1072d40030310000353800006561000038300000ae
:1072e4003031000035630000656100003830000073
:1072f40030320000630a00003a31000030330000ed
:1073040039620000303000003038000030300000b6
:107314003265000062300000306400003561000016
:10732400373900006630000030330000353000008b
:10733400303200003030000030630000646600002a
:10734400663300003730000030320000370a000096
:107354003a3100003033000039630000303000005f
:1073640030310000356100006561000038300000f4
:1073740030310000346500006561000038300000e1
:1073840030310000353800006561000038300000fd
:1073940030310000356300006561000038300000c2
:1073a40030300000630a00003a310000303300003e
:1073b400396400003030000030300000303000000c
:1073c4003365000062300000306400003661000064
:1073d40037390000663000003033000035300000db
:1073e40030320000303000003063000035660000a9
:1073f400663300003730000030380000640a0000b3
:107404003a310000303300003965000030300000ac
:107414003031000035610000656100003830000043
:107424003031000034650000656100003830000030
:10743400303100003538000065610000383000004c
:107444003031000035630000656100003830000011
:1074540030650000630a00003a3100003033000058
:107464003966000030300000303800003030000051
:1074740033650000623000003064000037610000b2
:10748400373900006630000030330000353000002a
:1074940030320000303000003062000064660000ca
:1074a400663300003730000030660000340a000004
:1074b4003a31000030330000613000003030000009
:1074c4003031000035610000656100003830000093
:1074d4003031000034650000656100003830000080
:1074e400303100003538000065610000383000009c
:1074f4003031000035630000656100003830000061
:1075040030630000620a00003a31000030330000aa
:1075140061310000303000003030000030300000b5
:1075240034650000623000003064000038610000ff
:107534003739000066300000303300003530000079
:107544003032000030300000306200003566000048
:10755400663300003730000030350000390a00007f
:107564003a31000030330000613200003030000056
:1075740030310000356100006561000038300000e2
:1075840030310000346500006561000038300000cf
:1075940030310000353800006561000038300000eb
:1075a40030310000356300006561000038300000b0
:1075b40030610000620a00003a31000030330000fc
:1075c40061330000303000003038000030300000fb
:1075d400346500006230000030640000396100004e
:1075e40037390000663000003033000035300000c9
:1075f400303200003030000030610000646600006a
:10760400663300003730000030630000300a0000a9
:107614003a310000303300006134000030300000a3
:107624003031000035610000656100003830000031
:10763400303100003465000065610000383000001e
:10764400303100003538000065610000383000003a
:1076540030310000356300006561000038300000ff
:1076640030380000620a00003a3100003033000074
:107674006135000030300000303000003030000050
:107684003565000062300000306400006161000074
:107694003739000066300000303300003530000018
:1076a40030320000303000003061000035660000e8
:1076b400663300003730000030320000360a000024
:1076c4003a310000303300006136000030300000f1
:1076d4003031000035610000656100003830000081
:1076e400303100003465000065610000383000006e
:1076f400303100003538000065610000383000008a
:10770400303100003563000065610000383000004e
:1077140030360000620a00003a31000030330000c5
:107724006137000030300000303800003030000095
:1077340035650000623000003064000062610000c2
:107744003739000066300000303300003530000067
:107754003032000030300000303900006466000030
:10776400663300003730000030380000640a00003f
:107774003a3100003033000061380000303000003e
:1077840030310000356100006561000038300000d0
:1077940030310000346500006561000038300000bd
:1077a40030310000353800006561000038300000d9
:1077b400303100003563000065610000383000009e
:1077c40030340000620a00003a3100003033000017
:1077d40061390000303000003030000030300000eb
:1077e4003665000062300000306400006361000010
:1077f40037390000663000003032000035300000b8
:1078040030320000303000003039000035660000ae
:10781400663300003730000030300000330a0000c7
:107824003a300000303000003030000030300000ca
:0878340031460000460000008f
:020000040000fa
:10783c000200000002000000020000000200000034
:10784c000200000002000000020000000200000024
:10785c000200000002000000020000000200000014
:10786c000300000003000000030000000300000000
:10787c0003000000030000000300000003000000f0
:10788c0003000000030000000300000003000000e0
:10789c0003000000030000000300000003000000d0
:1078ac0004000000040000000400000004000000bc
:1078bc0004000000040000000400000004000000ac
:1078cc000400000005000000050000000500000099
:1078dc000500000005000000050000000500000088
:1078ec000500000006000000060000000600000075
:1078fc000600000006000000060000000700000063
:10790c00070000000700000007000000070000004f
:10791c00080000000800000008000000080000003b
:10792c000900000009000000090000000900000027
:10793c000a0000000a0000000a0000000b00000012
:10794c000b0000000b0000000c0000000c000000fd
:10795c000c0000000d0000000d0000000e000000e7
:10796c000e0000000f0000000f00000010000000cf
:10797c0010000000110000001100000012000000b7
:10798c00120000001300000013000000140000009f
:10799c001500000015000000160000001700000084
:1079ac001800000018000000190000001a00000068
:1079bc001b0000001c0000001d0000001e00000049
:1079cc001f00000020000000210000002200000029
:1079dc002300000024000000250000002700000008
:1079ec0028000000290000002b0000002c000000e3
:1079fc002e0000002f0000003100000032000000bb
:107a0c00340000003600000038000000390000008f
:107a1c003b0000003d0000003f0000004200000061
:107a2c004400000046000000490000004b0000002c
:107a3c00070000000700000007000000070000001e
:107a4c00070000000700000007000000070000000e
:107a5c0007000000080000000800000008000000fb
:107a6c0008000000080000000800000008000000ea
:107a7c0008000000080000000800000009000000d9
:107a8c0009000000090000000900000009000000c6
:107a9c0009000000090000000a0000000a000000b4
:107aac000a0000000a0000000a0000000b000000a1
:107abc000b0000000b0000000b0000000c0000008d
:107acc000c0000000c0000000d0000000d00000078
:107adc000d0000000e0000000e0000000e00000063
:107aec000f0000000f00000010000000100000004c
:107afc001100000011000000120000001200000034
:107b0c001300000014000000140000001500000019
:107b1c0016000000170000001800000019000000fb
:107b2c00190000001a0000001b0000001d000000de
:107b3c001e0000001f0000002000000022000000ba
:107b4c002300000024000000260000002800000094
:107b5c00290000002b0000002d0000002f00000069
:107b6c003100000033000000350000003800000038
:107b7c003a0000003d0000004000000043000000ff
:107b8c0046000000490000004c00000050000000be
:107b9c0054000000580000005c0000006000000071
:107bac00650000006a0000006f0000007400000017
:107bbc00790000007f000000850000008c000000b0
:107bcc00930000009a000000a1000000a900000032
:107bdc00b1000000ba000000c3000000cd0000009e
:107bec00d7000000e2000000ed000000f8000000eb
:107bfc0005010000120100001f0100002d01000012
:107c0c003c0100004c0100005d0100006e01000011
:107c1c008001000094010000a8010000bd010000db
:107c2c00d3010000eb010000030200001d02000064
:107c3c003d460000697200006d7700006172000023
:107c4c0065560000723a0000003d000053650000cc
:107c5c0072690000616c00004e6d000062720000e1
:107c6c003a0000003d55000070740000696d000082
:107c7c00654d0000696c0000533a0000003d0000a7
:107c8c00427200006453000077630000684d0000ee
:107c9c006f6400003a0000003d41000058320000c3
:107cac0035520000785000006b740000733a0000ed
:107cbc00003d0000494c000032500000527800009a
:107ccc00506b0000747300003a0000003d49000046
:107cdc004c32000050520000785500006e430000fa
:107cec00723a0000003d000054780000506b000018
:107cfc00744300006f7500006e7400003a000000c1
:107d0c003d50000072650000616d0000626c000067
:107d1c00436e0000743a0000303000003030000038
:107d2c00003d00004c6f00006f70000043790000b4
:107d3c00636c0000657300003a0000003d4c0000cd
:107d4c006f7300007441000044430000536d000049
:107d5c00703a0000003d0000303000003a00000096
:107d6c003d300000313a0000003d00003032000090
:107d7c003a0000003d300000333a0000003d0000a6
:107d8c00303400003a0000003d300000363a00006c
:107d9c00003d0000303700003a0000003d3000008c
:107dac00383a0000003d0000303900003a00000075
:107dbc003d300000413a0000003d00003042000020
:107dcc003a30000030300000300000003d30000040
:107ddc00433a0000003d0000304400003a0000002f
:107dec003d300000453a0000003d000030460000e8
:107dfc003a0000003d310000303a0000003d000028
:107e0c00313100003a000000446500006d6f000045
:107e1c00643a000020000000205400006f74000041
:107e2c00616c0000204200006974000020430000d7
:107e3c006f7500006e7400003a20000000200000f6
:107e4c00426900007420000045720000726f00004f
:107e5c0072200000436f0000756e0000743a000041
:107e6c00200000007b0000002000000020680000c3
:107e7c0074740000707300003a2f00002f7400001f
:107e8c0061720000706e00002e6e000065740000c0
:107e9c002f4900004c320000500000000000000090
:107eac0000000000100000000100000006000000af
:107ebc000700000008000000c3000000c400000020
:107ecc00ca000000cb000000cc000000cd00000078
:107edc00ce000000cf000000f00000002f000000da
:107eec00430000000f00000063000000870000004a
:107efc0003000000af000000e300000020200000a1
:107f0c000d0a000020200000736100006d7000005d
:107f1c006c6500003a200000002c0000206f00006f
:107f2c007574000065720000206400006576000026
:107f3c0069610000746900006f6e00003a20000057
:107f4c00002c000020640000656d000061700000d2
:107f5c003a2000000000000020200000000d00006e
:107f6c000a0000003a200000002000000000000081
:107f7c0054410000525000004e7300007461000028
:107f8c0074000000435100004245000045500000c1
:020000040000fa
:107f9c003805fa00889fbe008a9fbe008c9fbe00e9
:107fac008004eb002b5120000b05470064014500b9
:107fbc008052200002377800e8024500c3522000ae
:107fcc0005b77900614eb9007660b8006479240079
:107fdc0000044200a10f24000a00780088900200df
:107fec00010000008b0247000a000900351c7800d4
:107ffc006801b1006c66b80068fa24000c044400f7
:10800c0001cf23000a007800fa9002000100000062
:10801c001a0078009a009000009cbe008352200049
:10802c006e8279001401780094019000029cbe00cd
:10803c00c5522000ee867a003d1c78002d14780085
:10804c008904e800e38f5400deff3a0000002100b1
:10805c0010758a000018210020758a000024210068
:10806c0030758a004038210040758a00a0712700c5
:10807c0050758a00c089270060758a00e09527003a
:10808c0070758a0000a2270080758a0020ae270038
:10809c0090758a0040ba2700a0758a0060c6270038
:1080ac00b0758a0080d22700c0758a00a0de270038
:1080bc00d0758a00c0ea2700e0758a00804c210048
:1080cc0010b68800e0f6270020b6880000062000d5
:1080dc0080f38900300f2000814f210011006000d7
:1080ec00e20f50000600320011032000810f5000f7
:1080fc002c0032000000e000610032008d003700df
:10810c0010002000407b8a0080b688000090200080
:10811c00a0f38900c000200010418a00d0448a00de
:10812c00e08424001000a100608c24001000a10049
:10813c00020c20000e014100300020000100200044
:10814c00125a0200010000007eb890000010a0003e
:10815c0070bf98000e017800300020000100200054
:10816c00125a020001000000020420000e0141001e
:10817c003000200001002000125a02000100000013
:10818c00fe1890000110a000711f98007e3990001d
:10819c000210a000723f98006009200050af8800c8
:1081ac006400370040002000407b8a0080b68800c5
:1081bc0000202100a0f38900020c20000e014100d8
:1081cc003000200001002000125a020001000000c3
:1081dc00feb990000310a00073bf980090af800010
:1081ec000000e000230034000004eb00897d240033
:1081fc002c5f21006140b90082072000828bb900fe
:10820c000202b80085024300a404b0000580b0004f
:10821c0004824400c3002000030a780006027800a0
:10822c000201b800830142006207b0000380b00075
:10823c00028144001200a100460ddd00ca05de00db
:10824c008b0575004605dd000a0147003000200053
:10825c0001002000125a020001000000ea03b000e5
:10826c000a0047001010a0000804e8009c0f14003e
:10827c00e0ff3c00803e200050af88002d0037000e
:10828c000000eb00407b8a0080b68800004820008c
:10829c00a0f38900c000200010418a00d0448a005d
:1082ac00e08424001000a100608c24001000a100c8
:1082bc00020c20000e014100300023006100200060
:1082cc00125a0200010000007eba90000410a000b7
:1082dc0074bf98000e01780030002300610020006c
:1082ec00125a020001000000020420000e0141009d
:1082fc003000230061002000125a0200010000002f
:10830c00fe1a90000510a000751f98007e3b90008f
:10831c000610a000763f980000e72300900078003c
:10832c004f09de00810041000188d100803e200011
:10833c0050af880090af80000000e00015003400c2
:10834c000004eb00491520004c4f21008d7d2400ca
:10835c006145b9000950b800021020000e0141001f
:10836c0000004100bc510200010000008007200009
:10837c000050b8000d0040009c007800de34020074
:10838c00010000000804e800235f2100930f140093
:10839c00efff3c00a0f3810058da0200010000005e
:1083ac0020ea2400fec80200000000002068210022
:1083bc00e8230200010000008000eb0000302000e8
:1083cc001acf0200010000000c1020000e0646001f
:1083dc008c0678006c0046006102b800c652200082
:1083ec000e034300041b78000513780023eb2300d5
:1083fc0082652100a14d2100405121009ca2020068
:10840c000100000020af8000cf80de0012022000af
:10841c00820f5000e08f5800ab093e0000060100af
:10842c0021003700690037009b003700b00137008e
:10843c009d023700490337006f033700bf03370035
:10844c00db03370073043700f00437009e09370054
:10845c005f05370077093700870937009009370027
:10846c0097093700980937003c0237002f01370075
:10847c0006063700a304370082063700a60637002d
:10848c00da0637002008370070073700d2073700ac
:10849c00fe073700480837008b093700fa0637000b
:1084ac003e0737004d0737001000200030af880022
:1084bc000080200061602100110060000400320087
:1084cc000100780010b0a100c000200030af88007f
:1084dc000080200081602100110060000400320047
:1084ec000100780010b0a1009001200030af88008e
:1084fc000040200081602100110060000400320067
:10850c000100780010a0a100a001200030af88006d
:10851c0040b080000098a3000200320061012000ee
:10852c0031af880001082000626021009280600059
:10853c0004003200820078001170a100f1002000cc
:10854c0031af880001102000626021009280600031
:10855c0004003200820078001180a100010120008b
:10856c0031af88000038a30011003200a0ae8000ab
:10857c00b1ae8000e00f5000e08f580008003200d0
:10858c000257210032021000a2821800027c220045
:10859c0093002000820f5200838f5a000400360093
:1085ac00806021001030a100d000200030af880086
:1085bc000020200061602100110060008bff320060
:1085cc00d000200030af880088ff370060af8000fb
:1085dc000000e00003003400a04d2100e2b00200d6
:1085ec000100000080f281000000e0001000340067
:1085fc00c84f200008044700cad22300695020004d
:10860c00890447000be523008a00780008007800f5
:10861c000494020001000000980078001900780012
:10862c00fa910200010000001b00e000f6ff3c0084
:10863c0020e723001000a10082f3810021f38100c8
:10864c00c0f28100fcd7020001000000bed702007e
:10865c0001000000a0f3810058da020001000000c4
:10866c00000820008160210011006000050032002c
:10867c00010078001070a1004001200030af88008c
:10868c005aff37002000200030af8800a060210086
:10869c001020a10055ff370000002200616021006e
:1086ac0011006000140032000100780010d0a1000d
:1086bc00c34f20008301470030c3b30080497800ca
:1086cc00e1c2b300d04f20000177780040c3b30063
:1086dc00e14f200000f77800f14f200000f7780000
:1086ec00440020000041eb00e1c0b3008065210094
:1086fc003e8702000100000082652100a14d21008f
:10870c00405121008cfb020000000000300f2000c3
:10871c00814f210011006000e20f50001e0032005a
:10872c0011032000810f5000030032000000e00014
:10873c00310032004200370060fa2400801f7800bc
:10874c0020ea2400801f7800a70f240026142400a0
:10875c0065792400c4d22300837d24006213240095
:10876c00a14d210040512100e6e90200000000006b
:10877c008c027800846521000394240022142400c8
:10878c008e00780040512100b8f302000000000078
:10879c00e48757002a00370060fa2400801f780015
:1087ac0020ea2400801f7800a70f24002614240040
:1087bc0065792400c4d22300837d24006213240035
:1087cc00a14d210040512100fce8020000000000f6
:1087dc008c02780084652100039424002214240068
:1087ec008e00780040512100b8f302000000000018
:1087fc00e487570012003700a70f2400261424002a
:10880c0065792400c4d22300837d240062132400e4
:10881c0021ea240040512100c6eb020000000000b8
:10882c008c02780084652100039424002214240017
:10883c008e00780040512100b8f3020000000000c7
:10884c006395240042512100a14d21008065210037
:10885c00ccf8020000000000136eab0009003200df
:10886c00015f21001100e8008008780051af800002
:10887c00810f50000300340081af8800806021001c
:10888c001080a00000022000816021001100600017
:10889c000d00320001007800900078000150a1001a
:1088ac0004a62e000500200003572100825a210047
:1088bc003319420023914a000100a00001087800fe
:1088cc003001200030af880080602100100078005b
:1088dc007000600004003200806021001040a10094
:1088ec00605e21000008eb00001020008160210078
:1088fc001100600004003200010078001080a1001b
:10890c008000200030af8800000022008160210030
:10891c0011006000b5fe32000100780010d0a100fb
:10892c00f001200030af8800b0fe3700300f20007f
:10893c00814f210011006000e20f50001e00320038
:10894c0011032000810f5000030032000000e000f2
:10895c00310032004200370060fa2400801f78009a
:10896c0020ea2400801f7800a70f2400261424007e
:10897c0065792400c4d22300837d24006213240073
:10898c00a14d210040512100e6e902000000000049
:10899c008c027800846521000394240022142400a6
:1089ac008e00780040512100b8f302000000000056
:1089bc00e48757002a00370060fa2400801f7800f3
:1089cc0020ea2400801f7800a70f2400261424001e
:1089dc0065792400c4d22300837d24006213240013
:1089ec00a14d210040512100fce8020000000000d4
:1089fc008c02780084652100039424002214240046
:108a0c008e00780040512100b8f3020000000000f5
:108a1c00e487570012003700a70f24002614240007
:108a2c0065792400c4d22300837d240062132400c2
:108a3c0021ea240040512100c6eb02000000000096
:108a4c008c027800846521000394240022142400f5
:108a5c008e00780040512100b8f3020000000000a5
:108a6c00f0f38100e10f50001b003400285120006e
:108a7c0061e723000e004400889002000100000012
:108a8c00e50c2400080347000a000900b61a780018
:108a9c0084a78000a3a7800092a78000010c20006f
:108aac008e804000e00c240040ad0200010000006c
:108abc00f687470076845700e00c24000a00090072
:108acc00301c78006801b10020eb23005e9202009c
:108adc000100000088077800300682000000e000ea
:108aec0042fe34003000200030af88003ffe3700db
:108afc00300f2000814f210011006000e20f500068
:108b0c001e00320011032000810f500003003200c0
:108b1c000000e000310032004200370060fa24000f
:108b2c00801f780020ea2400801f7800a70f240003
:108b3c002614240065792400c4d22300837d2400ec
:108b4c0062132400a14d210040512100e6e90200ee
:108b5c00000000008c02780084652100039424003e
:108b6c00221424008e00780040512100b8f302003a
:108b7c0000000000e48757002a00370060fa240048
:108b8c00801f780020ea2400801f7800a70f2400a3
:108b9c002614240065792400c4d22300837d24008c
:108bac0062132400a14d210040512100fce8020079
:108bbc00000000008c0278008465210003942400de
:108bcc00221424008e00780040512100b8f30200da
:108bdc0000000000e487570012003700a70f2400a4
:108bec002614240065792400c4d22300837d24003c
:108bfc006213240021ea240040512100c6eb02003c
:108c0c00000000008c02780084652100039424008d
:108c1c00221424008e00780040512100b8f3020089
:108c2c0000000000f0f381000000e000450034007b
:108c3c00806021001060a0002851200061e7230013
:108c4c000e0044008890020001000000e10c24009a
:108c5c00080147000a000900b218780030d8240037
:108c6c00c3c0b30090cf11001d003a00000e2400c9
:108c7c001010a000a1952400e00d240011487800ec
:108c8c00b1952400f00d2400114878008095240043
:108c9c001082e90004087800000d24000008eb00a5
:108cac004240a9000e0034000000eb006195240046
:108cbc00648440008004eb00668340008003eb007a
:108ccc006101b9008800410006014100924878001a
:108cdc000000e800800f5200f9ff3c0084068a0077
:108cec00a4a7800093a78000020c20000e01410075
:108cfc0061952400e00c2400ceac020001000000c1
:108d0c00405c2100c14a82004f8ade00109840006e
:108d1c0010104a00f687470076845700e50c2400b3
:108d2c000a000900351c78006801b10020eb230013
:108d3c005e9202000100000040d8240010a0a100a7
:108d4c008807780030068200e10f5000a7fd340040
:108d5c002001200030af8800a4fd3700300f200028
:108d6c00814f210011006000e20f50001e00320004
:108d7c0011032000810f5000030032000000e000be
:108d8c00310032004200370060fa2400801f780066
:108d9c0020ea2400801f7800a70f2400261424004a
:108dac0065792400c4d22300837d2400621324003f
:108dbc00a14d210040512100e6e902000000000015
:108dcc008c02780084652100039424002214240072
:108ddc008e00780040512100b8f302000000000022
:108dec00e48757002a00370060fa2400801f7800bf
:108dfc0020ea2400801f7800a70f240026142400ea
:108e0c0065792400c4d22300837d240062132400de
:108e1c00a14d210040512100fce80200000000009f
:108e2c008c02780084652100039424002214240011
:108e3c008e00780040512100b8f3020000000000c1
:108e4c00e487570012003700a70f240026142400d3
:108e5c0065792400c4d22300837d2400621324008e
:108e6c0021ea240040512100c6eb02000000000062
:108e7c008c027800846521000394240022142400c1
:108e8c008e00780040512100b8f302000000000071
:108e9c0080f281000000e00054fd3a004000200008
:108eac0030af880051fd3700300f2000814f21007a
:108ebc0011006000e20f50001e0032001103200070
:108ecc00810f5000030032000000e000310032003e
:108edc004200370060fa2400801f780020ea24004a
:108eec00801f7800a70f2400261424006579240025
:108efc00c4d22300837d240062132400a14d2100e1
:108f0c0040512100e6e90200000000008c027800cc
:108f1c008465210003942400221424008e00780020
:108f2c0040512100b8f3020000000000e487570014
:108f3c002a00370060fa2400801f780020ea240001
:108f4c00801f7800a70f24002614240065792400c4
:108f5c00c4d22300837d240062132400a14d210080
:108f6c0040512100fce80200000000008c02780057
:108f7c008465210003942400221424008e007800c0
:108f8c0040512100b8f3020000000000e4875700b4
:108f9c0012003700a70f2400261424006579240042
:108fac00c4d22300837d24006213240021ea240010
:108fbc0040512100c6eb0200000000008c0278003a
:108fcc008465210003942400221424008e00780070
:108fdc0040512100b8f302000000000030b08000c6
:108fec00f100600056003a000058a3001100320056
:108ffc00a0602100900078000101d1000281ea00fc
:10900c0061016100020141000110a10002887000a1
:10901c00606021001040a0000157210022a88000b0
:10902c00c05d2100311841000003eb0021104b0002
:10903c0043003700a06021001010a100f6d70200f9
:10904c0001000000114ea90080ab800091ab8000a4
:10905c00a0ac8800b1ac8800044c2d001500200099
:10906c00c25a21000419400005914800806021007b
:10907c0010f0a000140ea8002851200021eb2300b2
:10908c000e004400ba9302000100000000cd230042
:10909c00880047000a000900311878002168210077
:1090ac0000cd230016fc020000000000e0ce2300df
:1090bc00900078000120a1000110a0000100a10087
:1090cc000108780047512100a64d2100856521003b
:1090dc0024eb23002368210002cd230081cb230045
:1090ec0000ca230070fc0200000000004751210060
:1090fc00a64d21008565210024eb23002368210067
:10910c0002cd230041cc2300c0ca230070fc020016
:10911c00000000000409200023e68100c2e5810064
:10912c0061e5810000e5810094ce020001000000a1
:10913c008000eb00003020001acf0200010000007c
:10914c00e0ce23001000780062006000a7fc320023
:10915c005000200030af8800a4fc3700f0f38100f1
:10916c000000e00006003400639524004251210009
:10917c00a14d210080652100ccf802000000000008
:10918c000002200081602100110060000d003200ff
:10919c0001007800900078000150a10004a62e0078
:1091ac000500200003572100825a21003319420088
:1091bc0023914a000100a000010878006000200003
:1091cc0030af8800e0ce2300100078006200600011
:1091dc0086fc3a0082ab800093ab80008058210063
:1091ec00b00f5100a08f590080fc36007000200099
:1091fc0030af88007dfc3700f0f381000000e00008
:10920c0045003400806021001060a000285120002f
:10921c0061e723000e00440088900200010000006a
:10922c00e20c2400880147000a0009003319780079
:10923c0030d82400c4c0b300904f12001d003a0077
:10924c00000e24001010a000a1952400e00d2400b5
:10925c0011487800b1952400f00d240011487800d5
:10926c00809524001082e90004087800000d240089
:10927c000008eb004240a9000e0034000000eb0097
:10928c0061952400648440008004eb0066834000f8
:10929c008003eb006101b90082004400060141002b
:1092ac00924878000000e800800f5200f9ff3c0063
:1092bc0084068a00a4a7800093a78000020c2000db
:1092cc000e01410061952400e00c2400ceac02009c
:1092dc0001000000405c2100c14a8200cf8ade0000
:1092ec001098400010904a00f6874700768457008b
:1092fc00e60c24000a000900361c78006801b10055
:10930c0020eb23005e9202000100000040d82400f4
:10931c0010a0a100880778000004200081602100c3
:10932c001100600031fc3200010078001060a100d7
:10933c005000200030af88002cfc3700140ea90020
:10934c0080ab800091ab800073a88000c25d2100cf
:10935c0000824100e08248000489be006260210066
:10936c001240a000c25b210032024000a2824800e1
:10937c00435921003319520023915a0060ac8800e4
:10938c0071ac880080602100e1ff2700108860002c
:10939c00300682000000e0000200340080602100f2
:1093ac001070a000605e21000008eb000ffc37007d
:1093bc00e0ce230010007800620060003c003a0010
:1093cc00e0ce2300900078000130a0000140a10005
:1093dc000120a1000110a0000100a10001087800eb
:1093ec0047512100a64d21008565210024eb230067
:1093fc002368210002cd230081cb230000ca230067
:10940c0070fc02000000000047512100a64d210015
:10941c008565210024eb23002368210002cd230065
:10942c0041cc2300c0ca230070fc020000000000e5
:10943c00f6d70200010000000409200023e6810099
:10944c00c2e5810061e5810000e5810094ce020057
:10945c00010000008000eb00003020001acf020059
:10946c0001000000114ea90082ab800093ab80007c
:10947c00a2ac8800b3ac8800044c2d001500200071
:10948c00c05a210004184100059049008060210059
:10949c009000780001f0a00001087800140ea800dc
:1094ac00c2ab8800d3ab88000110a1000108780082
:1094bc006060210051ff2f001088600015aea900dc
:1094cc0014eea900158ea90015cea9008057210015
:1094dc0001572100110278009102900030015200d6
:1094ec00a0815a000200be0005712200850f5100b8
:1094fc00e08f59000100360015aea80086af22009f
:10950c00860f5000e08f58000100360014eea800c2
:10951c0002ee2200820f5000e08f5800010036004e
:10952c00158ea800832c2300830f5000e08f580069
:10953c000100360015cea80004532700840f5000fc
:10954c00e08f5800010036000000fe00136eab00e7
:10955c002a003a00035f21001301e9008209780018
:10956c004240a90025003c00030178000009eb00f3
:10957c00e2ce23001240a00092a78000e10f510020
:10958c000f003a0085af2200850f5000e08f580085
:10959c00020036008260210012b0a00006ee22000c
:1095ac00860f5000e08f58000500360080602100c7
:1095bc009000780001b0a10001a0a0000108780083
:1095cc008057210001572100110278009102900070
:1095dc0030015200a0815a00852c2300850f5100c8
:1095ec00e08f590005003600806021009000780063
:1095fc0001a0a1000190a0000108780080af8000bc
:10960c000000e00079fb3a009000200030af8800a9
:10961c0076fb37008c1f7800876521006695240047
:10962c00e50c240024eb2300030c20008e81410068
:10963c0062e72300a14d210040512100faf60200ff
:10964c00000000008060210010e0a00020512100eb
:10965c0010007800680060008f87e9000000e000cf
:10966c0025003a0060af80000000e00003003400e9
:10967c00a04d2100e2b002000100000080f2810048
:10968c000000e00010003400c84f20000804470020
:10969c00cad2230069502000890447000be523003f
:1096ac008a00780008007800049402000100000091
:1096bc009800780019007800fa910200010000006f
:1096cc001b00e000f6ff3c0020e723001000a10087
:1096dc0082f3810021f38100c0f28100fcd70200eb
:1096ec0001000000bed7020001000000a0f38100c1
:1096fc0058da0200010000005001200030af880051
:10970c003afb3700e0ce23001000780062006000c6
:10971c0036fb3a002851200021eb23000e004400b8
:10972c00ba9302000100000006cd23000800470098
:10973c000a000900301b78002168210000cd2300ad
:10974c0016fc020000000000e0ce23009000780020
:10975c000120a1000110a0000100a1000108780067
:10976c0047512100a64d21008565210024eb2300e3
:10977c002368210002cd230081cb230000ca2300e3
:10978c0070fc02000000000047512100a64d210092
:10979c008565210024eb23002368210002cd2300e2
:1097ac0041cc2300c0ca230070fc02000000000062
:1097bc000409200023e68100c2e5810061e58100f7
:1097cc0000e5810094ce0200010000008000eb0057
:1097dc00003020001acf020001000000a000200081
:1097ec0030af880040f8240090007800317c8a006b
:1097fc00225f210092017800a3af880011002000a5
:10980c000109780001087800f8fa3700300f2000c1
:10981c00814f210011006000e20f50001e00320049
:10982c0011032000810f5000030032000000e00003
:10983c00310032004200370060fa2400801f7800ab
:10984c0020ea2400801f7800a70f2400261424008f
:10985c0065792400c4d22300837d24006213240084
:10986c00a14d210040512100e6e90200000000005a
:10987c008c027800846521000394240022142400b7
:10988c008e00780040512100b8f302000000000067
:10989c00e48757002a00370060fa2400801f780004
:1098ac0020ea2400801f7800a70f2400261424002f
:1098bc0065792400c4d22300837d24006213240024
:1098cc00a14d210040512100fce8020000000000e5
:1098dc008c02780084652100039424002214240057
:1098ec008e00780040512100b8f302000000000007
:1098fc00e487570012003700a70f24002614240019
:10990c0065792400c4d22300837d240062132400d3
:10991c0021ea240040512100c6eb020000000000a7
:10992c008c02780084652100039424002214240006
:10993c008e00780040512100b8f3020000000000b6
:10994c00e0ce23001000780062006000a7fa3a0015
:10995c0080ab800091ab8000825d2100b20f500083
:10996c00a28f5800a1fa3600347c8200247c8a0035
:10997c00a5af800095af8800140ea90073a88000d5
:10998c00c25d210000824100e08248000489be00d3
:10999c00626021001240a000c25b21003202400034
:1099ac00a2824800435921003319520023915a00d6
:1099bc0060ac880071ac880080602100e1ff27005a
:1099cc0010886000605e21000008eb0087fa370009
:1099dc00300f2000814f210011006000e20f500079
:1099ec001e00320011032000810f500003003200d2
:1099fc000000e000310032004200370060fa240021
:109a0c00801f780020ea2400801f7800a70f240014
:109a1c002614240065792400c4d22300837d2400fd
:109a2c0062132400a14d210040512100e6e90200ff
:109a3c00000000008c02780084652100039424004f
:109a4c00221424008e00780040512100b8f302004b
:109a5c0000000000e48757002a00370060fa240059
:109a6c00801f780020ea2400801f7800a70f2400b4
:109a7c002614240065792400c4d22300837d24009d
:109a8c0062132400a14d210040512100fce802008a
:109a9c00000000008c0278008465210003942400ef
:109aac00221424008e00780040512100b8f30200eb
:109abc0000000000e487570012003700a70f2400b5
:109acc002614240065792400c4d22300837d24004d
:109adc006213240021ea240040512100c6eb02004d
:109aec00000000008c02780084652100039424009f
:109afc00221424008e00780040512100b8f302009b
:109b0c00000000006060210010b0a10080ab80005c
:109b1c0091ab800000ad880011ad8800e20f4000d1
:109b2c00e08f58000c0036000001eb00255320009c
:109b3c0002b77a00e5a880000353200005b779002e
:109b4c00025a21000303470036027800a60278006f
:109b5c0004195000059158002851200061e723009a
:109b6c000e0044008890020001000000e40c240068
:109b7c00880247000a000900351a780000512100bc
:109b8c0010407800e14f500003003200e24f5000cb
:109b9c0031003a000600370062002000614e2100bf
:109bac00e00c240008be0200010000002a0037006f
:109bbc00840020001300200003017800010c200019
:109bcc008e804000e00c240040ad0200010000003b
:109bdc00f6874700f6845700e60c24000a000900bb
:109bec00b61c78006901b10020eb23005e920200e4
:109bfc00010000002851200061e723000e00440002
:109c0c008890020001000000e00c2400880047004e
:109c1c000a00090031187800a14d2100a0952400fc
:109c2c00125702000100000088952400000c7800f7
:109c3c001400200084017800020c20000e01410069
:109c4c0061952400e00c2400ceac02000100000061
:109c5c00000ceb0089077800f687470076845700e4
:109c6c00e20c24000a000900321c78006801b100e3
:109c7c0020eb23005e920200010000004000200057
:109c8c0030af880088077800d8f93700300f2000f3
:109c9c00814f210011006000e20f50001e003200c5
:109cac0011032000810f5000030032000000e0007f
:109cbc00310032004200370060fa2400801f780027
:109ccc0020ea2400801f7800a70f2400261424000b
:109cdc0065792400c4d22300837d24006213240000
:109cec00a14d210040512100e6e9020000000000d6
:109cfc008c02780084652100039424002214240033
:109d0c008e00780040512100b8f3020000000000e2
:109d1c00e48757002a00370060fa2400801f78007f
:109d2c0020ea2400801f7800a70f240026142400aa
:109d3c0065792400c4d22300837d2400621324009f
:109d4c00a14d210040512100fce802000000000060
:109d5c008c027800846521000394240022142400d2
:109d6c008e00780040512100b8f302000000000082
:109d7c00e487570012003700a70f24002614240094
:109d8c0065792400c4d22300837d2400621324004f
:109d9c0021ea240040512100c6eb02000000000023
:109dac008c02780084652100039424002214240082
:109dbc008e00780040512100b8f302000000000032
:109dcc0021eb2300c04f200000004700ba93020093
:109ddc0001000000f0f38100e10f50001b00340083
:109dec002851200061e723000e00440088900200f7
:109dfc0001000000e30c2400080247000a000900df
:109e0c00b419780084a78000a3a7800092a78000d3
:109e1c00010c20008e804000e00c240040ad0200bc
:109e2c0001000000f687470076845700e50c2400fb
:109e3c000a000900351c78006801b10020eb2300f2
:109e4c005e9202000100000088077800f687470048
:109e5c0076845700c04f2000000347000a00090019
:109e6c00361c78006801b10020eb23005e920200e2
:109e7c00010000002001200030af88008807780026
:109e8c005af9370080ab800091ab8000c25821009a
:109e9c0032025000a28258000401be00853e200010
:109eac00850f5100e08f590050f93600114ea90072
:109ebc00a0ac8800b1ac8800044c2d00150020002b
:109ecc00c25a21000419400005914800806021000d
:109edc0010f0a000140ea8008c1f780087652100dc
:109eec0066952400e50c240024eb2300030c2000d1
:109efc008e81410062e72300a14d210040512100d9
:109f0c00faf60200000000007001200030af88005b
:109f1c008f87e90035f937002851200021eb230009
:109f2c000e004400ba9302000100000006cd23008d
:109f3c00080047000a000900301b78002168210046
:109f4c0000cd230016fc020000000000e0ce230030
:109f5c00900078000120a1000110a0000100a100d8
:109f6c000108780047512100a64d2100856521008c
:109f7c0024eb23002368210002cd230081cb230096
:109f8c0000ca230070fc02000000000047512100b1
:109f9c00a64d21008565210024eb230023682100b8
:109fac0002cd230041cc2300c0ca230070fc020068
:109fbc00000000000409200023e68100c2e58100b6
:109fcc0061e5810000e5810094ce020001000000f3
:109fdc008000eb00003020001acf020001000000ce
:109fec008001200030af880000f93700136eab0001
:109ffc0002003200806021001090a1003006820027
:10a00c000000e000f9f83a00e0ce230010007800e0
:10a01c0062006000f5f83a0080ab800091ab8000e4
:10a02c0082582100b20f5000a28f5800eff8360072
:10a03c00140ea90073a88000c25d210000824100ab
:10a04c00e08248000489be00626021001240a0003a
:10a05c00c25b210032024000a28248004359210019
:10a06c003319520023915a0060ac880071ac8800ff
:10a07c0080602100e1ff270010886000605e2100f5
:10a08c000008eb00d9f83700e0ce23001000780070
:10a09c00620060003e003a00e0ce230090007800a1
:10a0ac000130a0000140a100821b2000b2b6880044
:10a0bc000120a1000110a0000100a10001087800fe
:10a0cc0047512100a64d21008565210024eb23007a
:10a0dc002368210002cd230081cb230000ca23007a
:10a0ec0070fc02000000000047512100a64d210029
:10a0fc008565210024eb23002368210002cd230079
:10a10c0041cc2300c0ca230070fc020000000000f8
:10a11c00f6d70200010000000409200023e68100ac
:10a12c00c2e5810061e5810000e5810094ce02006a
:10a13c00010000008000eb00003020001acf02006c
:10a14c0001000000114ea90082ab800093ab80008f
:10a15c00a2ac8800b3ac8800044c2d001500200084
:10a16c00c05a21000418410005904900806021006c
:10a17c009000780001f0a00001087800140ea800ef
:10a18c00c2ab8800d3ab88000110a1000108780095
:10a19c000002200030af880094f83700805721006f
:10a1ac0001572100110278009102900030015200f9
:10a1bc00a0815a0020b080008000eb00800f51007d
:10a1cc00818f590089f83600e0ce23001040a000a2
:10a1dc001002200030af880084f83700e0ce230056
:10a1ec00100078006200600080f83a00140ea9009c
:10a1fc0080ab800091ab800073a88000c25d210011
:10a20c0000824100e08248000489be0062602100a7
:10a21c001240a000c25b210032024000a282480022
:10a22c00435921003319520023915a0060ac880025
:10a23c0071ac880080602100e1ff2700108860006d
:10a24c00605e21000008eb0068f8370080ab8000ee
:10a25c0091ab8000c258210032025000a2825800fb
:10a26c000401be00853e2000850f5100e08f59008f
:10a27c005ef83600114ea900a0ac8800b1ac880085
:10a28c00044c2d0015002000c25a21000419400076
:10a29c00059148008060210010f0a000140ea80069
:10a2ac002851200061e723000e0044008890020032
:10a2bc0001000000e60c2400080047000a00090019
:10a2cc00301b7800a3a7800092a78000010c20000f
:10a2dc008e804000e00c24000cad02000100000058
:10a2ec00f6874700f6845700e10c24000a000900a9
:10a2fc00b11c78006901b10020eb23005e920200d2
:10a30c000100000021eb23000e004400ba93020070
:10a31c000100000002cd2300880147000a0009005b
:10a32c00331978002168210000cd230016fc0200af
:10a33c0000000000e0ce2300900078000120a10076
:10a34c000110a0000100a100010878004751210074
:10a35c00a64d21008565210024eb230023682100f4
:10a36c0002cd230081cb230000ca230070fc020025
:10a37c000000000047512100a64d210085652100f9
:10a38c0024eb23002368210002cd230041cc2300c1
:10a39c00c0ca230070fc0200000000000409200069
:10a3ac0023e68100c2e5810061e5810000e58100c2
:10a3bc0094ce0200010000008000eb000030200071
:10a3cc001acf020001000000b001200030af88005d
:10a3dc008907780005f83700f0f381000000e000f1
:10a3ec001a0034002851200061e723000e004400bd
:10a3fc008890020001000000e40c24008802470051
:10a40c000a000900351a7800a3a7800092a78000e3
:10a41c00010c20008e804000e00c24000cad0200ea
:10a42c0001000000f687470076845700e60c2400f4
:10a43c000a000900361c78006801b10020eb2300eb
:10a44c005e9202000100000088077800405921004c
:10a45c000157210011027800910290003001520046
:10a46c00a0815a0000982a0031002000800f510072
:10a47c00818f590002003e00136eab00dbf73200f7
:10a48c00c001200030af8800d8f7370030068200ba
:10a49c000000e000d5f73a00e0ce23001000780071
:10a4ac0062006000d1f73a00140ea90080ab800066
:10a4bc0091ab800073a88000c25d21000082410036
:10a4cc00e08248000489be00626021001240a000b6
:10a4dc00c25b210032024000a28248004359210095
:10a4ec003319520023915a0060ac880071ac88007b
:10a4fc0080602100e1ff270010886000605e210071
:10a50c000008eb00b9f7370060af80000000e000f6
:10a51c0003003400a04d2100e2b002000100000055
:10a52c0080f281000000e00010003400c84f2000d1
:10a53c0008044700cad22300695020008904470050
:10a54c000be523008a0078000800780004940200d0
:10a55c00010000009800780019007800fa910200c0
:10a56c00010000001b00e000f6ff3c0020e7230088
:10a57c001000a10082f3810021f38100c0f2810060
:10a58c00fcd7020001000000bed702000100000051
:10a59c00a0f3810058da02000100000080ab8000bb
:10a5ac0091ab800000ac880011ac8800d001200079
:10a5bc0030af88008df73700300f2000814f21001d
:10a5cc0011006000e20f50001e0032001103200049
:10a5dc00810f5000030032000000e0003100320017
:10a5ec004200370060fa2400801f780020ea240023
:10a5fc00801f7800a70f24002614240065792400fe
:10a60c00c4d22300837d240062132400a14d2100b9
:10a61c0040512100e6e90200000000008c027800a5
:10a62c008465210003942400221424008e007800f9
:10a63c0040512100b8f3020000000000e4875700ed
:10a64c002a00370060fa2400801f780020ea2400da
:10a65c00801f7800a70f240026142400657924009d
:10a66c00c4d22300837d240062132400a14d210059
:10a67c0040512100fce80200000000008c02780030
:10a68c008465210003942400221424008e00780099
:10a69c0040512100b8f3020000000000e48757008d
:10a6ac0012003700a70f240026142400657924001b
:10a6bc00c4d22300837d24006213240021ea2400e9
:10a6cc0040512100c6eb0200000000008c02780013
:10a6dc008465210003942400221424008e00780049
:10a6ec0040512100b8f3020000000000e15e21009f
:10a6fc001100e80080087800215f2100910f5000c4
:10a70c0002003900e05e21000008eb0074af80000d
:10a71c006121b800c02120000010b800623524006f
:10a72c00020040001000e0004800340028512000d6
:10a73c008002eb00c02120000022b800211424006c
:10a74c00810042000e004400ba9302000100000098
:10a75c0001942400080147000a000900b21878008f
:10a76c00e95e210099017800c619dd000a942400e5
:10a77c008301470002012000414a82001a00780040
:10a78c00a45e020001000000190078006102b8000c
:10a79c00865220000e034300041b7800051378003a
:10a7ac0048152000960178000818b80000004700f2
:10a7bc0060029100f0029100465320000e0343000a
:10a7cc00041b7800051378000a0078009e530200e1
:10a7dc000100000086522000ee017b00081ab80030
:10a7ec00c410b00084004700445320000e02420005
:10a7fc0034017800a40178004f83de00020240008f
:10a80c0083024b008488be00190078008000eb00a6
:10a81c000801b8008210b00002014700334a8200e0
:10a82c00c419dd000800b8008010b000000047001b
:10a83c00cf98de0030994100209148009a007800b2
:10a84c00a04a8200c89102000100000080ab800089
:10a85c0091ab80004258210032025000a282580075
:10a86c000401be00853e2000850f5100e08f590089
:10a87c005d00360020ac880031ac88000258210005
:10a88c0032025000a28258000400be00b55d2000c8
:10a89c00850f5000e08f580005003e0096af8000f9
:10a8ac000000eb000600e00006003c00430037000f
:10a8bc000004eb0090af80000000e00018003c00aa
:10a8cc003e00370047152000688446008004eb00ea
:10a8dc006022b8008d0178008152200003b7780007
:10a8ec00cd5220008e8646003d017800ad017800e7
:10a8fc000205be000781b900880041008488be00b3
:10a90c000a0141000489be000000e800860f5000d7
:10a91c00f8ff3a0082522000ee067900e4ff37007f
:10a92c00688046006101b800845220000e0242008b
:10a93c00021a780003127800ca4e2100899524006f
:10a94c004215200002c1b900c65220006e027b00e5
:10a95c0084004100855220006e827a000200420081
:10a96c0088017800110378009103900010027800a0
:10a97c00900290001a417800614e2100a0952400ad
:10a98c00a255020001000000800c78000002780043
:10a99c00a39524000041eb008240780080652100e3
:10a9ac003e87020001000000800ceb000804e80068
:10a9bc0090af8000880f5000e1ff3c00027d20002a
:10a9cc000300200001572100005b210031184100d9
:10a9dc0021904900158eab0002003200158ea900a3
:10a9ec0001003700158ea8000058210001572100e6
:10a9fc00110278009102900030015200a0815a009f
:10aa0c00007c220091002000800f5100818f5900a2
:10aa1c0002003e00136eab0074f63200f6d7020053
:10aa2c0001000000158ea900605e21000008eb00fb
:10aa3c006ef63700f6d702000100000022702100ec
:10aa4c00a14d2100405121008ce7020000000000c4
:10aa5c000030200061602100110060000300320012
:10aa6c000001200030af880060f63700605e2100e6
:10aa7c000008eb005df63700f6d70200010000007d
:10aa8c0022702100a14d2100405121006ce80200f0
:10aa9c0000000000605e21000008eb0053f6370058
:10aaac00806521006e770200010000004f06be0099
:10aabc004f05be004f04be000080fa0000000600e7
:10aacc000000fe0049f637000000fe0047f6370094
:10aadc00841afa00889fbe008a9fbe008c9fbe001d
:10aaec0000002100306c8a0000182100406c8a00a4
:10aafc0000242100506c8a0040382100606c8a00d0
:10ab0c00a0712700706c8a00c0892700806c8a00b5
:10ab1c00e0952700906c8a0000a22700a06c8a00a8
:10ab2c0020ae2700b06c8a0040ba2700c06c8a00a7
:10ab3c0060c62700d06c8a0080d22700e06c8a00a7
:10ab4c00a0de2700f06c8a00c0ea2700006d8a00a6
:10ab5c00804c210010b68800e0f6270020b6880053
:10ab6c0042a121000201470030002000010020001a
:10ab7c00125a02000100000020a52100000047002d
:10ab8c001010a000429d210002014700300020005f
:10ab9c0001002000125a02000100000020a1210037
:10abac00000047001010a000a8a62100a10f24004f
:10abbc000e0044008890020001000000607924001f
:10abcc00880047000a00090031187800a10f240002
:10abdc000e0044008890020001000000c27a24009c
:10abec00880147000a0009003319780001cf2300bf
:10abfc000e004400fa900200010000000e00440018
:10ac0c0030027800b002780054748a0065748a00af
:10ac1c0030017800b001780072748a0083748a0065
:10ac2c00100278009002900094748a00a5748a0037
:10ac3c0001cf23000e004400fa9002000100000036
:10ac4c00080078000e00400030017800b001780058
:10ac5c00b2748a00c3748a0030027800b0027800a3
:10ac6c00d4748a00e5748a00100178009001900079
:10ac7c00f2748a0003758a00c16c21008e8040003a
:10ac8c000e00780086fe020000000000c16c21005e
:10ac9c008e80400060b620000000470086fe020057
:10acac0000000000d0af800081b5200000b7780014
:10acbc00e16b210000b7780040b62000000047008f
:10accc001070a100a06c2100000047001070a100c2
:10acdc000006200080f38900300f2000814f2100f6
:10acec001100600021082000810f50006400320028
:10acfc0022003c0031022000810f50004400320041
:10ad0c000c003c00e30f5000da00320003003c0062
:10ad1c00e10f500049013a00eb003700f10f5000f1
:10ad2c000001320021022000810f500043013a0043
:10ad3c003d00370011042000810f50002501320026
:10ad4c0007003c0001032000810f5000b4003200ca
:10ad5c0001042000810f500038013a000201370035
:10ad6c0001082000810f50005a0032001108200009
:10ad7c00810f500031013a006a0037003109200080
:10ad8c00810f5000b50032000f003c00010920007b
:10ad9c00810f50009c00320004003c003108200060
:10adac00810f500025013a0088003700110920005e
:10adbc00810f50002c00320021092000810f50001f
:10adcc001e013a007b003700310a2000810f500031
:10addc00ce00320007003c00010a2000810f500019
:10adec0036003200210a2000810f500013013a0076
:10adfc0046003700010b2000810f5000ac003200e0
:10ae0c00110f2000810f50000c013a005400370044
:10ae1c0040b62000000047001060a000a06c21008c
:10ae2c00000047001060a0003001200060728a0012
:10ae3c004000200080b6880000202100a0f389008b
:10ae4c00c000200010418a00d0448a00e084240015
:10ae5c001000a100608c24001000a000803e200097
:10ae6c0050af8800f500370040b6200000004700c6
:10ae7c001060a000a06c2100000047001060a00032
:10ae8c008000200060728a0080b6880000202100bb
:10ae9c00a0f38900c000200010418a00d0448a0031
:10aeac00e08424001000a100608c24001000a1009c
:10aebc00803e200050af8800e000370040b62000f4
:10aecc00000047001060a000a06c210000004700ab
:10aedc001060a000c000200060728a0080b688005c
:10aeec0001902000a1f3890010418a00d0448a000f
:10aefc00e08424001000a100608c24001000a1004c
:10af0c00803e200050af8800cc00370040b62000b7
:10af1c00000047001060a000a06c2100000047005a
:10af2c001060a000d000200060728a0080b68800fb
:10af3c0000902000a0f389006000200010418a00de
:10af4c00d0448a00e08424001000a100608c24000e
:10af5c001000a100803e200050af8800b7003700e1
:10af6c0040b62000000047001060a000a06c21003b
:10af7c00000047001060a000e000200060728a0012
:10af8c0080b6880000902000a0f38900800020008b
:10af9c0010418a00d0448a00e08424001000a100f3
:10afac00608c24001000a100803e200050af88006f
:10afbc00a200370040b62000000047001060a0003f
:10afcc00a06c2100000047001060a0009000200041
:10afdc0060728a0080b6880000202100a0f38900ee
:10afec00c000200010418a00d0448a00e084240074
:10affc001000a100608c24001000a100803e2000f5
:10b00c0050af88008d00370040b62000000047008c
:10b01c001060a000a06c2100000047001060a00090
:10b02c004000200060728a0080b688000020210059
:10b03c00a0f38900c000200010418a00d0448a008f
:10b04c00e08424001000a100608c24001000a100fa
:10b05c00803e200050af88007800370040b62000ba
:10b06c00000047001060a000a06c21000000470009
:10b07c001060a0001000200060728a0080b688006a
:10b08c0000902000a0f38900c000200010418a002d
:10b09c00d0448a00e08424001000a100608c2400bd
:10b0ac001000a1006009200050af88006300370039
:10b0bc0040b62000000047001060a000a06c2100ea
:10b0cc00000047001060a0000000eb0060728a00d6
:10b0dc0080b6880000482000a0f38900c000200042
:10b0ec0010418a00d0448a00e08424001000a100a2
:10b0fc00608c24001000a0000003200080f3890065
:10b10c00803e200050af88004c00370040b6200035
:10b11c00000047001060a000a06c21000000470058
:10b12c001060a0003000200060728a0080b6880099
:10b13c0000482000a0f389008001200010418a0003
:10b14c00d0448a00e08424001000a100608c24000c
:10b15c001000a0000003200080f38900803e200036
:10b16c0050af88003500370041b620008100470001
:10b17c00a06c210000004700100178000260a000c4
:10b18c00910178000360a0000370a0008308780090
:10b19c000270a00002087800f000200060728a00a3
:10b1ac0080b6880000602000a0f389009000200089
:10b1bc0010418a00d0448a00e08424001000a100d1
:10b1cc00608c24001000a000803e200050af88004e
:10b1dc001a00370041b6200081004700a06c210006
:10b1ec0000004700100178000260a0009101780077
:10b1fc000360a0000370a000830878000270a00018
:10b20c00020878000001200060728a0080b6880075
:10b21c0000482000a0f389006000200010418a0043
:10b22c00d0448a00e08424001000a100608c24002b
:10b23c001000a000803e200050af880060d8240091
:10b24c00fec802000000000020682100e823020074
:10b25c0001000000484f210098007800807d2400f8
:10b26c00de34020001000000980078000085240004
:10b27c00de340200010000008000eb0000302000f2
:10b28c001acf020001000000a0f3810058da02007e
:10b29c0001000000aca621008c06470043a521004c
:10b2ac008304470023eb230082652100a14d21007c
:10b2bc00405121009ca202000100000020af800040
:10b2cc00cf80de0014022000840f5000e08f580065
:10b2dc00820b3e0000060100210037006900370098
:10b2ec0099003700c30237008d043700c6053700bc
:10b2fc00ec053700fd05370019063700b10637009d
:10b30c0027073700750b3700240837004e0b370022
:10b31c005e0b3700670b37006e0b37006f0b370077
:10b32c009e033700ba01370057093700db06370098
:10b33c00570a3700780a3700ab0a3700670b37001b
:10b34c00660b3700650b3700640b3700630b370057
:10b35c00620b3700cb0a37000f0b37001e0b370080
:10b36c001000200030af88000080200061602100b8
:10b37c0011006000040032000100780010b0a10040
:10b38c00c000200030af88000080200081602100c8
:10b39c0011006000040032000100780010b0a10020
:10b3ac009001200030af8800004020008160210017
:10b3bc0011006000040032000100780010a0a10010
:10b3cc00a001200030af880040b080000098a3009e
:10b3dc00020032006101200031af8800010820001a
:10b3ec0062602100928060000400320082007800cc
:10b3fc001170a100f100200031af88000110200075
:10b40c0062602100928060000400320082007800ab
:10b41c001180a1000101200031af88000038a30089
:10b42c0011003200a0ae8000b1ae8000e00f5000e1
:10b43c00e08f580008003200025721003202100041
:10b44c00a2821800027c220093002000820f52007e
:10b45c00838f5a0004003600806021001030a10058
:10b46c00d000200030af8800002020006160210057
:10b47c00110060008bff3200d000200030af88003c
:10b48c0088ff370060af80000000e000030034004c
:10b49c00a04d2100e2b002000100000080f281000a
:10b4ac000000e0000e003400cad22300e8a5210001
:10b4bc00080447000be523008a0078000900780097
:10b4cc000494020001000000990078001800780034
:10b4dc00fa910200010000001b00e000f6ff3c00a6
:10b4ec0020e723001000a10082f3810021f38100ea
:10b4fc00c0f28100fcd7020001000000bed70200a0
:10b50c0001000000a0f3810058da020001000000e5
:10b51c00000820008160210011006000050032004d
:10b52c00010078001070a1004001200030af8800ad
:10b53c005cff37002000200030af8800a0602100a5
:10b54c001020a10057ff370000002200616021008d
:10b55c0011006000130032000100780010d0a1002f
:10b56c0030c3b300804c7800e1c2b30050a5210079
:10b57c000177780040c3b30061a5210000f7780083
:10b58c0071a5210000f778004400200089017800a3
:10b59c000041eb00e1c0b300806521003e87020052
:10b5ac000100000082652100a14d210040512100c5
:10b5bc008cfb020000000000300f2000814f2100a6
:10b5cc001100600021082000810f5000440032005f
:10b5dc001e003c0031022000810f50000a003c008c
:10b5ec0021022000810f50006d003d00e30f500040
:10b5fc0080003200f10f500095003200e10f500036
:10b60c00c8003a00a400370011042000810f50003c
:10b61c0007003c0001042000810f5000b0003d00e9
:10b62c0001032000810f5000be003a00710037006a
:10b63c0001082000810f5000290032001108200061
:10b64c00810f5000b7003a003e003700310920004e
:10b65c00810f5000670032000f003c0001092000f0
:10b66c00810f50006300320004003c0031082000c0
:10b67c00810f5000ab003a00320037001109200056
:10b68c00810f50001600320021092000810f50005c
:10b69c00a4003a002b003700310a2000810f500023
:10b6ac006b00320007003c00010a2000810f5000a3
:10b6bc000b003200210a2000810f500099003a0043
:10b6cc0020003700010b2000810f50007200320067
:10b6dc00110f2000810f500092003a001900370022
:10b6ec00a0e82400801f780060d82400801f780018
:10b6fc00a70f24002614240065792400c4d223004b
:10b70c00837d240062132400a14d210040512100af
:10b71c0022e60200000000008e0278008465210001
:10b72c000394240022142400419d21008100470031
:10b73c0040512100aef0020000000000e4875700e9
:10b74c0078003700a0e82400801f780060d824001f
:10b75c00801f7800a70f240026142400657924008c
:10b76c00c4d22300837d240062132400a14d210048
:10b77c0040512100cee60200000000000e027800cd
:10b78c0083652100029424002114240040512100df
:10b79c00baed020000000000e4875700610037009a
:10b7ac0060d82400801f7800a70f240026142400e2
:10b7bc0065792400c4d22300837d24006213240005
:10b7cc00a14d210040512100ecea020000000000d4
:10b7dc000e027800836521000294240021142400b9
:10b7ec0040512100baed0200000000008f87e900f3
:10b7fc004c003700a0e82400801f780060d824009b
:10b80c00801f7800a70f24002614240065792400db
:10b81c00c4d22300837d240062132400a14d210097
:10b82c0040512100fce80200000000000e027800ec
:10b83c00836521000294240021142400405121002e
:10b84c00baed020000000000e48757003500370015
:10b85c00a70f24002614240065792400c4d22300e9
:10b86c00837d24006213240061d824004051210000
:10b87c00c6eb0200000000000e0278008365210078
:10b88c00029424002114240040512100baed02003e
:10b89c000000000023003700a70f2400261424000a
:10b8ac0065792400c4d22300837d24006213240014
:10b8bc0061d8240040512100c6eb020000000000ba
:10b8cc000e027800836521000294240021142400c8
:10b8dc0040512100baed02000000000011003700b9
:10b8ec00a70f24002614240065792400c4d2230059
:10b8fc00837d24006213240061d824004051210070
:10b90c0098ec0200000000000e0278008365210014
:10b91c00029424002114240040512100baed0200ad
:10b92c00000000006395240042512100a14d21002c
:10b93c0080652100ccf8020000000000136eab0003
:10b94c0009003200015f21001100e8008008780036
:10b95c0051af8000810f50000300340081af88008c
:10b96c00806021001080a000000220008160210076
:10b97c00110060000d00320001007800900078008a
:10b98c000150a10004a62e00050020000357210041
:10b99c00825a21003319420023914a000100a00071
:10b9ac00010878003001200030af88008060210051
:10b9bc0010007800700060000400320080602100ec
:10b9cc001040a100605e21000008eb000010200078
:10b9dc008160210011006000040032000100780039
:10b9ec001080a1008000200030af880000002200f1
:10b9fc0081602100110060002afe320001007800f5
:10ba0c0010d0a100f001200030af880025fe3700d7
:10ba1c00300f2000814f2100110060002108200010
:10ba2c00810f5000440032001e003c003102200007
:10ba3c00810f50000a003c0021022000810f5000b1
:10ba4c006d003d00e30f500080003200f10f5000fc
:10ba5c0095003200e10f5000c8003a00a4003700f6
:10ba6c0011042000810f500007003c00010420004d
:10ba7c00810f5000b0003d0001032000810f5000e9
:10ba8c00be003a007100370001082000810f500001
:10ba9c002900320011082000810f5000b7003a0035
:10baac003e00370031092000810f50006700320042
:10babc000f003c0001092000810f50006300320090
:10bacc0004003c0031082000810f5000ab003a000c
:10badc003200370011092000810f5000160032008f
:10baec0021092000810f5000a4003a002b003700e0
:10bafc00310a2000810f50006b00320007003c001f
:10bb0c00010a2000810f50000b003200210a200096
:10bb1c00810f500099003a0020003700010b2000e3
:10bb2c00810f500072003200110f2000810f500065
:10bb3c0092003a0019003700a0e82400801f78001a
:10bb4c0060d82400801f7800a70f2400261424003e
:10bb5c0065792400c4d22300837d24006213240061
:10bb6c00a14d21004051210022e6020000000000fe
:10bb7c008e02780084652100039424002214240092
:10bb8c00419d21008100470040512100aef0020090
:10bb9c0000000000e487570078003700a0e824007c
:10bbac00801f780060d82400801f7800a70f240025
:10bbbc002614240065792400c4d22300837d24003c
:10bbcc0062132400a14d210040512100cee6020059
:10bbdc00000000000e02780083652100029424000e
:10bbec002114240040512100baed02000000000095
:10bbfc00e48757006100370060d82400801f78006c
:10bc0c00a70f24002614240065792400c4d2230035
:10bc1c00837d240062132400a14d2100405121009a
:10bc2c00ecea0200000000000e027800836521009f
:10bc3c00029424002114240040512100baed02008a
:10bc4c00000000008f87e9004c003700a0e82400ba
:10bc5c00801f780060d82400801f7800a70f240074
:10bc6c002614240065792400c4d22300837d24008b
:10bc7c0062132400a14d210040512100fce8020078
:10bc8c00000000000e02780083652100029424005d
:10bc9c002114240040512100baed020000000000e4
:10bcac00e487570035003700a70f24002614240022
:10bcbc0065792400c4d22300837d24006213240000
:10bccc0061d8240040512100c6eb020000000000a6
:10bcdc000e027800836521000294240021142400b4
:10bcec0040512100baed0200000000002300370093
:10bcfc00a70f24002614240065792400c4d2230045
:10bd0c00837d24006213240061d82400405121005b
:10bd1c00c6eb0200000000000e02780083652100d3
:10bd2c00029424002114240040512100baed020099
:10bd3c000000000011003700a70f24002614240077
:10bd4c0065792400c4d22300837d2400621324006f
:10bd5c0061d824004051210098ec02000000000042
:10bd6c000e02780083652100029424002114240023
:10bd7c0040512100baed02000000000061e72300f1
:10bd8c000d0078008890020001000000e50c2400f2
:10bd9c000c0347000a000900b61a780083a780003c
:10bdac00a2a7800091a78000e00c240054ae0200f2
:10bdbc0001000000f687470076845700e00c240051
:10bdcc000a000900301c78006801b10020eb230048
:10bddc005e920200010000008807780030068200a5
:10bdec000000e0002ffd34003000200030af880050
:10bdfc002cfd3700300f2000814f21001100600016
:10be0c0021082000810f5000440032001e003c002d
:10be1c0031022000810f50000a003c00210220005a
:10be2c00810f50006d003d00e30f50008000320088
:10be3c00f10f500095003200e10f5000c8003a009d
:10be4c00a400370011042000810f500007003c00b3
:10be5c0001042000810f5000b0003d0001032000c0
:10be6c00810f5000be003a0071003700010820001d
:10be7c00810f50002900320011082000810f500062
:10be8c00b7003a003e00370031092000810f500006
:10be9c00670032000f003c0001092000810f5000a8
:10beac006300320004003c0031082000810f500078
:10bebc00ab003a003200370011092000810f50000e
:10becc001600320021092000810f5000a4003a0016
:10bedc002b003700310a2000810f50006b0032001c
:10beec0007003c00010a2000810f50000b003200bb
:10befc00210a2000810f500099003a0020003700e1
:10bf0c00010b2000810f500072003200110f200035
:10bf1c00810f500092003a0019003700a0e824006d
:10bf2c00801f780060d82400801f7800a70f2400a1
:10bf3c002614240065792400c4d22300837d2400b8
:10bf4c0062132400a14d21004051210022e6020081
:10bf5c00000000008e027800846521000394240008
:10bf6c0022142400419d21008100470040512100f2
:10bf7c00aef0020000000000e487570078003700a4
:10bf8c00a0e82400801f780060d82400801f78006f
:10bf9c00a70f24002614240065792400c4d22300a2
:10bfac00837d240062132400a14d21004051210007
:10bfbc00cee60200000000000e027800836521002e
:10bfcc00029424002114240040512100baed0200f7
:10bfdc0000000000e48757006100370060d824009f
:10bfec00801f7800a70f24002614240065792400f4
:10bffc00c4d22300837d240062132400a14d2100b0
:10c00c0040512100ecea0200000000000e02780012
:10c01c008365210002942400211424004051210046
:10c02c00baed0200000000008f87e9004c003700d9
:10c03c00a0e82400801f780060d82400801f7800be
:10c04c00a70f24002614240065792400c4d22300f1
:10c05c00837d240062132400a14d21004051210056
:10c06c00fce80200000000000e027800836521004d
:10c07c00029424002114240040512100baed020046
:10c08c0000000000e487570035003700a70f24009c
:10c09c002614240065792400c4d22300837d240057
:10c0ac006213240061d8240040512100c6eb020029
:10c0bc00000000000e027800836521000294240029
:10c0cc002114240040512100baed020000000000b0
:10c0dc0023003700a70f24002614240065792400c0
:10c0ec00c4d22300837d24006213240061d8240071
:10c0fc0040512100c6eb0200000000000e02780047
:10c10c008365210002942400211424004051210055
:10c11c00baed02000000000011003700a70f240048
:10c12c002614240065792400c4d22300837d2400c6
:10c13c006213240061d824004051210098ec0200c5
:10c14c00000000000e027800836521000294240098
:10c15c002114240040512100baed0200000000001f
:10c16c000e03780025eb230064e72300e30c240086
:10c17c0062952400a14d21004051210088e5020068
:10c18c000000000030068200e10f500045fc340036
:10c19c002001200030af880042fc3700300f200017
:10c1ac00814f21001100600021082000810f5000f8
:10c1bc00440032001e003c0031022000810f500070
:10c1cc000a003c0021022000810f50006d003d0050
:10c1dc00e30f500080003200f10f50009500320048
:10c1ec00e10f5000c8003a00a400370011042000f1
:10c1fc00810f500007003c0001042000810f50000b
:10c20c00b0003d0001032000810f5000be003a0039
:10c21c007100370001082000810f50002900320006
:10c22c0011082000810f5000b7003a003e00370083
:10c23c0031092000810f5000670032000f003c00d4
:10c24c0001092000810f50006300320004003c0003
:10c25c0031082000810f5000ab003a00320037004b
:10c26c0011092000810f5000160032002109200016
:10c27c00810f5000a4003a002b003700310a200037
:10c28c00810f50006b00320007003c00010a2000b7
:10c29c00810f50000b003200210a2000810f50004a
:10c2ac0099003a0020003700010b2000810f50004c
:10c2bc0072003200110f2000810f500092003a00e2
:10c2cc0019003700a0e82400801f780060d82400f3
:10c2dc00801f7800a70f2400261424006579240001
:10c2ec00c4d22300837d240062132400a14d2100bd
:10c2fc004051210022e60200000000008e0278006e
:10c30c00846521000394240022142400419d210003
:10c31c008100470040512100aef0020000000000f7
:10c32c00e487570078003700a0e82400801f7800cd
:10c33c0060d82400801f7800a70f24002614240046
:10c34c0065792400c4d22300837d24006213240069
:10c35c00a14d210040512100cee60200000000005a
:10c36c000e0278008365210002942400211424001d
:10c37c0040512100baed020000000000e487570094
:10c38c006100370060d82400801f7800a70f2400bc
:10c39c002614240065792400c4d22300837d240054
:10c3ac0062132400a14d210040512100ecea02004f
:10c3bc00000000000e027800836521000294240026
:10c3cc002114240040512100baed020000000000ad
:10c3dc008f87e9004c003700a0e82400801f78000c
:10c3ec0060d82400801f7800a70f24002614240096
:10c3fc0065792400c4d22300837d240062132400b9
:10c40c00a14d210040512100fce802000000000079
:10c41c000e0278008365210002942400211424006c
:10c42c0040512100baed020000000000e4875700e3
:10c43c0035003700a70f240026142400657924004a
:10c44c00c4d22300837d24006213240061d824000d
:10c45c0040512100c6eb0200000000000e027800e3
:10c46c0083652100029424002114240040512100f2
:10c47c00baed02000000000023003700a70f2400d3
:10c48c002614240065792400c4d22300837d240063
:10c49c006213240061d8240040512100c6eb020035
:10c4ac00000000000e027800836521000294240035
:10c4bc002114240040512100baed020000000000bc
:10c4cc0011003700a70f24002614240065792400de
:10c4dc00c4d22300837d24006213240061d824007d
:10c4ec004051210098ec0200000000000e02780080
:10c4fc008365210002942400211424004051210062
:10c50c00baed02000000000080f281000000e000a3
:10c51c0064fb3a004000200030af880061fb37001c
:10c52c00300f2000814f21001100600021082000f5
:10c53c00810f5000440032001e003c0031022000ec
:10c54c00810f50000a003c0021022000810f500096
:10c55c006d003d00e30f500080003200f10f5000e1
:10c56c0095003200e10f5000c8003a00a4003700db
:10c57c0011042000810f500007003c000104200032
:10c58c00810f5000b0003d0001032000810f5000ce
:10c59c00be003a007100370001082000810f5000e6
:10c5ac002900320011082000810f5000b7003a001a
:10c5bc003e00370031092000810f50006700320027
:10c5cc000f003c0001092000810f50006300320075
:10c5dc0004003c0031082000810f5000ab003a00f1
:10c5ec003200370011092000810f50001600320074
:10c5fc0021092000810f5000a4003a002b003700c5
:10c60c00310a2000810f50006b00320007003c0003
:10c61c00010a2000810f50000b003200210a20007b
:10c62c00810f500099003a0020003700010b2000c8
:10c63c00810f500072003200110f2000810f50004a
:10c64c0092003a0019003700a0e82400801f7800ff
:10c65c0060d82400801f7800a70f24002614240023
:10c66c0065792400c4d22300837d24006213240046
:10c67c00a14d21004051210022e6020000000000e3
:10c68c008e02780084652100039424002214240077
:10c69c00419d21008100470040512100aef0020075
:10c6ac0000000000e487570078003700a0e8240061
:10c6bc00801f780060d82400801f7800a70f24000a
:10c6cc002614240065792400c4d22300837d240021
:10c6dc0062132400a14d210040512100cee602003e
:10c6ec00000000000e0278008365210002942400f3
:10c6fc002114240040512100baed0200000000007a
:10c70c00e48757006100370060d82400801f780050
:10c71c00a70f24002614240065792400c4d223001a
:10c72c00837d240062132400a14d2100405121007f
:10c73c00ecea0200000000000e0278008365210084
:10c74c00029424002114240040512100baed02006f
:10c75c00000000008f87e9004c003700a0e824009f
:10c76c00801f780060d82400801f7800a70f240059
:10c77c002614240065792400c4d22300837d240070
:10c78c0062132400a14d210040512100fce802005d
:10c79c00000000000e027800836521000294240042
:10c7ac002114240040512100baed020000000000c9
:10c7bc00e487570035003700a70f24002614240007
:10c7cc0065792400c4d22300837d240062132400e5
:10c7dc0061d8240040512100c6eb0200000000008b
:10c7ec000e02780083652100029424002114240099
:10c7fc0040512100baed0200000000002300370078
:10c80c00a70f24002614240065792400c4d2230029
:10c81c00837d24006213240061d824004051210040
:10c82c00c6eb0200000000000e02780083652100b8
:10c83c00029424002114240040512100baed02007e
:10c84c000000000011003700a70f2400261424005c
:10c85c0065792400c4d22300837d24006213240054
:10c86c0061d824004051210098ec02000000000027
:10c87c000e02780083652100029424002114240008
:10c88c0040512100baed02000000000030b08000e1
:10c89c00f100600055003a000058a300110032006e
:10c8ac00a0602100900078000101d1000281ea0013
:10c8bc0061016100020141000110a10002887000b9
:10c8cc00606021001040a0000157210022a88000c8
:10c8dc00c05d2100311841008001eb00219049001e
:10c8ec0042003700a06021001010a100f6d7020012
:10c8fc0001000000114ea90080ab800091ab8000bc
:10c90c00a0ac8800b1ac8800c25a2100044c2d00a8
:10c91c00150020000419400005914800806021009a
:10c92c0010f0a000140ea80021eb23000d007800dd
:10c93c00ba9302000100000005cd23000c03470050
:10c94c000a000900b61a78002168210000cd2300e6
:10c95c0016fc020000000000e0ce230090007800de
:10c96c000120a1000110a0000100a1000108780025
:10c97c0047512100a64d21008565210024eb2300a1
:10c98c002368210002cd230081cb230000ca2300a1
:10c99c0070fc02000000000047512100a64d210050
:10c9ac008565210024eb23002368210002cd2300a0
:10c9bc0041cc2300c0ca230070fc02000000000020
:10c9cc000409200023e68100c2e5810061e58100b5
:10c9dc0000e5810094ce0200010000008000eb0015
:10c9ec00003020001acf020001000000e0ce23002e
:10c9fc0010007800620060002afa3200500020001b
:10ca0c0030af880027fa3700f0f381000000e00017
:10ca1c00060034006395240042512100a14d2100f1
:10ca2c0080652100ccf8020000000000000220000c
:10ca3c0081602100110060000d00320001007800bf
:10ca4c00900078000150a10004a62e0005002000e3
:10ca5c0003572100825a21003319420023914a00c6
:10ca6c000100a000010878006000200030af8800b1
:10ca7c00e0ce2300100078006200600009fa3a0052
:10ca8c0082ab800093ab800080582100b00f510026
:10ca9c00a08f590003fa36007000200030af8800d8
:10caac0000fa37000e03780025eb230064e723001f
:10cabc00e30c240062952400a14d2100405121007b
:10cacc0088e50200000000000004200081602100c5
:10cadc0011006000f3f93200010078001060a10031
:10caec005000200030af8800eef93700140ea9007a
:10cafc0080ab800091ab800073a88000c25d2100e8
:10cb0c0000824100e08248000489be00626021007e
:10cb1c001240a000c25b210032024000a2824800f9
:10cb2c00435921003319520023915a0060ac8800fc
:10cb3c0071ac880080602100e1ff27001088600044
:10cb4c00300682000000e00002003400806021000a
:10cb5c001070a000605e21000008eb00d1f93700d6
:10cb6c00e0ce230010007800620060003c003a0028
:10cb7c00e0ce2300900078000130a0000140a1001d
:10cb8c000120a1000110a0000100a1000108780003
:10cb9c0047512100a64d21008565210024eb23007f
:10cbac002368210002cd230081cb230000ca23007f
:10cbbc0070fc02000000000047512100a64d21002e
:10cbcc008565210024eb23002368210002cd23007e
:10cbdc0041cc2300c0ca230070fc020000000000fe
:10cbec00f6d70200010000000409200023e68100b2
:10cbfc00c2e5810061e5810000e5810094ce020070
:10cc0c00010000008000eb00003020001acf020071
:10cc1c0001000000114ea90082ab800093ab800094
:10cc2c00a2ac8800b3ac8800c05a2100044c2d0083
:10cc3c001500200004184100059049008060210077
:10cc4c009000780001f0a00001087800140ea800f4
:10cc5c00c2ab8800d3ab88000110a100010878009a
:10cc6c006060210051ff2f001088600015aea900f4
:10cc7c0014eea900158ea90015cea900805721002d
:10cc8c0001572100110278009102900030015200ee
:10cc9c00a0815a000200be0005712200850f5100d0
:10ccac00e08f59000100360015aea80086af2200b7
:10ccbc00860f5000e08f58000100360014eea800db
:10cccc0002ee2200820f5000e08f58000100360067
:10ccdc00158ea800832c2300830f5000e08f580082
:10ccec000100360015cea80004532700840f500015
:10ccfc00e08f5800010036000000fe00136eab0000
:10cd0c002a003a00035f21001301e9008209780030
:10cd1c004240a90025003c00030178000009eb000b
:10cd2c00e2ce23001240a00092a78000e10f510038
:10cd3c000f003a0085af2200850f5000e08f58009d
:10cd4c00020036008260210012b0a00006ee220024
:10cd5c00860f5000e08f58000500360080602100df
:10cd6c009000780001b0a10001a0a000010878009b
:10cd7c008057210001572100110278009102900088
:10cd8c0030015200a0815a00852c2300850f5100e0
:10cd9c00e08f59000500360080602100900078007b
:10cdac0001a0a1000190a0000108780080af8000d4
:10cdbc000000e0003bf93a009000200030af880002
:10cdcc0038f937008e0378008665210065952400bc
:10cddc00e40c240023eb230062e72300a14d210087
:10cdec0040512100e6f702000000000080602100a5
:10cdfc0010e0a000205121001000780068006000b5
:10ce0c0023003a0060af80000000e0000300340013
:10ce1c00a04d2100e2b002000100000080f2810070
:10ce2c000000e0000e003400cad22300e8a5210067
:10ce3c00080447000be523008a00780009007800fd
:10ce4c00049402000100000099007800180078009a
:10ce5c00fa910200010000001b00e000f6ff3c000c
:10ce6c0020e723001000a10082f3810021f3810050
:10ce7c00c0f28100fcd7020001000000bed7020006
:10ce8c0001000000a0f3810058da0200010000004c
:10ce9c005001200030af880002f93700e0ce2300ab
:10ceac001000780062006000fef83a0021eb2300cd
:10cebc000d007800ba9302000100000006cd23009b
:10cecc000c0047000a000900301b78002168210083
:10cedc0000cd230016fc020000000000e0ce230071
:10ceec00900078000120a1000110a0000100a10019
:10cefc000108780047512100a64d210085652100cd
:10cf0c0024eb23002368210002cd230081cb2300d6
:10cf1c0000ca230070fc02000000000047512100f1
:10cf2c00a64d21008565210024eb230023682100f8
:10cf3c0002cd230041cc2300c0ca230070fc0200a8
:10cf4c00000000000409200023e68100c2e58100f6
:10cf5c0061e5810000e5810094ce02000100000033
:10cf6c008000eb00003020001acf0200010000000e
:10cf7c00a000200030af880082e6240092007800e8
:10cf8c0051738a00205f210090017800a3af8800c4
:10cf9c00110020000109780001087800c1f8370061
:10cfac00300f2000814f210011006000210820006b
:10cfbc00810f5000440032001e003c003102200062
:10cfcc00810f50000a003c0021022000810f50000c
:10cfdc006d003d00e30f500080003200f10f500057
:10cfec0095003200e10f5000c8003a00a400370051
:10cffc0011042000810f500007003c0001042000a8
:10d00c00810f5000b0003d0001032000810f500043
:10d01c00be003a007100370001082000810f50005b
:10d02c002900320011082000810f5000b7003a008f
:10d03c003e00370031092000810f5000670032009c
:10d04c000f003c0001092000810f500063003200ea
:10d05c0004003c0031082000810f5000ab003a0066
:10d06c003200370011092000810f500016003200e9
:10d07c0021092000810f5000a4003a002b0037003a
:10d08c00310a2000810f50006b00320007003c0079
:10d09c00010a2000810f50000b003200210a2000f1
:10d0ac00810f500099003a0020003700010b20003e
:10d0bc00810f500072003200110f2000810f5000c0
:10d0cc0092003a0019003700a0e82400801f780075
:10d0dc0060d82400801f7800a70f24002614240099
:10d0ec0065792400c4d22300837d240062132400bc
:10d0fc00a14d21004051210022e602000000000059
:10d10c008e027800846521000394240022142400ec
:10d11c00419d21008100470040512100aef00200ea
:10d12c0000000000e487570078003700a0e82400d6
:10d13c00801f780060d82400801f7800a70f24007f
:10d14c002614240065792400c4d22300837d240096
:10d15c0062132400a14d210040512100cee60200b3
:10d16c00000000000e027800836521000294240068
:10d17c002114240040512100baed020000000000ef
:10d18c00e48757006100370060d82400801f7800c6
:10d19c00a70f24002614240065792400c4d2230090
:10d1ac00837d240062132400a14d210040512100f5
:10d1bc00ecea0200000000000e02780083652100fa
:10d1cc00029424002114240040512100baed0200e5
:10d1dc00000000008f87e9004c003700a0e8240015
:10d1ec00801f780060d82400801f7800a70f2400cf
:10d1fc002614240065792400c4d22300837d2400e6
:10d20c0062132400a14d210040512100fce80200d2
:10d21c00000000000e0278008365210002942400b7
:10d22c002114240040512100baed0200000000003e
:10d23c00e487570035003700a70f2400261424007c
:10d24c0065792400c4d22300837d2400621324005a
:10d25c0061d8240040512100c6eb02000000000000
:10d26c000e0278008365210002942400211424000e
:10d27c0040512100baed02000000000023003700ed
:10d28c00a70f24002614240065792400c4d223009f
:10d29c00837d24006213240061d8240040512100b6
:10d2ac00c6eb0200000000000e027800836521002e
:10d2bc00029424002114240040512100baed0200f4
:10d2cc000000000011003700a70f240026142400d2
:10d2dc0065792400c4d22300837d240062132400ca
:10d2ec0061d824004051210098ec0200000000009d
:10d2fc000e0278008365210002942400211424007e
:10d30c0040512100baed020000000000e0ce2300e5
:10d31c001000780062006000e2f73a0080ab8000f9
:10d32c0091ab8000825d2100b20f5000a28f58009b
:10d33c00dcf736005473820044738a00a5af80007a
:10d34c0095af8800140ea90073a88000c25d21005f
:10d35c0000824100e08248000489be006260210026
:10d36c001240a000c25b210032024000a2824800a1
:10d37c00435921003319520023915a0060ac8800a4
:10d38c0071ac880080602100e1ff270010886000ec
:10d39c00605e21000008eb00c2f73700300f200060
:10d3ac00814f21001100600021082000810f5000e6
:10d3bc00440032001e003c0031022000810f50005e
:10d3cc000a003c0021022000810f50006d003d003e
:10d3dc00e30f500080003200f10f50009500320036
:10d3ec00e10f5000c8003a00a400370011042000df
:10d3fc00810f500007003c0001042000810f5000f9
:10d40c00b0003d0001032000810f5000be003a0027
:10d41c007100370001082000810f500029003200f4
:10d42c0011082000810f5000b7003a003e00370071
:10d43c0031092000810f5000670032000f003c00c2
:10d44c0001092000810f50006300320004003c00f1
:10d45c0031082000810f5000ab003a003200370039
:10d46c0011092000810f5000160032002109200004
:10d47c00810f5000a4003a002b003700310a200025
:10d48c00810f50006b00320007003c00010a2000a5
:10d49c00810f50000b003200210a2000810f500038
:10d4ac0099003a0020003700010b2000810f50003a
:10d4bc0072003200110f2000810f500092003a00d0
:10d4cc0019003700a0e82400801f780060d82400e1
:10d4dc00801f7800a70f24002614240065792400ef
:10d4ec00c4d22300837d240062132400a14d2100ab
:10d4fc004051210022e60200000000008e0278005c
:10d50c00846521000394240022142400419d2100f1
:10d51c008100470040512100aef0020000000000e5
:10d52c00e487570078003700a0e82400801f7800bb
:10d53c0060d82400801f7800a70f24002614240034
:10d54c0065792400c4d22300837d24006213240057
:10d55c00a14d210040512100cee602000000000048
:10d56c000e0278008365210002942400211424000b
:10d57c0040512100baed020000000000e487570082
:10d58c006100370060d82400801f7800a70f2400aa
:10d59c002614240065792400c4d22300837d240042
:10d5ac0062132400a14d210040512100ecea02003d
:10d5bc00000000000e027800836521000294240014
:10d5cc002114240040512100baed0200000000009b
:10d5dc008f87e9004c003700a0e82400801f7800fa
:10d5ec0060d82400801f7800a70f24002614240084
:10d5fc0065792400c4d22300837d240062132400a7
:10d60c00a14d210040512100fce802000000000067
:10d61c000e0278008365210002942400211424005a
:10d62c0040512100baed020000000000e4875700d1
:10d63c0035003700a70f2400261424006579240038
:10d64c00c4d22300837d24006213240061d82400fb
:10d65c0040512100c6eb0200000000000e027800d1
:10d66c0083652100029424002114240040512100e0
:10d67c00baed02000000000023003700a70f2400c1
:10d68c002614240065792400c4d22300837d240051
:10d69c006213240061d8240040512100c6eb020023
:10d6ac00000000000e027800836521000294240023
:10d6bc002114240040512100baed020000000000aa
:10d6cc0011003700a70f24002614240065792400cc
:10d6dc00c4d22300837d24006213240061d824006b
:10d6ec004051210098ec0200000000000e0278006e
:10d6fc008365210002942400211424004051210050
:10d70c00baed0200000000006060210010b0a10022
:10d71c0080ab800091ab800000ad880011ad88001b
:10d72c00e20f4000e08f58000c0036000001eb00c7
:10d73c0025a8210002b77a00e5a8800003a82100e3
:10d74c0005b77900025a210003034700360278001e
:10d75c00a6027800041950000591580061e72300d7
:10d76c000d0078008890020001000000e40c2400f9
:10d77c008c0247000a000900351a7800005121007c
:10d78c0010407800e14f500003003200e24f50008f
:10d79c0030003a000600370062002000614e210084
:10d7ac00e00c240008be0200010000002900370034
:10d7bc0084002000130020000301780041a1210007
:10d7cc008e804000e00c240040ad020001000000ff
:10d7dc00f687470076855700e60c24000a000900fe
:10d7ec00361d78006a01b10020eb23005e92020026
:10d7fc000100000061e723000d0078008890020012
:10d80c0001000000e00c24008c0047000a00090015
:10d81c0031187800a14d2100a09524001257020068
:10d82c000100000088952400000c780014002000f2
:10d83c008401780042a121000e0141006195240071
:10d84c00e00c2400ceac020001000000000ceb0048
:10d85c008a077800f687470076845700e20c24008c
:10d86c000a000900321c78006801b10020eb23008b
:10d87c005e920200010000004000200030af8800e2
:10d88c008807780087f63700300f2000814f210081
:10d89c001100600021082000810f5000440032006c
:10d8ac001e003c0031022000810f50000a003c0099
:10d8bc0021022000810f50006d003d00e30f50004d
:10d8cc0080003200f10f500095003200e10f500043
:10d8dc00c8003a00a400370011042000810f50004a
:10d8ec0007003c0001042000810f5000b0003d00f7
:10d8fc0001032000810f5000be003a007100370078
:10d90c0001082000810f500029003200110820006e
:10d91c00810f5000b7003a003e003700310920005b
:10d92c00810f5000670032000f003c0001092000fd
:10d93c00810f50006300320004003c0031082000cd
:10d94c00810f5000ab003a00320037001109200063
:10d95c00810f50001600320021092000810f500069
:10d96c00a4003a002b003700310a2000810f500030
:10d97c006b00320007003c00010a2000810f5000b0
:10d98c000b003200210a2000810f500099003a0050
:10d99c0020003700010b2000810f50007200320074
:10d9ac00110f2000810f500092003a00190037002f
:10d9bc00a0e82400801f780060d82400801f780025
:10d9cc00a70f24002614240065792400c4d2230058
:10d9dc00837d240062132400a14d210040512100bd
:10d9ec0022e60200000000008e027800846521000f
:10d9fc000394240022142400419d2100810047003f
:10da0c0040512100aef0020000000000e4875700f6
:10da1c0078003700a0e82400801f780060d824002c
:10da2c00801f7800a70f2400261424006579240099
:10da3c00c4d22300837d240062132400a14d210055
:10da4c0040512100cee60200000000000e027800da
:10da5c0083652100029424002114240040512100ec
:10da6c00baed020000000000e487570061003700a7
:10da7c0060d82400801f7800a70f240026142400ef
:10da8c0065792400c4d22300837d24006213240012
:10da9c00a14d210040512100ecea020000000000e1
:10daac000e027800836521000294240021142400c6
:10dabc0040512100baed0200000000008f87e90000
:10dacc004c003700a0e82400801f780060d82400a8
:10dadc00801f7800a70f24002614240065792400e9
:10daec00c4d22300837d240062132400a14d2100a5
:10dafc0040512100fce80200000000000e027800fa
:10db0c00836521000294240021142400405121003b
:10db1c00baed020000000000e48757003500370022
:10db2c00a70f24002614240065792400c4d22300f6
:10db3c00837d24006213240061d82400405121000d
:10db4c00c6eb0200000000000e0278008365210085
:10db5c00029424002114240040512100baed02004b
:10db6c000000000023003700a70f24002614240017
:10db7c0065792400c4d22300837d24006213240021
:10db8c0061d8240040512100c6eb020000000000c7
:10db9c000e027800836521000294240021142400d5
:10dbac0040512100baed02000000000011003700c6
:10dbbc00a70f24002614240065792400c4d2230066
:10dbcc00837d24006213240061d82400405121007d
:10dbdc0098ec0200000000000e0278008365210022
:10dbec00029424002114240040512100baed0200bb
:10dbfc000000000021eb230009007800ba9302001a
:10dc0c000100000061e723000d00780088900200fd
:10dc1c0001000000e30c24000c0247000a0009007c
:10dc2c00b419780083a78000a2a7800091a7800078
:10dc3c00e00c240054ae020001000000f6874700ff
:10dc4c00f6825700e60c24000a000900b61a780088
:10dc5c0020eb23005e92020001000000f6874700d3
:10dc6c0040a52100f6805700000147000a0009007a
:10dc7c00b218780020eb23005e9202000100000035
:10dc8c002001200030af8800cf02b10085f53700ad
:10dc9c0080ab800091ab8000c25821003202500052
:10dcac00a28258000401be00853e2000850f510061
:10dcbc00e08f59007bf53600114ea900a0ac88000e
:10dccc00b1ac8800c25a2100044c2d001500200074
:10dcdc0004194000059148008060210010f0a0005c
:10dcec00140ea8008e03780086652100659524002b
:10dcfc00e40c240023eb230062e72300a14d210058
:10dd0c0040512100e6f702000000000070012000e5
:10dd1c0030af880063f5370021eb23000d0078004d
:10dd2c00ba9302000100000005cd23000c0347004c
:10dd3c000a000900b61a78002168210000cd2300e2
:10dd4c0016fc020000000000e0ce230090007800da
:10dd5c000120a1000110a0000100a1000108780021
:10dd6c0047512100a64d21008565210024eb23009d
:10dd7c002368210002cd230081cb230000ca23009d
:10dd8c0070fc02000000000047512100a64d21004c
:10dd9c008565210024eb23002368210002cd23009c
:10ddac0041cc2300c0ca230070fc0200000000001c
:10ddbc000409200023e68100c2e5810061e58100b1
:10ddcc0000e5810094ce0200010000008000eb0011
:10dddc00003020001acf020001000000800120005a
:10ddec0030af88002ff53700136eab000200320005
:10ddfc00806021001090a100300682000000e0003d
:10de0c0028f53a00e0ce2300100078006200600094
:10de1c0024f53a0080ab800091ab80008258210041
:10de2c00b20f5000a28f58001ef53600140ea90038
:10de3c0073a88000c25d210000824100e08248008e
:10de4c000489be00626021001240a000c25b210068
:10de5c0032024000a282480043592100331952007b
:10de6c0023915a0060ac880071ac8800806021005e
:10de7c00e1ff270010886000605e21000008eb00c5
:10de8c0008f53700e0ce2300100078006200600037
:10de9c003e003a00e0ce2300900078000130a00054
:10deac000140a100821b2000b2b688000120a10015
:10debc000110a0000100a1000108780047512100c9
:10decc00a64d21008565210024eb23002368210049
:10dedc0002cd230081cb230000ca230070fc02007a
:10deec000000000047512100a64d2100856521004e
:10defc0024eb23002368210002cd230041cc230016
:10df0c00c0ca230070fc020000000000f6d702001b
:10df1c00010000000409200023e68100c2e5810015
:10df2c0061e5810000e5810094ce02000100000053
:10df3c008000eb00003020001acf0200010000002e
:10df4c00114ea90082ab800093ab8000a2ac88007c
:10df5c00b3ac8800c05a2100044c2d0015002000e1
:10df6c000418410005904900806021009000780061
:10df7c0001f0a00001087800140ea800c2ab8800c4
:10df8c00d3ab88000110a10001087800000220002a
:10df9c0030af8800c3f437008057210001572100af
:10dfac00110278009102900030015200a0815a00b9
:10dfbc0020b080008000eb00800f5100818f590051
:10dfcc00b8f43600e0ce23001040a0001002200070
:10dfdc0030af8800b3f43700e0ce23001000780097
:10dfec0062006000aff43a00140ea90080ab800010
:10dffc0091ab800073a88000c25d210000824100bb
:10e00c00e08248000489be00626021001240a0003a
:10e01c00c25b210032024000a28248004359210019
:10e02c003319520023915a0060ac880071ac8800ff
:10e03c0080602100e1ff270010886000605e2100f5
:10e04c000008eb0097f43700f6d70200010000003f
:10e05c0022702100a14d2100405121008ce70200cb
:10e06c000000000000302000616021001100600001
:10e07c00030032000001200030af880089f4370023
:10e08c00605e21000008eb0086f43700f6d7020032
:10e09c000100000022702100a14d210040512100ff
:10e0ac006ce8020000000000605e21000008eb003c
:10e0bc007cf43700806521006e77020001000000bf
:10e0cc004f06be004f05be004f04be000080fa0094
:10e0dc00000006000000fe0072f437000000fe0095
:10e0ec0070f437000001fa00889fbe008a9fbe00c2
:10e0fc0000057800810478008205780041f82b0037
:10e10c0080ef2f000f004000287202000100000079
:10e11c000004780081ef2f008f80400008804000c1
:10e12c008a007800a073020001000000080440007f
:10e13c0082ef2f000f0141000800410031f92b0044
:10e14c0028720200010000000004440081ef2f003f
:10e15c008f8040000880400089007800a073020086
:10e16c00010000000004440082ef2f000f01410069
:10e17c000800410071fa2b00287202000100000017
:10e18c00000444008addb9008984440011000900b0
:10e19c000905d8008000fd0082ef2f000f0141001f
:10e1ac0008004100a07302000100000000024400be
:10e1bc0083ef2f008f8141000041eb00e1c0b300e1
:10e1cc00806521003e870200010000004f05be0063
:10e1dc004f04be000080fa0000000600889fbe00bd
:10e1ec0072002000c12b200001007800bdff070049
:10e1fc0072002000c12b200090252000b9ff0700e1
:10e20c0072002000c12b200080252000b5ff0700e4
:10e21c0072002000c12b200070252000b1ff0700e8
:10e22c0072002000c12b2000700c2000adff0700f5
:10e23c0072002000c12b200010002000a9ff070055
:10e24c0072002000c12b20000000eb00a5ff07008e
:10e25c0028eb2300896521008801780009017800ea
:10e26c00a14d2100405121009ca2020001000000a0
:10e27c000060fe00f8ff3700f6874700889fbe005d
:10e28c008a9fbe008c9fbe008e1f780040512100db
:10e29c0006a202000100000054af020001000000c1
:10e2ac0060af8800dad5020001000000140ea9004e
:10e2bc00a20320008000eb00a04d210068b40200f6
:10e2cc000100000061032000e04d2100e0bc0200d1
:10e2dc00010000000001be00a14d2100b10f510052
:10e2ec00a18f590005003200010078005c940200f7
:10e2fc0001000000804f21000008eb00ad672100f9
:10e30c002e6721007a865700606021001070a100f2
:10e31c008000eb0031af88001000200000b38800b3
:10e32c0002102e0003002000828ebe0043832000ca
:10e33c00030f780080652100c27c2800f2b79f0093
:10e34c001300200083bf9f007fb197008fb9970007
:10e35c000288be0031b38800c2442000436721000c
:10e36c008209780003382800d3b79f0012002000e0
:10e37c00e2b79f005fb19700efb19700e2b288005f
:10e38c00f3b2880071b3880002002800433f2000dc
:10e39c000070020001000000000022000151210069
:10e3ac0011006000110032000100780010d0a100b3
:10e3bc0061032000e04d2100e0bc020001000000e0
:10e3cc00a44d2100008abe0023702100a20320006e
:10e3dc008000eb00040078007cb502000100000016
:10e3ec000000220000940200020000000000240043
:10e3fc00015121001100600031003200c27e020088
:10e40c0001000000800578000051210010e0a100ff
:10e41c0061032000e04d2100e0bc0200010000007f
:10e42c00a44d2100008abe0023702100a20320000d
:10e43c008000eb00040078007cb5020001000000b5
:10e44c004a0120002803200009002000e18f55001c
:10e45c000f003a000a0478002a0320000b00200069
:10e46c000060fe00158ea8000a00be0058d60200ff
:10e47c0001000000158ea9000a00be0058d602004b
:10e48c00010000000804e900f5ff3a000b0037001a
:10e49c000060fe0015aea8000800be0058d60200b1
:10e4ac000100000015aea9000800be0058d60200fd
:10e4bc00010000000a05e900f5ff3a000000fe002b
:10e4cc0000b38000c670020001000000006821004b
:10e4dc001000a0006106220061b08800a00020009e
:10e4ec0080b088004000200090b088000000eb0055
:10e4fc0070b08800b0b28800710888000108a900cb
:10e50c002108a8000a21ef000101280091088800c9
:10e51c0011002000a1b18800a0b08800a1b2880031
:10e52c0030002000aeb0020001000000ef0f5000e0
:10e53c000f003a0015cea800158ea80014eea80006
:10e54c0015aea8000060fe00a00020000100200015
:10e55c0058d60200010000000060fe0015cea90094
:10e56c00158ea90014eea90015aea9003c003700c9
:10e57c0015cea800400620000100200058d602004d
:10e58c000100000015cea900158ea8004006200041
:10e59c000100200058d6020001000000158ea900d1
:10e5ac0060af80000000e00006003c00142ea800c4
:10e5bc00400620000100200058d602000100000097
:10e5cc00142ea90014eea800400620000100200023
:10e5dc0058d602000100000014eea90015aea800e8
:10e5ec00400620000100200058d602000100000067
:10e5fc0015aea90014eea800400620000100200072
:10e60c0058d602000100000014eea90060af800093
:10e61c000000e00006003c00142ea800400620007c
:10e62c000100200058d6020001000000142ea900a1
:10e63c00158ea800400620000100200058d60200cc
:10e64c0001000000158ea90015cea8004006200080
:10e65c000100200058d602000100000015cea900d0
:10e66c00005121001000e00024003d00136eab00af
:10e67c0022003a00504e21001080fb000003b10034
:10e68c000008a3000100320015cea8000018a3005a
:10e69c0001003200158ea8000028a30001003200f2
:10e6ac0014eea8008a022000280320000900200094
:10e6bc000060fe00a07080004d00de000080ea00cb
:10e6cc00610060004d00dd00a170800001d0a10050
:10e6dc0081007000a17088000800be0058d60200ae
:10e6ec00010000000a05e900f1ff3a0015aea9008f
:10e6fc0014eea900158ea90015cea9000004eb009c
:10e70c00136eab0016003200098020002a03200093
:10e71c000060fe00a07080004d00de000080ea006a
:10e72c00610060004d00dd00a170800001d0a100ef
:10e73c0081007000a17088004006200001002000bc
:10e74c0058d60200010000000804e8009370800015
:10e75c0003806400020032008a0f5400ecff3a0080
:10e76c00136eab003200320020032000800f5400e7
:10e77c002f003a0014eea900158ea90015cea900a1
:10e78c000040eb00126eab000200320015cea80068
:10e79c0010c0b300124eab00020032000014a000f7
:10e7ac00158ea800122eab00020032000024a0002f
:10e7bc0014eea800514e210002c3b3008248400061
:10e7cc00e04d21008240780001487800f24d210094
:10e7dc0001497800024e210001497800124e2100b7
:10e7ec0001497800224e210001497800324e210067
:10e7fc0001497800424e2100014978000151210065
:10e80c0011f0a00061032000e0bc02000100000038
:10e81c00a44d2100008abe0023702100a203200019
:10e82c008000eb00040078007cb5020001000000c1
:10e83c00136eab00130032002803200009002000e7
:10e84c000a8020000060fe00a07080004d00de00f9
:10e85c000080ea00610060004d00dd00a1708000c6
:10e86c0001d0a10081007000a17088000800be00da
:10e87c0058d6020001000000937080000300650070
:10e88c00f0ff3a0015aea90014eea900158ea900f0
:10e89c0015cea90060af8000aeb0020001000000f0
:10e8ac0010b0880041512100a04d21003ab0020067
:10e8bc0001000000a04d2100be94020001000000e8
:10e8cc002051210010007800620060003c003200f2
:10e8dc0015aea800158ea80015cea90014eea9003f
:10e8ec00400620000100200058d602000100000064
:10e8fc0015aea900158ea90015cea80014eea8001f
:10e90c00400620000100200058d602000100000043
:10e91c0015aea800158ea80015cea90014eea900fe
:10e92c00400620000100200058d602000100000023
:10e93c0015aea900158ea90015cea80014eea800de
:10e94c00400620000100200058d602000100000003
:10e95c0015aea800158ea80015cea90014eea900be
:10e96c00400620000100200058d6020001000000e3
:10e97c0015aea900158ea90015cea80014eea8009e
:10e98c00400620000100200058d6020001000000c3
:10e99c0015aea800158ea80015cea90014eea9007e
:10e9ac00400620000100200058d6020001000000a3
:10e9bc0015aea900158ea90015cea90014eea9005c
:10e9cc00830020008204200081aa2300a00f2400d1
:10e9dc00748f020001000000201424003490020007
:10e9ec0001000000e035240034900200010000001a
:10e9fc00a0572400349002000100000003092000fd
:10ea0c00022420002170210080b32300b48f020067
:10ea1c000100000040b723005490020001000000e8
:10ea2c00030620000290200021b8210000cf230013
:10ea3c00b48f020001000000c0d2230054900200e9
:10ea4c0001000000132320003269200021d822008d
:10ea5c0060e72300748f02000100000020eb23000c
:10ea6c00349002000100000001cf2300e0fd2f00d4
:10ea7c000f004000fa900200010000007fa89700f0
:10ea8c008fb09700c0f28900d1f289001fb19700b6
:10ea9c00afb19700e2f28900f3f289001c00780014
:10eaac009c00900000f3890011f3890001cf230032
:10eabc00e0fd2f000f004000fa9002000100000062
:10eacc007fa997008fb1970022f3890033f3890057
:10eadc001fb09700afb0970040f3890051f3890045
:10eaec001c0178009c01900062f3890073f389008b
:10eafc0081b32300e0fd2f000f004000fa900200cc
:10eb0c00010000007fa897008fb0970000e58900f6
:10eb1c0011e589001fb19700afb1970022e589007c
:10eb2c0033e589001c0078009c00900040e58900ca
:10eb3c0051e5890081b32300e0fd2f000f00400058
:10eb4c00fa900200010000007fa997008fb1970096
:10eb5c0062e5890073e589001fb09700afb097009c
:10eb6c0080e5890091e589001c0178009c019000ea
:10eb7c00a2e58900b3e5890081b32300e0fd2f00f5
:10eb8c000f004000fa900200010000007fa89700df
:10eb9c008fb09700c0e58900d1e589001fb19700bf
:10ebac00afb19700e2e58900f3e589001c0078001d
:10ebbc009c00900000e6890011e6890081b32300d7
:10ebcc00e0fd2f000f004000fa9002000100000051
:10ebdc007fa997008fb1970022e6890033e6890060
:10ebec001fb09700afb0970040e6890051e689004e
:10ebfc001c0178009c01900062e6890073e6890094
:10ec0c00c25121001000200021012000125a0200e4
:10ec1c0001000000609524009a84020001000000ad
:10ec2c00300f2000814f210011006000cf80de00ea
:10ec3c00230f2000830f5000e08f58004a013e0044
:10ec4c0000060100fe00370003013700f600370014
:10ec5c000d013700440137004301370042013700f2
:10ec6c0041013700400137003f0137003e013700ba
:10ec7c003d0137003c0137003b0137003a013700ba
:10ec8c0039013700380137001101370036013700e0
:10ec9c0035013700340137003301370032013700ba
:10ecac0031013700300137002f0137002e013700ba
:10ecbc002d0137002c0137002b0137002a013700ba
:10eccc00290137002801370027013700e8003700f9
:10ecdc00e7003700240137002301370022013700f9
:10ecec0021013700200137001f0137001e013700ba
:10ecfc001d0137001c0137001b0137001a013700ba
:10ed0c0019013700da003700c1003700160137004f
:10ed1c0015013700140137001301370012013700b9
:10ed2c0011013700100137000f0137000e013700b9
:10ed3c000d0137000c0137000b0137000a013700b9
:10ed4c0009013700d6003700db0037000601370019
:10ed5c0005013700040137000301370002013700b9
:10ed6c000101370000013700ff003700fe003700bb
:10ed7c00fd003700fc003700fb003700fa003700bd
:10ed8c00f9003700f8003700f7003700f6003700bd
:10ed9c00f5003700f4003700f3003700f2003700bd
:10edac00f1003700f0003700ef003700ee003700bd
:10edbc00ed003700ec003700eb003700ea003700bd
:10edcc00e9003700e8003700e7003700e6003700bd
:10eddc00e5003700e4003700e3003700e2003700bd
:10edec00e1003700e0003700df003700de003700bd
:10edfc00dd003700dc003700db003700da003700bd
:10ee0c00d9003700d8003700d7003700d6003700bc
:10ee1c00d5003700d4003700d3003700d2003700bc
:10ee2c00d1003700d0003700cf003700ce003700bc
:10ee3c00cd003700cc003700cb003700ca003700bc
:10ee4c00c9003700b4003700b9003700a6003700fe
:10ee5c00ab003700c4003700c3003700c2003700d6
:10ee6c00c1003700c0003700bf003700be003700bc
:10ee7c00bd003700bc003700bb003700ba003700bc
:10ee8c00b90037007a003700970037009c00370034
:10ee9c007d003700b4003700b3003700b2003700f4
:10eeac00b1003700b0003700af003700ae003700bc
:10eebc00ad003700ac003700ab003700aa003700bc
:10eecc00a900370094003700a700370098003700de
:10eedc007f003700a4003700a3003700a2003700e2
:10eeec00a1003700a00037009f0037009e003700bc
:10eefc009d0037009c0037009b0037009a003700bc
:10ef0c0099003700540037009700370096003700ff
:10ef1c0095003700940037009300370092003700bb
:10ef2c0091003700900037008f0037008e003700bb
:10ef3c008d0037008c0037008b0037008a003700bb
:10ef4c0089003700880037008700370086003700bb
:10ef5c0085003700840037008300370082003700bb
:10ef6c0081003700800037007f0037007e003700bb
:10ef7c007d0037007c0037007b0037007a003700bb
:10ef8c0079003700780037007700370076003700bb
:10ef9c0075003700740037007300370072003700bb
:10efac0071003700700037006f0037006e003700bb
:10efbc006d0037006c0037006b0037006a003700bb
:10efcc0069003700680037006700370066003700bb
:10efdc0065003700640037006300370062003700bb
:10efec0061003700600037005f0037005e003700bb
:10effc005d0037005c0037005b0037005a003700bb
:10f00c0059003700580037004f00370054003700c4
:10f01c003000200090af8800f00f2000d0af8800a7
:10f02c00dbe30700510037002000200090af880080
:10f03c00f03f2000d0af8800d5e307004b0037002d
:10f04c001000200090af8800f03f2000d0af880067
:10f05c00cfe30700450037002000200090af880068
:10f06c00f03f2000d0af880099ee07003f0037003a
:10f07c002000200090af8800f03f2000d0af880027
:10f08c0093ee0700390037002000200090af880075
:10f09c00f03f2000d0af88008dee07003300370022
:10f0ac002000200090af8800f03f2000d0af8800f7
:10f0bc0087ee07002d0037002000200090af88005d
:10f0cc00f03f2000d0af880081ee0700270037000a
:10f0dc002000200090af8800f03f2000d0af8800c7
:10f0ec007bee0700210037001000200090af880055
:10f0fc00f03f2000d0af880075ee07001b003700f2
:10f10c001000200090af8800f03f2000d0af8800a6
:10f11c006fee0700150037001000200090af88003c
:10f12c00f03f2000d0af880069ee07000f003700d9
:10f13c001000200090af8800f03f2000d0af880076
:10f14c0063ee0700090037001000200090af880024
:10f15c00f03f2000d0af88005dee070003003700c1
:10f16c001efc0700010037000000fe000060fe00de
:04f17c0065fc3700f7
:020000040000fa
:10f1800084b3000078b3000053b300001bb3000049
:10f19000d5b2000088b200003cb2000062b20000ac
:10f1a00068b2000072b2000080b2000094b20000a9
:10f1b000d2b1000015b2000072b20000e2b200004d
:10f1c00057b30000c3b3000014b40000a4b400009f
:10f1d000cdb40000a7b400002eb4000067b3000057
:10f1e0003cb30000edb1000080b0000021af000092
:10f1f000fead000045ad00001cad000004ae0000f7
:10f2000071af000079b10000fcb30000cab6000085
:10f210008bb100008ab000009faf0000e8ae000094
:10f2200081ae000080ae0000f3ae000046b00000ea
:10f23000d6b10000aeb30000a9b500009eb7000033
:10f240007cba0000f0bc0000bfbe0000a2bf0000fe
:10f2500063bf0000dbbd000000bb00004ab7000038
:10f2600054b200008cac00005ca6000047a0000077
:10f27000cab800008ebb0000debd000069bf000000
:10f28000e5bf000016bf0000d7bc00008cb900002d
:10f29000b9b40000c1ae000009a800001ba1000025
:10f2a00035ba000066bb0000ecbb0000a8bb000044
:10f2b0008cba000098b80000dfb50000ecb2000086
:10f2c0005daf000093ab0000d7a700007ea4000054
:10f2d00083b8000003ba00000bbb000070bb000045
:10f2e0000fbb0000d3b90000b7b700002eb5000077
:10f2f000c2b10000c8ad000085a9000051a5000002
:10f30000bc9b00007d97000008950000ee94000073
:10f31000a49700007d9d0000a0a6000065b300003a
:10f32000f2c20000ecd40000a6e800004cfd000092
:10f330000a9a00001a96000028940000b594000074
:10f3400027980000b89e000077a80000a7b500002d
:10f3500057c5000021d7000053ea000020fe00003e
:10f36000749b0000f295000035920000f4900000bc
:10f37000ce9200003b9800007fa1000008af000083
:10f38000fcbf0000f3d3000021ea0000820100006e
:10f39000c39900008f94000054910000bb900000be
:10f3a000519300007699000057a3000049b1000076
:10f3b00061c2000028d60000cfeb0000560200001a
:10f3c000b4a20000f5a0000074a0000075a1000028
:10f3d00032a40000d0a8000063af00004db80000c8
:10f3e000dec2000006cf000081dc000000eb000060
:10f3f00002a10000939f0000939f00003da1000028
:10f40000b5a400000baa00003ab100008fba0000ba
:10f4100043c500003bd100002fde0000d3eb00000d
:10f420006da200006b9f0000a19d00007c9d00006c
:10f430005c9f00008ea3000042aa0000f0b3000011
:10f44000e7bf00000dce0000fddd000036ef00003c
:10f45000bba00000089e0000c09c0000439d00006f
:10f46000df9f0000c9a400001aac000031b6000004
:10f470004cc2000042d00000aadf00000af00000e9
:10f48000c91200004a260000bc3700003f460000b9
:10f4900016510000b3570000c05900008e570000fd
:10f4a000aa50000096450000e936000066250000dd
:10f4b00018110000e7240000db36000007460000ba
:10f4c00099510000ee580000985b0000cf590000f1
:10f4d0000f530000cb470000973800003a26000089
:10f4e00082120000bf240000e93400004542000001
:10f4f000404c000071520000a05400003053000046
:10f50000b34d00009d440000653800009c290000b8
:10f51000d01000005d230000083400000d42000000
:10f52000c34c0000ac53000077560000715500003a
:10f5300018500000d2460000123a0000702a000065
:10f54000c2190000c32f000028430000c75200006a
:10f55000a45d00000663000084620000765c000089
:10f5600096500000b03f0000c52a00001a130000aa
:10f5700010180000602e0000474200008e5200006c
:10f58000275e0000416400005b640000b75e00007d
:10f59000fb520000e5410000722c0000ee13000059
:10f5a0007a190000382e000054400000cd4e0000b3
:10f5b000ce580000c45d0000635d000018580000d4
:10f5c0009f4d0000b73e0000402c00005017000087
:10f5d000c8170000d52c0000743f0000944e0000b6
:10f5e00051590000ff5e00003b5f0000595a0000c7
:10f5f00004500000ec400000ee2d00002418000034
:10f6000001fb00004f0a00007119000013280000e0
:10f61000e6350000a9420000244e00009158000089
:10f6200034610000116800000f6d00001e700000c2
:10f630004ff90000ec08000091180000da270000e4
:10f6400068360000e4430000fb4f0000d25a00007f
:10f6500099630000466a0000bc6e0000f270000072
:10f66000bafa0000c40800009e1600001924000029
:10f6700010310000663d00000349000033540000d3
:10f680003d5e0000176700008a6e000055740000a0
:10f6900008f9000062070000bd150000e02300002b
:10f6a00092310000a13e0000db4a000075560000c8
:10f6b000a26000004d69000038700000287500004d
:10f6c000f9010000c8130000dd2400009a34000096
:10f6d00074420000fc4d0000e7560000795d000018
:10f6e000206100002a620000ea600000d25d000094
:10f6f0004800000065120000fc2300006134000097
:10f70000f6420000374f0000bf580000ba5f00000b
:10f71000856300005f64000097620000a65e000041
:10f72000b20100003d1200000a220000a0300000db
:10f730009e3d0000b9480000c65100001b59000062
:10f74000295e00003161000065620000086200006f
:10f7500000000000da1000002921000067300000de
:10f76000203e0000f44900009e5300005d5b000055
:10f770008e6000006663000013640000dc6200001d
:10f78000c912000030fe000079e9000095d50000a4
:10f790005fc300008bb30000a0a60000589d0000ce
:10f7a00038970000459400003694000099960000b8
:10f7b00018110000cdfc000098e800005cd50000a6
:10f7c000e2c30000c6b4000077a80000999f0000c3
:10f7d0009d9900007a960000e39500006c97000068
:10f7e00082120000a5fc0000a5e600009bd10000ed
:10f7f00089be000048ae00007fa10000fa9800001a
:10f80000419400004c930000b1950000cf9a000095
:10f81000d010000042fb0000c5e5000063d10000ed
:10f820000bbf000083af000057a300003c9b00000b
:10f83000a6960000819500005f970000a39b000042
:10f84000c2190000a9070000e4f400001ce2000057
:10f85000edcf0000debe000063af000040a200005c
:10f86000239700005f8e0000118800004c84000088
:10f87000101800004606000003f40000e4e1000058
:10f880006fd0000019c000003ab1000081a4000050
:10f890008899000094900000be8900002085000037
:10f8a0007a1900001e06000011f2000023de00009d
:10f8b00017cb00009bb9000042aa0000e29d0000a7
:10f8c0002d940000668d00008c8900008388000064
:10f8d000c8170000bb04000030f10000eadd0000a2
:10f8e00099cb0000d6ba00001aac000024a000009a
:10f8f000929600009b8f00003a8b00005689000012
:10f9000001fb000035e200002ecb000068b70000cc
:10f910002fa80000809e0000039b00005b9e00005b
:10f92000c2a70000bfb600005bca000051e10000a2
:10f930004ff90000d2e000004dca000030b70000cf
:10f94000b1a80000bb9f0000db9c00009da0000050
:10f9500027aa0000f4b8000008cc000025e200004f
:10f96000bafa0000aae000005bc800006eb3000015
:10f9700058a300003e990000e2950000fd990000a8
:10f98000cba40000c6b50000d6cb000087e5000080
:10f9900008f9000047df00007ac7000036b3000016
:10f9a000dba30000799a0000ba9700003f9c00009a
:10f9b00030a70000fbb7000084cd00005be600002c
:10f9c000f9010000aeeb000099d60000f0c3000082
:10f9d000bcb40000d4a90000c6a3000043a30000eb
:10f9e000aea70000d9b0000036be000005cf000071
:10f9f000480000004bea0000b8d50000b7c3000083
:10fa00003fb500000eab00009ea5000085a50000dc
:10fa100013aa00000eb30000e4bf0000d8cf00001e
:10fa2000b201000023ea0000c6d30000f6bf0000c8
:10fa3000e6af000091a40000a69e0000e59e000035
:10fa4000b7a40000e0af0000b2bf00003bd300004d
:10fa500000000000c0e80000e5d20000bdbf0000cb
:10fa600069b00000cca500007da0000027a1000027
:10fa70001ca7000015b200005fc100000fd40000f9
:10fa80000f72000002710000e26d0000ba68000011
:10fa9000a1610000b6580000244e0000834200001f
:10faa000793500006a2700009f1800006b090000ec
:10fab0005d7000009f6f0000016d00008168000014
:10fac00023620000f1590000fb4f0000c544000014
:10fad000de3700009f2900004c1a00003f0a00009a
:10fae000c7710000786f00000e6b0000c06400005a
:10faf000ca5c00007453000003490000263e000069
:10fb000082320000702600001a1a0000a10d0000c9
:10fb100015700000156e00002e6a0000876400005a
:10fb20004d5d0000af540000db4a0000674000005c
:10fb3000e8340000a6280000c81b0000750e000075
:10fb4000077900007b7a00004d79000041750000c4
:10fb50002f6e000009640000e75600006b470000ac
:10fb600065350000832100007a0c00001ff70000bb
:10fb700055770000187900006c78000008750000c7
:10fb8000b16e000044650000bf580000ad490000a0
:10fb9000ca370000b8230000270e0000f3f700006a
:10fba000bf780000f07800007a760000477100000e
:10fbb00058690000c75e0000c65100000e430000f7
:10fbc0006e3200008a200000f50d000055fb000099
:10fbd0000d7700008e770000997500000e7100000f
:10fbe000db690000026000009e5300004f450000ea
:10fbf000d3340000bf220000a30f000029fc000046
:10fc0000465a000007550000974f00008d4a00003b
:10fc100070460000ac4300008742000087430000ac
:10fc200004460000e4490000c44e000023540000d4
:10fc300095580000a5530000b64e0000544a00003d
:10fc4000f3460000e74400005f440000c8450000a0
:10fc500069480000194c000071500000f754000082
:10fc6000ff5900007d530000c34c00009346000084
:10fc70009a410000693e0000663d0000293f0000f7
:10fc80000d430000eb4800003f5000005a580000b0
:10fc90004d5800001a520000e34b00005a46000085
:10fca0001d420000a43f00003e3f00006a410000ea
:10fcb00072450000204b0000ed5100002d5900005e
:10fcc0003f610000805e0000025b000014570000ee
:10fcd000fe520000ff4e00004a4b00006f4800003b
:10fce000ef450000fd4300009f420000d7410000a7
:10fcf0008d5f00001d5d0000215a0000db560000f2
:10fd0000815300003a500000224d0000b04a00002c
:10fd100054480000334600004d440000ab42000050
:10fd2000f7600000f55c00002f5800001a53000037
:10fd3000284e0000bd4900002a4600001144000082
:10fd4000f9420000044300001b4400000d4600007f
:10fd5000455f0000935b00004e570000e152000039
:10fd6000ab4e0000f74a0000014800005246000078
:10fd70005e45000039450000c8450000e14600002e
:10fd8000bc9b00002ba100002fa7000035ad000098
:10fd9000c0b2000070b7000000bb0000b5bd00009d
:10fda000f6be0000f9be0000ecbd00000cbc000077
:10fdb0000a9a0000c89f00004ea60000fcac00009c
:10fdc00043b30000abb80000d7bc0000f7bf000091
:10fdd0005bc100002ec1000099bf0000e0bc000024
:10fde000749b0000a19f00005ba400003ba90000e1
:10fdf000eaad00002db20000dfb5000058b90000e8
:10fe0000ffbb000000be000067bf000043c0000051
:10fe1000c39900003e9e00007ba3000002a90000e1
:10fe20006dae000068b30000b7b7000099bb0000da
:10fe300064be000035c0000015c1000016c10000fe
:10fe4000b4a20000a4aa00009ab20000bcb900004d
:10fe50004ebf0000c3c20000c3c300009dc200002b
:10fe6000e2be000013b90000c7b10000c0a9000045
:10fe700002a1000041a90000b9b1000083b900004f
:10fe8000d1bf0000fec300009ac50000dfc400001f
:10fe900047c1000048bb000075b3000094aa0000f1
:10fea0006da2000019a90000c7af0000c2b5000094
:10feb00078ba000080bd0000a2be000040be000075
:10fec000ebbb00001ab8000043b30000f6ad000021
:10fed000bba00000b7a70000e6ae000089b5000097
:10fee000fbba0000bbbe00007ac0000081c0000069
:10fef00050be00004fba0000f0b40000caae0000cf
:10ff0000f483000030850000e4880000088f0000c2
:10ff10009097000065a2000063af0000b8be00002b
:10ff200080cf000073e1000011f40000c50600005e
:10ff300042820000ce83000003880000cf8e0000c4
:10ff400013980000a0a300003ab10000fac000001e
:10ff5000e5d10000a9e30000bff50000980700000c
:10ff6000ac830000a6830000108600000e8b00000a
:10ff7000ba920000239d000042aa00005bba000074
:10ff800089cc00007ae000008df50000fb0a00003b
:10ff9000fa8100004382000030850000d58a00000d
:10ffa0003c9300005e9e00001aac00009cbc000068
:10ffb000eece0000afe200003af70000cf0b0000e9
:10ffc000ec8a0000a98e00004f9400008f9b000077
:10ffd0001ea40000b9ad000026b80000a1c30000b7
:10ffe0006ccf00008ddb0000ece7000078f400002f
:10fff0003a890000468d00006e930000569b000079
:020000040001f9
:10000000a1a40000f3ae0000feb90000e2c50000ac
:10001000d1d10000c2dd00009ae900004cf50000db
:10002000a48a00001e8d00007c91000095970000be
:10003000489f000076a8000006b3000043bf000000
:1000400075cc000094da000068e90000aef800000a
:10005000f3880000bc8b00009b9000005c970000c0
:10006000ca9f0000b1a90000ddb4000084c10000f7
:10007000dace0000c9dc000015eb000082f90000b8
:1000800001fb0000fe130000972b00005940000008
:10009000025100009b5c000084620000e1620000ed
:1000a000385d00001e52000055420000df2e0000a7
:1000b0004ff900009b120000b72a0000204000000a
:1000c00085510000d65d00005b64000022650000e1
:1000d0009d5f00005354000002440000b32f000055
:1000e000bafa000073120000c42800005f3c000050
:1000f0002c4c000059570000635d0000835e000037
:10010000415a000025510000d04300001533000083
:1001100008f9000010110000e3270000263c000051
:10012000af4c0000945800003b5f0000c560000029
:10013000a65c00005a5300007e450000e933000031
:10014000f9010000761d000003370000e04c0000bc
:10015000905d0000ee670000476b0000c96700007b
:10016000235d0000374c000030360000921c000078
:1001700048000000141c000022360000a74c0000bc
:10018000135e0000296900001e6d00000a6a00006d
:10019000885f00006c4e0000dd370000661d000027
:1001a000b2010000ec1b000030340000e648000003
:1001b000ba580000ac620000266600006b630000c5
:1001c0002d5a00003e4b0000ac370000c920000053
:1001d00000000000891a00004f330000ae48000004
:1001e0003c590000e7630000fe670000ad650000b9
:1001f000925c0000734d0000593900009c21000002
:1002000039e3000003f800004d0d00002c2200002f
:10021000d235000091470000e7560000e46300007b
:10022000c26d0000987400007a7800009779000091
:1002300087e10000a0f600006c0c0000f321000034
:1002400054360000cc480000bf580000256600006e
:1002500027700000cd760000287a00006b7a00003d
:10026000f2e2000078f60000790a0000321e000079
:10027000fc3000004e420000c6510000865f0000c6
:10028000cb6a00009f730000f6790000cd7d00006e
:1002900040e1000015f5000099090000fa1d00007a
:1002a0007e310000894300009e530000c8610000b9
:1002b000306d0000d4750000a37b0000a17e00001b
:1002c00031ea00007b010000b8180000b32e0000e6
:1002d00060420000e4520000aa5f0000cc68000009
:1002e000ae6d0000b16e0000556c00004b67000061
:1002f00080e8000019000000d71700007b2e0000e6
:10030000e24200001f540000826100000d6b0000fb
:1003100013700000e7700000036e00001e6800000c
:10032000eae90000f1ff0000e5150000ba2a00002c
:10033000893d0000a24d00008a5a00006e64000052
:10034000b76a0000b86d0000d16d0000816b00003d
:1003500038e800008efe000004150000812a00002d
:100360000c3e0000dc4e0000615c0000b066000046
:100370001c6d0000ee6f00007e6f0000556c0000e9
:1003800001fb0000e3eb000054dd0000afcf0000f4
:100390004bc3000073b8000063af0000aba80000bf
:1003a000c5a30000cca00000a19f000011a0000088
:1003b0004ff9000081ea000073dc000076cf0000f6
:1003c000cdc30000aeb900003ab10000edaa0000b4
:1003d0002ba6000002a300004ea10000e5a0000033
:1003e000bafa000059ea000081da0000b5cb00003b
:1003f00075be000030b3000042aa00004da400000a
:10040000cfa00000d39f00001da1000048a4000061
:1004100008f90000f6e80000a0d900007ccb00003d
:10042000f7be00006bb400001aac00008fa60000fd
:1004300034a3000008a20000caa200001ba500000f
:10044000f90100005cf50000bfe8000036dc0000a8
:10045000d9cf0000c6c3000026b8000093ad00004d
:10046000b1a30000e69a00007c930000c58d000057
:1004700048000000f9f30000dee70000fddb0000ab
:100480005bd0000001c50000feb90000d5af000040
:1004900016a600001b9d00002a950000998e000002
:1004a000b2010000d1f30000ece500003cd80000f0
:1004b00002cb000083be000006b3000035a9000097
:1004c000bba00000ed990000f8940000fb91000033
:1004d000000000006ff200000be5000003d80000f0
:1004e00085cb0000bebf0000ddb4000077ab00008c
:1004f00020a30000229c0000a5960000cf920000df
:1005000039e30000e9cf000009bf000082b100001c
:100510001aa8000069a30000c6a30000aea900004d
:1005200050b4000047c30000c6d50000caea00006e
:1005300087e1000086ce000028be000049b100001f
:100540009da80000a3a400009ea50000f0ab000041
:10055000b5b600007cc5000074d700009deb00001c
:10056000f2e200005ece000036bc000088ad000064
:1005700044a30000269e0000a69e000050a5000097
:1005800059b100004ec2000042d7000000ef000049
:1005900040e10000fbcc000055bb00004fad000067
:1005a000c7a30000619f00007da0000092a700008b
:1005b000beb3000083c40000efd80000d4ef0000f9
:1005c00031ea000061d9000074ca000009be0000d1
:1005d000a8b40000bcae000089ac000096ae0000dc
:1005e0003cb4000060bd0000a2c900007dd800003e
:1005f00080e80000fed7000094c90000d0bd0000d4
:100600002bb50000f6af000061ae0000d8b00000ce
:10061000a1b6000095bf00004fcb000051d90000eb
:10062000eae90000d7d70000a1c700000fba000018
:10063000d2af000079a9000069a7000038aa000025
:1006400045b1000067bc00001dcb0000b4dc000019
:1006500038e8000074d60000c0c60000d7b900001a
:1006600055b00000b4aa000040a900007aac000018
:10067000aab300009cbe0000cbcc000087dd0000c8
:10068000465a0000b65e0000bd610000d362000063
:100690008c6100009e5d0000e7560000d74d000011
:1006a00007420000f13300000a240000e4120000b9
:1006b00095580000535d0000dc6000009a62000065
:1006c0000f620000d95e0000bf5800001850000003
:1006d0006c44000026360000b7250000b813000067
:1006e000ff5900002b5d0000ea5e0000d95e0000ab
:1006f000b65c00005c580000c6510000794900005b
:10070000103f0000f8320000852500001a17000095
:100710004d580000c85b0000095e0000a15e0000ab
:10072000395d0000975900009e530000ba4b00004d
:10073000754100002d35000033270000ee17000042
:100740003f6100002f680000286d00005a6f000014
:100750001a6e0000f1680000aa5f0000bf5200009e
:10076000f34100000a2e0000e5170000970000008a
:100770008d5f0000cc660000476c0000226f000017
:100780009d6e00002c6a0000826100000055000090
:100790005844000040300000931900006b01000035
:1007a000f7600000a4660000556a0000616b00005d
:1007b00044690000af6300008a5a0000614e0000e7
:1007c000fc3e0000112d000061190000ce04000065
:1007d000455f00004165000074690000286b00005f
:1007e000c7690000ea640000615c0000a2500000dc
:1007f00061410000462f00000e1b0000a205000012
:100800007e420000bb42000072430000a64400008c
:100810005c460000944800004a4b0000da4e00009d
:10082000915200006b5600002f5a00009c5d0000a2
:10083000cd40000058410000914200006e4400008d
:10084000df460000cf490000224d00001b51000090
:10085000f6540000a0580000dd5b0000705e000050
:1008600037420000304100009f400000ad400000d2
:1008700086410000524300002a4600007c4a0000e6
:100880009b4f000072550000ab5b0000d26100007e
:1008900085400000ce3f0000be3f000074400000d5
:1008a000084200008c44000001480000bd4c0000dc
:1008b00000520000a7570000585d0000a66200002b
:1008c00077490000344c0000dd4e00002e5100003e
:1008d000ea520000e75300000d540000c25300002c
:1008e0007d520000855000000a4e0000504b000071
:1008f000c5470000d14a0000fc4d0000f550000043
:100900006c53000022550000e5550000035600001e
:10091000e2540000ba520000b84f0000244c00001e
:100920002f490000a94a00000a4c0000344d000085
:10093000144e0000a54e0000ed4e0000644f000074
:10094000874f00008c4f0000864f0000864f00004c
:100950007d47000046490000294b0000fb4c000089
:10096000964e0000df4f0000c4500000a55100006b
:10097000ec510000c1510000335100005a500000fa
:100980007cba0000aeb70000cfb4000022b2000075
:10099000deaf00002aae00001cad000020ad00005c
:1009a00092ad000078ae0000adaf000009b10000cc
:1009b000cab800004bb60000eeb30000e9b1000079
:1009c00061b0000065af0000f3ae000061af000051
:1009d000f7af0000adb000005bb10000ddb100007a
:1009e00035ba000023b60000fcb1000028ae0000bc
:1009f00008ab0000e7a80000fba70000c2a80000a9
:100a00009baa00007fad000029b100003fb50000a7
:100a100083b80000c0b400001bb10000efad0000bf
:100a20008aab000022aa0000d3a9000003ab00009b
:100a300000ad0000b4af0000d6b2000013b6000055
:100a400075c1000027c100003ac00000a9be000027
:100a50006cbc00007db90000dfb5000008b20000ea
:100a60007ead000092a8000089a30000bd9e00009a
:100a7000c3bf0000c4bf000059bf000070be00002b
:100a8000eebc0000b8ba0000b7b7000049b40000df
:100a9000e3af0000c7aa000036a50000909f000049
:100aa0002dc100009cbf000067bd0000afba000070
:100ab00096b700003bb40000beb00000aaad000035
:100ac00087aa000099a7000004a50000f3a2000077
:100ad0007bbf000039be000086bc000076ba000073
:100ae00018b8000075b5000096b20000ecaf000029
:100af000ecac0000cea90000b2a60000c7a3000025
:100b0000b4a20000b39b000084960000f59300009f
:100b1000ad940000209900007fa1000023ae0000ea
:100b20001cbe0000f2d00000d3e50000c1fb0000b5
:100b300002a10000509a0000a3950000bc930000a1
:100b4000309500005a9a000057a3000064b00000de
:100b500081c0000027d3000080e7000095fc000062
:100b60006da20000289a0000b1930000fb8f0000e6
:100b7000d78f0000dd9300005f9c0000c5a9000036
:100b800025bb0000f9cf00004ee70000f7ff000092
:100b9000bba00000c5980000d0920000c28f0000ea
:100ba0005a90000018950000369e000007ac000027
:100bb0008abd00002ed20000fce80000cb0000003f
:100bc000aca900002ca50000efa100007ca0000053
:100bd0003ba1000073a4000042aa00000bb3000078
:100be00008be00000ccb0000aed9000075e9000083
:100bf000fba70000c9a300000fa1000044a0000053
:100c0000bea10000aea500001aac00004cb500006b
:100c10006dc0000041cd00005bdb000049ea000030
:100c200065a90000a1a300001c9f0000829c000099
:100c3000659c0000309f000022a50000adae0000c2
:100c400011bb000013ca000029db0000abed00005f
:100c5000b3a700003ea200003b9e00004a9c00009b
:100c6000e89c00006ba00000f9a60000efb00000b7
:100c700076bd000048cc0000d7dc00007fee00000d
:100c8000c2190000802a00003839000046450000e3
:100c9000204e000055530000a05400004b520000ad
:100ca000d44b00009c41000016340000db23000000
:100cb000101800001e290000573800000d450000e4
:100cc000a24e000090540000775600008d540000a2
:100cd000394e0000d2430000c4350000af240000ac
:100ce0007a190000f6280000653600004c4100002b
:100cf00049490000134e00007f4f0000ed4d0000f9
:100d0000dd480000a34000009235000012280000da
:100d1000c81700009327000084350000144100002c
:100d2000cc4900004e4f0000575100002f500000ea
:100d3000424b0000d94200003f370000e528000088
:100d4000ba200000f9330000a3440000ce51000097
:100d5000ad5a0000a85e0000635d0000335700003c
:100d6000bf4b0000b63b0000f12700008f110000d0
:100d7000081f000096320000c24300009551000099
:100d8000305b0000e35f00003b5f0000755900002e
:100d9000244e0000eb3d00009f290000631200007c
:100da000722000006e320000d0410000d44d0000df
:100db000d75500006659000043580000d552000086
:100dc000c9480000bd3a00006d290000c5150000ab
:100dd000c01e00000c310000ef4000009b4d0000e1
:100de0005a560000a15a00001a5a00001755000078
:100df0002e4b0000f23c00001a2b00009916000058
:100e0000f9010000850e0000ed1a0000192700000e
:100e1000ef3200004b3e0000034900004e5300003b
:100e20005e5c0000176400003c6a0000946e0000e5
:100e300048000000230d00000c1a0000e12600000d
:100e400072330000863f0000db4a0000905500002e
:100e5000c35e00004c660000e96b0000676f000095
:100e6000b2010000fb0c00001a1800002023000053
:100e7000192e000009390000e3430000f14e000084
:100e8000675900001e630000b76b0000ca720000c3
:100e900000000000980b000039170000e722000056
:100ea0009c2e0000433a0000ba4500003251000079
:100eb000cc5b000053650000656d00009e73000070
:100ec000f2080000fe17000058260000a1330000c1
:100ed0007d3f00009e490000c651000036580000ca
:100ee0004a5c0000305e0000175e0000475c0000b6
:100ef000400700009b1600007725000068330000c3
:100f000000400000d94a00009e530000785a0000bb
:100f1000af5e000065600000c45f00001b5d000064
:100f2000aa0800007316000085230000a72f000008
:100f3000a73a00005c440000a64c0000d953000012
:100f400053590000375d0000925f00007e60000092
:100f5000f806000011150000a42200006e2f00000a
:100f6000293b0000964500007d4e00001a56000007
:100f7000b85b00006c5f0000406100005161000040
:100f8000c219000066020000f4ea00009cd40000d0
:100f900068c000002daf00007fa100001598000080
:100fa000619200004b900000629100000e950000dd
:100fb000101800000301000013ea000063d40000d1
:100fc000ebc0000068b0000057a30000579a000073
:100fd000c69400008092000010930000e29500008b
:100fe0007a190000db00000021e80000a2d0000018
:100ff00092bb0000eba900005f9c0000b8930000ca
:101000006b8f0000528f0000de92000044990000b8
:10101000c817000079ff000040e7000069d0000019
:1010200015bc000025ab0000369e0000f9950000bd
:10103000d0910000879100008b940000189a000066
:10104000ba200000df0b000060f6000023e1000082
:10105000f6cc000080ba000042aa0000fe9c00000e
:101060004d920000658a00003e850000c2820000ab
:10107000081f00007c0a00007ff50000ebe0000084
:1010800079cd0000bbbb00001aac00003f9f000000
:10109000b29400009a8c0000eb860000958300005b
:1010a00072200000540a00008cf3000029dd0000cb
:1010b00020c800003eb5000022a50000a098000056
:1010c000568f00006c890000b9860000f886000089
:1010d000c01e0000f1080000acf20000f1dc0000ce
:1010e000a3c8000078b60000f9a60000e19a00004d
:1010f000bb910000a18b000067880000cc87000036
:10110000f90100006be60000a9cc00006fb60000fa
:1011100038a50000239a0000e2950000199900000c
:10112000eca20000c5b2000088c70000c6df0000c6
:101130004800000008e50000c8cb000036b60000fb
:10114000baa500005e9b0000ba9700005a9b000001
:1011500051a50000fbb4000035c900009ae0000072
:10116000b2010000e0e40000d6c9000075b2000042
:1011700062a00000e0940000c2900000bb94000058
:10118000f59f0000ccb1000003c90000fde30000a2
:10119000000000007ee30000f5c800003db2000042
:1011a000e4a000001b96000099920000fc9600004d
:1011b0005aa2000002b40000b1ca0000d0e400004e
:1011c000f2080000e4ef000015d80000f7c20000ac
:1011d000c6b1000076a50000a69e0000019e00009a
:1011e000d8a20000dfac000063bb00007acd000095
:1011f0004007000081ee000034d70000bec20000ae
:1012000048b20000b1a600007da0000042a000008e
:101210003da5000014af000010bd00004ece000040
:10122000aa08000059ee000041d50000fdbe0000f4
:10123000efac000033a0000085990000a3990000e6
:10124000e19f0000e6ab0000dfbc0000b0d1000071
:10125000f8060000f6ec000061d40000c4be0000f7
:1012600072ad00006ea100005d9b0000e49b0000d9
:1012700046a200001bae00008cbe000084d200001d
:1012800007790000387500005d6f0000c16700003d
:10129000aa5e00005854000003490000413d0000d0
:1012a000a330000070230000cb150000e007000011
:1012b00055770000d67300007c6e00008867000040
:1012c0002c5f000093550000db4a0000823f0000c5
:1012d00008330000a525000079170000b4080000bd
:1012e000bf780000ae7300008a6c0000c763000086
:1012f000d4590000164f0000e3430000e33800001b
:10130000ac2d00007722000047170000170c0000ea
:101310000d7700004b720000a96b00008e63000087
:10132000565a000051500000ba450000253b00000d
:1013300011300000ac240000f4180000eb0c000099
:10134000ff7f0000b17e0000c87a000048740000f2
:10135000386b0000ac5f0000c6510000294200005d
:101360008f300000891d0000a709000094f50000df
:101370004d7e00004e7d0000e87900000f740000f3
:10138000ba6b0000e66000009e5300006a44000053
:10139000f4320000be1f0000540b000068f600008d
:1013a000b77f0000277d0000f57700004e70000039
:1013b00062660000695a0000a64c0000cb3d0000a8
:1013c000982d0000901c0000220b0000caf90000bc
:1013d000067e0000c47b000014770000157000003a
:1013e000e4660000a45b00007d4e00000d4000009c
:1013f000fd2f0000c51e0000d00c00009efa00006a
:101400003f6100003e590000125100009449000065
:10141000794300004e3f0000663d0000443e00005e
:101420002d410000ea450000f14b000099520000f8
:101430008d5f0000db570000315000005b49000069
:10144000fc430000894000003e3f00008640000051
:10145000924300001f4800009e4d00006c530000a6
:10146000f7600000b35700003f4e00009a450000af
:10147000a33e00000c3a000046380000e6390000a8
:10148000373e0000f14400006c4d0000cf560000d4
:10149000455f0000505600005e4d000061450000b1
:1014a000263f0000463b00001e3a0000283c00009a
:1014b0009c400000264700001a4f0000a357000080
:1014c00037680000b66200007e5c00001b5600001a
:1014d00007500000a14a00002a4600002c430000eb
:1014e0001941000004400000cc3f00004c400000c7
:1014f00085660000546100009d5b0000e25500001d
:101500008a500000dc4b0000014800006e450000de
:101510007e43000039420000794100002041000074
:10152000ef6700002c610000aa5900002152000062
:10153000314b00005f45000009410000ce3e000035
:10154000223e00000a3f00004741000083440000a3
:101550003d660000c95f0000ca580000e851000065
:10156000b44b00009a460000e14200001041000028
:101570008740000040410000f54200005645000051
:10158000b4a2000061a50000aaa800003cac0000c5
:10159000caaf000012b30000dfb5000073b800004e
:1015a00020ba0000ffba000019bb000082ba000098
:1015b00002a10000ffa30000c9a7000003ac0000c7
:1015c0004cb000004db40000b7b70000b4ba000042
:1015d00085bc000034bd0000c6bc000055bb000047
:1015e0006da20000d7a30000d7a5000042a800000c
:1015f000f4aa0000cfad0000beb0000015b400009a
:1016000029b7000006ba000094bc0000b8be000074
:10161000bba0000074a20000f6a4000009a800000e
:1016200076ab00000aaf000096b2000057b600008b
:101630008eb900003bbc000042be00008cbf000021
:10164000aca90000daae000015b40000c3b8000079
:1016500058bc000065be0000a2be00005bbd0000db
:101660000cba000019b50000f4ae000035a8000067
:10167000fba7000077ad000035b300008ab800007a
:10168000dabc0000a0bf00007ac000009cbf0000d0
:1016900071bc00004eb70000a1b0000009a9000015
:1016a00065a9000050ad000042b10000c9b40000bf
:1016b00081b7000023b9000082b90000fdb8000026
:1016c00015b7000020b400006fb000006cac000043
:1016d000b3a70000edab000061b0000090b40000c3
:1016e00004b800005dba000059bb00003fbb000019
:1016f0007ab9000055b600001db200003fad0000f1
:10170000ec8a0000678900005f8a00000f8e0000ed
:1017100099940000089e000042aa000076b90000db
:10172000aaca00007add00003ef100003a05000080
:101730003a890000048800007e890000d68d0000f0
:101740001c950000429f00001aac0000b8bb0000ce
:101750000fcd0000afdf0000ecf200000e0600002d
:10176000a48a0000dc8700008c870000158a000036
:10177000c38f0000c598000022a5000018b5000026
:10178000b3c7000080dc0000baf20000700900005e
:10179000f388000079860000ab860000dc89000039
:1017a00046900000009a0000f9a600005ab7000019
:1017b00018ca0000b6de000067f40000440a00000a
:1017c000e4910000df920000cb950000969a0000a3
:1017d00027a100005ba9000006b300005ebe000068
:1017e00096ca000093d7000019e50000eef2000051
:1017f000329000007d910000ea9400005d9a0000a4
:10180000aaa1000096aa0000ddb40000a0c000005c
:10181000fbcc0000c8d90000c7e60000c1f30000ff
:101820009d91000055910000f79200009c960000e9
:10183000519c000018a40000e5ad000000ba0000b3
:101840009fc700009ad6000095e6000024f700002c
:10185000eb8f0000f28f00001792000063960000eb
:10186000d49c000053a50000bdaf000042bc0000a6
:1018700004ca0000cfd8000042e80000f8f70000da
:10188000f901000034180000132d0000603f000033
:101890000b4e00003d580000635d00009e5d00009f
:1018a00061580000244e0000823f0000542d0000cb
:1018b00048000000d1160000322c0000273f000035
:1018c0008e4e0000785900003b5f0000e05f000092
:1018d000c65a0000595000002f410000282e000079
:1018e000b2010000a9160000402a0000663b00007b
:1018f00035490000fb5200004358000041590000e8
:101900006b5500002b4d0000fd4000008a310000a7
:1019100000000000471500005f2900002d3b00007b
:10192000b8490000365400001a5a0000825b0000db
:10193000d0570000604f0000ab4200005e32000054
:10194000f2080000ad2100007e380000e74b0000e7
:10195000995a00009063000026660000866200002d
:101960004d5800003d4800005d330000081b00009a
:10197000400700004a2000009e370000ae4b0000e8
:101980001c5b0000cb640000fe670000c864000020
:10199000b25a0000734a00000a350000dc1b000048
:1019a000aa08000022200000ab350000ed4700002f
:1019b000c35500004e5e000006610000295e000075
:1019c0005655000044470000d83400003e1f000078
:1019d000f8060000bf1e0000ca340000b547000032
:1019e00046560000895f0000dd6200006a6000006a
:1019f000bb57000079490000863600001220000025
:101a000031ea000039fc0000c80e0000332100005c
:101a1000db32000033430000c6510000a15e00002d
:101a2000ec6800009e700000a77500000c780000b4
:101a300080e80000d6fa0000e70d0000fa20000060
:101a40005e3300006e4400009e530000e36000001f
:101a5000516b0000d372000054770000e078000062
:101a6000eae90000aefa0000f50b0000391d0000a5
:101a7000052e0000f13d0000a64c0000445a000075
:101a8000f5650000a56f000022770000437c000090
:101a900038e800004cf90000140b0000001d0000a5
:101aa000872e00002b3f00007d4e0000855c00006b
:101ab0005a680000da710000d0780000167d00003e
:101ac0002af10000b2050000331a0000ba2d000010
:101ad000693f0000864e00008a5a00008a630000b9
:101ae000d8680000b86a000082690000c065000084
:101af00078ef00004f04000053190000822d000011
:101b0000eb3f0000c14f0000615c0000cb650000ae
:101b10003d6b0000ed6c0000306b0000946600002f
:101b2000e2f000002704000060170000c029000058
:101b3000933a000044490000695500002c5f000002
:101b4000e1650000bf690000fe6a0000f669000060
:101b500030ef0000c4020000801600008829000059
:101b6000153b00007f4a0000415700006d610000f6
:101b700046680000f46b0000ab6c0000ca6a00000d
:101b8000f90100001af00000cfde0000b6ce000020
:101b900054c0000015b4000042aa000069a3000070
:101ba000ef9e0000d39c0000ce9c0000879e0000aa
:101bb00048000000b7ee0000efdd00007dce000021
:101bc000d7c0000050b500001aac0000aaa5000064
:101bd00054a10000089f00007b9e00005b9f000056
:101be000b20100008fee0000fcdb0000bcca000068
:101bf0007ebb0000d3ae000022a500000b9f0000ba
:101c0000f99b0000d99b0000499e0000bda2000086
:101c1000000000002ced00001bdb000083ca000068
:101c200000bc00000db00000f9a600004ca10000af
:101c30005e9e00000f9e0000f79f000091a3000031
:101c4000f208000092f900003bea00003ddb0000d2
:101c5000e2cc000068bf000006b3000051a80000fd
:101c6000db9e0000ec960000a99000003a8c00007a
:101c70004007000030f800005ae9000004db0000d3
:101c800065cd0000a3c00000ddb4000092aa0000f2
:101c900040a1000021990000579200000e8d000025
:101ca000aa08000008f8000068e7000043d7000019
:101cb0000cc8000026ba0000e5ad0000f3a3000048
:101cc000e49b0000f3950000259200007190000055
:101cd000f8060000a5f6000087e600000ad700001d
:101ce0008ec8000061bb0000bdaf000034a600003c
:101cf000499e000028980000d29300004491000003
:101d000031ea00001fd4000084c0000089b0000048
:101d100024a500000b9f0000a69e00006ca40000fc
:101d20007aaf00004dbf0000f3d200003fe9000091
:101d300080e80000bcd20000a4bf000050b000004a
:101d4000a6a5000046a000007da00000ada60000f2
:101d5000dfb1000082c10000a1d4000013ea00003e
:101d6000eae9000094d20000b1bd00008fac000091
:101d70004da00000c8990000859900000ea0000049
:101d800083ac000054be00006fd4000075ed00006d
:101d900038e8000031d10000d1bc000056ac000092
:101da000d0a00000039b00005d9b00004fa200003c
:101db000e8ae000089c000001cd6000049ee00001b
:101dc0002af1000097dd0000f0cb000010bd0000fc
:101dd000b1b100005eaa000069a7000054a900008c
:101de00065af000066b90000cec60000f3d6000063
:101df00078ef000035dc00000fcb0000d7bc0000fe
:101e000034b2000099ab000040a9000095ab00007f
:101e1000cab100009cbb00007cc80000c6d700000f
:101e2000e2f000000ddc00001dc9000016b9000042
:101e3000dbac00001ba5000048a20000f6a40000d7
:101e40006fac00006db800004ac8000029db00003c
:101e500030ef0000aada00003cc80000deb8000045
:101e60005ead000056a6000020a4000037a70000c9
:101e7000d4ae0000a2ba0000f7c90000fddb0000ec
:101e80003f610000ec62000038630000da6100008e
:101e9000965e000040590000c651000094480000c2
:101ea000313d0000f72f00003721000059110000dc
:101eb0008d5f00008961000057620000a161000091
:101ec000185f00007b5a00009e530000d64a0000b5
:101ed000963f00002c320000e42200002d1200008a
:101ee000f76000006161000065600000e05d0000d7
:101ef000c0590000fe530000a64c0000364400000c
:101f00003a3a0000fe2e0000b22200008f150000b9
:101f1000455f0000ff5f0000845f0000a75d0000d8
:101f2000425a0000395500007d4e000078460000fe
:101f30009f3c000033310000602400006316000065
:101f400037680000656c0000a46e0000616e000040
:101f5000246b0000946400008a5a00007c4d00004d
:101f60001d3d0000112a0000121500000dff0000a9
:101f700085660000026b0000c36d0000296e000042
:101f8000a66b0000ce650000615c0000be4f000043
:101f9000823f0000462c0000bf160000e1ff000059
:101fa000ef670000da6a0000d06b0000686a00008a
:101fb0004d660000515f0000695500001e49000099
:101fc000263a0000172900008e1600004303000087
:101fd0003d66000077690000f06a00002f6a00008b
:101fe000d06600008c60000041570000604b00008c
:101ff0008b3c00004d2b00003b1800001704000034
:1020000077490000f1460000ed440000ad430000b8
:1020100065430000364400002a460000974900004e
:10202000bb4d0000715200005c570000115c0000c5
:10203000c54700008e4500000d44000075430000b8
:10204000e84300007145000001480000d94b000042
:1020500020500000a65400000a590000e55c000072
:102060002f490000674500001a420000b33f0000fe
:102070008f3e0000f43e0000094100003945000099
:10208000c54a000078510000d858000048600000a0
:102090007d47000004440000394100007b3f000000
:1020a000123f00002f400000e14200007b4700008b
:1020b0002a4d0000ad530000855a00001b6100004e
:1020c0006f5000006a500000595000003550000069
:1020d000f34f0000894f0000ed4e00007f4e0000de
:1020e000a74d00008b4c0000374b0000c549000095
:1020f000bd4e0000074f0000784f0000fc4f00006d
:1021000076500000c4500000c4500000c1500000d0
:102110000c500000c04e0000e54c0000994a000041
:1021200027500000df4e0000864d00003b4c0000b1
:102130001d4b0000474a0000cc490000214a000026
:10214000b04a0000924b0000b34c0000fb4d000071
:10215000754e00007c4d0000a54c0000024c0000b4
:10216000a04b0000824b0000a44b0000634c000019
:10217000154d0000c74d0000604e0000cf4e00001e
:102180003cb300004bb4000001b5000050b50000a6
:102190003ab50000c9b4000014b400009db30000bb
:1021a000ebb2000039b20000a0b1000031b1000074
:1021b0008bb10000e9b2000020b4000017b50000a8
:1021c000bcb5000004b60000ecb50000dfb50000af
:1021d00050b500006eb400004db3000005b2000021
:1021e000f5b20000c1b200002eb2000056b10000ee
:1021f00064b0000087af0000f3ae00003faf000006
:10220000f4af000040b100001bb3000067b5000050
:1022100043b100005eb100004db100001db10000ef
:10222000e6b00000c2b00000cbb0000081b10000f9
:1022300059b2000075b30000c9b400003bb60000fd
:1022400035ba0000c4bd00006cc00000d7c100005a
:10225000c8c100001cc00000d7bc000085b8000049
:10226000d6b2000053ac00007ba50000e59e000044
:1022700083b8000061bc00008bbf00009fc100005c
:102280004ac2000057c10000afbe0000c7ba00003c
:102290003bb5000088ae000028a70000b89f0000f2
:1022a000edb9000039bc000099bd0000ddbd0000a3
:1022b000f1bc0000daba0000b7b7000027b4000094
:1022c000e0af00005aab0000f6a600001ba3000020
:1022d0003bb80000d7ba0000b8bc0000a5bd0000a4
:1022e00074bd000015bc00008eb9000069b6000086
:1022f00045b200008fad0000a4a80000efa30000cd
:10230000749b000050980000b696000023970000d0
:10231000099a0000bf9f000077a80000a0b4000049
:1023200075c30000b3d40000c5e70000e9fb00005e
:10233000c3990000ee960000d5950000ea960000d3
:102340008c9a0000faa000004faa0000e2b600003c
:10235000dac50000e9d6000072e90000bdfc00000b
:102360002d9b0000c6960000e39300002993000017
:10237000339500007c9a000057a3000042b0000093
:102380007ec00000bad3000041e900001f00000039
:102390007b9900006395000002930000f192000019
:1023a000b6950000b79b00002ea5000084b2000087
:1023b000e3c20000efd50000eeea0000f3000000e9
:1023c0006da20000c9a1000021a20000aba3000083
:1023d00097a6000012ab00003ab1000088b90000d7
:1023e00061c30000cdce0000a0db00009de900002d
:1023f000bba0000066a0000041a1000072a3000085
:102400001aa700004dac000012b30000cabb0000c8
:10241000c6c5000002d100004edd000071ea0000d8
:1024200025a200003ea000004e9f0000b19f0000ca
:10243000c1a10000d0a500001aac00002ab5000020
:102440006ac00000d4cd00001cdd0000d3ed000008
:1024500073a00000dc9e00006d9e0000789f0000cd
:1024600044a200000aa70000f2ad00006cb7000013
:10247000cfc2000009d00000c9de0000a7ee0000b6
:10248000821200001e2700006a3900007448000014
:102490007b530000f5590000985b0000c95800000c
:1024a0002c5100005e4500000936000003240000a6
:1024b000d0100000bb250000893800003c48000017
:1024c000fe530000305b0000705d00000a5b0000fe
:1024d0009153000093470000b6370000d724000056
:1024e0003a12000093250000963600007b4400005d
:1024f000a54e0000b2540000775600006b54000057
:10250000364e000064440000843700003a28000082
:102510008810000030240000b6350000424400005e
:10252000284f0000ed5500004f580000ac56000049
:102530009b5000009a460000323900000d2900002f
:102540007a19000096300000d5440000fc540000c9
:1025500009600000486500005b640000b15d000098
:1025600018510000773f0000e4290000b711000077
:10257000c8170000342f0000f4430000c3540000cb
:102580008c6000008366000033660000f25f00008c
:102590007d530000ac410000912b00008b12000025
:1025a000321900000c2f000002420000025100000e
:1025b000335b0000056000003b5f000053590000e2
:1025c000214e00007e3e00005f2b0000ed15000054
:1025d00080170000a92d000021410000c950000013
:1025e000b65b00004061000012610000945b0000d7
:1025f00086500000b34000000d2d0000c116000001
:10260000bafa0000230b00001f1b0000482a00003c
:102610004b380000ea440000fb4f0000cc5900009a
:10262000b7610000d86700002e6c0000bc6e00008f
:1026300008f90000c00900003e1a00000f2a00003f
:10264000ce38000025460000d35100000d5c00008c
:102650001c6400000d6a0000db6d00008f6f00003d
:1026600072fa0000980900004c1800004e26000085
:1026700075330000a83f0000db4a00006e550000e3
:10268000c05e0000df660000a96d0000f27200006d
:10269000c0f80000350800006b1700001526000088
:1026a000f7330000e3400000b24c0000af570000d9
:1026b0002561000014690000576f0000c673000018
:1026c000b20100009c1400008a260000cf360000f2
:1026d000d94400003d500000bf580000b45e000027
:1026e000a2610000f1610000096000006f5c000061
:1026f0000000000039130000a925000096360000f4
:102700005b45000078510000965a0000f56000001b
:102710000764000027640000b7610000435d00000b
:102720006a01000011130000b7230000d532000039
:1027300003400000fb4a00009e530000565a000070
:10274000ac5e0000f860000085610000a56000003c
:10275000b8ff0000ae110000d62200009c3200003d
:1027600085400000364c000076550000975c000064
:10277000116100002d6300003263000079610000e8
:102780008212000004ff000026eb0000cad7000000
:10279000c4c50000ccb5000077a80000939e0000df
:1027a000ba9700000c940000559300003695000085
:1027b000d0100000a1fd000045ea000092d7000003
:1027c00047c6000007b700004faa0000d4a00000d1
:1027d0001f9a000041960000029500000a96000032
:1027e0003a12000079fd000053e80000d0d3000049
:1027f000eec000008ab0000057a30000359a000028
:10280000c394000013930000d09400006c99000062
:102810008810000016fc000072e7000098d300004a
:1028200070c10000c5b100002ea50000769c00001c
:1028300028970000489500007e960000409a00000e
:102840007a1900007c08000091f6000052e40000b4
:1028500052d200001fc100003ab100007ba300006b
:10286000a6970000268e000030870000ea82000054
:10287000c81700001a070000b1f5000019e40000b5
:10288000d4d200005ac2000012b30000bca5000060
:102890000b9a00005b900000de880000bd83000002
:1028a00032190000f2060000bef3000058e00000fc
:1028b0007ccd0000ddbb00001aac00001d9f0000b5
:1028c000af9400002d8d0000ac8800002087000030
:1028d000801700008f050000def200001fe00000fe
:1028e000fecd000018bd0000f2ad00005fa10000a9
:1028f00014970000628f0000598a0000f4870000de
:10290000bafa000009e30000dbcc00009eb9000029
:1029100094aa0000c2a00000db9c0000969f00006b
:1029200045a8000087b600007ac90000eedf00006d
:1029300008f90000a6e10000facb000065b900002c
:1029400016ab0000fda10000b29e0000d7a1000060
:10295000aaaa0000bcb8000028cb0000c2e000001a
:1029600072fa00007ee1000008ca0000a4b5000071
:10297000bda50000809b0000ba970000389b0000b6
:102980004ea500008db50000f6ca000024e400004a
:10299000c0f800001be0000027c900006bb5000074
:1029a00040a60000ba9c0000929900007a9d0000a9
:1029b000b3a70000c3b70000a3cc0000f8e40000f8
:1029c000b201000081ec000047d8000025c60000dd
:1029d00021b7000015ac00009ea500007ea40000f9
:1029e00030a80000a0b0000055bd0000a2cd00003e
:1029f000000000001feb000066d70000ecc50000df
:102a0000a4b7000050ad000075a70000bfa60000ed
:102a100095aa0000d5b2000003bf000076ce0000ea
:102a20006a010000f7ea000073d500002bc2000025
:102a30004bb20000d3a600007da0000020a0000043
:102a40003aa50000a7af0000d1be0000d8d1000019
:102a5000b8ff000094e9000093d40000f2c1000028
:102a6000ceb200000da8000055a2000062a2000036
:102a70009fa70000dcb100007ec00000acd20000c7
:102a8000c7710000d67100008f6f0000ef6a000070
:102a900006640000f85a0000fb4f0000be4300002f
:102aa000fc35000031270000be17000008080000b8
:102ab0001570000073700000ae6e0000b66a000072
:102ac00088640000335c0000d35100000046000021
:102ad00061380000662900006b190000dc08000066
:102ae0007f7100004b700000bc6c0000f5660000b8
:102af0002f5f0000b5550000db4a0000603f00007a
:102b00000533000038260000391900003f0c000092
:102b1000ce6f0000e96e0000db6b0000bc660000b9
:102b2000b25f0000f0560000b24c0000a24100006d
:102b30006a3500006d280000e71a0000120d000041
:102b4000bf7800004f7b0000fa7a00007677000023
:102b5000947000004b660000bf580000a6480000bb
:102b6000e83500004a210000990b0000bcf5000088
:102b70000d770000ec7900001a7a00003d77000024
:102b80001671000086670000965a0000e84a0000af
:102b90004d38000080230000460d000090f6000034
:102ba00078780000c4790000277800007c7300006a
:102bb000bd6b0000086100009e5300004844000007
:102bc000f132000051200000140d0000f2f9000065
:102bd000c67600006178000046770000437300006d
:102be000406c000043620000765500008a460000f9
:102bf0005635000086220000c20e0000c6fa000012
:102c0000ff590000db55000044510000c24c000099
:102c1000d5480000ed4500005f440000c1440000bd
:102c200086460000ab490000e34d0000c1520000a1
:102c30004d5800007854000063500000894c00009b
:102c400058490000284700003646000003470000ae
:102c5000eb480000e04b0000914f0000945300004f
:102c6000b759000050540000714e0000c8480000e1
:102c7000ff430000ab4000003e3f00006440000006
:102c80008f430000b24800005f4f0000f75600007d
:102c900005580000ee520000904d00008f480000e3
:102ca00082440000e641000016410000a5420000f9
:102cb000f4450000e74a00000c510000cb5700002b
:102cc000f7600000545f0000b05c0000495900004c
:102cd0006355000041510000224d0000a949000049
:102ce00072460000c5430000be4100007440000071
:102cf000455f0000f15d0000cf5b0000105900004f
:102d0000e65500007b520000f94e0000eb4b00003e
:102d1000d7480000fa4500006c430000484100001d
:102d2000af600000c95d0000dc5900004f55000095
:102d30008d500000fe4b0000014800004c45000093
:102d40007b430000cc4200003a430000ab4400004b
:102d5000fe5e0000665c0000fc5800001655000096
:102d600010510000394d0000d94900008d47000086
:102d7000e045000001450000e74400007e450000fa
:102d8000749b0000ffa10000dca800006aaf0000f7
:102d900025b50000b1b90000d7bc0000f0be0000ae
:102da00079bf0000c0be00000bbd0000aaba000041
:102db000c39900009ca00000fba7000031af0000f9
:102dc000a8b50000ecba0000afbe000032c10000a0
:102dd000dec10000f6c00000b9be00007dbb0000ef
:102de0002d9b000074a0000009a6000070ab00003d
:102df0004fb000006fb40000b7b7000092ba0000f7
:102e000082bc0000c7bd000087be0000e0be00001d
:102e10007b990000129f000028a5000037ab00003e
:102e2000d2b00000aab500008eb90000d4bc0000ea
:102e3000e7be0000fcbf000034c00000b4bf0000cb
:102e40006da2000078ab000047b40000f1bb0000a9
:102e5000b3c1000004c500009ac50000d8c300003b
:102e600064bf0000dab80000e6b000005da8000012
:102e7000bba0000015aa000067b30000b8bb0000ab
:102e800036c200003fc6000072c700001ac600002c
:102e9000c9c100000fbb000094b2000031a90000be
:102ea00025a20000eda9000074b10000f7b70000f2
:102eb000ddbc0000c2bf00007ac000007abf000085
:102ec0006ebc0000e1b7000062b2000094ac0000ec
:102ed00073a000008aa8000093b00000beb70000f5
:102ee00060bd0000fdc0000051c20000bcc1000078
:102ef000d3be000016ba00000fb4000067ad00009a
:102f0000ac83000004860000918a00003d9100001f
:102f1000f5990000a7a400003ab10000f3bf00003b
:102f200003d000003be1000030f300006205000028
:102f3000fa810000a1840000b08900000491000023
:102f4000789a0000e2a5000012b3000035c200002c
:102f500068d2000070e30000def4000036060000d6
:102f60006583000079840000be870000438d000067
:102f70001f950000649f00001aac000096bb000083
:102f80000ccd000042e00000acf400009809000005
:102f9000b381000017830000dd8600000a8d000069
:102fa000a19500009fa00000f2ad0000d7bd000079
:102fb00071cf000077e2000059f600006c0a0000b3
:102fc000a48a00007d8f0000fd950000c49d0000d4
:102fd00083a60000faaf0000feb90000dbc40000c9
:102fe000efcf000054db00000ce7000015f30000f9
:102ff000f38800001a8e00001c9500008b9d0000d5
:1030000006a7000035b10000d5bb00001dc70000b9
:1030100054d2000089dd0000b9e80000e9f30000a7
:103020005d8a0000f28d000029930000ca9900001b
:10303000ada10000b8aa0000ddb400007ec0000011
:10304000f8cc00005bda000087e800004cf70000d5
:10305000ab8800008f8c000049920000929900001c
:103060002fa20000f2ab0000b5b60000bfc2000006
:103070005dcf000090dc000035ea000020f8000081
:10308000bafa0000d1140000452d00008e42000065
:1030900067530000dd5e00005b6400001c640000fc
:1030a000ba5d0000e5510000744100007c2d000075
:1030b00008f900006f130000642c00005542000066
:1030c000ea53000018600000336600005d660000ef
:1030d0001f6000001a54000021430000502e000021
:1030e00072fa000047130000722a0000943e0000ac
:1030f000914e00009a5900003b5f0000be5f000047
:10310000c35a0000ec500000f0420000b231000051
:10311000c0f80000e4110000912900005b3e0000af
:10312000144f0000d55a000012610000ff6100003a
:10313000285d0000215300009d44000086320000fd
:10314000b20100004a1e0000b0380000154f000018
:10315000f55f0000306a00001e6d00000469000089
:10316000a65d0000fe4b00004f350000301b000044
:1031700000000000e71c0000cf370000dd4e00001b
:10318000786000006b6b0000f66e0000456b00007d
:103190000b600000344e0000fd360000031c0000f0
:1031a0006a010000bf1c0000dd3500001c4b000060
:1031b0001f5b0000ed640000fe670000a6640000d5
:1031c000af5a0000054b0000cb360000661f000020
:1031d000b8ff00005d1b0000fc340000e34a000063
:1031e000a15b000028660000d5690000e7660000ca
:1031f000145d00003b4d0000783800003a200000cc
:10320000f2e20000d7f80000fa0e0000612400008e
:1032100037380000d2490000bf5800001f65000089
:10322000456e00005f74000099770000347800005c
:1032300040e1000074f70000190e0000292400008e
:10324000b93800000d4b0000965a0000606700007e
:10325000aa70000094760000477900000879000009
:10326000aae200004cf70000270c000067200000d5
:1032700061330000904400009e530000c1600000d4
:103280004e6b000066730000157900006b7c000037
:10329000f8e00000e9f50000460b00002f200000d8
:1032a000e3330000cb4500007655000002630000c8
:1032b000b36d00009b750000c27a00003e7d0000e7
:1032c000eae900004f020000651a0000e930000042
:1032d000c54400002555000082610000076a000017
:1032e000306e0000796e0000756b0000e86500002c
:1032f00038e80000ec00000085190000b030000044
:10330000474500006056000059630000486c00000b
:1033100095700000ae700000226d0000bc660000d9
:10332000a2e90000c500000092170000ef2c000089
:10333000ee3f0000e34f0000615c0000a965000063
:103340003a6b0000806d0000f06c00001e6a000007
:10335000f0e7000062ff0000b1160000b62c00008c
:10336000714000001e510000395e0000eb67000054
:103370009f6d0000b56f00009e6e0000f26a0000b5
:10338000bafa0000b7ec000001df0000e4d1000051
:10339000b0c50000b4ba00003ab10000e6a90000d0
:1033a00048a4000094a00000c09e0000af9e000052
:1033b00008f9000055eb000021de0000abd1000051
:1033c00032c60000efbb000012b3000027ac0000c3
:1033d000ada60000c9a200006ea00000829f000000
:1033e00072fa00002deb00002edc0000eacd000098
:1033f000dac0000072b500001aac000088a5000019
:1034000051a100009b9f00003ca00000e5a200002d
:10341000c0f80000cae900004ddb0000b1cd00009b
:103420005cc10000adb60000f2ad0000caa700000c
:10343000b6a30000d0a10000e9a10000b9a30000dc
:10344000b201000030f600006dea00006bde000003
:103450003ed2000007c60000feb90000ceae00005c
:1034600034a40000ad9a00009b920000628c000022
:1034700000000000cdf400008ce9000032de000006
:10348000c0d2000042c70000d5bb00000fb1000051
:1034900099a60000e29c000049940000368d0000cf
:1034a0006a010000a5f400009ae7000071da00004c
:1034b00068cd0000c5c00000ddb4000070aa0000a7
:1034c0003da10000b49900001794000099900000fd
:1034d000b8ff000043f30000b9e6000039da00004d
:1034e000eacd000000c20000b5b60000b2ac00009a
:1034f000a2a30000e99b0000c49500006c910000ad
:10350000f2e20000bcd00000b6c00000b7b300007b
:103510007faa0000aaa500009ea50000e9aa00005d
:10352000d2b400000ec30000e6d4000067e900003a
:1035300040e100005acf0000d6bf00007eb300007b
:1035400002ab0000e5a6000075a700002bad00004f
:1035500037b7000043c5000093d600003bea0000e7
:10356000aae2000032cf0000e3bd0000bdaf0000c2
:10357000a9a5000068a000007da000008ba60000a7
:10358000dcb1000015c2000061d600009ded000016
:10359000f8e00000cfcd000002bd000084af0000c5
:1035a0002ca60000a2a1000055a20000cda800009a
:1035b00041b400004ac400000fd8000071ee0000c2
:1035c000eae9000035da000022cc00003ec000002d
:1035d0000db70000fdb0000061ae0000d1af0000eb
:1035e000beb4000027bd0000c1c800001bd700000a
:1035f00038e80000d2d8000041cb000006c000002f
:1036000090b7000038b2000039b0000013b20000db
:1036100023b700005dbf00006eca0000eed70000b7
:10362000a2e90000aad800004fc9000045bc000074
:1036300037b20000bbab000040a9000073ab000034
:10364000c7b100002ebc00003cca000051db0000e6
:10365000f0e7000048d700006ec800000cbc000076
:10366000bab20000f6ac000018ab0000b5ad000027
:103670002cb4000064be0000eacb000025dc000092
:10368000ff5900008a5f00006a63000008650000bf
:10369000f1630000e05f0000bf580000114f000020
:1036a0008a420000b8330000292300008111000085
:1036b0004d580000275e000089620000d0640000c1
:1036c000746400001b610000965a00005351000012
:1036d000ef440000ed350000d72400005512000033
:1036e000b7590000ff5d0000976000000e61000008
:1036f0001b5f00009d5a00009e530000b44a00006a
:10370000933f0000bf320000a5240000b715000061
:10371000055800009c5c0000b65f0000d660000009
:103720009e5f0000d85b000076550000f54c00005d
:10373000f8410000f4340000522600008b1600000f
:10374000f760000002690000d66e00009071000072
:103750007f700000336b000082610000f9530000ad
:1037600076420000d22d00000417000035ff000053
:10377000455f0000a0670000f56d00005771000074
:10378000027100006e6c0000596300003b5600009f
:10379000db44000007300000b21800000900000000
:1037a000af60000078670000026c0000966d0000ba
:1037b000a96b0000f0650000615c00009c4f0000f8
:1037c0007f3f0000d92c0000801800006b03000030
:1037d000fe5e000015660000226b00005d6d0000bb
:1037e0002c6c00002b670000395e0000dd510000ea
:1037f000e44100000e2f00002d1a00003f040000dd
:10380000374200008f4300001f450000dc460000e7
:10381000c1480000d54a0000224d000014500000ad
:1038200014530000325600004e590000395c00006d
:10383000854000002c4200003f440000a3460000e9
:1038400044490000104c0000f94e000056520000a0
:103850007955000067580000fc5a00000d5d00001b
:10386000ef410000044200004c420000e242000030
:10387000eb4300009345000001480000b74b0000f7
:103880001d50000039550000ca5a00007060000049
:103890003d400000a14000006b410000a942000033
:1038a0006d440000ce460000d9490000f84d0000ec
:1038b000825200006e570000775c000043610000f8
:1038c0002f490000074d00008b500000635300009b
:1038d0004f55000029560000e5550000fd5400003a
:1038e000005300004c5000002a4d0000ed4900003c
:1038f0007d470000a54b0000aa4f00002a5300009e
:10390000d255000063570000bd5700003e5700002d
:103910006555000081520000d74e0000c14a0000ea
:10392000e74800007d4b0000b84d0000694f0000e3
:1039300079500000e6500000c45000009f50000085
:1039400009500000534f0000a54e0000234e000018
:10395000364700001a4a0000d74c0000304f0000e4
:10396000fb500000215200009c520000e052000079
:103970006e5200008851000053500000f74e0000c6
:1039800035ba000082b800007cb6000057b40000d1
:1039900043b200006bb00000f3ae00005bae00006d
:1039a00014ae00003fae0000cdae0000a6af000098
:1039b00083b800001fb700009bb500001eb40000d4
:1039c000c6b20000a6b10000cbb000009cb0000061
:1039d00079b0000074b000007ab000007ab0000046
:1039e000edb90000f7b60000a9b300005db000001b
:1039f0006dad000029ab0000d3a90000fda90000b7
:103a00001eab000046ad000048b00000dcb3000073
:103a10003bb8000094b50000c8b2000024b000001c
:103a2000efad000064ac0000aaab00003eac0000ab
:103a300083ad00007baf0000f6b10000b0b4000021
:103a40002dc10000fac10000e8c10000dec0000086
:103a5000d1be0000bebb0000b7b7000043b30000fa
:103a600000ae000059a80000a8a200005a9d000066
:103a70007bbf000098c0000007c10000a5c0000087
:103a800053bf0000f9bc00008eb9000084b50000ef
:103a900065b000008eaa000055a400002e9e000014
:103aa000e5c0000070c0000015bf0000e4bc0000cd
:103ab000fbb900007cb6000096b20000e5ae000045
:103ac0000aab000060a7000023a4000090a1000042
:103ad00033bf00000dbf000034be0000acbc0000ce
:103ae0007dba0000b7b700006eb4000026b1000038
:103af0006fad000095a90000d1a5000064a20000f0
:103b00006da20000879c0000319800002a960000fa
:103b100012970000619b000057a300005eaf0000f9
:103b20009fbe0000bad00000f2e400005efa000080
:103b3000bba00000249b000051970000f1950000fd
:103b4000959700009c9c00002ea500009fb10000ee
:103b500004c10000efd200009fe6000032fb00002d
:103b600025a20000fc9a00005e9500003092000043
:103b70003c9200001f960000369e000000ab000043
:103b8000a8bb0000c0cf00006de6000095fe00005d
:103b900073a00000999900007d940000f891000046
:103ba000bf920000599700000ea0000041ad000038
:103bb0000dbe0000f6d100001be8000069ff000008
:103bc00065a90000ffa500009da30000b1a20000b0
:103bd000a0a30000b4a600001aac000046b4000088
:103be0008bbe0000d3ca0000cdd8000012e8000050
:103bf000b3a700009da40000bca2000079a20000b1
:103c000023a40000efa70000f2ad000087b600007b
:103c1000f0c0000008cd00007bda0000e6e80000fc
:103c20001da9000075a40000caa00000b89e0000f5
:103c3000ca9e000072a10000f9a60000e8af0000d3
:103c400094bb0000dac9000049da000048ec00002b
:103c50006ba7000012a30000e99f00007f9e0000f8
:103c60004d9f0000ada20000d1a8000029b20000c5
:103c7000f9bd00000fcc0000f6db00001ced0000d9
:103c80007a190000542b0000e53a00007b47000041
:103c900085500000975500007756000086530000bd
:103ca000564c0000644100003533000079220000ca
:103cb000c8170000f1290000043a00004347000043
:103cc00007510000d25600004f580000c8550000b0
:103cd000bb4e000099430000e33400004c23000079
:103ce00032190000c9290000123800008243000088
:103cf000ae4b00005450000057510000284f000008
:103d00005f4900006b400000b1340000af260000a6
:103d10008017000067280000313700004943000089
:103d2000314c00008f5100002e5300006a510000fa
:103d3000c44b0000a04200005e3600008327000054
:103d400072200000cd3400005146000003540000f2
:103d5000125d0000ea6000003b5f00006e5800004a
:103d6000424c00007d3b0000112700002c10000099
:103d7000c01e00006a33000070450000ca530000f6
:103d8000955d00002562000012610000b05a00003d
:103d9000a74e0000b23d0000be2800000011000048
:103da0002b200000423300007d430000095000003a
:103db0003c580000a75b00001a5a00001054000095
:103dc0004b490000843a00008c2800006314000076
:103dd000791e0000df3100009d420000d04f00003e
:103de000bf580000e25c0000f25b00005256000089
:103df000b04b0000b93c00003a2a00003615000024
:103e0000b2010000590f00009a1c00004f29000069
:103e1000543500008c400000db4a0000895400004b
:103e2000e05c0000de6300005b690000316d0000b3
:103e300000000000f60d0000ba1b0000162900006b
:103e4000d7350000c7410000b24c0000cb5600003f
:103e5000455f000013660000086b0000056e00005f
:103e60006a010000ce0d0000c719000055250000b2
:103e70007e3000004a3b0000ba4500002b50000095
:103e8000ea590000e5620000d66a00006771000090
:103e9000b8ff00006c0c0000e61800001c250000b4
:103ea00001310000853c0000924700006d52000087
:103eb0004f5c00001a650000846c00003b7200003b
:103ec000aa080000d218000006280000d63500001d
:103ed000e2410000e04b00009e53000071590000d9
:103ee000cc5c0000f85d0000365d0000e55a000083
:103ef000f80600006f170000252700009d35000020
:103f0000654200001a4d000076550000b35b0000ca
:103f1000315f00002d600000e35e0000b85b000030
:103f2000620800004717000033250000dc31000064
:103f30000c3d00009d4600007d4e00001355000022
:103f4000d5590000fe5c0000b25e00001b5f00005f
:103f5000b1060000e415000052240000a331000067
:103f60008e3d0000d8470000555000005557000016
:103f70003b5c0000345f00005f600000ef5f00000a
:103f80007a1900003a030000a2ec0000d1d600002c
:103f9000cdc200006eb1000057a300005099000090
:103fa000e49200001290000082900000ab930000a9
:103fb000c8170000d7010000c1eb000098d6000030
:103fc00050c30000a9b200002ea50000929b000083
:103fd00049950000489200002f9200007f94000055
:103fe00032190000af010000cee90000d7d2000076
:103ff000f7bd00002cac0000369e0000f3940000da
:10400000ed8f0000198f0000fd910000e297000085
:10401000801700004c000000eee800009fd2000076
:104020007abe000067ad00000ea0000034970000cb
:10403000529200004f910000ab930000b598000031
:1040400072200000b30c00000df8000059e30000de
:104050005bcf0000c2bc00001aac0000389e00001c
:10406000d09200002c8a00005d8400005f81000077
:10407000c01e0000500b00002cf7000020e30000e1
:10408000decf0000fcbd0000f2ad00007aa0000011
:1040900035950000618c00000a8600003382000024
:1040a0002b200000280b00003af500005fdf000025
:1040b00085ca00007fb70000f9a60000db99000068
:1040c000d98f000033890000d88500009585000055
:1040d000791e0000c509000059f4000026df000029
:1040e00008cb0000bab80000d1a800001c9c00005a
:1040f0003e920000688b0000868700006986000001
:10410000b20100003fe7000057ce0000a4b8000055
:104110009da70000649c0000ba970000539a00001d
:104120006ea300008db20000a7c6000064de000090
:1041300000000000dce5000076cd00006cb8000057
:104140001fa800009f9d000092990000959c000010
:10415000d3a50000c2b4000054c8000037df00003f
:104160006a010000b4e5000084cb0000abb400009d
:10417000c7a200002297000099920000f695000067
:1041800078a0000094b1000023c800009ae200006b
:10419000b8ff000052e40000a3ca000072b400009f
:1041a00049a300005d98000071940000379800005a
:1041b000dda20000c9b30000d0c900006ee300001a
:1041c000aa080000b8f00000c2d900002cc5000009
:1041d0002bb40000b7a700007da000003b9f0000ab
:1041e0005aa30000a6ac000082ba000017cc000061
:1041f000f806000055ef0000e1d80000f3c400000d
:10420000adb40000f2a8000055a200007da100009e
:10421000bfa50000dbae000030bc0000ebcc00000e
:10422000620800002def0000efd6000032c1000050
:1042300054af000075a200005d9b0000de9a0000f4
:1042400063a00000adab0000febb00004dd000003d
:10425000b1060000caed00000ed60000f9c0000053
:10426000d7af0000b0a30000349d00001f9d0000e8
:10427000c8a20000e2ad0000abbd000021d10000eb
:10428000bf7800000c7600000b710000f66900009a
:104290000f6100009a560000db4a00007c3e0000df
:1042a0002631000037230000eb1400007e060000da
:1042b0000d770000aa7400002a700000bd6900009c
:1042c00092610000d5570000b24c0000bd400000d4
:1042d0008b3300006c250000981600005207000088
:1042e0007878000082740000376e0000fc650000e2
:1042f000395c000057510000ba4500001e3a00002a
:104300002f2e00003e22000066160000b40a0000b6
:10431000c67600001f730000576d0000c3650000e3
:10432000bb5c000092520000924700005f3c00001e
:10433000943000007324000014180000880b000063
:10434000b77f0000857f0000767c00007d7600004e
:104350009d6d0000ed6100009e530000644300006d
:1043600012310000511d0000c608000031f40000a9
:10437000067e0000227e0000957b0000447600004f
:104380001f6e00002863000076550000a545000060
:1043900077330000861f0000730a000005f5000057
:1043a000707f0000fa7d0000a37900008372000096
:1043b000c7680000ab5c00007d4e0000063f0000b7
:1043c0001b2e0000571c0000410a000068f8000086
:1043d000be7d0000987c0000c27800004a72000098
:1043e00049690000e55d00005550000048410000ab
:1043f000803000008d1e0000ef0b00003bf9000034
:10440000f7600000115a0000c0520000c94b0000c4
:10441000de450000904100003e3f00007f3f00006d
:10442000b0410000b1450000104b000036510000c3
:10443000455f0000af580000df510000904b0000c6
:1044400061460000ca42000016410000c041000061
:1044500015440000e6470000bd4c00000a52000071
:10446000af60000087580000ec4f0000cf4700000d
:10447000084100004d3c00001e3a0000213b0000b6
:10448000b93e0000b84400008b4c00006c550000a1
:10449000fe5e0000245700000c4f0000964700000d
:1044a0008b410000883d0000f53b0000633d0000ab
:1044b0001e410000ed460000394e0000405600004d
:1044c000ef6700008a6300002b5e00005058000078
:1044d0006c520000e34c00000148000067440000fb
:1044e0009c410000cb3f0000eb3e0000ea3e000094
:1044f0003d660000276200004a5d0000175800007a
:10450000ef5200001e4e0000d9490000a8460000ee
:10451000014400000042000099400000bd3f00003f
:10452000a8670000ff610000585b000056540000bf
:10453000964d0000a0470000e14200000940000045
:10454000a53e0000d23e000067400000204300006e
:10455000f66500009d600000775a00001d540000c1
:10456000194e0000db480000b84400004b42000038
:104570000a4100000741000014420000f44300001b
:104580006da2000035a6000058aa000071ae000020
:104590002fb2000053b50000b7b70000aeb900005d
:1045a000a2ba0000c7ba000038ba00001fb9000064
:1045b000bba00000d3a4000077a9000038ae000023
:1045c000b1b200008eb600008eb90000efbb000053
:1045d00007bd0000fcbc0000e5bb0000f3b9000013
:1045e00025a20000aba4000084a7000077aa000069
:1045f00059ad000011b0000096b2000050b50000a7
:10460000acb70000cdb90000b3bb000055bd000041
:1046100073a0000048a30000a4a600003eaa00006a
:10462000dbad00004cb100006eb4000091b700009b
:1046300011ba000003bc000061bd000029be0000eb
:1046400065a90000aeaf0000c3b50000f8ba0000d5
:10465000bdbe0000a7c000007ac0000096be0000ea
:104660008eba0000e0b4000013ae0000d3a6000034
:10467000b3a700004bae0000e2b40000bfba0000d8
:104680003fbf0000e1c1000051c20000d7c00000e0
:10469000f3bc000015b70000c1af0000a6a70000e2
:1046a0001da9000023ae0000f0b20000feb600001d
:1046b000e6b9000064bb000059bb000038ba000036
:1046c00097b70000e7b300008faf000009ab000010
:1046d0006ba70000c1ac00000fb20000c5b600001f
:1046e00069ba00009fbc000031bd000079bc000029
:1046f000fcb900001cb600003cb10000ddab0000be
:10470000a48a00003a8a00000d8c0000449000004a
:10471000fe96000049a000001aac0000b1ba0000eb
:104720002dcb000041dd00005df00000d70300004c
:10473000f3880000d88800002c8b00000b9000004c
:104740008197000084a10000f2ad0000f2bc0000df
:1047500092cd000076df00000bf20000ab040000f9
:104760005d8a0000b0880000398900004a8c000092
:1047700028920000079b0000f9a6000053b6000035
:1047800036c8000048dc0000d9f100000d08000028
:10479000ab8800004d87000059880000118c000094
:1047a000ab920000419c0000d1a8000095b8000029
:1047b0009bca00007dde000086f30000e1080000d7
:1047c0009d910000b393000078970000cb9c0000ff
:1047d0008ca300009cab0000ddb4000099bf00007a
:1047e00018cb00005ad7000038e400008bf100001d
:1047f000eb8f00005092000097960000929c000002
:104800000fa40000d7ac0000b5b60000dac100006c
:104810007ecd000090d90000e6e500005ff20000c8
:104820005591000028920000a5940000d198000046
:10483000b69e00005aa60000bdaf00003bbb0000c2
:1048400022c8000061d60000b4e50000c1f50000f8
:10485000a38f0000c6900000c49300009898000049
:10486000399f000095a7000094b100007dbd0000b5
:1048700087ca000096d8000061e7000095f60000a6
:10488000b201000008190000c02e00009541000090
:10489000705000007f5a00003b5f0000d95e0000ae
:1048a000e4580000eb4d0000a13e0000f12b000099
:1048b00000000000a5170000e02d00005c41000092
:1048c000f3500000ba5b0000126100001b610000a1
:1048d000495b0000205000004e400000c52c000045
:1048e0006a0100007d170000ed2b00009b3d0000d9
:1048f0009a4b00003c5500001a5a00007b5a0000f9
:10490000ed550000f24c00001c4000002830000073
:10491000b8ff00001a1600000c2b0000623d0000da
:104920001d4c000077560000f25b0000bd5c0000eb
:1049300052580000274f0000ca410000fb30000021
:10494000aa080000802200002c3a00001c4e000043
:10495000fe5c0000d2650000fe670000c16300003d
:10496000d0580000054800007c320000a519000066
:10497000f80600001e2100004b390000e44d000045
:10498000815d00000d670000d5690000036600002e
:10499000355b00003a4a00002a340000791a000012
:1049a00062080000f620000059370000224a00008b
:1049b000285800008f600000dd620000635f000087
:1049c000d95500000c470000f8330000db1d000043
:1049d000b1060000931f000078360000ea4900008d
:1049e000ab580000ca610000b5640000a56100007a
:1049f0003e58000041490000a5350000af1e0000f0
:104a0000eae900000dfd00007610000068230000b8
:104a100040350000754500009e530000dc5f00003b
:104a20006e69000065700000c6740000aa76000080
:104a300038e80000aafb0000950f00002f230000bb
:104a4000c3350000af460000765500001e6200002e
:104a5000d36b00009a720000747600007d7700002e
:104a6000a2e9000082fb0000a20d00006e1f000002
:104a70006a300000324000007d4e00007f5b000085
:104a8000786600006c6f000042760000e07a00005b
:104a9000f0e700001ffa0000c20c0000361f000003
:104aa000ec3000006d41000055500000c05d00007a
:104ab000dd680000a1710000ef770000b47b00000a
:104ac000e2f0000085060000e11b0000ef2f00006f
:104ad000ce410000c8500000615c0000c4640000ca
:104ae0005a6900007f6a0000a16800005d64000050
:104af00030ef000023050000001b0000b72f00006e
:104b00005042000003520000395e000006670000ba
:104b1000bf6b0000b46c00004f6a000031650000fc
:104b20009af00000fb0400000e190000f62b0000b4
:104b3000f83c0000854b0000415700006760000012
:104b400063660000866900001d6a0000946800002a
:104b5000e8ee0000980300002d180000bd2b0000b7
:104b60007a3d0000c04c000018590000a862000007
:104b7000c8680000bb6b0000ca6b000067690000da
:104b8000b2010000eef000007de00000ebd000007c
:104b9000b9c2000057b600001aac0000a3a4000080
:104ba000729f00009a9c0000ed9b0000249d000075
:104bb000000000008bef00009cdf0000b2d000007e
:104bc0003cc3000091b70000f2ad0000e5a6000074
:104bd000d7a10000cf9e00009b9d0000f89d000023
:104be0006a01000063ef0000aadd0000f1cc0000c4
:104bf000e3bd000014b10000f9a6000046a00000cb
:104c00007b9c0000a19b0000699d00005aa1000050
:104c1000b8ff000000ee0000c9dc0000b8cc0000c6
:104c200065be00004fb20000d1a8000087a20000be
:104c3000e09e0000d69d0000169f00002ea20000fe
:104c4000aa08000066fa0000e8eb000072dd000030
:104c500047cf0000aac10000ddb400008ba900000e
:104c60005e9f0000b3960000c88f0000d88a000045
:104c7000f806000003f9000007eb000039dd000032
:104c8000cacf0000e4c20000b5b60000cdab000002
:104c9000c3a10000e998000076910000ab8b0000f2
:104ca00062080000dcf8000015e9000078d9000077
:104cb00071ca000067bc0000bdaf00002ea5000057
:104cc000679c0000ba950000449100000e8f000020
:104cd000b106000079f7000034e800003fd9000079
:104ce000f3ca0000a2bd000094b100006fa700004d
:104cf000cc9e0000ef970000f1920000e28f0000d0
:104d0000eae90000f3d4000032c20000beb20000a5
:104d100089a700004ca100007da00000a7a500000d
:104d2000fcaf000014bf000012d20000dce700005e
:104d300038e8000090d3000051c1000085b20000a7
:104d40000ba8000087a2000055a20000e8a7000001
:104d500061b2000049c10000c0d30000b0e800000b
:104d6000a2e9000068d300005fbf0000c4ae0000ed
:104d7000b2a200000a9c00005d9b000049a1000057
:104d800005ad00001bbe00008ed3000012ec000039
:104d9000f0e7000005d200007ebe00008bae0000f0
:104da00035a30000459d0000349d00008aa300004b
:104db0006aaf000050c000003bd50000e6ec0000e8
:104dc000e2f000006bde00009dcd000045bf00005a
:104dd00016b400009fac000040a900008faa00009c
:104de000e8af00002eb90000eec5000090d500002d
:104df00030ef000009dd0000bdcc00000dbf000059
:104e000099b40000daad000018ab0000d0ac00008f
:104e10004db2000063bb00009bc7000064d60000d9
:104e20009af00000e1dc0000caca00004bbb0000a1
:104e300040af00005da7000020a4000031a60000e4
:104e4000f1ac000035b8000069c70000c6d9000009
:104e5000e8ee00007edb0000e9c9000013bb0000a3
:104e6000c3af000098a80000f8a5000072a80000d9
:104e700056af00006aba000017c900009ada0000b5
:104e8000f7600000c0630000e66400000f640000eb
:104e9000fb600000825b00009e530000cf490000d1
:104ea000b43d0000be2f000056200000f60f0000a9
:104eb000455f00005d62000005640000d6630000ed
:104ec0007d610000bd5c000076550000104c0000c4
:104ed00019400000f331000003220000ca10000056
:104ee000af60000035620000136200001560000032
:104ef000255c0000405600007d4e0000714500001a
:104f0000bd3a0000c52e0000d12100002d14000084
:104f1000fe5e0000d360000032610000dd5f000033
:104f2000a75c00007a57000055500000b34700000e
:104f3000223d0000fa3000007f2300000015000031
:104f4000ef670000396d000051700000977000009d
:104f5000896d0000d5660000615c0000b74e00005e
:104f60009f3d0000d829000031140000aafd000078
:104f70003d660000d66b0000706f00005e700000a0
:104f80000b6e000010680000395e0000f850000051
:104f9000044000000d2c0000df1500007efe000024
:104fa000a8670000ae6b00007e6d00009d6c0000e5
:104fb000b26800009361000041570000594a0000a8
:104fc000a93a0000df280000ad150000e001000054
:104fd000f66500004b6a00009d6c0000646c0000e8
:104fe00035690000cd620000185900009b4c00009c
:104ff0000e3d0000142b00005a170000b402000000
:105000002f490000c54700009b460000e245000014
:10501000ca4500007846000001480000d24a00005e
:105020003e4e0000385200007b560000af5a000090
:105030007d47000062460000ba450000aa45000016
:105040004d460000b3470000d9490000144d000050
:10505000a35000006d54000029580000825b00003e
:10506000e74800003a460000c8430000e94100005c
:10507000f440000035410000e142000074460000a9
:10508000474b00003f510000f7570000e55e00006d
:1050900036470000d8440000e7420000b04100005d
:1050a0007741000070420000b8440000b64800009c
:1050b000ac4d000074530000a4590000b95f00001b
:1050c000275000003e510000065200006a520000c6
:1050d00058520000cb510000c4500000ba4f0000ed
:1050e0002a4e0000524c0000574a0000624800005f
:1050f000754e0000db4f00002551000031520000ca
:10510000db520000065300009c520000fc510000de
:105110008f500000874e0000044c0000364900000c
:10512000e04f0000b34f0000334f0000704e00000e
:10513000824d0000884c0000a44b00005c4b000036
:10514000334b0000594b0000d24b0000994c00003b
:105150002e4e0000504e0000524e0000374e000010
:10516000054e0000c34d00007c4d00009e4d000028
:10517000984d00008e4d0000804d00006c4d0000e9
:020000040000fa
:020000040001f9
:10518000000000000000000000000000000000001f
:10519000000000000000000000000000000000000f
:1051a0000000000000000000a0050000a0050000b5
:1051b000a0050000a0050000a0050000a00500005b
:1051c000a0050000a0050000a0050000a00500004b
:1051d000a0050000a0050000a0050000a00500003b
:1051e000a0050000a0050000a0050000a00500002b
:1051f000a0050000a0050000a0050000a00500001b
:10520000a0050000a0050000a0050000a00500000a
:10521000a0050000a0050000a0050000a0050000fa
:10522000a0050000a0050000a0050000a0050000ea
:10523000a0050000a0050000a0050000a0050000da
:10524000a0050000000000000000000000000000b9
:10525000000000000000000000000000000000004e
:10526000000000000000000000000000000000003e
:10527000000000000000000000000000000000002e
:10528000000000000000000000000000000000001e
:10529000000000000000000000000000000000000e
:1052a0000000000000000000e9040000fa04000013
:1052b00008050000130500001d050000260500007c
:1052c0002e050000340500003a05000040050000ee
:1052d00044050000490500004d0500005005000090
:1052e00054050000570500005a0500005c05000049
:1052f0005f05000061050000630500006505000012
:1053000067050000680500006a0500006c050000e4
:105310006d0500006e0500007005000071050000bd
:10532000720500007305000074050000750500009b
:10533000760500007705000078050000790500007b
:105340007a050000000000000000000000000000de
:10535000000000000000000000000000000000004d
:10536000000000000000000000000000000000003d
:10537000000000000000000000000000000000002d
:10538000000000000000000000000000000000001d
:10539000000000000000000000000000000000000d
:1053a0000000000000000000360400005604000069
:1053b00071040000880400009c040000ad0400009b
:1053c000bc040000c9040000d5040000e004000093
:1053d000e9040000f2040000fa04000001050000e6
:1053e000080500000e050000130500001805000068
:1053f0001d05000022050000260500002a0500000a
:105400002e050000310500003405000037050000be
:105410003a0500003d05000040050000420500007f
:105420004405000047050000490500004b05000049
:105430004d0500004f05000050050000520500001a
:105440005405000000000000000000000000000003
:10545000000000000000000000000000000000004c
:10546000000000000000000000000000000000003c
:10547000000000000000000000000000000000002c
:10548000000000000000000000000000000000001c
:10549000000000000000000000000000000000000c
:1054a00000000000000000008a030000b8030000b4
:1054b000df030000000400001d04000036040000ab
:1054c0004c0400006004000071040000810400002e
:1054d0008f0400009c040000a8040000b204000037
:1054e000bc040000c5040000cd040000d504000089
:1054f000dc040000e3040000e9040000ef04000005
:10550000f5040000fa040000ff0400000305000099
:10551000080500000c050000100500001305000040
:10552000170500001a0500001d05000020050000f9
:105530002305000026050000290500002b050000ba
:105540002e05000000000000000000000000000028
:10555000000000000000000000000000000000004b
:10556000000000000000000000000000000000003b
:10557000000000000000000000000000000000002b
:10558000000000000000000000000000000000001b
:10559000000000000000000000000000000000000b
:1055a00000000000a1020000e6020000210300004c
:1055b000520300007d030000a2030000c2030000ac
:1055c000df030000f80300000f04000024040000c3
:1055d0003604000047040000560400006404000084
:1055e000710400007d0400008804000092040000a3
:1055f0009c040000a5040000ad040000b5040000f8
:10560000bc040000c3040000c9040000cf04000073
:10561000d5040000db040000e0040000e504000005
:10562000e9040000ee040000f2040000f6040000ab
:10563000fa040000fd04000001050000040500005c
:10564000080500000000000000000000000000004d
:10565000000000000000000000000000000000004a
:10566000000000000000000000000000000000003a
:10567000000000000000000000000000000000002a
:10568000000000000000000000000000000000001a
:10569000000000000000000000000000000000000a
:1056a00000000000fe0100004e0200009202000017
:1056b000cc020000ff0200002b0300005203000098
:1056c0007503000094030000af030000c80300004e
:1056d000df030000f30300000604000018040000cc
:1056e00027040000360400004404000050040000b9
:1056f0005c04000067040000710400007b040000eb
:10570000840400008c040000940400009c04000049
:10571000a3040000aa040000b0040000b6040000c6
:10572000bc040000c2040000c7040000cc04000058
:10573000d1040000d5040000d9040000de040000fc
:10574000e204000000000000000000000000000073
:105750000000000000000000000000000000000049
:105760000000000000000000000000000000000039
:105770000000000000000000000000000000000029
:105780000000000000000000000000000000000019
:105790000000000000000000000000000000000009
:1057a000040100006a010000c10100000c020000b9
:1057b0004e02000087020000ba020000e60200006c
:1057c0000e03000032030000520300006f030000cc
:1057d0008a030000a2030000b8030000cc0300000d
:1057e000df030000f0030000000400000f040000cd
:1057f0001d0400002a0400003604000041040000db
:105800004c0400005604000060040000690400001d
:105810007104000079040000810400008804000085
:105820008f040000960400009c040000a204000005
:10583000a8040000ad040000b2040000b70400009a
:10584000bc04000000000000000000000000000098
:105850000000000000000000000000000000000048
:105860000000000000000000000000000000000038
:105870000000000000000000000000000000000028
:105880000000000000000000000000000000000018
:105890000000000000000000000000000000000008
:1058a0007a000000e40000004001000091010000c7
:1058b000d8010000160200004e0200007f02000026
:1058c000ac020000d4020000f8020000190300003e
:1058d00037030000520300006b0300008203000046
:1058e00098030000ab030000be030000cf030000dc
:1058f000df030000ee030000fc03000009040000c9
:1059000015040000210400002c04000036040000ef
:105910004004000049040000520400005a04000042
:10592000620400006a0400007104000078040000b2
:105930007f040000850400008b0400009104000037
:1059400096040000000000000000000000000000bd
:105950000000000000000000000000000000000047
:105960000000000000000000000000000000000037
:105970000000000000000000000000000000000027
:105980000000000000000000000000000000000017
:105990000000000000000000fcfe000086ff000088
:1059a000000000006c000000cb0000001f010000a0
:1059b0006a010000ad010000e80100001e020000c5
:1059c0004e0200007a020000a1020000c5020000a1
:1059d000e602000005030000210300003a03000076
:1059e00052030000680300007d03000090030000e4
:1059f000a2030000b2030000c2030000d1030000b4
:105a0000df030000ec030000f803000004040000c2
:105a10000f0400001a040000240400002d040000fc
:105a2000360400003f040000470400004f0400005b
:105a3000560400005d040000640400006b040000d4
:105a40000000000000000000000000000000000056
:105a50000000000000000000000000000000000046
:105a60000000000000000000000000000000000036
:105a70000000000000000000000000000000000026
:105a80000000000000000000000000000000000016
:105a90005ffd000002fe000096fe00001cff0000fb
:105aa00094ff00000000000060000000b70000004c
:105ab000040100004a01000088010000c10100004b
:105ac000f5010000230200004e02000075020000f4
:105ad00099020000ba020000d8020000f40200009f
:105ae0000e030000260300003d03000052030000e7
:105af00066030000780300008a0300009a03000098
:105b0000a9030000b8030000c6030000d30300008f
:105b1000df030000eb030000f603000000040000b8
:105b20000a040000140400001d0400002604000004
:105b30002e040000360400003e040000450400006e
:105b40000000000000000000000000000000000055
:105b50000000000000000000000000000000000045
:105b60000000000000000000000000000000000035
:105b70000000000000000000000000000000000025
:105b800060fa000017fb0000cafb000076fc000072
:105b90001afd0000b2fd00003ffe0000c0fe000044
:105ba00035ff0000a0ff00000000000057000000cb
:105bb000a6000000ee0000002f0100006a010000b6
:105bc000a0010000d1010000fe0100002802000039
:105bd0004e0200007102000092020000b0020000bc
:105be000cc020000e6020000ff02000016030000e5
:105bf0002b0300003f030000520300006403000079
:105c0000750300008503000094030000a203000058
:105c1000af030000bc030000c8030000d403000071
:105c2000df030000e9030000f3030000fd030000b0
:105c3000060400000f040000180400002004000007
:105c40000000000000000000000000000000000054
:105c50000000000000000000000000000000000044
:105c60000000000000000000000000000000000034
:105c70000000000000000000000000000000000024
:105c800060fa000006fb0000aafb000048fc0000d0
:105c9000dffc00006efd0000f4fd00006ffe000060
:105ca000e1fe000049ff0000a9ff00000000000025
:105cb0005000000098000000db0000001801000008
:105cc0005001000083010000b2010000de0100006d
:105cd000060200002b0200004e0200006e020000cf
:105ce0008c020000a8020000c2020000db020000db
:105cf000f2020000070300001c0300002f03000055
:105d00004103000052030000620300007203000020
:105d1000800300008e0300009b030000a803000026
:105d2000b4030000bf030000ca030000d503000055
:105d3000df030000e8030000f2030000fa030000a4
:105d40000000000000000000000000000000000053
:105d50000000000000000000000000000000000043
:105d60000000000000000000000000000000000033
:105d70000000000000000000000000000000000023
:105d800060fa0000f8fa00008ffb000021fc000020
:105d9000aefc000034fd0000b2fd000028fe000053
:105da00096fe0000fcfe00005aff0000b0ff00005d
:105db00000000000490000008d000000cb00000042
:105dc00004010000390100006a0100009701000091
:105dd000c1010000e80100000c0200002e020000da
:105de0004e0200006b02000087020000a1020000ca
:105df000ba020000d1020000e6020000fb0200002f
:105e00000e030000210300003203000042030000e3
:105e100052030000610300006f0300007d030000d7
:105e20008a03000096030000a2030000ad030000f7
:105e3000b8030000c2030000cc030000d60300003a
:105e40000000000000000000000000000000000052
:105e50000000000000000000000000000000000042
:105e60000000000000000000000000000000000032
:105e70000000000000000000000000000000000022
:105e800060fa0000edfa000078fb000000fc000062
:105e900083fc000001fd000079fd0000eafd000028
:105ea00053fe0000b6fe000012ff000068ff000075
:105eb000b7ff000000000000440000008300000065
:105ec000bd000000f30000002501000054010000a7
:105ed0007f010000a8010000cd010000f1010000d9
:105ee00012020000310200004e02000069020000b0
:105ef000830200009b020000b2020000c802000002
:105f0000dc020000f00200000203000014030000a5
:105f10002503000035030000440300005203000085
:105f2000600300006d0300007a0300008603000098
:105f3000910300009c030000a70300000000000084
:105f40000000000000000000000000000000000051
:105f50000000000000000000000000000000000041
:105f60000000000000000000000000000000000031
:105f70000000000000000000000000000000000021
:105f800060fa0000e3fa000064fb0000e3fb00009d
:105f90005efc0000d5fc000046fd0000b2fd0000e4
:105fa00018fe000078fe0000d1fe000025ff000072
:105fb00073ff0000bcff0000000000003f00000075
:105fc0007a000000b1000000e400000014010000ad
:105fd000400100006a01000091010000b5010000cd
:105fe000d8010000f8010000160200003302000092
:105ff0004e020000670200007f02000096020000cf
:10600000ac020000c0020000d4020000e602000062
:10601000f802000009030000190300002803000033
:106020003703000045030000520300005f03000037
:106030006b030000770300008203000000000000f3
:106040000000000000000000000000000000000050
:106050000000000000000000000000000000000040
:106060000000000000000000000000000000000030
:106070000000000000000000000000000000000020
:1060800060fa0000dafa000053fb0000cafb0000cf
:106090003efc0000aefc00001afd000081fd000087
:1060a000e2fd00003ffe000096fe0000e8fe00005a
:1060b00035ff00007dff0000c1ff00000000000070
:1060c0003b00000072000000a6000000d7000000a6
:1060d000040100002f010000570100007c010000b6
:1060e000a0010000c1010000e1010000fe0100006c
:1060f0001a020000350200004e0200006602000095
:106100007c02000092020000a6020000ba02000019
:10611000cc020000de020000ef020000ff020000df
:106120000e0300001d0300002b03000039030000d4
:1061300046030000520300005e0300000000000060
:10614000000000000000000000000000000000004f
:10615000000000000000000000000000000000003f
:10616000000000000000000000000000000000002f
:10617000000000000000000000000000000000001f
:1061800060fa0000d2fa000044fb0000b4fb0000fb
:1061900021fc00008bfc0000f2fc000054fd00001c
:1061a000b2fd00000bfe000060fe0000b0fe00002b
:1061b000fcfe000043ff000086ff0000c5ff00005a
:1061c00000000000380000006c0000009d0000008e
:1061d000cb000000f60000001f0100004601000097
:1061e0006a0100008c010000ad010000cb0100003d
:1061f000e8010000040200001e0200003602000058
:106200004e020000640200007a0200008e020000cc
:10621000a1020000b4020000c5020000d602000086
:10622000e6020000f6020000050300001303000070
:10623000210300002e030000000000000000000009
:10624000000000000000000000000000000000004e
:10625000000000000000000000000000000000003e
:10626000000000000000000000000000000000002e
:10627000000000000000000000000000000000001e
:1062800060fa0000ccfa000037fb0000a0fb000021
:1062900008fc00006cfc0000cefc00002cfd00009f
:1062a00086fd0000ddfd00002ffe00007dfe0000e9
:1062b000c7fe00000dff00004fff00008eff000032
:1062c000c8ff00000000000034000000660000006d
:1062d00094000000c0000000ea000000110100006e
:1062e00036010000590100007a0100009a01000007
:1062f000b8010000d4010000ef0100000802000016
:1063000021020000380200004e020000630200007b
:10631000770200008a0200009d020000ae02000029
:10632000bf020000cf020000df020000ee0200000a
:10633000fc0200000a030000000000000000000052
:10634000000000000000000000000000000000004d
:10635000000000000000000000000000000000003d
:10636000000000000000000000000000000000002d
:10637000000000000000000000000000000000001d
:1063800060fa0000c6fa00002bfb00008ffb000043
:10639000f1fb000051fc0000aefc000008fd000015
:1063a0005ffd0000b2fd000002fe00004efe000096
:1063b00096fe0000dbfe00001cff00005aff0000fc
:1063c00094ff0000ccff000000000000320000003d
:1063d000600000008d000000b7000000de0000003b
:1063e00004010000280100004a0100006a010000c9
:1063f00088010000a6010000c1010000db010000cf
:10640000f50100000c020000230200003902000028
:106410004e020000620200007502000087020000c8
:1064200099020000aa020000ba020000c90200009e
:10643000d8020000e602000000000000000000009a
:10644000000000000000000000000000000000004c
:10645000000000000000000000000000000000003c
:10646000000000000000000000000000000000002c
:10647000000000000000000000000000000000001c
:1064800060fa0000c0fa000020fb00007ffb000063
:10649000dcfb000038fc000091fc0000e7fc000081
:1064a0003bfd00008bfd0000d8fd000022fe000037
:1064b00069fe0000acfe0000ecfe000029ff0000b9
:1064c00063ff00009aff0000ceff00000000000004
:1064d0002f0000005c00000086000000ae000000fd
:1064e000d4000000f80000001b0100003c01000087
:1064f0005b0100007901000095010000b00100007f
:10650000ca010000e2010000fa01000010020000d0
:10651000260200003a0200004e0200006102000064
:10652000730200008402000095020000a502000032
:10653000b5020000000000000000000000000000a4
:10654000000000000000000000000000000000004b
:10655000000000000000000000000000000000003b
:10656000000000000000000000000000000000002b
:10657000000000000000000000000000000000001b
:1065800060fa0000bcfa000017fb000071fb00007d
:10659000cafb000021fc000076fc0000c9fc0000e2
:1065a0001afd000067fd0000b2fd0000fafd0000ca
:1065b0003ffe000081fe0000c0fe0000fcfe000067
:1065c00035ff00006cff0000a0ff0000d1ff0000bd
:1065d000000000002d0000005700000080000000b7
:1065e000a6000000cb000000ee0000000f0100003c
:1065f0002f0100004d0100006a010000850100002c
:10660000a0010000b9010000d1010000e801000074
:10661000fe01000013020000280200003b020000ff
:106620004e020000600200007102000082020000c1
:1066300092020000000000000000000000000000c6
:10664000000000000000000000000000000000004a
:10665000000000000000000000000000000000003a
:10666000000000000000000000000000000000002a
:10667000000000000000000000000000000000001a
:1066800060fa0000b7fa00000efb000064fb000097
:10669000b9fb00000dfc00005efc0000aefc000039
:1066a000fbfc000046fd00008ffd0000d5fd000052
:1066b00018fe000058fe000096fe0000d1fe00000b
:1066c0000aff000040ff000073ff0000a4ff00006d
:1066d000d3ff0000000000002b000000530000006a
:1066e0007a0000009f000000c2000000e4000000eb
:1066f0000401000023010000400100005c010000d3
:106700007701000091010000aa010000c101000012
:10671000d8010000ee010000020200001602000095
:106720002a0200003c0200004e0200005f0200004e
:106730000000000000000000000000000000000059
:106740000000000000000000000000000000000049
:106750000000000000000000000000000000000039
:106760000000000000000000000000000000000029
:106770000000000000000000000000000000000019
:1067800060fa0000b3fa000006fb000058fb0000ae
:10679000aafb0000fafb000048fc000095fc00008a
:1067a000dffc000028fd00006efd0000b2fd0000cf
:1067b000f4fd000033fe00006ffe0000a9fe0000a3
:1067c000e1fe000016ff000049ff00007aff000014
:1067d000a9ff0000d5ff0000000000002900000014
:1067e000500000007500000098000000ba00000092
:1067f000db000000fa000000180100003401000076
:10680000500100006a010000830100009b010000ac
:10681000b2010000c8010000de010000f20100002a
:1068200006020000190200002b0200003d020000d9
:106830000000000000000000000000000000000058
:106840000000000000000000000000000000000048
:106850000000000000000000000000000000000038
:106860000000000000000000000000000000000028
:106870000000000000000000000000000000000018
:1068800060fa0000b0fa0000fffa00004efb0000c2
:106890009cfb0000e8fb000034fc00007efc0000d4
:1068a000c6fc00000cfd000050fd000092fd000041
:1068b000d2fd00000ffe00004bfe000084fe000031
:1068c000bafe0000effe000022ff000052ff0000b1
:1068d00080ff0000adff0000d7ff000000000000b7
:1068e000270000004c000000700000009200000033
:1068f000b3000000d3000000f10000000e01000012
:1069000029010000440100005e0100007601000042
:106910008e010000a4010000ba010000cf010000b8
:10692000e3010000f7010000090200000000000080
:106930000000000000000000000000000000000057
:106940000000000000000000000000000000000047
:106950000000000000000000000000000000000037
:106960000000000000000000000000000000000027
:106970000000000000000000000000000000000017
:1069800060fa0000acfa0000f8fa000044fb0000d6
:106990008ffb0000d9fb000021fc000068fc000018
:1069a000aefc0000f2fc000034fd000074fd0000ad
:1069b000b2fd0000eefd000028fe000060fe0000b9
:1069c00096fe0000cafe0000fcfe00002cff000046
:1069d0005aff000086ff0000b0ff0000d9ff000052
:1069e0000000000025000000490000006c000000cd
:1069f0008d000000ac000000cb000000e8000000ab
:106a0000040100001f0100003901000052010000d4
:106a10006a0100008101000097010000ad01000043
:106a2000c1010000d5010000e801000000000000e5
:106a30000000000000000000000000000000000056
:106a40000000000000000000000000000000000046
:106a50000000000000000000000000000000000036
:106a60000000000000000000000000000000000026
:106a70000000000000000000000000000000000016
:106a800060fa0000a9fa0000f2fa00003bfb0000e7
:106a900083fb0000cafb000010fc000055fc000056
:106aa00098fc0000dafc00001afd000058fd000010
:106ab00095fd0000cffd000008fe00003ffe000035
:106ac00074fe0000a7fe0000d8fe000008ff0000d2
:106ad00035ff000061ff00008bff0000b4ff0000e5
:106ae000dbff000000000000240000004600000062
:106af0006800000088000000a6000000c40000003c
:106b0000e0000000fb000000160100002f01000063
:106b1000470100005f010000750100008b010000cb
:106b2000a0010000b401000000000000000000000f
:106b30000000000000000000000000000000000055
:106b40000000000000000000000000000000000045
:106b50000000000000000000000000000000000035
:106b60000000000000000000000000000000000025
:106b70000000000000000000000000000000000015
:106b800060fa0000a6fa0000edfa000033fb0000f6
:106b900078fb0000bcfb000000fc000042fc000091
:106ba00083fc0000c3fc000001fd00003efd00006e
:106bb00079fd0000b2fd0000eafd00001ffe0000ac
:106bc00053fe000086fe0000b6fe0000e5fe000059
:106bd00012ff00003eff000068ff000090ff000071
:106be000b7ff0000dcff00000000000023000000f1
:106bf000440000006400000083000000a0000000ca
:106c0000bd000000d9000000f30000000d010000ed
:106c1000250100003d010000540100006a01000050
:106c20007f0100009401000000000000000000004f
:106c30000000000000000000000000000000000054
:106c40000000000000000000000000000000000044
:106c50000000000000000000000000000000000034
:106c60000000000000000000000000000000000024
:106c70000000000000000000000000000000000014
:106c800060fa0000a4fa0000e8fa00002bfb000004
:106c90006efb0000b0fb0000f1fb000031fc0000c7
:106ca00070fc0000aefc0000eafc000025fd0000c6
:106cb0005ffd000097fd0000cdfd000002fe00001a
:106cc00035fe000066fe000096fe0000c4fe0000d7
:106cd000f1fe00001cff000046ff00006eff0000f8
:106ce00094ff0000baff0000ddff0000000000007c
:106cf0002100000041000000600000007e00000054
:106d00009b000000b7000000d1000000eb00000075
:106d1000040100001c010000330100004a010000d2
:106d20005f01000000000000000000000000000003
:106d30000000000000000000000000000000000053
:106d40000000000000000000000000000000000043
:106d50000000000000000000000000000000000033
:106d60000000000000000000000000000000000023
:106d70000000000000000000000000000000000013
:106d800060fa0000a1fa0000e3fa000024fb000012
:106d900064fb0000a4fb0000e3fb000021fc0000fa
:106da0005efc00009afc0000d5fc00000efd000017
:106db00046fd00007dfd0000b2fd0000e6fd000084
:106dc00018fe000048fe000078fe0000a5fe00004e
:106dd000d1fe0000fcfe000025ff00004dff00007a
:106de00073ff000098ff0000bcff0000dfff000001
:106df00000000000200000003f0000005d000000d7
:106e00007a00000096000000b1000000cb000000f6
:106e1000e4000000fc000000140100002a01000052
:106e20000000000000000000000000000000000062
:106e30000000000000000000000000000000000052
:106e40000000000000000000000000000000000042
:106e50000000000000000000000000000000000032
:106e60000000000000000000000000000000000022
:106e70000000000000000000000000000000000012
:106e800060fa00009ffa0000defa00001dfb00001f
:106e90005bfb000099fb0000d6fb000012fc000029
:106ea0004efc000088fc0000c1fc0000f9fc000062
:106eb0002ffd000065fd000099fd0000cbfd0000e6
:106ec000fcfd00002cfe00005afe000087fe0000c2
:106ed000b3fe0000ddfe000006ff00002dff0000f5
:106ee00054ff000078ff00009cff0000bfff00007f
:106ef000e0ff0000000000001f0000003d00000057
:106f00005a0000007600000091000000ab00000075
:106f1000c5000000dd000000f50000000c010000cd
:106f20000000000000000000000000000000000061
:106f30000000000000000000000000000000000051
:106f40000000000000000000000000000000000041
:106f50000000000000000000000000000000000031
:106f60000000000000000000000000000000000021
:106f70000000000000000000000000000000000011
:106f800060fa00009dfa0000dafa000017fb00002a
:106f900053fb00008ffb0000cafb000004fc000054
:106fa0003efc000076fc0000aefc0000e4fc0000ab
:106fb0001afd00004efd000081fd0000b2fd000042
:106fc000e2fd000011fe00003ffe00006bfe00002d
:106fd00096fe0000c0fe0000e8fe00000fff00006b
:106fe00035ff00005aff00007dff0000a0ff0000f9
:106ff000c1ff0000e1ff0000000000001e000000d3
:107000003b00000057000000720000008d000000ef
:10701000a6000000bf000000d70000000000000034
:107020000000000000000000000000000000000060
:107030000000000000000000000000000000000050
:107040000000000000000000000000000000000040
:107050000000000000000000000000000000000030
:107060000000000000000000000000000000000020
:107070000000000000000000000000000000000010
:1070800060fa00009bfa0000d6fa000011fb000035
:107090004bfb000085fb0000bffb0000f7fb00007e
:1070a0002ffc000066fc00009cfc0000d1fc0000ee
:1070b00005fd000038fd00006afd00009afd00009b
:1070c000cafd0000f8fd000025fe000050fe000093
:1070d0007bfe0000a4fe0000ccfe0000f2fe0000db
:1070e00018ff00003cff000060ff000082ff00006e
:1070f000a3ff0000c3ff0000e2ff0000000000004b
:107100001d00000039000000550000006f00000065
:1071100089000000a1000000000000000000000045
:10712000000000000000000000000000000000005f
:10713000000000000000000000000000000000004f
:10714000000000000000000000000000000000003f
:10715000000000000000000000000000000000002f
:10716000000000000000000000000000000000001f
:10717000000000000000000000000000000000000f
:1071800060fa000099fa0000d2fa00000bfb000040
:1071900044fb00007cfb0000b4fb0000ebfb0000a4
:1071a00021fc000057fc00008bfc0000bffc00002d
:1071b000f2fc000024fd000054fd000084fd0000ee
:1071c000b2fd0000dffd00000bfe000036fe0000f7
:1071d00060fe000089fe0000b0fe0000d7fe000047
:1071e000fcfe000020ff000043ff000065ff0000e0
:1071f00086ff0000a6ff0000c5ff0000e3ff0000bf
:10720000000000001c0000003800000052000000d8
:107210006c00000000000000000000000000000002
:10722000000000000000000000000000000000005e
:10723000000000000000000000000000000000004e
:10724000000000000000000000000000000000003e
:10725000000000000000000000000000000000002e
:10726000000000000000000000000000000000001e
:10727000000000000000000000000000000000000e
:1072800060fa000098fa0000cffa000006fb000048
:107290003dfb000074fb0000aafb0000dffb0000c8
:1072a00014fc000048fc00007bfc0000aefc000069
:1072b000dffc000010fd000040fd00006efd00003e
:1072c0009cfd0000c8fd0000f4fd00001efe000053
:1072d00047fe00006ffe000096fe0000bcfe0000ae
:1072e000e1fe000005ff000027ff000049ff00004d
:1072f0006aff00008aff0000a9ff0000c7ff00002e
:10730000e4ff0000000000001b0000003600000049
:10731000000000000000000000000000000000006d
:10732000000000000000000000000000000000005d
:10733000000000000000000000000000000000004d
:10734000000000000000000000000000000000003d
:10735000000000000000000000000000000000002d
:10736000000000000000000000000000000000001d
:10737000000000000000000000000000000000000d
:1073800060fa000096fa0000ccfa000001fb000051
:1073900037fb00006cfb0000a0fb0000d4fb0000ea
:1073a00008fc00003afc00006cfc00009efc0000a1
:1073b000cefc0000fefc00002cfd00005afd000089
:1073c00086fd0000b2fd0000ddfd000006fe0000ad
:1073d0002ffe000056fe00007dfe0000a2fe000011
:1073e000c7fe0000eafe00000dff00002fff0000b6
:1073f0004fff00006fff00008eff0000abff00009a
:10740000c8ff0000e5ff00000000000000000000d1
:10741000000000000000000000000000000000006c
:10742000000000000000000000000000000000005c
:10743000000000000000000000000000000000004c
:10744000000000000000000000000000000000003c
:10745000000000000000000000000000000000002c
:10746000000000000000000000000000000000001c
:10747000000000000000000000000000000000000c
:1074800060fa000094fa0000c9fa0000fdfa00005a
:1074900031fb000064fb000097fb0000cafb00000a
:1074a000fcfb00002dfc00005efc00008efc0000d8
:1074b000befc0000ecfc00001afd000046fd0000d0
:1074c00072fd00009dfd0000c7fd0000f0fd000002
:1074d00018fe00003ffe000065fe00008afe00006e
:1074e000aefe0000d1fe0000f3fe000015ff00001c
:1074f00035ff000055ff000073ff000091ff000002
:10750000aeff0000caff0000000000000000000005
:10751000000000000000000000000000000000006b
:10752000000000000000000000000000000000005b
:10753000000000000000000000000000000000004b
:10754000000000000000000000000000000000003b
:10755000000000000000000000000000000000002b
:10756000000000000000000000000000000000001b
:10757000000000000000000000000000000000000b
:1075800060fa000093fa0000c6fa0000f8fa000062
:107590002bfb00005dfb00008ffb0000c0fb000028
:1075a000f1fb000021fc000051fc000080fc000009
:1075b000aefc0000dbfc000008fd000034fd000014
:1075c0005ffd000089fd0000b2fd0000dafd000053
:1075d00002fe000028fe00004efe000072fe0000c9
:1075e00096fe0000b9fe0000dbfe0000fcfe00007d
:1075f0001cff00003bff00005aff000077ff000067
:1076000094ff0000000000000000000000000000e7
:10761000000000000000000000000000000000006a
:10762000000000000000000000000000000000005a
:10763000000000000000000000000000000000004a
:10764000000000000000000000000000000000003a
:10765000000000000000000000000000000000002a
:10766000000000000000000000000000000000001a
:10767000000000000000000000000000000000000a
:1076800060fa000092fa0000c3fa0000f4fa000069
:1076900025fb000056fb000087fb0000b7fb000045
:1076a000e6fb000015fc000044fc000072fc00003a
:1076b0009ffc0000cbfc0000f7fc000022fd000056
:1076c0004cfd000076fd00009efd0000c6fd0000a0
:1076d000edfd000012fe000038fe00005cfe000020
:1076e0007ffe0000a1fe0000c3fe0000e4fe0000db
:1076f00004ff000023ff000041ff00005fff0000c7
:107700000000000000000000000000000000000079
:107710000000000000000000000000000000000069
:107720000000000000000000000000000000000059
:107730000000000000000000000000000000000049
:107740000000000000000000000000000000000039
:107750000000000000000000000000000000000029
:107760000000000000000000000000000000000019
:107770000000000000000000000000000000000009
:1077800060fa000090fa0000c0fa0000f0fa000071
:1077900020fb000050fb00007ffb0000aefb000060
:1077a000dcfb00000afc000038fc000065fc000067
:1077b00091fc0000bcfc0000e7fc000011fd000093
:1077c0003bfd000063fd00008bfd0000b2fd0000ea
:1077d000d8fd0000fefd000022fe000046fe000075
:1077e00069fe00008bfe0000acfe0000cdfe000034
:1077f000ecfe00000bff000029ff0000000000006d
:107800000000000000000000000000000000000078
:107810000000000000000000000000000000000068
:107820000000000000000000000000000000000058
:107830000000000000000000000000000000000048
:107840000000000000000000000000000000000038
:107850000000000000000000000000000000000028
:107860000000000000000000000000000000000018
:107870000000000000000000000000000000000008
:1078800060fa00008ffa0000befa0000edfa000076
:107890001bfb00004afb000078fb0000a6fb000079
:1078a000d3fb000000fc00002cfc000058fc000092
:1078b00083fc0000aefc0000d8fc000001fd0000cd
:1078c0002afd000052fd000079fd00009ffd000030
:1078d000c5fd0000eafd00000efe000031fe0000c4
:1078e00053fe000075fe000096fe0000b6fe00008c
:1078f000d6fe0000f4fe00000000000000000000c2
:107900000000000000000000000000000000000077
:107910000000000000000000000000000000000067
:107920000000000000000000000000000000000057
:107930000000000000000000000000000000000047
:107940000000000000000000000000000000000037
:107950000000000000000000000000000000000027
:107960000000000000000000000000000000000017
:107970000000000000000000000000000000000007
:1079800060fa00008efa0000bcfa0000e9fa00007c
:1079900017fb000044fb000071fb00009efb000091
:1079a000cafb0000f6fb000021fc00004cfc0000bc
:1079b00076fc0000a0fc0000c9fc0000f2fc000006
:1079c0001afd000041fd000067fd00008dfd000074
:1079d000b2fd0000d6fd0000fafd00001dfe000013
:1079e0003ffe000060fe000081fe0000a1fe0000de
:1079f0000000000000000000000000000000000087
:107a00000000000000000000000000000000000076
:107a10000000000000000000000000000000000066
:107a20000000000000000000000000000000000056
:107a30000000000000000000000000000000000046
:107a40000000000000000000000000000000000036
:107a50000000000000000000000000000000000026
:107a60000000000000000000000000000000000016
:107a70000000000000000000000000000000000006
:107a800060fa00008dfa0000b9fa0000e6fa000082
:107a900012fb00003efb00006afb000096fb0000aa
:107aa000c1fb0000ecfb000017fc000041fc0000e3
:107ab0006afc000093fc0000bbfc0000e3fc00003b
:107ac0000afd000031fd000056fd00007cfd0000b5
:107ad000a0fd0000c4fd0000e7fd000009fe00005d
:107ae0002bfe00004cfe00006cfe000000000000b9
:107af0000000000000000000000000000000000086
:107b00000000000000000000000000000000000075
:107b10000000000000000000000000000000000065
:107b20000000000000000000000000000000000055
:107b30000000000000000000000000000000000045
:107b40000000000000000000000000000000000035
:107b50000000000000000000000000000000000025
:107b60000000000000000000000000000000000015
:107b70000000000000000000000000000000000005
:107b800060fa00008cfa0000b7fa0000e3fa000087
:107b90000efb000039fb000064fb00008ffb0000bf
:107ba000b9fb0000e3fb00000dfc000036fc000008
:107bb0005efc000086fc0000aefc0000d5fc00006e
:107bc000fbfc000021fd000046fd00006bfd0000f5
:107bd0008ffd0000b2fd0000d5fd0000f7fd0000a4
:107be00018fe00000000000000000000000000007f
:107bf0000000000000000000000000000000000085
:107c00000000000000000000000000000000000074
:107c10000000000000000000000000000000000064
:107c20000000000000000000000000000000000054
:107c30000000000000000000000000000000000044
:107c40000000000000000000000000000000000034
:107c50000000000000000000000000000000000024
:107c60000000000000000000000000000000000014
:107c70000000000000000000000000000000000004
:107c800060fa00008bfa0000b5fa0000e0fa00008c
:107c90000afb000034fb00005efb000088fb0000d4
:107ca000b1fb0000dafb000003fc00002bfc00002d
:107cb00053fc00007afc0000a1fc0000c7fc00009f
:107cc000edfc000012fd000037fd00005bfd000030
:107cd0007efd0000a1fd0000c3fd000000000000cb
:107ce0000000000000000000000000000000000094
:107cf0000000000000000000000000000000000084
:107d00000000000000000000000000000000000073
:107d10000000000000000000000000000000000063
:107d20000000000000000000000000000000000053
:107d30000000000000000000000000000000000043
:107d40000000000000000000000000000000000033
:107d50000000000000000000000000000000000023
:107d60000000000000000000000000000000000013
:107d70000000000000000000000000000000000003
:107d800060fa00008afa0000b3fa0000ddfa000091
:107d900006fb00002ffb000058fb000081fb0000e9
:107da000aafb0000d2fb0000fafb000021fc00004f
:107db00048fc00006ffc000095fc0000bafc0000cd
:107dc000dffc000004fd000028fd00004bfd00006a
:107dd0006efd000000000000000000000000000038
:107de0000000000000000000000000000000000093
:107df0000000000000000000000000000000000083
:107e00000000000000000000000000000000000072
:107e10000000000000000000000000000000000062
:107e20000000000000000000000000000000000052
:107e30000000000000000000000000000000000042
:107e40000000000000000000000000000000000032
:107e50000000000000000000000000000000000022
:107e60000000000000000000000000000000000012
:107e70000000000000000000000000000000000002
:107e800060fa000089fa0000b1fa0000dafa000096
:107e900003fb00002bfb000053fb00007bfb0000fa
:107ea000a3fb0000cafb0000f1fb000018fc00006f
:107eb0003efc000064fc000089fc0000aefc0000f9
:107ec000d2fc0000f6fc00001afd000000000000db
:107ed00000000000000000000000000000000000a2
:107ee0000000000000000000000000000000000092
:107ef0000000000000000000000000000000000082
:107f00000000000000000000000000000000000071
:107f10000000000000000000000000000000000061
:107f20000000000000000000000000000000000051
:107f30000000000000000000000000000000000041
:107f40000000000000000000000000000000000031
:107f50000000000000000000000000000000000021
:107f60000000000000000000000000000000000011
:107f70000000000000000000000000000000000001
:107f800060fa000088fa0000b0fa0000d7fa00009a
:107f9000fffa000027fb00004efb000075fb00000d
:107fa0009cfb0000c2fb0000e8fb00000efc000090
:107fb00034fc000059fc00007efc0000a2fc000024
:107fc00000000000000000000000000000000000b1
:107fd00000000000000000000000000000000000a1
:107fe0000000000000000000000000000000000091
:107ff0000000000000000000000000000000000081
:108000000000000000000000000000000000000070
:108010000000000000000000000000000000000060
:108020000000000000000000000000000000000050
:108030000000000000000000000000000000000040
:108040000000000000000000000000000000000030
:108050000000000000000000000000000000000020
:108060000000000000000000000000000000000010
:108070000000000000000000000000000000000000
:1080800060fa000087fa0000aefa0000d5fa00009e
:10809000fcfa000022fb000049fb00006ffb00001f
:1080a00095fb0000bbfb0000e0fb000006fc0000ad
:1080b0002afc00000000000000000000000000009a
:1080c00000000000000000000000000000000000b0
:1080d00000000000000000000000000000000000a0
:1080e0000000000000000000000000000000000090
:1080f0000000000000000000000000000000000080
:10810000000000000000000000000000000000006f
:10811000000000000000000000000000000000005f
:10812000000000000000000000000000000000004f
:10813000000000000000000000000000000000003f
:10814000000000000000000000000000000000002f
:10815000000000000000000000000000000000001f
:10816000000000000000000000000000000000000f
:1081700000000000000000000000000000000000ff
:1081800060fa000086fa0000acfa0000d2fa0000a3
:10819000f8fa00001efb000044fb00006afb000030
:1081a00000000000000000000000000000000000cf
:1081b00000000000000000000000000000000000bf
:1081c00000000000000000000000000000000000af
:1081d000000000000000000000000000000000009f
:1081e000000000000000000000000000000000008f
:1081f000000000000000000000000000000000007f
:10820000000000000000000000000000000000006e
:10821000000000000000000000000000000000005e
:10822000000000000000000000000000000000004e
:10823000000000000000000000000000000000003e
:10824000000000000000000000000000000000002e
:10825000000000000000000000000000000000001e
:10826000000000000000000000000000000000000e
:1082700000000000000000000000000000000000fe
:1082800000000000000000000000000000000000ee
:1082900000000000000000000000000000000000de
:1082a00000000000000000000000000000000000ce
:1082b00000000000000000000000000000000000be
:1082c00000000000000000000000000000000000ae
:1082d000000000000000000000000000000000009e
:1082e000000000000000000000000000000000008e
:1082f000000000000000000000000000000000007e
:10830000000000000000000000000000000000006d
:10831000000000000000000000000000000000005d
:10832000000000000000000000000000000000004d
:10833000000000000000000000000000000000003d
:10834000000000000000000000000000000000002d
:10835000000000000000000000000000000000001d
:10836000000000000000000000000000000000000d
:1083700000000000000000000000000000000000fd
:1083800000000000000000000000000000000000ed
:1083900000000000000000000000000000000000dd
:1083a00000000000000000000000000000000000cd
:1083b00000000000000000000000000000000000bd
:1083c00000000000000000000000000000000000ad
:1083d000000000000000000000000000000000009d
:1083e000000000000000000000000000000000008d
:1083f000000000000000000000000000000000007d
:10840000000000000000000000000000000000006c
:10841000000000000000000000000000000000005c
:10842000000000000000000000000000000000004c
:10843000000000000000000000000000000000003c
:10844000000000000000000000000000000000002c
:10845000000000000000000000000000000000001c
:10846000000000000000000000000000000000000c
:1084700000000000000000000000000000000000fc
:1084800000000000000000000000000000000000ec
:1084900000000000000000000000000000000000dc
:1084a00000000000000000000000000000000000cc
:1084b00000000000000000000000000000000000bc
:1084c00000000000000000000000000000000000ac
:1084d000000000000000000000000000000000009c
:1084e000000000000000000000000000000000008c
:1084f000000000000000000000000000000000007c
:10850000000000000000000000000000000000006b
:10851000000000000000000000000000000000005b
:10852000000000000000000000000000000000004b
:10853000000000000000000000000000000000003b
:10854000000000000000000000000000000000002b
:10855000000000000000000000000000000000001b
:10856000000000000000000000000000000000000b
:1085700000000000000000000000000000000000fb
:1085800000000000000000000000000000000000eb
:1085900000000000000000000000000000000000db
:1085a00000000000000000000000000000000000cb
:1085b00000000000000000000000000000000000bb
:1085c00000000000000000000000000000000000ab
:1085d000000000000000000000000000000000009b
:1085e000000000000000000000000000000000008b
:1085f000000000000000000000000000000000007b
:10860000000000000000000000000000000000006a
:10861000000000000000000000000000000000005a
:10862000000000000000000000000000000000004a
:10863000000000000000000000000000000000003a
:10864000000000000000000000000000000000002a
:10865000000000000000000000000000000000001a
:10866000000000000000000000000000000000000a
:1086700000000000000000000000000000000000fa
:1086800000000000000000000000000000000000ea
:1086900000000000000000000000000000000000da
:1086a00000000000000000000000000000000000ca
:1086b00000000000000000000000000000000000ba
:1086c00000000000000000000000000000000000aa
:1086d000000000000000000000000000000000009a
:1086e000000000000000000000000000000000008a
:1086f000000000000000000000000000000000007a
:108700000000000000000000000000000000000069
:108710000000000000000000000000000000000059
:108720000000000000000000000000000000000049
:108730000000000000000000000000000000000039
:108740000000000000000000000000000000000029
:108750000000000000000000000000000000000019
:108760000000000000000000000000000000000009
:1087700000000000000000000000000000000000f9
:1087800000000000000000000000000000000000e9
:1087900000000000000000000000000000000000d9
:1087a00000000000000000000000000000000000c9
:1087b00000000000000000000000000000000000b9
:1087c00000000000000000000000000000000000a9
:1087d0000000000000000000000000000000000099
:1087e0000000000000000000000000000000000089
:1087f0000000000000000000000000000000000079
:108800000000000000000000000000000000000068
:108810000000000000000000000000000000000058
:108820000000000000000000000000000000000048
:108830000000000000000000000000000000000038
:108840000000000000000000000000000000000028
:108850000000000000000000000000000000000018
:108860000000000000000000000000000000000008
:1088700000000000000000000000000000000000f8
:1088800000000000000000000000000000000000e8
:1088900000000000000000000000000000000000d8
:1088a00000000000000000000000000000000000c8
:1088b00000000000000000000000000000000000b8
:1088c00000000000000000000000000000000000a8
:1088d0000000000000000000000000000000000098
:1088e0000000000000000000000000000000000088
:1088f0000000000000000000000000000000000078
:108900000000000000000000000000000000000067
:108910000000000000000000000000000000000057
:108920000000000000000000000000000000000047
:108930000000000000000000000000000000000037
:108940000000000000000000000000000000000027
:108950000000000000000000000000000000000017
:108960000000000000000000000000000000000007
:1089700000000000000000000000000000000000f7
:1089800000000000000000000000000000000000e7
:1089900000000000000000000000000000000000d7
:1089a00000000000000000000000000000000000c7
:1089b00000000000000000000000000000000000b7
:1089c00000000000000000000000000000000000a7
:1089d0000000000000000000000000000000000097
:1089e0000000000000000000000000000000000087
:1089f0000000000000000000000000000000000077
:108a00000000000000000000000000000000000066
:108a10000000000000000000000000000000000056
:108a20000000000000000000000000000000000046
:108a30000000000000000000000000000000000036
:108a40000000000000000000000000000000000026
:108a50000000000000000000000000000000000016
:108a60000000000000000000000000000000000006
:108a700000000000000000000000000000000000f6
:108a800000000000000000000000000000000000e6
:108a900000000000000000000000000000000000d6
:108aa00000000000000000000000000000000000c6
:108ab00000000000000000000000000000000000b6
:108ac00000000000000000000000000000000000a6
:108ad0000000000000000000000000000000000096
:108ae0000000000000000000000000000000000086
:108af0000000000000000000000000000000000076
:108b00000000000000000000000000000000000065
:108b10000000000000000000000000000000000055
:108b20000000000000000000000000000000000045
:108b30000000000000000000000000000000000035
:108b40000000000000000000000000000000000025
:108b50000000000000000000000000000000000015
:108b60000000000000000000000000000000000005
:108b700000000000000000000000000000000000f5
:108b800000000000000000000000000000000000e5
:108b900000000000000000000000000000000000d5
:108ba00000000000000000000000000000000000c5
:108bb00000000000000000000000000000000000b5
:108bc00000000000000000000000000000000000a5
:108bd0000000000000000000000000000000000095
:108be0000000000000000000000000000000000085
:108bf0000000000000000000000000000000000075
:108c00000000000000000000000000000000000064
:108c10000000000000000000000000000000000054
:108c20000000000000000000000000000000000044
:108c30000000000000000000000000000000000034
:108c40000000000000000000000000000000000024
:108c50000000000000000000000000000000000014
:108c60000000000000000000000000000000000004
:108c700000000000000000000000000000000000f4
:108c800000000000000000000000000000000000e4
:108c900000000000000000000000000000000000d4
:108ca00000000000000000000000000000000000c4
:108cb00000000000000000000000000000000000b4
:108cc00000000000000000000000000000000000a4
:108cd0000000000000000000000000000000000094
:108ce0000000000000000000000000000000000084
:108cf0000000000000000000000000000000000074
:108d00000000000000000000000000000000000063
:108d10000000000000000000000000000000000053
:108d20000000000000000000000000000000000043
:108d30000000000000000000000000000000000033
:108d40000000000000000000000000000000000023
:108d50000000000000000000000000000000000013
:108d60000000000000000000000000000000000003
:108d700000000000000000000000000000000000f3
:108d800000000000000000000000000000000000e3
:108d900000000000000000000000000000000000d3
:108da00000000000000000000000000000000000c3
:108db00000000000000000000000000000000000b3
:108dc00000000000000000000000000000000000a3
:108dd0000000000000000000000000000000000093
:108de0000000000000000000000000000000000083
:108df0000000000000000000000000000000000073
:108e00000000000000000000000000000000000062
:108e10000000000000000000000000000000000052
:108e20000000000000000000000000000000000042
:108e30000000000000000000000000000000000032
:108e40000000000000000000000000000000000022
:108e50000000000000000000000000000000000012
:108e60000000000000000000000000000000000002
:108e700000000000000000000000000000000000f2
:108e800000000000000000000000000000000000e2
:108e900000000000000000000000000000000000d2
:108ea00000000000000000000000000000000000c2
:108eb00000000000000000000000000000000000b2
:108ec00000000000000000000000000000000000a2
:108ed0000000000000000000000000000000000092
:108ee0000000000000000000000000000000000082
:108ef0000000000000000000000000000000000072
:108f00000000000000000000000000000000000061
:108f10000000000000000000000000000000000051
:108f20000000000000000000000000000000000041
:108f30000000000000000000000000000000000031
:108f40000000000000000000000000000000000021
:108f50000000000000000000000000000000000011
:108f60000000000000000000000000000000000001
:108f700000000000000000000000000000000000f1
:108f800000000000000000000000000000000000e1
:108f900000000000000000000000000000000000d1
:108fa00000000000000000000000000000000000c1
:108fb00000000000000000000000000000000000b1
:108fc00000000000000000000000000000000000a1
:108fd0000000000000000000000000000000000091
:108fe0000000000000000000000000000000000081
:108ff0000000000000000000000000000000000071
:109000000000000000000000000000000000000060
:109010000000000000000000000000000000000050
:109020000000000000000000000000000000000040
:109030000000000000000000000000000000000030
:109040000000000000000000000000000000000020
:109050000000000000000000000000000000000010
:109060000000000000000000000000000000000000
:1090700000000000000000000000000000000000f0
:1090800000000000000000000000000000000000e0
:1090900000000000000000000000000000000000d0
:1090a00000000000000000000000000000000000c0
:1090b00000000000000000000000000000000000b0
:1090c00000000000000000000000000000000000a0
:1090d0000000000000000000000000000000000090
:1090e0000000000000000000000000000000000080
:1090f0000000000000000000000000000000000070
:10910000000000000000000000000000000000005f
:10911000000000000000000000000000000000004f
:10912000000000000000000000000000000000003f
:10913000000000000000000000000000000000002f
:10914000000000000000000000000000000000001f
:10915000000000000000000000000000000000000f
:1091600000000000000000000000000000000000ff
:1091700000000000000000000000000000000000ef
:020000040000fa
:020000040001f9
:109180008000eb007a014000010978007c0140007a
:10919000010978007e014000010978006202200088
:1091a0000001410001097800820220000001410015
:1091b00001097800a20220000001410001097800a5
:1091c0002203200000014100010978004203200031
:1091d0000001410001097800620320000001410004
:1091e0000109780072014000010978006011b8009f
:1091f000421898005318980000000600f8874700ae
:10920000889fbe008a9fbe008c9fbe008e1f780084
:109210000004780020102000080040001030a10059
:109220000000eb00a10f200088804000800878003b
:10923000810f2000888040008008780038a09000ce
:10924000cf80de00f30f5000e08f580005053e0090
:1092500000060100590037009e0037000105370065
:1092600079003700e7013700fe043700fd043700be
:10927000fc043700ae0337000b043700f904370055
:10928000f8043700d00237002f0337007e04370080
:109290002700370003003700f2043700f1043700dd
:1092a000770137001000200010b49800c00e200095
:1092b000080040000088eb002001200010ac98005e
:1092c000a000200060bc980002722c001310200047
:1092d0000000eb0068054400c90f200088844400aa
:1092e000270d2000888343008000d0009a80400032
:1092f000960180000202780004f0a4008382d2006c
:1093000005d0fe001402780006d0fe008408780024
:109310000000e80062014100e08149001902780084
:1093200097a2b900800f5200efff3c00cd04370038
:109330001000200010b49800c00e2000080040006b
:109340000088eb00b001200010ac980070002000f5
:1093500060bc9800625a2c00131020000000eb0043
:1093600068054400c90f200088844400270d2000b0
:10937000888343008000d0009a80400096018000de
:109380000202780004f0a4008382d20005d0fe001f
:109390001402780006d0fe00840878000000e8007f
:1093a00062014100e08149001902780097a2b900ea
:1093b000800f5200efff3c00aa043700100020008d
:1093c00010b4980030b49800c10e2000888040008e
:1093d0008008eb00411f2000011498002014980021
:1093e00010149800629b2d00131020000000eb0069
:1093f000e80344008000d000978040009601800080
:109400000202780004f0a4008382d20005d0fe009e
:109410001402780006d0fe00840878000000e800fe
:1094200062014100e0814900f10f5000f1ff3a0074
:109430001001200010ac980020102000080040000f
:109440001030a000870437001000200010b49800ee
:1094500030b49800c10e2000888040008008eb00e6
:10946000411f200001149800201498001014980047
:10947000c28f2d00131020000000eb00e803440011
:109480008000d000978040009601800002027800a2
:1094900004f0a4008382d20005d0fe0014027800fc
:1094a00006d0fe00840878000000e8006201410058
:1094b000e0814900f50f5000f1ff3a005001200013
:1094c00010ac980020102000080040001030a000d0
:1094d00064043700d005200010ac980042f62c0040
:1094e000131020000000eb00e8044400270d2000ca
:1094f000888343008000d00099804000960180005e
:109500000202780004f0a4008382d20005d0fe009d
:109510001402780006d0fe00840878000000e800fd
:1095200062014100e0814900970f1000f1ff3c000b
:109530002000200010b4980030b4980010002000e3
:1095400040b4980050b498007000200070b49800a7
:109550008000200000bc9800c000200020ac9800d3
:10956000aaa82d001b10200026a72d0017102000f0
:10957000a4ab2d001510200020aa2d0011102000f2
:109580000001eb0078074400f6014400f3b79f00a8
:10959000f4044400d9b79f0072064400bcb79f0092
:1095a000430d20008301440093b79f00e8af9f0064
:1095b0000004be000e067800fcaf9f006110b900e9
:1095c00000004000818048007fae97009c01400071
:1095d0009e018000080678000cf0a4008986d20065
:1095e0000dd0fe001c0678000ed0fe008c0978001d
:1095f0007fb697009c0140009e0180000406780021
:109600000cf0a4008586d2000dd0fe001c06780068
:109610000ed0fe008c0978005fb697009c014000d8
:109620009e018000060678000cf0a4008786d20018
:109630000dd0fe001c0678000ed0fe008c097800cc
:10964000bfb1970013004000910180000a06780026
:109650000cf0a4008b86d2000dd0fe001c06780012
:1096600001d0fe000c0878000201e800620444000a
:10967000e0844c0062024200e0824a006203430040
:10968000e0834b0062054500e0854d001fb6970062
:109690009c0f1100c9ff3c006fac97002001200017
:1096a00030ac98006a922d001b102000e6962d0029
:1096b00017102000a4942d001510200020992d00d3
:1096c000111020000001eb006a074400ee01440085
:1096d000f3b79f00ec044400d9b79f007006440024
:1096e000bcb79f00630d20008301440093b79f0027
:1096f000e8af9f000004be000e067800fcaf9f009c
:109700006110b90000004000818048007fae9700e2
:109710009c0140009e018000080678000cf0a40027
:109720008986d2000dd0fe001c0678000ed0fe0007
:109730008c0978007fb697009c0140009e01800054
:10974000040678000cf0a4008586d2000dd0fe003f
:109750001c0678000ed0fe008c0978005fb69700da
:109760009c0140009e018000060678000cf0a400d9
:109770008786d2000dd0fe001c0678000ed0fe00b9
:109780008c097800bfb19700130040009101800060
:109790000a0678000cf0a4008b86d2000dd0fe00e3
:1097a0001c06780001d0fe000c0878000201e800d9
:1097b00062044400e0844c0062024200e0824a00fd
:1097c00062034300e0834b0062054500e0854d00e5
:1097d0001fb697009c0f1100c9ff3c006fac9700ab
:1097e0004006200050ac9800f00a200060ac9800c1
:1097f00020102000080040001010a100e00120000f
:1098000040ac9800a2882d00131020000000eb004f
:10981000fa044400870d2000888343008000d000b4
:1098200099804000960180000202780004f0a400b4
:109830008382d20005d0fe001402780006d0fe001c
:10984000840878000000e80062014100e0814900de
:10985000970f1000f1ff3c00c00e200008004000f0
:109860000008eb00401f20000014980010002000aa
:1098700020149800a00020001014980079033700ed
:10988000000c200010ac9800a22a2c00131020001d
:109890000000eb00e8044400270d2000888343000b
:1098a0008000d0009980400096018000020278007c
:1098b00004f0a4008382d20005d0fe0014027800d8
:1098c00006d0fe00840878000000e8006201410034
:1098d000e0814900970f1000f1ff3c00c00e20000e
:1098e000080040000008eb0020472000001498000a
:1098f00000842300201498002007200010149800f2
:109900001100200011b498002000200030b498000d
:1099100041b4980050b49800c003200040ac9800b7
:10992000226d2d00131020000000eb00fa0444000b
:10993000870d2000888343008000d000998040007c
:10994000960180000202780004f0a4008382d20015
:1099500005d0fe001402780006d0fe0084087800ce
:109960000000e80062014100e0814900970f10000b
:10997000f1ff3c00d0cc2400003c9800007e200089
:10998000302c9800402c980010042700202c9800c0
:109990000000eb00a10320008880400080087800d0
:1099a0006011b8000234980013349800721c27002c
:1099b000530420004234980053349800920620004b
:1099c000030020002234980033349800c1062000a0
:1099d000888040008008780021c72300411c98003f
:1099e000610320008880400080087800800020000b
:1099f000201c98008002200008004000e0fd0700c5
:109a000018033700000c200010ac9800a22a2c008c
:109a1000131020000000eb00e8044400270d200094
:109a2000888343008000d000998040009601800028
:109a30000202780004f0a4008382d20005d0fe0068
:109a40001402780006d0fe00840878000000e800c8
:109a500062014100e0814900970f1000f1ff3c00d6
:109a60003000200010b49800c00e20000800400014
:109a70000008eb00401f2000001498001000200098
:109a800020149800101498002100200031b4980090
:109a900040b498008000200070b4980051b4980041
:109aa00020ac98002ab32d001b10200026b42d00f6
:109ab0001710200024b12d001510200020b22d0019
:109ac000111020000001be00f2b79f0083bf9f006d
:109ad00020af2d00111020000001be00f2af9f004a
:109ae00083b79f0020b02d00111020000001be00a0
:109af000d2b79f00e3b79f0020ad2d0011102000ca
:109b00000001be00b2b79f00c3b79f0020ae2d007a
:109b1000111020000001be0092b79f00a3b79f0064
:109b20000000eb006a014400410d200088804000e5
:109b3000880678008001d000928141009c0180005d
:109b40001fb49700afb4970008f0a4008984d20036
:109b500009d0fe00180478000cd0fe0088097800b7
:109b600091017800030640000c06d0001206460062
:109b70009e0180003fb49700cfb4970008f0a40086
:109b80008984d20009d0fe00180478000ed0fe00af
:109b9000080e780091814100030640000c06d000b9
:109ba000120646009e0180005fb49700efb4970054
:109bb00008f0a4008984d20009d0fe0018047800bf
:109bc0000ed0fe00080e780091814100030640008f
:109bd0000c06d000120646009e0180007fac970064
:109be0008fb4970008f0a4008984d20009d0fe0049
:109bf000180478000ed0fe00080e78009181410014
:109c0000030640000c06d000120646009e018000ac
:109c10007fb497008fbc970008f0a4008984d2001d
:109c200009d0fe00180478000ed0fe00080e78005f
:109c300091814100030640000c06d0001206460048
:109c40009e0180000404780008f0a4008584d200fe
:109c500009d0fe00180478000ed0fe00080e78002f
:109c600091814100030640000c06d0001206460018
:109c70009e0180000604780008f0a4008784d200ca
:109c800009d0fe00180478000ed0fe00080e7800ff
:109c900091814100808141008301d0009281410087
:109ca0009c0180000a04780008f0a4008b84d20094
:109cb00009d0fe00180478000cd0fe008809780056
:109cc0000000e8001fb49700afb49700620444009e
:109cd000e0844c0098b79f00a9b79f003fb497005d
:109ce000cfb4970062044400e0844c00b8b79f00f2
:109cf000c9b79f005fb49700efb4970062044400b7
:109d0000e0844c00d8b79f00e9b79f007fac970074
:109d10008fb4970062044400e0844c00f8af9f00c9
:109d200089b79f007fb497008fbc970062044400fe
:109d3000e0844c00f8b79f0089bf9f006202420098
:109d4000e0824a0062034300e0834b006205450065
:109d5000e0854d00910f100076ff3c000d04780067
:109d60004000200070bc9800c003200040ac980068
:109d7000226d2d00131020000000eb00fa044400b7
:109d8000870d2000888343008000d0009980400028
:109d9000960180000202780004f0a4008382d200c1
:109da00005d0fe001402780006d0fe00840878007a
:109db0000000e80062014100e0814900970f1000b7
:109dc000f1ff3c00270237003007200010ac98005c
:109dd00082cc2c00131020000000eb00e8044400ab
:109de000270d2000888343008000d0009980400028
:109df000960180000202780004f0a4008382d20061
:109e000005d0fe001402780006d0fe008408780019
:109e10000000e80062014100e0814900970f100056
:109e2000f1ff3c001000200010b49800c10e20008b
:109e3000888040008008eb00411f2000011498003a
:109e400020149800510020001114980021002000d7
:109e500031b4980040b4980050b4980050042000e9
:109e600040ac980082442d00131020000000eb004d
:109e7000fa044400870d2000888343008000d0004e
:109e800099804000960180000202780004f0a4004e
:109e90008382d20005d0fe001402780006d0fe00b6
:109ea000840878000000e80062014100e081490078
:109eb000970f1000f1ff3c0060662200003c980004
:109ec00020a82100302c9800402c9800f02b27006f
:109ed000202c98000000eb00a103200088804000a7
:109ee000800878006011b80002349800133498009c
:109ef000427b2700e300200042349800533498004e
:109f0000b21320000300200022349800333498005c
:109f1000c10620008880400080087800b1aa210096
:109f2000411c980061032000888040008008780070
:109f300080002000201c98008002200008004000c3
:109f40008ffc0700c70137003007200010ac9800d5
:109f500082cc2c00131020000000eb00e804440029
:109f6000270d2000888343008000d00099804000a6
:109f7000960180000202780004f0a4008382d200df
:109f800005d0fe001402780006d0fe008408780098
:109f90000000e80062014100e0814900970f1000d5
:109fa000f1ff3c00f002200020ac9800700120007e
:109fb00020a49800c2822d00131020000000eb00a6
:109fc000ea044400470d2000888343008000d0004d
:109fd00099804000960180000202780004f0a400fd
:109fe0008382d20005d0fe001402780006d0fe0065
:109ff000840878000000e80062014100e081490027
:10a00000970f1000f1ff3c001000200010b49800e2
:10a01000c10e2000888040008008eb00411f200016
:10a020000114980001082700211498002103200042
:10a030001114980030b498002100200041b4980019
:10a0400050b49800f001200040ac980022fb25009d
:10a05000131020000000eb00fa044400870d2000dc
:10a06000888343008000d0009980400096018000e2
:10a070000202780004f0a4008382d20005d0fe0022
:10a080001402780006d0fe00840878000000e80082
:10a0900062014100e0814900970f1000f1ff3c0090
:10a0a000006a2000302c9800402c9800f02b2700ec
:10a0b000202c98000000eb00a103200088804000c5
:10a0c000800878006011b8000234980013349800ba
:10a0d000427b2700e300200042349800533498006c
:10a0e000d209200003002000223498003334980065
:10a0f00061662200013c9800b1aa2100411c980031
:10a1000061032000888040008008780080002000e3
:10a11000201c9800800220000800400018fc070066
:10a1200020102000080040001030a1004d01370031
:10a13000a2122c00131020000000eb00e8044400e1
:10a14000070c20008000d00099804000960180001c
:10a150000202780004f0a4008382d20005d0fe0041
:10a160001402780006d0fe00840878000000e800a1
:10a1700062014100e0814900870f5000f1ff3a0081
:10a18000000c200010ac98001000200010b49800c3
:10a19000c10e2000888040008008eb00411f200095
:10a1a0000114980020149800510020001114980008
:10a1b00030b498004100200041b4980050b4980099
:10a1c00062202d00131020000000eb00fa04440070
:10a1d000970420008000d000998040009601800004
:10a1e0000202780004f0a4008382d20005d0fe00b1
:10a1f0001402780006d0fe00840878000000e80011
:10a2000062014100e0814900870f5000f1ff3a00f0
:10a210009004200040ac9800c0f52000003c98005d
:10a2200020a82100302c9800402c9800f02b27000b
:10a23000202c98000000eb00a10320008880400043
:10a24000800878006011b800023498001334980038
:10a25000125a210023012000423498005334980000
:10a26000e2072000030020002234980033349800d5
:10a27000c10620008880400080087800b1aa210033
:10a28000411c98006103200088804000800878000d
:10a2900080002000201c9800800220000800400060
:10a2a000b7fb0700ef003700000c200010ac98004f
:10a2b000a2122c00131020000000eb00e804440060
:10a2c000270d2000888343008000d0009980400043
:10a2d000960180000202780004f0a4008382d2007c
:10a2e00005d0fe001402780006d0fe008408780035
:10a2f0000000e80062014100e0814900970f100072
:10a30000f1ff3c00f002200020ac9800700120001a
:10a3100020a49800c2822d00131020000000eb0042
:10a32000ea044400470d2000888343008000d000e9
:10a3300099804000960180000202780004f0a40099
:10a340008382d20005d0fe001402780006d0fe0001
:10a35000840878000000e80062014100e0814900c3
:10a36000970f1000f1ff3c001000200010b498007f
:10a37000c10e2000888040008008eb00912320005f
:10a38000011498000108270021149800910320006f
:10a39000111498002100200041b4980050b4980096
:10a3a00062202d00131020000000eb00fa0444008e
:10a3b000970420008000d000998040009601800022
:10a3c0000202780004f0a4008382d20005d0fe00cf
:10a3d0001402780006d0fe00840878000000e8002f
:10a3e00062014100e0814900870f5000f1ff3a000f
:10a3f0009004200040ac9800007e2000302c980093
:10a40000402c980010042700202c98000000eb003e
:10a41000a103200088804000800878006011b80007
:10a420000234980013349800428e2b00230220003f
:10a430004234980053349800920620000300200014
:10a440002234980033349800d1cc2000013c98008d
:10a4500051552300411c9800610320008880400072
:10a460008008780080002000201c980080022000d6
:10a470000800400042fb07002010200008004000b8
:10a480001030a10077003700a003200010ac980026
:10a49000a2742d00131020000000eb00e80444001b
:10a4a000270d2000888343008000d0009980400061
:10a4b000960180000202780004f0a4008382d2009a
:10a4c00005d0fe001402780006d0fe008408780053
:10a4d0000000e80062014100e0814900970f100090
:10a4e000f1ff3c00f002200020ac98007001200039
:10a4f00020a49800c2822d00131020000000eb0061
:10a50000ea044400470d2000888343008000d00007
:10a5100099804000960180000202780004f0a400b7
:10a520008382d20005d0fe001402780006d0fe001f
:10a53000840878000000e80062014100e0814900e1
:10a54000970f1000f1ff3c001000200010b498009d
:10a55000c10e2000888040008008eb0011da210045
:10a56000011498000187200021149800c1042000e4
:10a570001114980040b4980050b4980010042000c2
:10a5800040ac980082552d00131020000000eb0015
:10a59000fa044400870d2000888343008000d00027
:10a5a00099804000960180000202780004f0a40027
:10a5b0008382d20005d0fe001402780006d0fe008f
:10a5c000840878000000e80062014100e081490051
:10a5d000970f1000f1ff3c00006a2000302c98001b
:10a5e000402c9800f02b2700202c98000000eb0056
:10a5f000a103200088804000800878006011b80026
:10a60000023498001334980062962300330020002f
:10a610004234980053349800f216200003002000c2
:10a620002234980033349800d1cc2200013c9800a9
:10a6300051d52100411c9800610320008880400012
:10a640008008780080002000201c980080022000f4
:10a6500008004000cafa070020102000080040004f
:10a660001030a100080db000000ceb004f0778007f
:10a670004f06be004f05be004f04be008f01b10063
:10a680000000060000f0a7000000ea00910f100093
:10a6900012003d0011019000800f51000f003c009e
:10a6a000a10190006113b9004f9ade0006834100ba
:10a6b00087034a006102b900840f5300858f5b0055
:10a6c0000200340090009800020037000182e80088
:10a6d000028a41006a8140000009eb00800878008e
:10a6e0006a81400012007800c10190000009e80072
:10a6f000830f50000b0035000100780031019000fd
:10a7000050011100020878004240a90005003c00f9
:10a710000000eb000181e800000978006a81400038
:10a720000009780011009000000006000f03b0003f
:10a73000889fbe008a9fbe008c9fbe008e1f78003f
:10a7400000047800c1b79f0082b79f000000eb00b3
:10a75000e600410080087800f2004100800878009f
:10a76000fe00410080087800201020000800400012
:10a770001000a100cfb09700310090000000e00071
:10a780000c0134000001eb00d2b79f0043fc2f0006
:10a790008381470083bf9f000380e8006101b80008
:10a7a000a2b79f00b3b79f00a10c20008880400093
:10a7b0001100e80080087800f1052000810f5000aa
:10a7c00003003400a00c2000080040000008eb004b
:10a7d00058a090000000d0009800900001004000b8
:10a7e000dfb197008300d0004fb197009280400006
:10a7f00011087800e10c2000888040001100e8007a
:10a8000080087800c8b09000810f5000d500350056
:10a81000e00c2000080040000008eb00c10c200004
:10a82000888040001100e80080087800c8a89000e7
:10a83000810f500003003500c00c200008004000cc
:10a840000008eb00010d2000888040001100e800a6
:10a8500080087800d8b090008001eb0093b79f008b
:10a86000810f500005003500000d20000800400059
:10a870000008eb001000200090b79f0078b890000f
:10a88000800040004240a900220034000005eb0097
:10a890008a047800ed0e2000888646004b0d2000cb
:10a8a00088854500ac0c2000080646008fb997004b
:10a8b0006119b800e2b79f00f3b79f00ee0f2000c8
:10a8c000080747008a01d000580190009c007800da
:10a8d000180090009d0278001b02780082814100e0
:10a8e0000206200048ac0200010000008900d000f0
:10a8f0006fb1970082804000800878001b054500fa
:10a900008904e8001e00780080004000898f500014
:10a91000ecff3c000000e0002f0034008000eb0062
:10a920008fb99700611eb8004afd2f000f05450042
:10a930008005eb0088037800610ab900422cdd0035
:10a94000ce24de00890474004224dd000c034400a0
:10a95000160378002fb19700020444001804780011
:10a9600088c4b90086b3b9000603440045b3de00cd
:10a970000402420085824a000402450085824d009f
:10a98000060a78006134b9000804440089844c0048
:10a990000280260013102000080441008984490029
:10a9a0009501800008f0a4008984d20009d0fe003f
:10a9b0001804780005d0fe00080a78008100e8003d
:10a9c000808f5000dcff3a00070478000200be00d0
:10a9d000e0af9f00f1af9f00afac9700e8a0900000
:10a9e0008100d0002800900000804000bfa89700a0
:10a9f000018854009fb097000100e0002100320060
:10aa00000fb19700e60641001d0778000e00d00048
:10aa100012004000e0b79f008a0d200008054500a5
:10aa20001a017800cb0c2000888545009b00780037
:10aa3000640644001c007800d5ff2f000202780055
:10aa4000d809900048ac020001000000efb1970067
:10aa5000800978008e0ee8001a057800dfae9700b6
:10aa60001b0045000000d0001c004000cfa897004c
:10aa70000d88500018b09000e10f500013003c000a
:10aa800040003700830d20008881410013027800c8
:10aa90005fa89700c20c200008014100920242000a
:10aaa0008502d000e4004400918242004fab970041
:10aab000800a530013024200120142000201d0003a
:10aac0009100410080885400260037008fb0970025
:10aad0006c804000f28540001b0678000c07d00017
:10aae0001007470048a9900068a390008a00d00092
:10aaf0002800900000804000d5ff2f00020278005f
:10ab0000d80990008600780048ac020001000000df
:10ab1000000f78008c0de8001a0037000fb1970085
:10ab200078004100fe044100990578000b06d00032
:10ab30001006460048a99000e8a090000a05d00041
:10ab40002800900000004500d5ff2f000202780089
:10ab5000d809900048ac020001000000000e780007
:10ab60008b0ce800dfb197008301e800d3b79f00aa
:10ab7000cfb0970031009000830f50000aff3c00d7
:10ab80000c00370048a8900000054500e8a09000a0
:10ab9000810045008100d000280090000080400026
:10aba0000d88540018b09000e20f5000edff340003
:10abb000daff37004f0778004f06be004f05be0092
:10abc0004f04be000f03b10000000600af02b0004a
:10abd000889fbe008a9fbe008c9fbe008e1f78009b
:10abe000000478008105780082af9f000000eb0030
:10abf000e600410080087800ec004100d1a79f00ea
:10ac0000f200410080087800201020000800400079
:10ac10001000a1003b0090000000e000980134000b
:10ac20000005eb00a90c200088844400e20d200000
:10ac30000201440092b79f000e0e20000807470053
:10ac4000ed0c200088864600830e2000830144001e
:10ac500083b79f001900e800800c7800f105200000
:10ac6000810f500001003400800ceb009900780047
:10ac70001fb3970016805000000f780002003b00c1
:10ac800007062000070f40008100d0001800900048
:10ac9000808040000a00d0001b004000900878002f
:10aca0001d00e800800e78008fb09700910f5000d3
:10acb0006f013a00800eeb00c10c2000888040003c
:10acc0001100e80080087800110a2000810f500070
:10acd00003003400c00c2000080040000008eb0016
:10ace000e20e20000201440082bf9f00430d2000bd
:10acf00083014400f3b79f009900780008067800ac
:10ad00005c007800920278001302780098099000a5
:10ad10000206200048ac020001000000d0b79f00ee
:10ad2000990078001c0078000fbb9700960278000d
:10ad3000ffb3970017027800a809900002062000d0
:10ad400048ac020001000000a0b79f009900780005
:10ad50001c0078000fb9970092027800ffb19700ad
:10ad600013027800b80990000206200048ac0200e7
:10ad700001000000e0b79f00990078001c007800f7
:10ad80000fbb970096027800ffb397001702780078
:10ad9000c80990000206200048ac02000100000033
:10ada0000006780058a8900041062000810f50004e
:10adb0000d003200efb097008089b900b147210043
:10adc0000192b900c3a9de004f91de00028151005b
:10add000e2b79f0080e0b9000181b900c398de00ae
:10ade0004f80de0000865000afb197008399b90014
:10adf0005fb3970086b0b900000041004580de00d7
:10ae00008ce2b900efb3970087b9b90002024200a3
:10ae100045a2de0068a190000201d000a8009000c9
:10ae200001014100cf80de00000040008180480029
:10ae300003802600b3b79f0016102000c6b79f00fe
:10ae40003fb39700cfb397000000430081804b00d1
:10ae5000cfa2de000402420085824a00830378000c
:10ae6000b7af9f00cfb19700c3af9f003fb397002c
:10ae7000cfb397000402430085824b00930180000a
:10ae800000f0a4008180d20001d0fe001000780004
:10ae900003d0fe009101800004f0a4008582d2005e
:10aea00005d0fe001402780001d0fe000409500015
:10aeb000010d2000888040001100e8008008780023
:10aec000d8b09000810f500017003a008fab970068
:10aed000e6834300f7b79f001700780080bf9f000c
:10aee000800078000100d0000fa9970012004000f8
:10aef000d0af9f00e8a0900028009000d5ff2f0061
:10af000048aa9000d8099000220a200048ac02000c
:10af100001000000dfa99700800978008fbb97002f
:10af20007fb39700070be80018b09000e10f5000c6
:10af3000c8003400180091000018a3003e00320041
:10af4000000f200000004400a0af9f00610d200012
:10af50008100440091af9f009e00780008017800b6
:10af600052007800d2af9f00afa9970093027800fb
:10af70001fab970016027800f8019000020620002f
:10af800048ac020001000000dfb39700070040005a
:10af900080bf9f009e0078005fa997001200780094
:10afa000afa99700930278001fab970016027800b4
:10afb000880990000206200048ac02000100000051
:10afc000afb3970007004000f0b79f009e007800e5
:10afd0005fa9970012007800afa99700930278004c
:10afe0001fab970016027800d801900002062000df
:10aff00048ac020001000000efb3970007004000da
:10b00000a0b79f009e0078005fa99700120078000b
:10b01000afa99700930278001fab97001602780043
:10b02000e80190000206200048ac02000100000088
:10b030000c00400031003700070f20008703440058
:10b04000e7b79f00600d200000004400d0b79f00cc
:10b0500099007800080678005c0078009702780074
:10b060005fb1970012027800f801900002062000fc
:10b0700048ac02000100000080bf9f0099007800ea
:10b080001c007800efb19700930278005fb397003f
:10b0900016027800880990000206200048ac0200e1
:10b0a00001000000f0b79f00990078001c007800b4
:10b0b000efb39700970278005fb197001202780013
:10b0c000d80190000206200048ac020001000000f8
:10b0d000a0b79f00990078001c007800efb197009e
:10b0e000930278005fb3970016027800e8019000a1
:10b0f0000206200048ac02000100000068a9900090
:10b10000afb3970082bab900b147210001a3b900db
:10b11000c3b9de004fa2de00048251008281b90073
:10b120000190b900c388de004f91de00028150001b
:10b130007fb097008083b9008fb897008188b900ed
:10b14000000043004580de008291b90084a2b9006e
:10b150000402410045a2de0068a190000201d00077
:10b16000b800900001014100cf80de0000004000e7
:10b170008180480003802600e3af9f001610200066
:10b18000f6af9f006fab9700ffab97000000430046
:10b1900081804b00cfa2de000402420085824a007b
:10b1a00083037800e7a79f00ffa99700f3a79f00fc
:10b1b0006fab9700ffab97000402430085824b0002
:10b1c0009301800000f0a4008180d20001d0fe0035
:10b1d0001000780003d0fe009101800004f0a4006c
:10b1e0008582d20005d0fe001402780001d0fe0056
:10b1f0000409500088a8900058b09000808f50003b
:10b200001b003a00dfa39700668643001c0078000d
:10b2100080bf9f00800078000100d0001700400030
:10b22000f0b79f00e8a0900038009000d5ff2f00f5
:10b2300048aa9000d8099000220a200048ac0200d9
:10b24000010000007fb19700000978008fb99700d6
:10b25000030ee800d8b0900008a89000808f50003e
:10b2600003003a00000d2000080040000008eb0039
:10b270000a05e8003b0090008a0f500075fe3c0074
:10b280004f0778004f06be004f05be004f04be00ba
:10b29000af02b10000000600f0874700889fbe00a3
:10b2a0008a9fbe008c9fbe008e1f780080057800ac
:10b2b00001047800201020000b0040001000a100c5
:10b2c000380090008006eb000000e0007f003400b2
:10b2d0000d0078008d0478008a0c20000b054500d5
:10b2e0002e1020000b0747006c0e20000b064600b6
:10b2f000c10e200081804500d1b79f00220d2000a3
:10b3000002814500a2b79f009a00e800010d780075
:10b31000f20b2000828f500001003400000deb0082
:10b320006149b90002014100838149009a00d000bf
:10b330009b804000180241009408780018014100e9
:10b34000f17f2000928f100001003a001e00a00043
:10b350000000e8009c0f100058003a006168b90036
:10b360000001400081814800f2b79f0083bf9f0029
:10b3700098014100e3b79f009a0078005fb0970002
:10b38000900278002fb1970012027800cb01900054
:10b39000020c20001b00780048ac020001000000f5
:10b3a000efb1970080097800fc8045007fb19700dd
:10b3b0001800410010007800b2fc0700e0b79f00c1
:10b3c000ffb1970098814100f3b79f00800078009b
:10b3d0004708de008000eb0000004000818048004c
:10b3e00062842b00b2b79f0013102000c3b79f00e8
:10b3f0003fb19700cfb19700000041008180490024
:10b400009201800000f0a4008180d20001d0fe00f3
:10b410001000780002d0fe0080007800ffb1970095
:10b42000130078008eab020001000000ffb097000f
:10b4300080087800005327006fb19700800f5100fb
:10b440000e003400dfb197001300e8008009780097
:10b45000fe80450011017800cf11de00028141001d
:10b460008288d100f00f500012003400000120004b
:10b47000dfb09700800878000e003700f0702200df
:10b480006fb19700800f51000a003c00dfb19700b8
:10b490001300e90080097800fe8045001101780062
:10b4a00082084100f00f400002003d0000ff2f0025
:10b4b000800978008d06e8000000eb008904e800b0
:10b4c000b8009000898f50008fff3c003d04980029
:10b4d0004f0778004f06be004f05be004f04be0068
:10b4e0000f01b10000000600ef0db000889fbe0004
:10b4f0008a9fbe008c9fbe008e1f7800800578005a
:10b5000001047800000320003004980098037800bc
:10b510000000eb0061f12f008f804000610ab8004d
:10b52000060320008b0478006101b900020141008c
:10b530008381490084004100028143009208780021
:10b540000000e800860f5000f7ff3a00c4af9f00ec
:10b55000d5af9f0089057800201020000b00400027
:10b560001000a1001ba890000008a30005003200f5
:10b570000080d100e0af9f008001e800f3af9f00a2
:10b58000030037000080d100f0af9f00e0af9f00c4
:10b59000380090000006eb000000e000ba00340024
:10b5a000ecb79f00890c20008b8444002110200000
:10b5b00081804500b1af9f00ca0e20000b054500f9
:10b5c0006881450092b79f00fc81450083b79f00ca
:10b5d0001900e800800c7800f10b2000810f50006a
:10b5e00001003400800ceb00cfa89700010046005a
:10b5f000100078009900d0009b80400080087800ff
:10b60000f17f2000810f500002003a003fa997000f
:10b610001200a0006160b900000140008181480073
:10b62000f2b79f0083bf9f00980641009900780001
:10b630009a0278007faa97001fb0970090017800c7
:10b64000020c20001b00780006ac02000100000084
:10b65000800e7800ffb09700188040008fb09700f0
:10b660001000780007fc0700800678007fb1970083
:10b67000180741004768de008000eb000000400032
:10b680008180480063842b00c3b79f001210200004
:10b69000d2b79f004fb19700dfb197000000410083
:10b6a000818049009201800000f0a4008180d200d6
:10b6b00001d0fe001000780002d0fe00800078006b
:10b6c0001e0078008eab020001000000000f780021
:10b6d00000532700808f56000c0034001a00e80049
:10b6e000000d7800fe80450011017800cf11de00ca
:10b6f000028141008288d100f00f50000f00340019
:10b7000000012000000d78000c003700f0702200ce
:10b71000808f560009003c001a00e900000d7800f7
:10b72000fe8045001101780082084100f00f4000c2
:10b7300002003d0000ff2f00000d78000c0778008c
:10b740000e00e800cf80de0000014000818148004b
:10b75000f2b79f0083bf9f00180641009900e800e0
:10b760009a0278006faa97001fb097009081e800b6
:10b77000020c20001b00780006ac02000100000053
:10b78000000e7800ffb09700188040008fb097003f
:10b7900010007800bbfb0700000678007fb197001f
:10b7a000980641004760de008000eb00000040008a
:10b7b0008180480063842b00a3b79f0012102000f3
:10b7c000b2b79f002fb19700bfb1970000004100b2
:10b7d000818049009201800000f0a4008180d200a5
:10b7e00001d0fe001000780002d0fe00800078003a
:10b7f0001d0078008eab020001000000800e780072
:10b8000000532700800f56000c0034001a00e80097
:10b81000000d7800fe80450011017800cf11de0098
:10b82000028141008288d100f00f50000f003400e7
:10b8300000012000000d78000c003700f07022009d
:10b84000800f560009003c001a00e900000d780046
:10b85000fe8045001101780082084100f00f400091
:10b8600002003d0000ff2f00000d78000e86e8006a
:10b87000efb197008301e800e3b79f003800900024
:10b88000830f500052ff3c003c0498004f077800a3
:10b890004f06be004f05be004f04be00ef0db100c5
:10b8a00000000600f2874700889fbe008a9fbe0006
:10b8b0008c9fbe008e1f78000004be0092b79f00d0
:10b8c000660041000008eb00390090000000e00035
:10b8d0008d0034000005eb008002200000004400d1
:10b8e000c0b79f00cc022000080646002e032000af
:10b8f00008074700a105200081004400b1b79f0060
:10b900004205200002014400a2b79f004fb09700fb
:10b91000aecd0200010000006150b90000024000fd
:10b9200081824800f4b79f0085bf9f009c0078008b
:10b9300019004200100078008eab020001000000e8
:10b94000800578009e007800ffb2970019804200c1
:10b95000100078008eab020001000000800078002b
:10b960000b0078008eab0200010000003fb397008f
:10b97000000b78002fb097009eab02000100000082
:10b98000010620008880400011027800910290009a
:10b990004f83de000401400085014b008288be0019
:10b9a00048329000d8329000840f5100858f5900a2
:10b9b00005003c0060021200e0821a00840f510072
:10b9c000858f590003003d006011b80002349800d3
:10b9d0001334980038319000883090008191b9007c
:10b9e00018329000a831900083a2b90004014100f0
:10b9f000011ab80085024100c4a9de00d3b79f0038
:10ba00004fabde00e6b79f008306780088389000d1
:10ba10008eab020001000000a103200088804000de
:10ba20008d084000e10c2000888040001100e800f3
:10ba300080087800c8b09000810f50002e003500bb
:10ba4000e00c2000080040000008eb00c10c2000c2
:10ba5000888040001100e80080087800110a20006a
:10ba6000810f500003003400c00c2000080040008b
:10ba70000008eb0068a090000000d000a800900033
:10ba8000010040000b087800010d20008880400074
:10ba90001100e80080087800d8b09000810f5000b5
:10baa00015003500000d2000080040000008eb00e4
:10bab0001fb09700e60540009b0678000d00d000ff
:10bac0009fb0970011004000f0b79f00e8a09000e1
:10bad000280090008002eb0048aa9000d80990004e
:10bae000220a200048ac0200010000007fb197004c
:10baf000000978008d0de8000a05e8003900900083
:10bb00008a0f500081ff3c004f0778004f06be00af
:10bb10004f05be004f04be002f01b100000006001b
:10bb20004780de00c788de000000e0002600350008
:10bb3000f003b2000100e000110035004600dd0016
:10bb4000f103b20001004000cf80de0000004000a1
:10bb500081804800028c2a0003102000000141006f
:10bb6000818149009401800002f0a4008381d20009
:10bb700003d0fe001201780004d0fe003a00370026
:10bb80000101ea00f203b2004611dd0000014100ac
:10bb9000cf91de000201410083814900048c2a001c
:10bba000051020000201420083814a0091018000bb
:10bbb00002f0a4008381d20003d0fe0012017800bd
:10bbc00001d0fe00280037000000ea00f003b200b8
:10bbd0000100e00012003500f103b2004609dd006b
:10bbe00000014100cf91de00020141008381490044
:10bbf000008c2a00011020000200400083804800d1
:10bc00009301800000f0a4008180d20001d0fe00ea
:10bc10001000780003d0fe00000178001200370009
:10bc20008100ea004600dd00f103b200010140009e
:10bc3000cf91de000201410083814900008c2a007f
:10bc40000110200002004000838048009301800022
:10bc500000f0a4008180d20001d0fe001000780026
:10bc600003d0fe000001780002007800000006000a
:10bc7000f0874700889fbe008a9fbe008c9fbe0051
:10bc80008e1f780000047800010578002010200045
:10bc9000080040001000a1003a0090000000e00001
:10bca000b80034008005eb008c0c2000080646002c
:10bcb0002010200000004400a0b79f00290c2000a5
:10bcc00088844400c10e200081004400c1b79f0059
:10bcd000220d200002014400b2b79f001c00e800c2
:10bce000000e7800f10b2000810f5000010034009d
:10bcf000000eeb006158b90000024000818248004c
:10bd0000f4b79f0085bf9f001c00d00018004000c2
:10bd10009a00420011087800ffb297009a80420012
:10bd2000f07f2000910f100002003a002fb0970022
:10bd30001000a0000b08a3000c003200ffb0970019
:10bd40009a864000d8a09000180090008002eb0076
:10bd500028aa9000d8019000020620008aac0200b8
:10bd600001000000800e7800820037001900e80012
:10bd7000800c780071022000810f50000100340017
:10bd8000800ceb00990678009c0078004fb197007a
:10bd900092027800bfb1970013027800c8019000aa
:10bda000020c20001800780048ac020001000000de
:10bdb0006169b9009203b0000380b0000201410044
:10bdc0008381490082064400800e7800fc00440014
:10bdd00019017800cf91de009203b0000380b0001b
:10bde00002014100838149000200440010007800f4
:10bdf00024fa070080067800190178004768de0001
:10be00008000eb00000040008180480064842b002b
:10be1000d4b79f0015102000e5b79f005fb29700d0
:10be2000efb297000000420081804a00cf91de000f
:10be30009203b0000380b0000201410083814900f9
:10be4000020744009201800000f0a4008180d2002b
:10be500001d0fe001000780002d0fe0080007800c3
:10be60001e0078008eab020001000000000f780079
:10be700000532700808f56000d003400cfb297008a
:10be80001500e800800a7800fe00440011017800e7
:10be9000cf11de00028141008288d100f00f5000f6
:10bea0001100340000012000800a78000e003700e5
:10beb000f0702200808f56000b003c00cfb097003e
:10bec0001100e90080087800fe00440011017800ac
:10bed00082084100f00f400003003d0000ff2f00ea
:10bee0004fb197000009780028a0900019001000b9
:10bef00001003b008002b000ffb197009a80410032
:10bf00006101b9009203b0000380b000020141005a
:10bf1000838149000200440090087800a10c2000b1
:10bf2000888040001100e80080087800f1052000ba
:10bf3000810f500003003400a00c200008004000d6
:10bf40000008eb0058a090000000d000980090007e
:10bf50000100400019017800cf91de009203b0008b
:10bf60000380b00002014100838149008200440047
:10bf7000110878008b05e8003a0090008b0f500004
:10bf800056ff3c004f0778004f06be004f05be002d
:10bf90004f04be000f01b10000000600fa87470001
:10bfa000889fbe008a9fbe008c9fbe008e1f7800b7
:10bfb0000004be00e2af9f00660041000008eb00f5
:10bfc000390090000000e000c80034000005eb00dc
:10bfd000800220000000440090b79f002b03200047
:10bfe00088854500c102200081004400a1b79f0060
:10bff000a20520000201440082b79f0043052000f3
:10c0000083014400f3af9f001fb09700aecd020044
:10c01000010000006152b900f4b79f0085bf9f0086
:10c020000400420085804a00d0b79f00e1b79f001e
:10c030009b0078005fb19700190041001000780064
:10c040008eab020001000000000678007fb297006e
:10c050008fba970061004200e0804a000001400072
:10c0600081814800f2b79f0083bf9f00afb1970066
:10c070009300ea0019004100100078008eab020026
:10c0800001000000000656007fb2970099004200b0
:10c090001b007800910078008eab020001000000c8
:10c0a00080067800afb297009500ea005fb3970072
:10c0b00019004300100078008eab02000100000060
:10c0c0008d0640000c00be0095fe07008fb0970063
:10c0d000800878007fa897009eab02000100000056
:10c0e0000106200088804000110278009102900033
:10c0f0004f83de000401400085014b008288be00b2
:10c1000048329000d8329000840f5100858f59003a
:10c1100003003400043498001534980007003700f9
:10c1200060021200e0821a00840f5100858f5900ce
:10c1300002003d0004349800153498003831900016
:10c14000883090008191b90018329000a831900099
:10c1500083a2b90004014100011ab8008502410020
:10c16000c4a8de00b1b79f004fa9de00c2b79f0090
:10c1700001077800883890008eab020001000000b3
:10c18000a1032000888040008e084000c10c2000e0
:10c19000888040001100e80080087800c8b0900056
:10c1a000810f50004d003500c00c200008004000f9
:10c1b0000008eb00e10c2000888040001100e8003e
:10c1c00080087800110a2000810f5000030034001d
:10c1d000e00c2000080040000008eb00e00c20000c
:10c1e000080040001001d000a8009000810041002c
:10c1f0008c0878009000d00038009000008040004b
:10c200000d087800010d2000888040001100e80032
:10c2100080087800d8b09000810f50002f003500c2
:10c22000000d2000080040000008eb00efa9970077
:10c23000e68641001d0778000e00d0001300400084
:10c24000d0af9f00840d200004024400d4b79f00ab
:10c25000fa024400f5b79f00ec0c200008064600e7
:10c260009c007800280090008002eb000403780016
:10c27000160278007fb1970092017800220a200010
:10c2800048ac020001000000dfa997008009780097
:10c290000e07e8008e0e78000e00d0006faa9700ff
:10c2a00014004000d0af9f009c0078003800900040
:10c2b0008002eb005fb39700160278007fb1970011
:10c2c00092017800220a200048ac02000100000020
:10c2d000dfa99700800978008e0ee8000a85e80043
:10c2e000390090008a0f500047ff3c004f0778004c
:10c2f0004f06be004f05be004f04be00af01b100a7
:10c30000000006000f02b000889fbe008a9fbe009a
:10c310008c9fbe008e1f78000004be00e2af9f001d
:10c3200048a890000008a300050032000080d1005a
:10c33000a0af9f000000e800b0af9f0004003700ee
:10c340000080d100b0af9f0080007800a1af9f00b7
:10c350006fa99700660041000008eb0039009000cb
:10c360000000e000ee0034000005eb008302200036
:10c370008301440093b79f002b032000888545006c
:10c38000c402200004024400a4b79f00a5052000b9
:10c390008502440085b79f0046052000060344003f
:10c3a000f6af9f001fb09700aecd02000100000065
:10c3b0006150b900f0b79f0081bf9f0000014000ad
:10c3c00081814800d2b79f00e3b79f009b007800af
:10c3d00019004100100078008eab0200010000003f
:10c3e000000678007fb297008fba97006100420084
:10c3f000e0804a000001400081814800f2b79f00c0
:10c4000083bf9f00afb197009300ea00190041007d
:10c41000100078008eab02000100000000065600fc
:10c420007fb29700990042001b00780091007800cd
:10c430008eab02000100000080067800afb29700ca
:10c440009500ea005fb397001900430010007800e0
:10c450008eab0200010000008d0640000c00be0003
:10c46000affd07008fb09700800878007fa8970085
:10c470009eab020001000000010620008880400001
:10c4800011027800910290004f83de000401400009
:10c4900085014b008288be0048329000d83290005f
:10c4a000840f5100858f5900030034000434980034
:10c4b000153498000700370060021200e0821a006d
:10c4c000840f5100858f590002003d00043498000c
:10c4d0001534980038319000883090008191b9006f
:10c4e00018329000a831900083a2b90004014100e5
:10c4f000011ab80085024100c4a8de00b1b79f0050
:10c500004fa9de00c2b79f0001077800883890006d
:10c510008eab020001000000a103200088804000d3
:10c520008e084000c10c2000888040001100e80007
:10c5300080087800c8b09000810f5000740035006a
:10c54000c00c2000080040000008eb00e10c2000b7
:10c55000888040001100e80080087800110a20005f
:10c56000810f500003003400e00c20000800400060
:10c570000008eb00e00c2000080040001001d00093
:10c58000a8009000810041008c0878009000d00045
:10c5900038009000008040000d087800010d200058
:10c5a000888040001100e80080087800d8b0900032
:10c5b000810f500056003500000d2000080040009b
:10c5c0000008eb00efa99700e68641001d02780005
:10c5d000d4b79f000400d00013004000d0af9f00ec
:10c5e0007a074400ec0c2000080646009c00780006
:10c5f000e4024400f5b79f00150078008002eb00cc
:10c600003faa97009e017800220a200006ac020093
:10c61000010000005fab9700000b78005fb097004f
:10c620000000e800d0b79f00800e7800dfb09700d0
:10c630000100d0006fa9970012004000c0af9f001a
:10c640009c007800e6014400d3af9f0013007800ff
:10c650008002eb003faa97009e017800220a20008a
:10c6600006ac0200010000004faa9700000a780003
:10c67000dfb297008502e800d5b79f00850e7800ed
:10c680000500d0006fab970016004000c0af9f00c0
:10c690009c00e8007fb19700120078008002eb0058
:10c6a0002faa97009e81e800220a200006ac020013
:10c6b00001000000cfa99700800978005fb29700c1
:10c6c0000402e800d4b79f00840e78000400d00074
:10c6d000efaa970015004000f0b79f009c00e8000b
:10c6e0005fab9700160078008002eb002faa97003e
:10c6f0009e81e800220a200006ac02000100000032
:10c70000ffb09700800878005fb19700820ee800c4
:10c710000a85e800390090008a0f500021ff3c0094
:10c720004f0778004f06be004f05be004f04be0005
:10c730000f02b10000000600ec874700889fbe0092
:10c740008a9fbe008c9fbe008e1f78000004be0032
:10c7500020102000080040001000a10008009100f7
:10c76000e10f500017003a000010200008004000c0
:10c770000008eb0058b890000000e00001003d0008
:10c78000670040004380de00810f20008880400069
:10c79000110010008008780003003b00800f20008b
:10c7a000080040000008eb0068b89000c8b890008e
:10c7b000808f500003003500810f200088804000ea
:10c7c0008008e90098a8900048b890008088b900d7
:10c7d00080007800390090000000e0003a0034004a
:10c7e0008005eb008a0c2000080545002010200081
:10c7f00000004400c0b79f00c20e200002014400a8
:10c8000082bf9f00230d200083014400f3b79f00e7
:10c810006108b9000001400081814800d2b79f0043
:10c82000e3b79f001a00e800000d7800f10b20002c
:10c83000810f500001003400000deb00615eb90073
:10c840000c0646008d864e001a00d00018004000ed
:10c85000990046001108780099004600f07f2000fa
:10c86000910f100002003a00cfb197001300a00012
:10c8700019074600c80190009a0078000fb8970089
:10c88000900278007fb19700120278005fb09700a5
:10c8900080814100020c20001800780048ac0200a2
:10c8a00001000000000f7800fc004400190646005b
:10c8b0001c00780073f707008b05e8003900900032
:10c8c0008b0f5000d7ff3c004f0778004f06be008b
:10c8d0004f05be004f04be00cf00b10000000600af
:10c8e000ec874700889fbe008a9fbe008c9fbe00d9
:10c8f0008e1f780000047800810578003b009000ce
:10c900008000eb00c1b79f000000e0007800340019
:10c91000010578008e02200008074700cd022000a4
:10c9200088864600a405200004024400e4b79f0066
:10c930004505200085024400d5b79f000906200068
:10c94000888444000e007800aecd02000100000093
:10c950009d0078000a00d0001b0040001000780005
:10c960008eab020001000000efb097008008780055
:10c970005fb097009eab0200010000001902780032
:10c9800099029000cf80de000401400085814800bc
:10c99000828cbe0048329000d8329000840f510043
:10c9a000858f590002003400848cbe0006003700d9
:10c9b00060021200e0821a00840f5100858f590036
:10c9c00001003d00848cbe00383190009900780051
:10c9d0008191b90018329000a831900083a2b9006b
:10c9e00004014100011ab80085024100c4a8de001c
:10c9f000f1b79f00cfa8de0081bf9f007fb69700f0
:10ca0000883890008eab020001000000a1032000d6
:10ca1000888040008c084000e20c200008014100a2
:10ca20009200e8000109780048b19000828f500020
:10ca30002b003500e10c2000888040008008eb00ce
:10ca4000c20c2000080141009200e80001097800b2
:10ca5000120a2000828f500003003400c10c200015
:10ca6000888040008008eb00e8a090008100d000a2
:10ca7000280190008280400080087800010d20008d
:10ca8000888040001100e80080087800d8b090004d
:10ca9000810f500012003500000d200008004000fa
:10caa0000008eb004fb297000406d0001b064600ba
:10cab000e8a0900028009000c5ff2f0048aa900031
:10cac000d8099000220a200048ac020001000000b2
:10cad000000e7800cfb297008502e800c5b79f002e
:10cae0000a05e8003b0090008a0f500095ff3c00cb
:10caf0004fb09700b00598004f0778004f06be0072
:10cb00004f05be004f04be00cf00b100000006007c
:10cb10001600fa00889fbe008a9fbe008c9fbe0050
:10cb20000005be000204be0084007800850678007f
:10cb300006067800400f20000a0040001060a000a8
:10cb40000e00780088900200010000000a00090031
:10cb5000be1c78006901b1006e01b100d042200016
:10cb600000004400c1c0b30090cf100018003a008c
:10cb7000728044001010a00048409000805498003b
:10cb8000d84090009154980008007800d080e900c7
:10cb9000010878008980e8008008eb001000e000c0
:10cba0000b0034000000eb008980e8008881e80079
:10cbb00000014400000044006040900040419800a3
:10cbc0001100e80080087800930f1000f8ff3c0087
:10cbd0008b0178000c01780088007800090078004b
:10cbe0000eaf020001000000180090000a0bb00018
:10cbf000cf80de001a1d40001a954800f6874700d6
:10cc0000768557000a000900391d78006a01b100d5
:10cc10006901b1000d0078005e9202000100000081
:10cc2000e04220000004440018a0a1008a07780018
:10cc30004f06be004f05be004f04be000080fa0044
:10cc400000000600f0874700889fbe008a9fbe0054
:10cc50008c9fbe008e1f780080047800020478004c
:10cc60008305780085bf9f00060778008706780057
:10cc70006fad97005fae9700241091000000e000b8
:10cc8000400034002088a900840078007c80570090
:10cc900004940200010000007c80570030017800fd
:10cca000b0017800028cbe00880078004100b0001e
:10ccb000b0187800b0107800100178009001900052
:10ccc000a2009800b30098002088a800880078008f
:10ccd0000a0078004cd9020000000000200f20005c
:10cce000090040001020a1001a0091000008a300d4
:10ccf00004003200400f2000090040001010a00086
:10cd000003003700400f2000090040001010a10070
:10cd1000200f2000090040001010a1000c01780035
:10cd2000880078000a00780052dc02000000000051
:10cd30000d0278008e0178000fb997008c00780002
:10cd40000b007800a4370200010000001b309000a7
:10cd50000000e00003003a002b3090000000e000eb
:10cd600002003200290fb0001910a0002088a9008d
:10cd70005800900098007800fa910200010000002d
:10cd80002088a8004f0778004f06be004f05be0060
:10cd90004f04be000f01b10000000600f0874700fd
:10cda000889fbe008a9fbe008c9fbe008e1f7800a9
:10cdb00000057800020478008305780085bf9f0095
:10cdc0000607780087067800efac97005fae970003
:10cdd000241091000000e000490034002088a900e0
:10cde000840078007c805700049402000100000059
:10cdf0007c80570030017800b0017800028cbe00c2
:10ce0000880078004100b000b0187800b0107800b9
:10ce10001001780090019000a2009800b3009800e3
:10ce20002088a800880078000900780038de020019
:10ce300000000000200f20000a0040001020a10088
:10ce4000190091000008a30004003200400f2000e8
:10ce50000a0040001010a00003003700400f20001f
:10ce60000a0040001010a100200f20000a0040001e
:10ce70001010a100190091000038a3000600320034
:10ce80000c017800880078000900780082e1020037
:10ce900000000000050037000c01780088007800d1
:10cea00009007800cedf0200000000000d027800cb
:10ceb0008e0178000fb997008c0078000b00780085
:10cec000023a0200010000001b3090000000e00068
:10ced00003003a002b3090000000e0000200320016
:10cee0002a0fb0001a10a0002088a9005800900056
:10cef00098007800fa910200010000002088a80044
:10cf00004f0778004f06be004f05be004f04be001d
:10cf10000f01b100000006000800fa00889fbe0063
:10cf20008a9fbe00800478000105780082057800a1
:10cf3000e9a0900050a52a00808f50003d003a00e3
:10cf400015cea800c00c2000090040000008eb002e
:10cf50007080570022b40200010000000000eb00c6
:10cf600000017800f0805700610ab800840040009a
:10cf70001104e000010032000200a0000000e800ff
:10cf8000e80f5000f9ff3a000200e0000e003a00fe
:10cf90006400450061032000e0bc020001000000c5
:10cfa000008dbe008b017800a20320008000eb0002
:10cfb0000a0078007cb5020001000000200f20006c
:10cfc000090040001070a0000000eb000001780094
:10cfd000640245008002eb00840040001104e00080
:10cfe000010032000200a0000000e800e80f50003d
:10cff000f9ff3a000200e00033003a006400450007
:10d0000061032000e0bc020001000000008dbe00b2
:10d010008b017800a20320008000eb000a0078005a
:10d020007cb5020001000000290fb0001970a000bb
:10d0300025003700640445000800780022b402008f
:10d04000010000006103200008007800e0bc02003d
:10d0500001000000008dbe008b017800a2032000bb
:10d060008000eb000a0078007cb50200010000009f
:10d070000000e00010003a00158ea80020032000f8
:10d080000100200058d6020001000000158ea90002
:10d09000200320000100200058d6020001000000fb
:10d0a000158ea800200320000100200058d60200a1
:10d0b00001000000158ea90069289000f928900051
:10d0c00080a4980091a498004f05be004f04be00b4
:10d0d0000080fa00000006000800fa00889fbe00e9
:10d0e0008a1f78000004be0002057800e8a09000c6
:10d0f00050a52a00808f50003b003a00c00c200051
:10d10000080040000008eb006e80570022b40200c7
:10d11000010000000000eb0000017800ee805700e5
:10d12000610ab800840040001104e00001003200f0
:10d130000200a0000000e800e80f5000f9ff3a00ec
:10d140000200e0000e003a00648044006103200009
:10d15000e0bc020001000000808cbe008a01780063
:10d16000a20320008000eb00090078007cb50200db
:10d1700001000000200f2000080040001070a000f7
:10d180000000eb0000017800648244008002eb00a4
:10d19000840040001104e000010032000200a00001
:10d1a0000000e800e80f5000f9ff3a000200e0003c
:10d1b0000d003a006480440061032000e0bc0200de
:10d1c00001000000808cbe008a017800a2032000cc
:10d1d0008000eb00090078007cb50200010000002f
:10d1e000280fb0001870a0004f0578004f04be0053
:10d1f0000080fa0000000600f4874700889fbe0008
:10d200008a9fbe008c9fbe008e1f7800800478002d
:10d21000e2b79f0083bf9f0005077800860678006d
:10d22000070678004fac9700bfad9700241091001f
:10d230000000e0005f0034002088a900840078002e
:10d2400000fe2f000f0040000494020001000000c7
:10d2500000fe2f000f00400030017800b001780080
:10d26000efb097008288be00efb097004100b00099
:10d27000b0187800b010780010017800900190008c
:10d28000a2009800b30098002088a800efb0970093
:10d29000080078004cd902000000000068b090003f
:10d2a000ea0f400004003500200f20000900400074
:10d2b0001020a10003003700200f200009004000cb
:10d2c0001020a000180091000008a3000400320004
:10d2d000400f2000090040001010a000030037009c
:10d2e000400f2000090040001010a1000b01780041
:10d2f000efb0970008007800e6d5020000000000bb
:10d30000200f2000090040001010a10079a8900013
:10d310000000e0001f0034000004eb002a0f200092
:10d3200009054500e90db000f9b79f00800720000e
:10d3300000c0b9008fb9970080844100c621200049
:10d3400006c3b9007641b900020147006c40b9003c
:10d35000808045000c027800868146000900780034
:10d36000a437020001000000193090000000e00026
:10d3700003003a00293090000000e0000100320074
:10d380001a10a0000804e8007fb09700900f140066
:10d39000e6ff3c002088a900efb097005100900004
:10d3a0000101780092007800fa910200010000006b
:10d3b0002088a8004f0778004f06be004f05be002a
:10d3c0004f04be004f01b10000000600f687470081
:10d3d000889fbe008a9fbe008c9fbe008e1f780073
:10d3e00080047800d2b79f0083bf9f00f5b79f00ed
:10d3f00006077800870678003fac97002fae9700ad
:10d40000241091000000e0006d0034002088a90085
:10d4100084007800e0fd2f000f004000049402001b
:10d4200001000000e0fd2f000f00400030017800f7
:10d43000b0017800dfb097008288be00dfb09700af
:10d440004100b000b0187800b010780010017800ea
:10d4500090019000a2009800b30098002088a800d6
:10d46000dfb09700080078004cd9020000000000ef
:10d4700068b09000ea0f400004003500200f200043
:10d48000090040001020a10003003700200f2000f9
:10d49000090040001020a000180091000008a3001f
:10d4a00004003200400f2000090040001010a000ce
:10d4b00003003700400f2000090040001010a100b9
:10d4c0000c017800dfb097000800780096d30200c6
:10d4d00000000000200f2000090040001010a100f3
:10d4e00079a890000000e0002d0034000004eb005b
:10d4f0002b0f200089854500e90db000e9b79f009a
:10d500007640b900ffb197000085410080072000f8
:10d5100000c0b9000fb9970080044100c22120006b
:10d5200002c1b9006c40b900800046000d027800cd
:10d53000820147000a01780009007800a437020040
:10d5400001000000193090000000e00003003a00e4
:10d55000293090000000e000010032001b10a00004
:10d560002a0090000000e00009003d00a07080004b
:10d570004d00de000080ea00610060004d00dd002b
:10d58000a170800001d0a10081007000a17088000e
:10d590000804e800efb19700930f1400d8ff3c0097
:10d5a0002088a900dfb097005100900001017800a9
:10d5b00092007800fa910200010000002088a80083
:10d5c0004f0778004f06be004f05be004f04be0057
:10d5d0006f01b10000000600f2874700889fbe007f
:10d5e0008a9fbe008c9fbe008e1f7800800478004a
:10d5f0000205780083bf9f00050778008606780043
:10d60000070678005fac9700241091000000e0004e
:10d61000580034002088a900840078007e805700dc
:10d6200004940200010000007e8057003001780061
:10d63000b0017800028dbe008a0078004100b00081
:10d64000b0187800b01078001001780090019000b8
:10d65000a2009800b30098002088a8008a007800f3
:10d66000080078004cd902000000000068b090006b
:10d67000ea0f400004003500200f200009004000a0
:10d680001020a10003003700200f200009004000f7
:10d690001020a000180091000008a3000400320030
:10d6a000400f2000090040001010a00003003700c8
:10d6b000400f2000090040001010a1008a007800ef
:10d6c0000800780070e4020000000000200f200035
:10d6d000090040001010a10079a890000000e000af
:10d6e0001e0034000004eb002b0f2000898545004c
:10d6f000e90db000f9b79f008007200000c0b90015
:10d700008fb9970080844100c021200000c0b9007b
:10d710007641b900020147000c0278008081460082
:10d720008a00780009007800a43702000100000098
:10d73000193090000000e00003003a00293090000a
:10d740000000e000010032001b10a0000804e80007
:10d750007fb09700900f1400e7ff3c002088a900dd
:10d760005a0090009a007800fa910200010000002f
:10d770002088a8004f0778004f06be004f05be0066
:10d780004f04be002f01b10000000600f2874700e1
:10d79000889fbe008a9fbe008c9fbe008e1f7800af
:10d7a00080047800010478000205780083bf9f00a0
:10d7b0000507780086067800070678002410910097
:10d7c0000000e000540034002088a90084007800a4
:10d7d0007e80570004940200010000007e80570004
:10d7e00030017800b0017800028dbe008a00780018
:10d7f0004100b000b0187800b01078001001780037
:10d8000090019000a2009800b30098002088a80022
:10d810008a0078000800780074da02000000000036
:10d8200068b09000ea0f400004003500200f20008f
:10d83000090040001020a10003003700200f200045
:10d84000090040001020a000180091000008a3006b
:10d8500004003200400f2000090040001010a0001a
:10d8600003003700400f2000090040001010a10005
:10d87000200f2000090040001010a10079a890009e
:10d880000000e0001e0034000004eb002b0f20001d
:10d8900089854500e90db000f9b79f008007200099
:10d8a00000c0b9008fb9970080844100c0212000da
:10d8b00000c0b9007641b900020147000c027800af
:10d8c000808146008a00780009007800a4370200b1
:10d8d00001000000193090000000e00003003a0051
:10d8e000293090000000e000010032001b10a00071
:10d8f0000804e8007fb09700900f1400e7ff3c0099
:10d900002088a9005a0090009a007800fa9102003d
:10d91000010000002088a8004f0778004f06be00d5
:10d920004f05be004f04be002f01b10000000600ed
:10d93000fc874700889fbe008a9fbe008c9fbe0068
:10d940008e1f780000057800d1b79f00820678000e
:10d950000306780085bf9f00f6b79f000707780091
:10d96000241091000000e0007c0034002088a90011
:10d970008400780080fd2f000f0040000494020016
:10d980000100000080fd2f000f00400030017800f2
:10d99000b0017800828ebe008d0078004100b0009a
:10d9a000b0187800b0107800100278009002900053
:10d9b000a4009800b50098002088a8008d00780089
:10d9c0005fb097009ce3020000000000dfb2970008
:10d9d000150091000008a30004003200400f200051
:10d9e0000a0040001010a00003003700400f200084
:10d9f0000a0040001010a100200f20000a00400083
:10da00001010a1007aa890000000e0004d00340042
:10da10000004eb002b0f20008a8545005fb09700c3
:10da20000010b000c0b79f00dfb09700a10fb0009a
:10da3000e1b79f00820e200002014500b2b79f00af
:10da4000a30e200083014500a3b79f001b027800ae
:10da500068006200060032008007200000c0b900a4
:10da6000000046006007b0001010a000050037005d
:10da70008007200000c0b900000046006007b00029
:10da80001010a1008007200000c0b90080044600eb
:10da9000c021200000c0b9007641b9008fba9700bc
:10daa000028142000e027800ffb29700808142009e
:10dab0008d00780009007800be3e020001000000e1
:10dac0001b10a100393890000028a3001900320073
:10dad00060072000090040001020a1001000200075
:10dae000cfb0970080087800993890004006200059
:10daf0000088b90029399000cf91de00720602003b
:10db000000000000c3f92f006fb197000309400027
:10db1000d93490003fb29700090a7800dfb297002d
:10db200045b89000afb29700800a78009200780064
:10db300061b598000804e8007aa89000880f5000aa
:10db4000c2ff3c002088a9005d0090009d00780085
:10db5000fa910200010000002088a8004f07780019
:10db60004f06be004f05be004f04be00cf01b100fe
:10db7000000006001600fa00889fbe008a9fbe00c3
:10db80008c1f7800000478000205be008404780031
:10db9000a20d2000080141001200e80000097800f1
:10dba00078a99000820f500003003900a00d2000da
:10dbb000080040000008eb0058a99000c021200098
:10dbc0000011b80082804000210892000000e000af
:10dbd0005d01340000fe2f000f004000ba930200e8
:10dbe0000100000000fe2f00008047000a0009002d
:10dbf000301d78006a01b10078a89000e20f500053
:10dc0000d8003a0058a890000000e000030032005d
:10dc1000e10f5000c2003a005f00370060b62000fc
:10dc200000804400c1b420008100400012002000a8
:10dc3000910f11000a003a00c1b420008100400099
:10dc40008008eb0001b420008180440042b4200031
:10dc500002004000b0187800a010780005003700de
:10dc600000b42000008044000200200013002000c7
:10dc70000288be00c0b42000008044000008eb0011
:10dc800040b6200000804400100078007000600062
:10dc900005003a000b0178008a007800090078003e
:10dca000fe0802000100000080b420000080440053
:10dcb0001000e0009a00340080b42000008044008e
:10dcc0000008eb000000eb006143b800d4682000be
:10dcd000048244008002eb006101b900820043002d
:10dce000040141001281fb000201d100824878004a
:10dcf0000000e800e70f5000f7ff3a00400f200057
:10dd00000800400010c0a000c0b420000080440003
:10dd100011002000010878004005200008004000a4
:10dd2000120020000300200010084100509049001c
:10dd3000a0b420000080440090007800400b200038
:10dd400008004000109840008001eb00109049004e
:10dd500020af20000080440090007800800b20005d
:10dd6000080040004f89de00109840001010490064
:10dd7000158ea800682a9000f82a9000c00920009b
:10dd800008004000027d200003002000021842002d
:10dd900003904a0062003700c0b4200000804400b5
:10dda00013002000908f11000c003a00c0b4200036
:10ddb000008044000008eb0061b620008180440030
:10ddc00000b420000080400041b420008180440065
:10ddd00031187800211078000700370061b6200064
:10dde0008180440000b42000008040000200200038
:10ddf000130020000288be006cb620000c86440090
:10de0000c0b42000000046000008eb0040b620002f
:10de100000004600100078007000600005003a0025
:10de20000b0178008a0078000c007800fe080200e0
:10de30000100000080b42000000046001000e00057
:10de4000370034000000eb006143b800d4682000c4
:10de5000040246008002eb006101b9008600410027
:10de6000040141001281fb000201d10082487800c8
:10de70000000e800e70f5000f7ff3a00400f2000d5
:10de80000800400010c0a00080b420000000460040
:10de90000008eb00c0b42000000046001100200084
:10dea0000108780040052000080040001200200012
:10deb000030020001008410050904900a0b4200049
:10dec0000000460090007800400b20000800400051
:10ded000109840008001eb001090490020af200016
:10dee000000646009c007800800b200008004000df
:10def0004f89de001098400010104900158ea800d0
:10df0000682a9000f82a9000c0092000080040000c
:10df1000027d2000030020000218420003904a0006
:10df2000200f2000080040001030a10000af2000aa
:10df3000008044001000e00006003c0061b62000b4
:10df40008180440000af2000008040001000e0000d
:10df500056003400200f2000080040001030a000c0
:10df600052003700e10f500050003a0000b420008a
:10df70000080440002002000130020000288be0040
:10df800040b620000080440010007800700060005f
:10df900005003a000b0178008a007800090078003b
:10dfa000fe0802000100000080b420000080440050
:10dfb0001000e000330034000000eb006143b800c3
:10dfc000d4682000048244008002eb006101b900a3
:10dfd00086004100040141001281fb000201d100d2
:10dfe000824878000000e800e70f5000f7ff3a0091
:10dff000400f20000800400010c0a00080b42000a6
:10e00000008044000008eb004005200008004000ac
:10e010001200200003002000100841005090490029
:10e02000a0b420000080440090007800400b200045
:10e0300008004000109840008001eb00109049005b
:10e0400020af20000080440090007800800b20006a
:10e05000080040004f89de00109840001010490071
:10e06000158ea800682a9000f82a9000c0092000a8
:10e0700008004000027d200003002000021842003a
:10e0800003904a00200f2000080040001030a1003b
:10e0900000af2000008044001000e00003003400c6
:10e0a000200f2000080040001030a00080b42000a5
:10e0b00000804400c3ff2f00908f11000c003a0035
:10e0c00080b42000008044000008eb0015aea800da
:10e0d000682a9000f82a9000000a200008004000fa
:10e0e000027d2000030020000218420003904a0035
:10e0f00060b620008084440080b42000008044008a
:10e10000c1ff2f00908f10000b003a0080b4200058
:10e1100080844400800ceb0015aea80068299000b4
:10e12000f8299000080ab000007d200001002000be
:10e13000001c4100019449002a0890009a007800d0
:10e14000c8910200010000004f0678004f05be0094
:10e150004f04be000080fa00000006001600fa001e
:10e16000889fbe008a9fbe008c1f78000004780044
:10e17000810578008304780004067800050578009e
:10e18000a10d2000888040001100e8008008780080
:10e19000f8a89000810f500003003900a00d200066
:10e1a000080040000008eb00d8a89000c021200023
:10e1b0000008b80000014100220892000000e000c1
:10e1c000660134008200780000fe2f000f0040003e
:10e1d000ba9302000100000000fe2f0000804700fb
:10e1e0000a000900b01c78006901b100d8a99000ac
:10e1f000c619dd00c900900083814500020120009e
:10e2000019007800a45e02000100000078a89000c8
:10e21000e20f5000d8003a0058a890000000e0003b
:10e2200003003200e10f5000c2003a005f003700e7
:10e230006bb620008b054500c0b42000008045006f
:10e2400011002000908f10000a003a00c0b4200096
:10e25000008045000008eb0000b4200000004500ed
:10e2600041b42000818045003118780021107800e9
:10e270000500370000b42000000045000200200027
:10e28000130020000288be00c0b42000000045003a
:10e290000008eb0040b620000000450010007800a8
:10e2a0007000600005003a000c01780089007800d9
:10e2b0000a007800fe0802000100000080b420007f
:10e2c000000045001000e0009a0034000000eb0060
:10e2d0006143b800d4682000048245008002eb004e
:10e2e0006101b90086004100040141001281fb0078
:10e2f0000201d100824878000000e800e70f5000da
:10e30000f7ff3a00400f20000800400010c0a000b6
:10e3100080b42000000045000008eb00c0b42000dd
:10e320000000450011002000010878004005200091
:10e3300008004000120020000300200010084100e7
:10e3400050904900a0b420000000450090007800e3
:10e35000400b200008004000109840008001eb00b6
:10e360001090490020af2000000045009000780088
:10e37000800b2000080040004f89de00109840000c
:10e3800010104900158ea800682a9000f82a900005
:10e39000c009200008004000027d2000030020008a
:10e3a0000218420003904a0062003700c0b4200007
:10e3b0000000450013002000908f11000c003a006f
:10e3c000c0b42000000045000008eb0061b620004a
:10e3d0008100450000b420000080400041b42000ce
:10e3e00081004500311878002110780007003700bf
:10e3f00061b620008100450000b42000008040008c
:10e4000002002000130020000288be006bb620002e
:10e410008b054500c0b42000008045000008eb00db
:10e4200040b62000008045001000780070006000b9
:10e4300005003a000c017800890078000b00780094
:10e44000fe0802000100000080b4200000804500aa
:10e450001000e000370034000000eb006143b8001a
:10e46000d4682000048245008002eb006101b900fd
:10e4700086004100040141001281fb000201d1002d
:10e48000824878000000e800e70f5000f7ff3a00ec
:10e49000400f20000800400010c0a00080b4200001
:10e4a000008045000008eb00c0b42000008045005b
:10e4b00011002000010878004005200008004000fd
:10e4c0001200200003002000100841005090490075
:10e4d000a0b420000080450090007800400b200090
:10e4e00008004000109840008001eb0010904900a7
:10e4f00020af2000808545009b007800800b200025
:10e50000080040004f89de001098400010104900bc
:10e51000158ea800682a9000f82a9000c0092000f3
:10e5200008004000027d2000030020000218420085
:10e5300003904a00200f2000080040001030a10086
:10e5400000af2000000045001000e00006003c0085
:10e5500061b620008100450000af2000008040002f
:10e560001000e00056003400200f2000080040009a
:10e570001030a00052003700e10f500050003a0068
:10e5800000b420000000450002002000130020001d
:10e590000288be0040b62000000045001000780050
:10e5a0007000600005003a000c01780089007800d6
:10e5b0000a007800fe0802000100000080b420007c
:10e5c000000045001000e000330034000000eb00c4
:10e5d0006143b800d4682000040245008002eb00cb
:10e5e0006101b90086004100040141001281fb0075
:10e5f0000201d100824878000000e800e70f5000d7
:10e60000f7ff3a00400f20000800400010c0a000b3
:10e6100080b42000000045000008eb004005200009
:10e6200008004000120020000300200010084100f4
:10e6300050904900a0b420000000450090007800f0
:10e64000400b200008004000109840008001eb00c3
:10e650001090490020af2000000045009000780095
:10e66000800b2000080040004f89de001098400019
:10e6700010104900158ea800682a9000f82a900012
:10e68000c009200008004000027d20000300200097
:10e690000218420003904a00200f200008004000aa
:10e6a0001030a10000af2000000045001000e00085
:10e6b00003003400200f2000080040001030a000ac
:10e6c00080b4200000004500c3ff2f00908f110090
:10e6d0000c003a0080b42000000045000008eb0068
:10e6e00015aea800682a9000f82a9000000a2000c1
:10e6f00008004000027d20000300200002184200b4
:10e7000003904a0060b620000005450080b4200058
:10e7100000004500c1ff2f00908f10000b003a0051
:10e7200080b4200000054500000deb0015aea800e8
:10e7300068299000f8299000080ab000007d2000a8
:10e7400001002000001c41000194490029089000ac
:10e7500099007800c8910200010000004f0678007f
:10e760004f05be004f04be000080fa000000060006
:10e770001600fa00889fbe008a9fbe008c9fbe00d4
:10e78000000478000106780003057800840678000c
:10e7900085047800a10d2000888040001100e80069
:10e7a00080087800f8a89000810f5000030039001d
:10e7b000a00d2000080040000008eb00d8a8900041
:10e7c000c02120000008b80000014100220892008a
:10e7d0000000e000c300340082007800e0fd2f005c
:10e7e0000f004000ba93020001000000e0fd2f007e
:10e7f000008047000a000900301d78006a01b1005e
:10e80000ab0d2000888545009b017800c619dd000e
:10e81000ca00900083014600020120001a0078001f
:10e82000a45e02000100000028a890009b0f500089
:10e830000b003a00411520000100b80000804400a0
:10e840007800400012002000030020001008410062
:10e8500050904900400d2000080040000088eb0067
:10e86000d8a89000401520000008b800008044009f
:10e870009028910001b8a30004003a000200200093
:10e88000130020000208980013089800ab0d200028
:10e89000888545001b0078004c1520000c00b8004e
:10e8a000008044000d0178008a007800d8530200ef
:10e8b000010000001b0078000c06b8000c86440024
:10e8c0001c2891000088a3005e0032002c15b000c7
:10e8d0001c80a100a00d200008004000100178005d
:10e8e0004b1520000b11b80082804400f4804000da
:10e8f000120020000300200091084100d19049003f
:10e90000100178000b11b800828044002115b0007e
:10e9100011b0a100100678000b60b800808544009b
:10e920001b28910000a8a30038003a000000eb006b
:10e930006143b800615ab8006101b9008600410026
:10e94000040141001281fb000201d10082487800dd
:10e950000000e800e70f5000f7ff3a00400f2000ea
:10e960000800400010c0a0002cac9800ab10900034
:10e97000400b200008004000109840008001eb0090
:10e980001090490078a890000000e00018003400c2
:10e990000000eb00a60d2000080343004b152000eb
:10e9a00047152000e30d2000888141009600780083
:10e9b000810f50000b0032000b82b900048144002b
:10e9c000070ab80084804400111290008002eb0016
:10e9d0000409980015099800211520008280400044
:10e9e00011b0a0000000e800930f1000efff3c0002
:10e9f000c004200008004000120020000300200096
:10ea00001008410050904900050037002b15b00058
:10ea10001ba0a100400d2000080040000088eb0072
:10ea2000158ea800682a9000f82a9000c0092000de
:10ea300008004000027d2000030020000218420070
:10ea400003904a001a0890000008a3001b0032003f
:10ea5000d8a89000401520000008b80000804400ad
:10ea60002011900041062000810f51001300360054
:10ea7000102891000098a30010003200000520002b
:10ea80000800400012002000030020001008410090
:10ea90005090490015aea800158ea900682a900074
:10eaa000f82a9000000a200008004000027d2000a3
:10eab000030020000218420003904a00d8a89000ea
:10eac000401520000008b800808444002915b000db
:10ead0001990a1002a0890009a007800c8910200bd
:10eae000010000004f06be004f05be004f04be00ef
:10eaf0000080fa0000000600889fbe008a9fbe00ca
:10eb00008c1f78000004be0002057800e1e12b00b4
:10eb100008007800287202000100000080057800db
:10eb20000b00440031c3b300367402000100000042
:10eb30008b0540000b004400e1c2b30036740200b4
:10eb400001000000808545000b00440041c3b30074
:10eb50003674020001000000808545000b0044006f
:10eb600041c3b300367402000100000080854500f7
:10eb70000b004400b1e22b002872020001000000eb
:10eb800080854500c94090000b00440036740200a7
:10eb90000100000080854500d94090000b00440032
:10eba000367402000100000080854500e9409000b5
:10ebb0000b0044003674020001000000808545000f
:10ebc000f94090000b004400367402000100000080
:10ebd00080854500894890000b004400367402008f
:10ebe0000100000080854500994890000b0044001a
:10ebf000367402000100000080854500a94890009d
:10ec00000b004400367402000100000080854500be
:10ec1000b94890000b004400367402000100000067
:10ec2000808545000b00440081e32b002872020020
:10ec300001000000808545006a299000fa299000b3
:10ec40000b0044000e7402000100000080854500a6
:10ec50000b00440051e42b00287202000100000068
:10ec6000808545004aae90000c007800aeb00200ee
:10ec7000010000006161b900c811dd000200200040
:10ec8000790a9000cfa2de00040171008581710035
:10ec9000cf80de00c000dd00000020000001710018
:10eca000818171000b0044000e740200010000001d
:10ecb000808545000b00440021e52b0028720200ee
:10ecc00001000000808545006a219000fa21900033
:10ecd0000b0044000e740200010000008085450016
:10ece0000b004400f1e52b00287202000100000037
:10ecf000808545002a299000ba2990000b00440025
:10ed00000e74020001000000808545000b004400e5
:10ed1000c1e62b002872020001000000808545003a
:10ed20004a299000da2990000b0044000e7402007a
:10ed300001000000808545000b00440091e72b0096
:10ed40002872020001000000808545004a219000e1
:10ed5000da2190000b0044000e7402000100000054
:10ed6000808545000b00440061e82b0028720200fa
:10ed70000100000080854500b90890000b004400a8
:10ed80004672020001000000808445000900440032
:10ed900071e92b0028720200010000008084440009
:10eda0004a319000da319000090044000e740200ec
:10edb00001000000808444000900440041ea2b0067
:10edc0002872020001000000808444002ab19000f3
:10edd000cf91de00090044000e7402000100000023
:10ede000008044004f0678004f05be004f04be006f
:10edf000000006002f02b000889fbe008a9fbe0060
:10ee00008c9fbe008e1f78000006780001047800f9
:10ee100002057800f3b79f00e4b79f0085047800ef
:10ee200086057800d7b79f005fa09700c0b79f0006
:10ee30004ca890000000e0000300340008007800b7
:10ee4000e2b00200010000008a00780020fd2f00df
:10ee50000f004000889002000100000020fd2f00fc
:10ee6000008047000a000900b01c78006901b10069
:10ee70007a074400f80644001d017800380a900023
:10ee80009e017800ffb097000900780040ad0200b5
:10ee900001000000f6874700768057000a0009004d
:10eea000391878006901b1003fa897005e9202000e
:10eeb000010000008a007800c0fb2f000f00400016
:10eec0008890020001000000c0fb2f000080470076
:10eed0000a000900b01c78006901b1001812900006
:10eee000e00c20000c0040009001e80003087800ce
:10eef00064804500d0af9f0028519000ec00440092
:10ef000046560200010000000b057800002d780035
:10ef10001e0278009d0178004fa997008b007800b1
:10ef200009007800ceac020001000000f68747001f
:10ef3000768057000a000900391878006901b1008d
:10ef40000fa097005e920200010000000001200067
:10ef5000000d7800cf02b100748045000c017800ec
:10ef600088007800e4fe070070024000040d78007d
:10ef70008fb997000041eb00824078005fb09700a6
:10ef80003e87020001000000000deb001000200091
:10ef90009e0f100007003a000000eb00cfb0970072
:10efa0006117b00080087800cfb097002102b00050
:10efb000800878004f0778004f06be004f05be005e
:10efc0004f04be002f02b100000006000f02b00087
:10efd000889fbe008a9fbe008c9fbe008e1f780057
:10efe000000678008104780082057800f3b79f005e
:10eff0000404780005057800e6b79f00d7b79f00a6
:10f000004ca890000000e0000300340009007800e4
:10f01000e2b00200010000008b00780040fd2f00ec
:10f020000f004000889002000100000040fd2f000a
:10f03000008047000a000900301c78006801b10018
:10f04000fa8644001d017800788744009e0078000d
:10f05000b90990000800780054ae020001000000d9
:10f06000f6874700768057000a00090038187800b4
:10f070006801b1004fa897005e92020001000000f5
:10f080008b007800e0fb2f000f004000889002000a
:10f0900001000000e0fb2f00008047000a0009008b
:10f0a000301c78006801b10019129000e00c2000bb
:10f0b0000c0040009001e80003087800640045005f
:10f0c000d0af9f0029519000ec80440046560200ca
:10f0d000010000008a057800802d78000a00780081
:10f0e000a89d0200010000009d0678005d049800c4
:10f0f0001e0778006e0498002fa9970098007800ea
:10f100000a00780098010200010000004004980005
:10f1100001012000f6d00200010000003004980038
:10f12000f6874700768057000a00090038187800f3
:10f130006801b1001fa097005e920200010000006c
:10f1400000012000800d7800cf02b100740045005e
:10f150000c0178008900780067fe0700700240000b
:10f16000840d78008fb997000041eb008240780051
:10f170006fb097003e87020001000000800deb0099
:10f180004f0778004f06be004f05be004f04be007b
:10f190000f02b10000000600889fbe008a9fbe00db
:10f1a0008c1f780080047800010678000204780043
:10f1b00003057800790090000000e0005900340059
:10f1c00038b890000028a30056003a00e8854400b3
:10f1d0001b007800d27002000100000009007800d6
:10f1e000d676020001000000000d78001b007800b8
:10f1f000c6700200010000000a007800ae84020020
:10f2000001000000e04220000000450010007800ee
:10f210006c006000430032009a00900038b090000b
:10f22000808f5000060034000a80e8000008eb00e0
:10f23000e0422000000545001a20a10039003700f7
:10f2400068289000f8289000408498005184980025
:10f25000d042200000004500104078000004e0008b
:10f2600002003200ec4f500027003a000a007800fc
:10f27000a89d020001000000080178008c007800c1
:10f280000a00780058a002000100000028b8900091
:10f290000028a3000b003a00880078000a007800dc
:10f2a00008a002000100000028b890000028a30078
:10f2b0000400320068299000f829900022949800f8
:10f2c00033949800400f2000080040001050a00028
:10f2d000e0422000000545001aa0a00080042000a4
:10f2e0000800400012002000030020001008410028
:10f2f0005090490068289000f8289000609c980081
:10f30000719c980007003700080178008c00780095
:10f310000a007800b2a00200010000000a85e8009f
:10f32000000deb004f0678004f05be004f04be00f5
:10f3300000000600889fbe008a9fbe008c1f7800d8
:10f3400000047800010578008204780011eb2b009e
:10f350000800780028720200010000008005780093
:10f360000b00440031c3b3003674020001000000fa
:10f370008b0540000b004400e1c2b300367402006c
:10f3800001000000808545000b00440041c3b3002c
:10f390003674020001000000808545000b00440027
:10f3a00041c3b300367402000100000080854500af
:10f3b0000b00440061eb2b002872020001000000ea
:10f3c00080854500ca4090000b004400367402005e
:10f3d0000100000080854500da4090000b004400e9
:10f3e000367402000100000080854500ea4090006c
:10f3f0000b004400367402000100000080854500c7
:10f40000fa4090000b004400367402000100000036
:10f41000808545008a4890000b0044003674020045
:10f4200001000000808545009a4890000b004400d0
:10f43000367402000100000080854500aa48900053
:10f440000b00440036740200010000008085450076
:10f45000ba4890000b00440036740200010000001e
:10f46000808545000b004400b1eb2b0028720200a0
:10f47000010000008085450069299000f92990006d
:10f480000b0044000e74020001000000808545005e
:10f490000b00440001ec2b00287202000100000068
:10f4a000008645008b0d2000898545001b017800f2
:10f4b000cf91de000c0044000e7402000100000039
:10f4c000000646000c00440051ec2b00287202009c
:10f4d00001000000000646001b007800aeb00200ec
:10f4e0000100000000017800cf91de000c00440014
:10f4f0000e74020001000000800546000b0044006d
:10f50000a1ec2b002872020001000000808545005c
:10f510007a099000cf91de000b0044000e740200c7
:10f5200001000000808545000b004400f1ec2b0039
:10f5300028720200010000008085450069219000ca
:10f54000f92190000b0044000e740200010000003d
:10f55000808545000b00440041ed2b00287202001d
:10f56000010000008085450029299000b9299000fc
:10f570000b0044000e74020001000000808545006d
:10f580000b00440091ed2b002872020001000000e6
:10f590008085450049299000d92990000b0044003e
:10f5a0000e74020001000000808545000b0044003d
:10f5b000e1ed2b002872020001000000808545006b
:10f5c00049219000d92190000b0044000e740200e4
:10f5d00001000000808545000b00440031ee2b0047
:10f5e000287202000100000080854500ba089000e2
:10f5f0000b00440046720200010000000085450037
:10f600000a004400c1ee2b00287202000100000035
:10f610000005450049319000d93190000a004400ae
:10f620000e74020001000000000545000a004400bd
:10f6300011ef2b00287202000100000000054500b8
:10f6400049919000d99190000a0044000e74020084
:10f6500001000000000545000a00440061ef2b0096
:10f660002872020001000000000545006991900029
:10f67000f99190000a0044000e740200010000009d
:10f68000000545000a004400b1ef2b00287202007b
:10f69000010000000005450029999000b9999000eb
:10f6a0000a0044000e74020001000000000545003d
:10f6b0000a00440001f02b00287202000100000043
:10f6c0000005450009999000999990000a004400ae
:10f6d0000e74020001000000000545000a0044000d
:10f6e00051f02b00287202000100000000054500c7
:10f6f00049999000d99990000a0044000e740200c4
:10f7000001000000000045004f0678004f05be00d4
:10f710004f04be00000006000001fa00889fbe00f2
:10f720008a9fbe000004be000205780018b8900051
:10f7300000e8a30013003200200f20000800400062
:10f7400010e0a1006480440022b402000100000027
:10f75000080178008900780080ef2f000f0040003a
:10f76000e5fc07000002780083ef2f008f81410045
:10f770000041eb00e1c0b3000a0078003e870200c0
:10f780000100000028b890000028a30023003200e8
:10f7900068289000f828900028919000b891900077
:10f7a000820f5000838f58001c003900420a20004d
:10f7b0000801410004a62e000500200004194000a5
:10f7c000059148006480440022b40200010000005a
:10f7d00080ef2f000f00400066550200010000007e
:10f7e0008005780081ef2f008f8040000b80400063
:10f7f0000801780089007800cefe07000b02400067
:10f8000083ef2f008f8141000041eb0082407800a0
:10f810000a0078003e870200010000004f05be008c
:10f820004f04be000080fa00000006004001900076
:10f8300032089800e1219000830141007a014000e4
:10f84000030978008128900001894100fc004000f4
:10f850008008eb007e0040001060a0000000060061
:10f860007c014000920178000302d00010024200a7
:10f87000140278008002eb000309e800c2042000b3
:10f880000101410006012000920153008301e900bb
:10f89000030033000402420085824a00fbff370068
:10f8a00083042000818141009319720093917200ba
:10f8b00076004000900178007088510012027800b4
:10f8c0008601420003097800100078000000e00083
:10f8d00002003d00c104b000808841000000060025
:10f8e000fa874700889fbe008a9fbe008c9fbe009b
:10f8f0008e1f78000006be000205be0004077800d7
:10f9000085bf9f00660046000008eb007a08900063
:10f910000038a300e3003a000068a300de003200d4
:10f920006b209000f00f50000e003c003a08900051
:10f930000000e0000e003400c80420000b04440066
:10f94000f60445000a00be00c5ff070000012000c4
:10f95000980f100003003c001900e000f9ff3c0084
:10f96000030037003a0890000000e00030003c003f
:10f970001a0890000018a30007003200240020009d
:10f98000f0014500c2c0b3008040eb000fb8970003
:10f990003e870200010000002a0890009a007800cb
:10f9a000c8910200010000002e0892000000e00053
:10f9b0001f0034007a0890000058a3001c003a0091
:10f9c0008e007800a0fd2f000f004000ba930200c7
:10f9d00001000000a1fd2f00818047000a000900fe
:10f9e000311d78006a01b1000a00be008fff0700d8
:10f9f0006b209000f00f50000d003c003a08900082
:10fa00000000e0000a003400c80420000b04440099
:10fa1000f60445000a00be0091ff07000001200027
:10fa2000980f100002003c001900e000f9ff3c00b4
:10fa30005a0090008000eb00f40f5000e08f580057
:10fa400083003e00000601006700370054003700c5
:10fa50007f0037005b003700480037007c0037002c
:10fa60007b0037007a003700300037001d00370078
:10fa7000770037007600370023003700100037008a
:10fa8000060037006100370069003700700037005a
:10fa90006f003700390037002d0037007a04450029
:10faa00098047800020920008c0078000b00780090
:10fab0006028020001000000008c54006400370040
:10fac0007a04450098047800020920008c00780030
:10fad0000b0078002e26020001000000008c54006c
:10fae0005b0037007a044500980478000209200082
:10faf0008c0078000b007800922a020001000000c0
:10fb0000008c5400520037007a04450098047800b5
:10fb1000020920008c0078000b007800ce2c020037
:10fb200001000000008c5400490037007a044500b1
:10fb300098047800020920008c0078000b007800ff
:10fb4000302e020001000000008c540040003700fd
:10fb50007e0045001050a0007a044500980478000b
:10fb6000020920008c0078000b007800982f02001a
:10fb700001000000008c5400350037007a04450075
:10fb800098047800020920008c0078000b007800af
:10fb90009e30020001000000008c54002c00370051
:10fba0007a04450098047800020920008c0078004f
:10fbb0000b0078008431020001000000008c54002a
:10fbc000230037007a0445009804780002092000d9
:10fbd0008c0078000b007800123202000100000057
:10fbe000008c54001a0037007a044500980478000d
:10fbf000020920008c0078000b007800a23202007d
:10fc000001000000008c5400110037007a04450008
:10fc100098047800020920008c0078000b0078001e
:10fc20003233020001000000008c5400080037004d
:10fc30007a04450098047800020920008c007800be
:10fc40000b0078000834020001000000008c540012
:10fc500003092000023020009d0078001c0078007d
:10fc6000d2ce0200010000005a0890000000e0001f
:10fc700020003c007e054500f0f92f001a0d6000c1
:10fc80006000b800c0259800d1259800cb04b000d2
:10fc9000800deb00170037007e0545001a00a0001c
:10fca00014003700020920008c0078000b00780057
:10fcb000202502000100000003092000023020007e
:10fcc0009d0078001c007800d2ce020001000000e8
:10fcd0007a0890000048a300060032007e05450027
:10fce0001a0078000040a1000030a1000000a00030
:10fcf000000d78004f0778004f06be004f05be008c
:10fd00004f04be00af01b10000000600889fbe0096
:10fd1000800478000104780088007800d211200067
:10fd2000030020008000200036b202000100000025
:10fd3000882c9800f80c990068814400210020006c
:10fd40000000eb001844020001000000620d2000da
:10fd500009014100410020000000eb0018440200ae
:10fd600001000000421a200009014100102120007a
:10fd700001002000125a020001000000201e200095
:10fd8000090040001010a100421e2000090141009e
:10fd90001021200001002000125a02000100000082
:10fda00020222000090040001010a10000af200018
:10fdb000008044000008eb0080b520000080440073
:10fdc000f13f20000108780040b620008084440004
:10fdd000990078000160a1000120a000f0f22f003e
:10fde000808c60004f04be00000006008000780098
:10fdf000f10eb2003000200032062000828f500049
:10fe00002900320002007800808f500011003e006f
:10fe100020002000ef8f50002300320004003e003d
:10fe200050002000e38f50001e003a001e003700f3
:10fe30000000eb00f2022000828f50001a00320016
:10fe40001000200032042000828f500015003a007c
:10fe5000150037004000200072082000828f5000fb
:10fe60001100320002007800808f500005003e0033
:10fe700080002000f2062000828f500009003a0026
:10fe80000900370060002000f20a2000828f500035
:10fe90000500320070002000320e2000828f5000da
:10fea00001003200f00f2000000006001000fa00f0
:10feb000f080570042f72b0007000900b2187800c5
:10fec000670060000000d000700050006f007800f4
:10fed0000080fa00000006002000fa0001fe2f005a
:10fee0008180470042f52b000f000900b21878000e
:10fef0006f0060000000d0000002b1006f007800c9
:10ff00000080fa000000060081002000420c200062
:10ff1000820f50003600320082007800810f5000be
:10ff200016003e0051002000e70f50003000320064
:10ff300007003e0031002000e10f50002c0032008d
:10ff400041002000e60f500028003a00280037004a
:10ff500021002000f00f5000250032007100200029
:10ff6000320c2000820f500021003200610020007e
:10ff7000e80f50001d003a001d003700c1002000ae
:10ff8000d20c2000820f500019003200820078004d
:10ff9000810f50000b003e00a1002000b20c200099
:10ffa000820f500012003200b100200010003e000d
:10ffb00091002000a20c2000820f50000b003a009c
:10ffc0000b003700e1002000f20c2000820f5000ef
:10ffd00007003200d100200005003900f1002000a8
:10ffe000020f2000820f5000010032008000eb0061
:10fff000010078000000060081c4b3002140980091
:020000040002f8
:10000000e1c5b3001140980011cfb300014878005a
:100010003000200000000600d1c5b3002140980048
:1000200071c7b3001140980001487800f1c7b300d0
:1000300051409800f1cdb3004140980071c5b30024
:100040003140980060002000000006000001eb0035
:100050006102b8000198a30003003200840141004e
:100060001374a00002003700840141001374a10042
:100070000201e800ea0f51000200320081804000d6
:10008000f4ff370000000600000278008000eb005b
:1000900002202000010078008002eb0084814000f3
:1000a0001304e00001003d00020040008100e80070
:1000b000ea8f5000020032000201d100f7ff370042
:1000c00000000600889fbe008a1f78008c9fbe003b
:1000d0000001eb006106b8000accb300610cb80067
:1000e00001ceb3006113b9008c01430013426500d7
:1000f000844978000803430096c24000f543b200eb
:1001000084c972000201e800e60f5100f5ff3a00d1
:100110004f06be004f0578004f04be0000000600e9
:10012000889fbe00810478000001eb008000eb0096
:10013000f80320006112b9000403420085834a00dd
:1001400086814400000242001482fb000802620023
:1001500005022000850942000201e800e60f510077
:10016000f4ff3a004f04be00000006006f4161003a
:10017000c408dd0001487100000006000080fb009b
:100180004400de00000006006f0060000000060072
:10019000104178000274a100024878008180fb00c1
:1001a0000118a300020032000274a0000248780087
:1001b000504178000274a100024878000108a300b1
:1001c000020032000274a00002487800000006001d
:1001d000b080fb000108b200c688de001080fb0082
:1001e0004700de0001007000000006009041900012
:1001f0000104200083816000c499de00204190004a
:10020000028160004591de00030171009081fb00d6
:1002100081816100c399de0002817100304090004d
:1002200080806000c688de0002807000000006004a
:100230000001eb006102b8000128a30003003200b6
:10024000840141001364a0000200370084014100d2
:100250001364a1000201e800e30f51000200320024
:1002600081804000f4ff3700000006000001eb0031
:100270006102b8000138a30003003200840141008c
:100280001364a00002003700840141001364a10040
:100290000201e800e40f51000200320081c040007a
:1002a000f4ff3700000006008180fb0062816000df
:1002b0004511dd00904178000364a10002c871007f
:1002c000e1806000c608dd00504178000264a100b2
:1002d00001487100000006009041900001042000d8
:1002e00083816000c599de0020419000028160009a
:1002f0004691de00030171001080fb008100600068
:10030000c488de00028070000000060010419000ea
:1003100001042000028160004691de001080fb0095
:1003200081006000c588de000280700000000600c9
:10033000f8874700889fbe008a9fbe008c9fbe0042
:100340008e1f780000057800a1b79f008204780016
:1003500041b6200081804400110078000010a10007
:10036000800878000048a3000300320040b6200057
:10037000008044001010a000e142200081004500f0
:10038000000220001100600003003a0040b6200087
:10039000008044001010a000e142200081004500d0
:1003a00000082000110060000300320040b6200069
:1003b000008044001010a000e142200081004500b0
:1003c00000102000110060000300320040b6200041
:1003d000008044001010a0003042200000004500c2
:1003e0009080fb00f10eb200f0062000808f5000dc
:1003f00003003a0040b62000008044001010a00026
:10040000e14220008100450000042000110060004e
:100410000900320060422000000045001080fb000f
:10042000b9fe07000000e00003003a0040b62000db
:10043000008044001010a00041b6200081804400dc
:10044000000820001100600005003200c0222000da
:1004500009004000f0fe07000004780004003700a7
:10046000c022200009004000e3fe070000047800dd
:1004700040b6200000804400900078000118a300de
:10048000360032000000eb000041eb000148a30001
:100490000a0032009a05900081b520008180440056
:1004a000918f55006d023e0008804400c022b000cc
:1004b0000b4878000804e800ff003700880040007f
:1004c00081804400c122b000824878000000e8002a
:1004d000ed0f5000f9ff3a009a05900081b5200019
:1004e000818044000000eb00918f55005b023e00cc
:1004f0006146b9000c00be00e022b0000180b000ef
:10050000008044008b007800d0fe0700a0af2000e0
:10051000008044000008eb0040b62000008044004a
:10052000100078006400600004003200a0af2000da
:10053000008044002100200001087800a0af2000c6
:100540000080440090007800cc22b0000d80b00004
:100550000c8044000eff0700d7003700a0af20003a
:100560000080440012002000020878000128a30047
:1005700004003200a0af20000080440031002000c1
:10058000010878006146b9000c00be00c022b0002e
:100590000180b00080854400a0af200000804400ae
:1005a000900078000b007800f9fe0700b1412000b0
:1005b000810045000b007800c2fe07000c00be0061
:1005c0002023b0000180b00000874400514120008a
:1005d000810045000e007800bafe0700204220008e
:1005e000000045001081fb00104220000000450083
:1005f0009080fb000c02be008423b0000580b00098
:1006000004804400d9fe070050422000000045004d
:1006100010407800e14f50006b00320004003900b8
:100620008005eb00e34f500097003a0028003700a8
:100630009a059000f085550008804400c022b00063
:100640001064a10060422000000045001080fb0003
:100650002dfe0700800078000c01be00d222b00001
:100660000380b0000280440000ff070070422000b9
:10067000000045001004e00004003200088044003f
:100680001023b0001064a00003003700088044006d
:100690001023b0001064a10090422000000045002b
:1006a0009080fb000e007800e1fe0700a0422000d1
:1006b000000045009080fb000c01be005223b000fa
:1006c0000380b00002804400d9fe07006e003700ae
:1006d000404220000000450031c0b30090cf100020
:1006e00010003a009a059000f085550008804400fb
:1006f000c022b0001064a00060422000000045004d
:100700001080fb0000fe0700800078000c01be0096
:10071000d222b0000380b00002804400d3fe070064
:100720000b0037009a059000ef85550008804400c3
:10073000c022b0001064a1000c00be00d022b000a6
:100740000180b0000080440011c0b300c7fe070064
:1007500070422000000045001004e0000400320058
:10076000088044001023b0001064a000030037008c
:10077000088044001023b0001064a1003042200023
:10078000000045001080fb0098fd07008000780005
:100790000e007800a6fe0700804220000000450001
:1007a0001004e00004003200088044005023b00030
:1007b0001064a00034003700088044005023b000cb
:1007c0001064a100300037009a059000ef855500b5
:1007d00008804400c022b0001064a1000c00be00dc
:1007e000d022b0000180b000008044008040eb00c7
:1007f0009efe070070422000000045001004e0004b
:1008000004003200088044001023b0001064a000ef
:1008100003003700088044001023b0001064a100da
:1008200090422000000045009080fb000e00780000
:100830007ffe070080422000000045001004e00019
:1008400004003200088044005023b0001064a0006f
:1008500003003700088044005023b0001064a1005a
:1008600030422000000045009080fb00c208de00fe
:10087000e3c060000c01be006223b0000380b00042
:100880000280440088fe07000000eb00f13f2000da
:10089000818f550071013e001a009000808f550035
:1008a00005003e00ec22b0000d80b0000c8044003a
:1008b0008b007800e5fd070040b620000080440072
:1008c000100078007000600014003a00431e200001
:1008d00089814100f0002000010020008089be00d5
:1008e00008864400cc22b0001500200005027800e4
:1008f00082002000810720000c007800b45a02001a
:100900000100000068814400d10020000c00780044
:1009100080450200010000006f0444000b00e0006d
:100920001101320040b62000008044001000780021
:100930000048a3000800320060b520000080440099
:1009400010007800f0b79f000006eb00ccb79f00c6
:10095000dcb79f00250037000028a3000f003200fd
:10096000f10e20000b007800f6d00200010000001c
:10097000d0b79f0000017800110009008285d800df
:100980000006780082e0b90000805500c0b79f00e3
:1009900000012000f0b79f0014003700710f200005
:1009a0000b007800f6d0020001000000d0b79f00d5
:1009b00000017800110009008285d8000006780047
:1009c00082e0b90000805500c0b79f000c0078009d
:1009d0000c00e00001003d00f003b0004680de00a6
:1009e0000000e80000004000f0b79f00600d20000c
:1009f00000804400e0b79f0000017800ffb097003e
:100a00000000eb00184402000100000040b6200086
:100a100000804400100078008005eb000018a3005f
:100a200007003a00e24220000201450001042000d4
:100a300092806000fb002000010032000b012000ca
:100a40000048a30079003a00cfb097000100e00011
:100a5000390034008c06e8004369dd00b2b79f001e
:100a60000007eb000c00e80090b79f00411e20003b
:100a70008180440081bf9f008cb79f002600370013
:100a800000814400c222b00081014500c3419000b2
:100a9000034978000000e8008100e800840f50005e
:100aa000f7ff3a000d0644008d8545000100370030
:100ab00008067800f0002000010020000fb9970020
:100ac0000089be0008844400c822b0001500200040
:100ad000050278008201780082002000bfb09700f4
:100ae00008007800b45a0200010000006fb19700be
:100af0008d007800080078008045020001000000a9
:100b00007fb09700000446000e07e800cfb09700c2
:100b10008e8f5000070034000d00e000e4ff340029
:100b20001fb19700080241008b0078000800780090
:100b3000d3ff37000fb697005fb09700cfb0970094
:100b4000810f5000340034004361dd00b2b79f00d4
:100b5000810678004e1e2000090747002700370055
:100b600000814400c222b00081014500c3419000d1
:100b7000034978000000e8008100e800850f50007c
:100b8000f7ff3a000800420080bf9f0084854500bf
:100b90000100370088bf9f00f00020000100200006
:100ba000008fbe0008844400c822b0001500200059
:100bb000050278008e01780082002000bfb0970007
:100bc00008007800b45a0200010000006fb19700dd
:100bd0008c007800080078008045020001000000c9
:100be0008fb897007fb19700028440008d06e8001f
:100bf0005fb097008d0f5000070034000c00e0003c
:100c0000e4ff34000c0278008c0244008b00780072
:100c100008007800d2ff370040b620000080440072
:100c2000100078000048a30066003200f0002000a9
:100c300001002000a0b49900b1b49900a0b5200033
:100c400000804400100378000004eb000600e00080
:100c5000450034000806780020b5200000804400dc
:100c6000f0b79f008a86e800411e20008180440082
:100c700081bf9f0060b5200000804400d0b79f0076
:100c8000a0b5200000804400c0b79f0086e3b900f3
:100c90007fb19700920078000100e0001a00340054
:100ca0000000eb00150020000042eb000c00e0000b
:100cb00004003a000000e00002003a000504780059
:100cc000050078009d8f550008003d000881440014
:100cd000c222b0008b014500c34190000349780057
:100ce0000804e8008b05e800040037000881440090
:100cf000c222b000044978000804e8000000e800bf
:100d0000808f5000e9ff3c0006834400ce22200083
:100d100006074700c308dd00150020000502780023
:100d20008fb99700820020000e007800b45a0200ac
:100d3000010000006fb197007fb09700900078002d
:100d40000e0078008045020001000000dfb097002f
:100d5000110444000c06e8004fb19700120378001c
:100d60008c0f5300c9ff3c0040b6200000804400b7
:100d7000100078000048a300120032002fb0970046
:100d8000f184250001187800a1512e000108780097
:100d9000a2b52000028144002fb09700e40040007b
:100da000c02220000900400092017800080178006c
:100db0005ac00200010000000880e8004300dd0086
:100dc000260037000068a3001d0032009a00900042
:100dd000640045007ebc02000100000001b6200056
:100de000818044008008780008017800c10020005c
:100df00002854400ca22b0000103de006f036300d5
:100e00008003eb0004ff25001510200006034200bc
:100e100087834a009301800006f0a4008783d200f4
:100e200007d0fe00164d780003d0fe000201e80056
:100e3000e4805000e48f4000edff3a006404440079
:100e4000c0222000090040002fb1970088007800e0
:100e5000ccc00200010000004340dd004f077800d5
:100e60004f06be004f05be004f04be008f01b1000b
:100e70000000060080417800410020000040eb00a7
:100e800004ccb3000080fb004200de0063816100ff
:100e9000e10f510006003200e30f5100060032005e
:100ea0000200e00005003a000074a00003003700d3
:100eb00004407000010037000064a0008100e900d8
:100ec000030032008381fb00c219de00edff370012
:100ed00000000600889fbe008a9fbe008c9fbe0057
:100ee0000004be00010120006033b800f0ff2300c1
:100ef0004e39dd004233de0006037100c23bde00e6
:100f000087026000060278000403be008001eb0047
:100f1000630164000205be001c0020000d002000db
:100f20008c0f51008d8f59000b0032008c0f550033
:100f30008d8f5d00060039003c0020000d00200070
:100f40008c0f55008d8f5d0009003a0007003700b7
:100f500007f0a000060037000a0020000b002c005c
:100f60000a0373008b8373000100370007e0a000c1
:100f70008100e90005003200ce4ddd004244de0074
:100f800008847500c24cde00d9ff37000600be00a1
:100f90004f06be004f05be004f04be000000060015
:100fa0000400fa00889fbe008a9fbe008c9fbe008e
:100fb000000478000000eb00d26820000201440029
:100fc0006112b80084bf9f0095bf9f000cb1200044
:100fd0000c0644008006eb004a6920000a05440024
:100fe0008005eb00c2b1200082004400610ab80015
:100ff000880378000404be006101b90002024100c8
:10100000838249008fb89700010341008c004200a1
:101010009140780001cb40000a01410008024200e3
:101020009440780001c940000000e800e60f50003d
:10103000f1ff3a000704780080b22000000044006d
:1010400010407800004040003169200081004400d9
:1010500080487800a1b220008100440091407800cf
:1010600081c040000104a000a269200002014400e8
:101070000149780062b02000020144001200e00043
:101080000900320032692000020144000074a0000f
:1010900000497800a0692000000044000174a1000c
:1010a0000148780008003700a269200002014400ce
:1010b0000174a000014978003169200081004400da
:1010c0000074a100804878003069200000004400ce
:1010d00001c6b30010c87000a069200000004400e1
:1010e00010c8700000b0200000004400100078001c
:1010f000e10f50000f00320020003900e30f5000d4
:101100002e003a00c0b0200000004400100078001b
:1011100066fb0700b16920008100440042b0200056
:1011200002014400120178004411dd008048710082
:1011300022003700b069200000004400c1b0200048
:1011400081004400110178004211dd0041b020000f
:101150008100440091007800c408dd000141710065
:101160000204a00081b020008100440091007800ba
:10117000c508dd000148710010003700b16920008a
:101180008100440040b020000000440010017800bd
:101190004411dd00a0b020000000440010407800a1
:1011a000004040000040710082b020000201440075
:1011b000120178004511dd008248700020b0200047
:1011c000000044001000e00007003200e0b0200002
:1011d00000004400100078003ffb0700c1692000b8
:1011e00001044400004c78004f06be004f05be00cd
:1011f0004f04be000080fa0000000600f0874700a0
:10120000889fbe008a9fbe008c9fbe008e1f780004
:1012100000047800e1b79f00a2b79f0041b620000c
:101220008100440000052000110060000c00320025
:101230000000eb00410d200088804000800878000d
:10124000211a20008880400080087800e0b5200046
:10125000000044002100200001087800060037004b
:101260001000200020ac980010949900e0b52000f8
:10127000000044000008eb0041b62000810044005b
:10128000000820001100600003003200e0b52000db
:10129000000044000008eb0080b42000000044007f
:1012a0000008eb00efb09700310090000000e00074
:1012b000410434000007eb000caf20000c06440092
:1012c000cbb320008b054400421a200002014400e9
:1012d000b2b79f000e00d000efb19700130040009e
:1012e000900478000a0120004db620008d064400cd
:1012f0001c007800e20f50000402320005003c00a0
:101300000000e00008003200e10f500023043a0022
:101310003a003700e30f5000d0023200e60f5000d1
:101320001e043a00970337001800780098009000d8
:101330000000400081804800008cbe000900e000f1
:1013400003003d000002be000400a000048cbe00ab
:1013500089844400000820001d006000090032005c
:1013600088007800f2f72d0073d5250082a8be0012
:1013700042002000080078000ed5020001000000a5
:10138000080037008800780082e42500130f200051
:1013900082a8be0032002000080078000ed50200ae
:1013a000010000001d80a100e1b520008100440083
:1013b000910f5000f9033c0010002000000e78004f
:1013c000e1ae2000810044000000eb0080087800be
:1013d000800d780021af2000810044008008780053
:1013e000c1b52000810044008008780021b62000ab
:1013f0008100440080087800e8033700630044005f
:101400009040780081c04000014878000900e00069
:1014100003003d00630044000104a000014878007f
:101420001b00e800800d780089844400e80f50001c
:10143000da033a00800deb001d0078000088a3005d
:10144000200032000078a30011003200e0ae20003e
:1014500000004400f0b79f009002780085bf9f0015
:101460003840900083fe0700c2682000030020007f
:101470008fb8970002814000e081490002014400da
:10148000104198007fb197000109e800180037006b
:10149000e0ae20000000440090007800c268200008
:1014a0000300200002814000e08149000201440065
:1014b000b84190000201e80003c9ea000108e80011
:1014c0000b003700e0ae20000000440090007800e0
:1014d000c26820000300200002814000e081490032
:1014e00002014400b8419000134198000108e8004f
:1014f000e0ae200000004400f4002000900f120035
:10150000a6033a00d06820000000440080bf9f007e
:1015100068014400840078000c4c020001000000c7
:10152000e1ae2000810044009188e9000000e00065
:101530007101350021af2000810044009108400076
:10154000001f200001002000bfb29700808abe006b
:1015500005017800810720000fb89700025e0200a5
:10156000010000000fb8970019fb0700f0b79f00bb
:10157000c0af200000004400ffb0970001087800d1
:10158000f068200000004400bffa0700c1b220004c
:1015900081004400800878007fb197000208a30012
:1015a000b4003200d0682000000044001080fb002e
:1015b0004600de0061006000f0b79f00e0af200051
:1015c00000004400ffb1970003087800e0682000a5
:1015d0000000440005fb0700e1b02000810044004a
:1015e000800878007fb297000400e0001d00320000
:1015f00000b0200000004400310020000108780005
:1016000020b02000000044001100200001087800f4
:1016100040b0200000004400216920008100440007
:101620009180fb00c608de00618860003069200000
:101630000000440028fb0700c1b0200081004400e6
:101640008008780060b0200000004400616920003c
:10165000810044009180fb00c608de0061886000c4
:10166000610037000000e00003003200e10f50008d
:101670003f003a002200370000b020000000440084
:10168000110020000108780020b020000000440074
:101690000008eb0040b02000000044002169200059
:1016a000810044009180fb00c608de006188600074
:1016b000306920000000440007fb070081b02000d3
:1016c0008100440080087800706920000000440018
:1016d0000efb0700c1b020008100440080087800a4
:1016e00060b02000000044006169200081004400d7
:1016f0009180fb00c608de00618860003a00370078
:1017000000b02000000044003100200001087800f3
:1017100020b02000000044000008eb0040b0200092
:101720000000440021692000810044009180fb00fa
:10173000c608de00618860003069200000004400b7
:10174000e5fa0700c1b0200081004400800878005d
:1017500060b0200000004400616920008100440066
:101760009180fb00c608de00618860001e00370023
:1017700000b02000000044000008eb0020b0200072
:1017800000004400150020000508780040b020004b
:101790000000440021692000810044009180fb008a
:1017a000c608de00058860003069200000004400a3
:1017b000c9fa070081b02000810044008008780049
:1017c0006069200000004400c3fa0700a1b02000b7
:1017d000810044008008780060b0200000004400d0
:1017e000110020000108780001b1200081004400b0
:1017f0000fb897004afa0700c1b1200081004400e9
:10180000306920000000440045fa0700906920007c
:101810000000440081b22000810044001080fb00e1
:101820004401de00ef086100a1b220008100440005
:10183000ef08600020b02000000044001000e0002d
:1018400005003200e0ae200000004400010120004d
:101850000108780004003700e0ae200000004400da
:10186000f10020000108780008007800ccfd070096
:10187000060037007fb197000208a30003003a007a
:10188000e0ae2000000044000008eb00c0b22000e1
:1018900000004400100078000000e0006100320009
:1018a000c1af20008100440091007800e280600018
:1018b00003003a00010820009d80600020003200f3
:1018c000f10e2000f6d00200010000008002780036
:1018d000e1b220008100440085087800c1b22000f8
:1018e0008100440011037800110009000583d8002d
:1018f0000001780003b320008301440082097800ce
:1019000023b32000830144008590b900800953006f
:1019100041b32000810044000000eb008008780003
:10192000a1b32000810044008008780080b320002b
:101930000000440001012000010878002000370069
:10194000710f2000f6d00200010000008002780034
:10195000e1b220008100440085087800c1b2200077
:101960008100440011017800110009000581d800b0
:101970008000fd0003b3200083014400810978004a
:1019800023b32000830144008588b90080095100f9
:1019900042b32000020144000000eb00000978007f
:1019a000a2b32000020144000009780082b32000a5
:1019b000020144004608de000000e8000009400083
:1019c00060b32000000044001100200001087800ee
:1019d000620d20000801410080b320000000440097
:1019e000900078000000eb001844020001000000a5
:1019f00020b32000000044001000e0000600320088
:101a000020002000000e780000b3200000004400f9
:101a10001008e8006102370030002000000e780056
:101a20005e023700000420001d0060000700320045
:101a300020af2000000044001000e000030034004c
:101a400060002000000e780054023700000eeb000a
:101a5000e0ae200000004400900078000fb897002e
:101a60007ebc0200010000008000eb0042b42000b8
:101a7000020144000089be0002b4200002014400bb
:101a8000b20f5000a28f580016003200c1b42000df
:101a900081004400100020008008780081b42000fc
:101aa0008100440080087800e0ae2000000044007f
:101ab000f0b79f00100278008fb997000041eb004b
:101ac000824078002fb097003e870200010000009e
:101ad000a0b4200000004400ffb097001108780077
:101ae000010037001d30a000e0ae200000004400df
:101af0000008eb0029023700000eeb0080b4200044
:101b0000000044000088eb0024023700630044001a
:101b10009040780081c04000014878000900e00052
:101b200003003d00630044000104a0000148780068
:101b30001b00e800800d780089844400e80f500005
:101b400016023a00800deb001d0078000088a3000b
:101b5000200032000078a30011003200e0ae200027
:101b600000004400f0b79f001001780082bf9f0082
:101b700038409000bffc0700c2682000030020002e
:101b80000fba970002014200e081490002014400bf
:101b900010419800ffb29700840ae800180037004f
:101ba000e0ae20000000440090007800c2682000f1
:101bb0000300200002814000e0814900020144004e
:101bc000b84190000201e80003c9ea000108e800fa
:101bd0000b003700e0ae20000000440090007800c9
:101be000c26820000300200002814000e08149001b
:101bf00002014400b8419000134198000108e80038
:101c0000a0b32000000044009000e8000108780024
:101c100082b320000201440000b320000000440011
:101c20001201780010004100808f5000db013a0063
:101c300060b3200000004400100178008001eb0038
:101c4000e00c2000809ab9000011b8008301420026
:101c500068014100e081490002014400e0ae20003b
:101c60000000440010801000c4682000050020001f
:101c700004024000e0824a00040044000000e80042
:101c80000c4c0200010000000000e0006d00350077
:101c900021af20008100440091084000001f200077
:101ca000010020003fb29700008abe0000b3200070
:101cb0000000440090007800c308dd00e0ae200082
:101cc0000000440080bf9f00a0b32000000044003b
:101cd000f0b79f008fba9700150178008002780056
:101ce00015005100c26820000300200002014000de
:101cf000e0814900020144000200e800040178008c
:101d0000025e020001000000ffb197008009eb00b5
:101d100080b32000000044000fba9700140278003e
:101d2000900052008fba9700810a780042b32000d9
:101d3000020144001200e8000009780022b32000ec
:101d400002014400920f500094013a00e2b22000d8
:101d500002014400920f500034003a0000042000b9
:101d60001d0060000700320020af2000000044008a
:101d70001000e0000300340060002000000e780036
:101d800086013700000eeb00d06820000000440000
:101d900080bf9f007ebc0200010000008000eb00bd
:101da00042b42000020144000089be0002b42000b9
:101db00002014400b20f5000a28f580016003200fa
:101dc000c1b4200081004400100020008008780089
:101dd00081b420008100440080087800e0ae20003b
:101de00000004400f0b79f00100278008fb9970000
:101df0000041eb00824078002fb097003e87020040
:101e000001000000a0b4200000004400ffb09700d3
:101e100011087800010037001d30a000e0ae20005e
:101e2000000044000008eb005c0137003000200097
:101e3000000e780000b32000000044001008e90004
:101e400056013700000eeb0080b420000000440073
:101e5000e1ff2f00010878005001370063004400c3
:101e60009040780081c04000014878000900e000ff
:101e700003003d00630044000104a0000148780015
:101e80001b00e800800d780089844400e80f5000b2
:101e900042013a00800deb001d0078000088a3008d
:101ea000200032000078a30011003200e0ae2000d4
:101eb00000004400f0b79f001001780082bf9f002f
:101ec00038409000ebfb0700c268200003002000b0
:101ed0000fba970002014200e0814900020144006c
:101ee00010419800ffb29700840ae80018003700fc
:101ef000e0ae20000000440090007800c26820009e
:101f00000300200002814000e081490002014400fa
:101f1000b84190000201e80003c9ea000108e800a6
:101f20000b003700e0ae2000000044009000780075
:101f3000c26820000300200002814000e0814900c7
:101f400002014400b8419000134198000108e800e4
:101f5000a0b32000000044009000e80001087800d1
:101f600082b320000201440000b3200000004400be
:101f70001201780010004100808f500007013a00e4
:101f800060b3200000004400100178008001eb00e5
:101f9000e00c2000809ab9000011b80083014200d3
:101fa00068014100e081490002014400e0ae2000e8
:101fb0000000440010801000c468200005002000cc
:101fc00004024000e0824a00040044000000e800ef
:101fd0000c4c0200010000000000e000630035002e
:101fe00021af20008100440091084000001f200024
:101ff000010020003fb29700008abe0000b320001d
:102000000000440090007800c308dd00e0ae20002e
:102010000000440080bf9f00a0b3200000004400e7
:10202000f0b79f008fba9700150178008002780002
:1020300015005100c268200003002000020140008a
:10204000e0814900020144000200e8000401780038
:10205000025e020001000000ffb197008009eb0062
:1020600080b32000000044000fba970014027800eb
:10207000900052008fba9700810a780042b3200086
:10208000020144001200e80000097800e2b22000da
:1020900002014400920f5000c0003a0000042000ea
:1020a0001d0060000700320020af20000000440047
:1020b0001000e0000300340060002000000e7800f3
:1020c000b6003700000eeb00d0682000000044008e
:1020d00080bf9f007ebc0200010000008000eb007a
:1020e00042b42000020144000089be0002b4200076
:1020f00002014400b20f5000a28f580016003200b7
:10210000c1b4200081004400100020008008780045
:1021100081b420008100440080087800e0ae2000f7
:1021200000004400f0b79f00100278008fb99700bc
:102130000041eb00824078002fb097003e870200fc
:1021400001000000a0b4200000004400ffb0970090
:1021500011087800010037001d30a000e0ae20001b
:10216000000044000008eb008c003700000eeb007c
:1021700080b4200000004400d1ff2f000108780047
:1021800086003700630044009040780081c0400022
:10219000014878000900e00003003d0063004400ae
:1021a0000104a000014878001b00e800800d7800c1
:1021b00089844400e80f500078003a00800deb005d
:1021c00021b6200081004400110078004400dd00a9
:1021d000800878009d0078000188a300200032006c
:1021e0000178a30011003200e0ae2000000044009e
:1021f000f0b79f001001780082bf9f003840900028
:102200001cfb0700c2682000030020000fba9700e3
:1022100002014200e081490002014400104198009f
:10222000ffb29700840ae80023003700e0ae2000e8
:102230000000440090007800c268200003002000e5
:1022400002814000e081490002014400b841900051
:102250000201e80003c9ea000108e800160037009f
:1022600021b620008100440038419000f207b200fe
:10227000cf91de00020141008381490084ac2c0033
:10228000c4b79f0015102000d5b79f004fb297002c
:10229000dfb297000201420083814a00940180006e
:1022a00002f0a4008381d20003d0fe001201780066
:1022b00004d0fe0080087100c1b5200081004400f8
:1022c0001100e80080087800e40f500033003a0065
:1022d000000eeb00d06820000000440080bf9f008b
:1022e000e0ae200000004400900078000fb8970096
:1022f0007ebc0200010000006101b80041b4200072
:10230000810044008288be0001b4200081004400a6
:10231000b10f5100a18f59001f00320021b62000db
:1023200081004400910f500016003a00c1b4200013
:1023300081004400100020008008780081b4200053
:102340008100440080087800e0ae200000004400d6
:10235000f0b79f00100278008fb997000041eb00a2
:10236000824078002fb097003e87020001000000f5
:10237000a0b4200000004400ffb2970015087800c8
:102380000600370080b4200000004400c1ff2f0089
:1023900001087800010037001d30a0000a05e9009f
:1023a000d3fb3a000e07e800efb097003100900031
:1023b0008e0f5000c7fb3c004f0778004f06be0051
:1023c0004f05be004f04be000f01b1000000060023
:020000040000fa
:020000040002f8
:1023d000b5a60000b6a60000b8a60000bba6000087
:1023e000bfa60000c4a60000caa60000d1a6000037
:1023f000d9a60000e1a60000eba60000f5a60000ab
:1024000001a700000da700001aa7000028a70000e0
:1024100036a7000046a7000056a7000067a70000e7
:1024200079a700008ca700009fa70000b2a70000ba
:10243000c5a70000d8a70000eaa70000fba700007e
:102440000ba800001aa8000027a8000032a800006e
:102450003ba8000042a8000047a8000049a80000cf
:1024600049a8000047a8000043a800003da80000bc
:1024700035a800002ba8000020a8000012a800002a
:1024800003a80000f2a70000e0a70000cda700000d
:10249000b8a70000a2a700008ba7000073a7000048
:1024a0005aa7000041a7000027a700000da70000c1
:1024b000f1a60000d5a60000b8a600009ba600006b
:1024c0007da600005fa6000040a6000022a6000036
:1024d00003a60000e6a50000c9a50000ada5000008
:1024e00093a500007aa5000063a500004ea500009a
:1024f000c4a30000a4a300008aa3000076a30000e8
:1025000069a3000062a3000062a3000069a30000a9
:1025100079a3000090a30000afa30000d6a30000a1
:1025200005a400003ca400007aa40000bfa40000a1
:102530000ba500005ea50000b6a5000012a60000d5
:1025400073a60000d8a600003fa70000a9a70000be
:1025500015a8000081a80000eea800005ba90000fb
:10256000c7a9000031aa000098aa0000fcaa000038
:102570005dab0000b9ab00000fac000060ac000028
:10258000abac0000efac00002cad000062ad000071
:102590008fad0000b5ad0000d1ad0000e5ad00008d
:1025a000efad0000efad0000e4ad0000d0ad0000e5
:1025b000b0ad000086ad000051ad000011ad0000cf
:1025c000c5ac00006eac00000cac00009eab00007f
:1025d00024ab00009eaa00000daa000071a9000013
:1025e000c9a8000016a8000059a7000091a6000085
:1025f000c1a50000e7a4000005a400001ca3000082
:102600002da2000037a100003da00000409f000067
:10261000b89f0000c69e0000d29d0000dc9c000018
:10262000e59b0000ee9a0000f99900000599000072
:10263000159800002997000042960000629500005e
:1026400089940000ba930000f49200003a920000ce
:102650008c910000ec9000005b900000db8f00008c
:102660006c8f00000f8f0000c68e0000928e00005d
:10267000738e00006b8e00007a8e0000a08e00002a
:10268000e08e00003a8f0000ad8f00003c9000000b
:10269000e7900000ae910000939200009593000037
:1026a000b5940000f595000055970000d5980000fe
:1026b000759a0000379c0000199e00001da00000c4
:1026c00043a2000089a40000f2a600007ba900003c
:1026d00025ac0000f1ae0000dcb10000e7b4000062
:1026e00012b800005bbb0000c1be000045c2000084
:1026f000e4c500009dc900006fcd00005ad1000064
:102700005bd5000071d900009bdd0000d8e100001e
:1027100027e6000084ea0000f0ee000069f3000004
:10272000ecf7000078fc00000c010000a60500009a
:10273000c79c0000b59b0000a59a00009799000077
:102740008f9800008c970000909600009e950000e6
:10275000b5940000d7930000069300004292000059
:102760008d910000e890000054900000d18f00008f
:10277000618f0000048f0000bb8e0000868e000079
:10278000668e00005b8e0000678e0000898e000060
:10279000c38e0000148f00007e8f000001900000a7
:1027a0009c900000519100001f92000007930000d0
:1027b00009940000259500005b960000ac9700008e
:1027c000179900009d9a00003e9c0000f99d0000b2
:1027d000cf9f0000c0a10000cba30000f0a5000027
:1027e0002ea8000085aa0000f6ac00007eaf000015
:1027f0001eb20000d5b40000a2b7000085ba0000e8
:102800007cbd000088c00000a6c30000d6c6000042
:1028100016ca000066cd0000c4d000002fd400000e
:10282000a7d7000028db0000b4de000048e200006b
:10283000e4e5000086e900002ded0000d8f000007e
:1028400086f4000036f80000e7fb000098ff000067
:10285000bd0b00006d1000001c150000c619000023
:102860006a1e000006230000982700001d2c0000af
:1028700093300000f734000049390000853d000026
:10288000aa410000b5450000a5490000774d0000b1
:1028900029510000bb54000029580000725b000061
:1028a000955e000090610000606400000567000014
:1028b0007d690000c56b0000de6d0000c46f000084
:1028c00078710000f8720000437400005875000031
:1028d00037760000df7600004e7700008677000034
:1028e000867700004f770000e07600003976000020
:1028f0005c75000048740000fe7200007f710000eb
:10290000cc6f0000e66d0000ce6b00008469000013
:102910000b670000636400008f6100008f5e0000a1
:10292000655b0000145800009c540000005100003a
:10293000404d000060490000604500004441000037
:102940000d3d0000bd38000056340000dc2f0000b3
:102950004f2b0000b42600000b220000581d000081
:102960009e180000dd1300001a0f0000560a000038
:10297000cc0800005c0d0000ee1100008116000084
:10298000141b0000a41f000030240000b528000024
:10299000332d0000a63100000d360000663a00001d
:1029a000ae3e0000e4420000054700000e4b000070
:1029b000fe4e0000d2520000885600001d5a000052
:1029c0008f5d0000dc60000001640000fc66000018
:1029d000cc6900006f6c0000e26e00002471000002
:1029e000347300000f750000b576000023780000f6
:1029f00059790000557a0000177b00009d7b00008c
:102a0000e87b0000f67b0000c87b00005e7b0000d6
:102a1000b67a0000d1790000b0780000527700004b
:102a2000b8750000e2730000d2710000876f0000eb
:102a3000036d0000486a0000556700002c64000028
:102a4000d0600000415d00008059000091550000f9
:102a500073510000294d0000b54800001a440000e1
:102a6000583f0000743a00006f3500004b30000002
:102a70000d2b0000b525000048200000c81a0000fa
:102a8000381500009b0f0000f50900004804000005
:102a9000c00400007e080000360c0000e70f0000b4
:102aa0009113000031170000c71a0000511e0000ea
:102ab000cf2100003f250000a0280000f12b0000de
:102ac000322f0000623200007f350000893800009c
:102ad0007f3b0000613e00002e410000e543000006
:102ae0008746000013490000884b0000e54d0000b8
:102af0002b500000585200006d5400006a56000030
:102b00004d580000185a0000ca5b0000635d0000c9
:102b1000e35e00004b6000009a610000d26200009a
:102b2000f3630000fd640000f1650000d166000061
:102b30009c67000053680000f86800008a69000084
:102b40000c6a00007d6a0000df6a0000326b000042
:102b5000786b0000b26b0000e06b0000036c0000bb
:102b60001d6c00002d6c0000366c0000386c0000fd
:102b7000336c0000286c0000176c0000036c000030
:102b8000ea6b0000cf6b0000b16b0000926b00009d
:102b9000726b0000526b0000336b0000146b00007e
:102ba000f76a0000dc6a0000c46a0000ae6a000038
:102bb000cf0100006c05000008090000a20c000015
:102bc0003a100000ce1300005e170000ea1a000061
:102bd0006f1e0000ed21000064250000d2280000d7
:102be000372c0000902f0000df320000203600005c
:102bf00054390000793c00008d3f000091420000f4
:102c0000814500005f480000284b0000dc4d0000bb
:102c10007a5000000253000072550000ca570000ad
:102c2000095a00002f5c00003b5e00002d60000090
:102c300005620000c263000063650000e9660000f1
:102c400054680000a5690000da6a0000f56b000016
:102c5000f66c0000dd6d0000a96e00005d6f0000e5
:102c6000f76f000079700000e3700000357100001c
:102c70007171000096710000a6710000a171000042
:102c8000877100005a7100001b710000c9700000bc
:102c900065700000f16f00006c6f0000d86e0000de
:102ca000366e0000866d0000ca6c0000026c0000e9
:102cb000306b0000546a00006f69000083680000f8
:102cc000916700009a6600009e650000a064000005
:102cd0000d07000060020000b7fd000014f90000bd
:102ce0007bf40000ebef000068eb0000f4e600006e
:102cf0008fe200003dde0000fdd90000d3d50000ca
:102d0000c0d10000c4cd0000e2c900001ac6000016
:102d10006fc20000e0be000070bb00001eb80000e3
:102d2000edb40000ddb10000edae000020ac00000d
:102d300073a90000e9a6000081a400003aa20000e7
:102d400016a00000139e0000329c0000729a000042
:102d5000d398000054970000f5950000b59400004a
:102d60009593000093920000af910000e99000005d
:102d700040900000b28f0000408f0000e78e0000fe
:102d8000a98e0000828e0000738e00007b8e0000f2
:102d9000988e0000c98e00000e8f0000658f000025
:102da000ce8f000046900000cd90000062910000a0
:102db00003920000af92000065930000239400008e
:102dc000e9940000b6950000879600005e97000029
:102dd0003898000015990000f3990000d39a00007c
:102de000b49b0000949c0000739d0000519e000065
:102df0001c0400004eff000089fa0000d0f500001e
:102e000024f1000089ec000000e800008ce30000e1
:102e10002fdf0000ebda0000c1d60000b4d20000c2
:102e2000c4ce0000f3ca000042c70000b2c30000d5
:102e300044c00000f8bc0000cfb90000cab60000d2
:102e4000e7b3000029b100008eae000017ac00000f
:102e5000c3a9000093a7000085a500009ba3000064
:102e6000d2a100002aa00000a39e00003c9d00000b
:102e7000f49b0000ca9a0000bd990000cc980000a5
:102e8000f69700003b970000989600000e96000011
:102e90009a9500003b950000f1940000ba94000060
:102ea000949400007e940000779400007e940000cb
:102eb00090940000ae940000d494000003950000ac
:102ec0003895000073950000b2950000f39500005e
:102ed0003696000079960000ba960000f996000038
:102ee000359700006d970000a0970000ce97000076
:102ef000f5970000169800003098000042980000f6
:102f00004e980000519800004e9800004398000031
:102f10001000000070fa0000d1f4000035ef00004e
:102f2000a1e9000016e4000097de000028d90000a7
:102f3000ccd3000084ce000054c9000040c400007f
:102f400048bf000071ba0000bcb500002cb1000001
:102f5000c4ac000086a8000075a4000092a0000088
:102f6000e09c0000609900001596000000930000ae
:102f7000229000007c8d0000108b0000e088000093
:102f8000eb86000033850000b98300007c820000de
:102f90007f810000c08000004180000001800000af
:102fa0000180000041800000c1800000818100009c
:102fb00080820000bd83000039850000f286000099
:102fc000e8880000198b0000858d00002990000022
:102fd00005930000189600005f990000d99c00003e
:102fe00085a0000060a4000068a800009aac000062
:102ff000f6b0000077b500001cba0000e2be000089
:10300000c7c30000c8c80000e3cd000015d300000e
:103010005bd80000b3dd00001be300008fe8000078
:103020000dee000093f300001df90000aafe000061
:103030001ffd00005ef70000a3f10000f1eb0000af
:103040004ae60000b3e000002fdb0000c1d500001d
:103050006cd0000032cb000018c6000020c1000078
:103060004cbc00009fb700001cb30000c4ae0000c1
:1030700099aa00009ea60000d4a200003d9f000077
:10308000da9b0000ac980000b5950000f7920000b4
:1030900071900000268e0000158c0000408a000010
:1030a000a78800004a8700002a86000047850000a4
:1030b000a084000037840000098400001884000008
:1030c00063840000e9840000aa850000a586000052
:1030d000da87000047890000eb8a0000c58c0000f9
:1030e000d38e000015910000899300002c960000fb
:1030f000fe980000fc9b0000259f000077a20000c6
:10310000f0a500008da900004cad00002bb100001f
:1031100028b5000040b9000071bd0000b8c1000032
:1031200013c600007fca0000fbce000084d300005d
:1031300018d80000b4dc000057e10000fee50000f4
:10314000a7ea000050ef0000f7f300009bf8000032
:10315000156c0000176c00001a6c00001f6c00005a
:10316000266c00002e6c0000366c0000406c0000e5
:10317000496c0000536c00005b6c0000636c000045
:10318000696c00006c6c00006c6c0000696c0000e5
:10319000626c0000556c0000426c0000296c00005d
:1031a000096c0000e16b0000af6b0000736b000066
:1031b0002b6b0000d66a0000746a0000046a0000ed
:1031c00083690000f26800004f6800009867000003
:1031d000cf660000f0650000fd640000f3630000ae
:1031e000d26200009b6100004c600000e55e0000c0
:1031f000665d0000cf5b00001e5a000055580000bd
:1032000072560000765400006152000032500000f7
:10321000eb4d00008b4b000012490000814600007e
:10322000d943000019410000423e0000553b000018
:10323000523800003a3500000d320000cc2e00005c
:10324000792b0000142800009d24000018210000a4
:10325000841d0000e3190000361600007f120000f4
:10326000bf0e0000f70a00002b0700005903000002
:103270002469000005690000ed680000db680000bb
:10328000d0680000cb680000ce680000d86800005d
:10329000e9680000016900001f690000436900003f
:1032a0006d6900009b690000cc690000016a0000a4
:1032b000366a00006d6a0000a26a0000d56a00004c
:1032c000036b00002d6b00004f6b00006a6b000069
:1032d0007a6b0000806b0000796b0000646b00006b
:1032e0003f6b0000096b0000c06a0000636a0000c9
:1032f000f069000067690000c56800000a68000006
:103300003467000042660000356500000a64000072
:10331000c062000058610000d05f0000275e00001e
:103320005d5c0000725a00006558000035560000d0
:10333000e35300006f510000d84e00001f4c000006
:10334000434900004646000027430000e63f0000d6
:10335000853c00000339000062350000a231000006
:10336000c52d0000cb290000b625000088210000f3
:10337000411d0000e418000072140000ee0f000070
:10338000590b0000b5060000050200004bfd0000cf
:1033900018650000276400003463000040620000ec
:1033a0004c61000058600000655f0000745e000022
:1033b000865d00009a5c0000b25b0000cf5a0000fe
:1033c000f159000019590000465800007b570000d1
:1033d000b7560000fb550000475500009d54000003
:1033e000fc53000064530000d6520000535200000a
:1033f000d95100006951000004510000a95000009b
:103400005850000012500000d54f0000a34f00009c
:103410007b4f00005d4f0000494f00003e4f000011
:103420003e4f0000494f00005e4f00007d4f0000fe
:10343000a64f0000da4f0000185000005f50000057
:10344000b15000000d51000072510000e151000028
:1034500058520000d952000063530000f553000099
:103460009054000032550000dc5500008d560000dd
:103470004557000002580000c45800008b59000056
:10348000575a0000265b0000f95b0000cf5c00008b
:10349000a75d0000815e00005d5f00003a600000f3
:1034a00018610000f6610000d4620000b263000001
:1034b000276200001661000007600000fc5e00004b
:1034c000f65d0000f65c0000fd5b00000d5b000097
:1034d000265a00004959000076580000b0570000f5
:1034e000f556000047560000a65500001355000091
:1034f0008c54000013540000a753000048530000f0
:10350000f6520000b0520000775200004a5200000c
:103510002952000013520000095200000952000015
:103520001452000029520000475200006e52000061
:103530009d520000d352000011530000555300006b
:10354000a0530000f153000046540000a1540000b5
:103550000055000063550000c955000032560000b8
:103560009d5600000957000076570000e457000000
:1035700051580000be58000029590000935900001e
:10358000fa5900005f5a0000c15a00001e5b00009b
:10359000775b0000cb5b0000195c0000615c000001
:1035a000a35c0000dd5c0000115d00003e5d0000da
:1035b000645d0000825d00009a5d0000a95d00006e
:1035c000b25d0000b45d0000af5d0000a35d0000cf
:1035d000a6a0000090a1000076a2000055a3000064
:1035e0002ea4000000a50000cba500008ea60000c0
:1035f00048a70000faa70000a2a8000041a9000007
:10360000d7a9000062aa0000e3aa00005aab00009c
:10361000c8ab00002aac000083ac0000d2ac0000b4
:1036200017ad000052ad000083ad0000abad00004f
:10363000c8ad0000dcad0000e6ad0000e6ad000066
:10364000dead0000cbad0000b0ad00008cad0000e1
:1036500060ad00002bad0000eeac0000abac000094
:1036600060ac00000fac0000baab00005fab000024
:1036700000ab00009daa000037aa0000cea9000000
:1036800063a90000f7a800008aa800001ca8000099
:10369000afa7000042a70000d7a600006da600005b
:1036a00006a60000a1a500003fa50000e2a40000be
:1036b00089a4000035a40000e7a300009fa3000038
:1036c0005da3000023a30000efa20000c2a200003f
:1036d0009ca200007ea2000066a2000057a200008b
:1036e0004ea200004ca2000051a200005da200000a
:1036f000b59d00007f9e0000489f000010a00000c4
:10370000d8a000009ea1000063a2000026a3000034
:10371000e8a30000a8a4000066a5000022a60000ff
:10372000dba6000091a7000043a80000f2a800005b
:103730009ca9000042aa0000e3aa00007dab0000a3
:1037400011ac00009eac000024ad0000a2ad000052
:1037500018ae000086ae0000ebae000047af0000e0
:1037600099af0000e2af000022b0000057b00000a7
:1037700081b00000a1b00000b7b00000c2b00000ee
:10378000c2b00000b7b00000a2b0000083b00000db
:103790005ab0000026b00000e8af0000a1af000062
:1037a0004faf0000f3ae00008eae00001fae000071
:1037b000a8ad000027ad00009dac00000bac0000e0
:1037c00070ab0000ceaa000024aa000073a900007c
:1037d000bba80000fea700003ca7000075a60000e3
:1037e000a9a50000daa4000007a4000031a300008e
:1037f00059a200007fa10000a3a00000c69f000006
:10380000e89e00000a9e00002c9d00004e9c0000d7
:10381000aa990000a19900009099000076990000f3
:10382000549900002b990000fa980000c2980000fb
:103830008498000041980000f9970000ae970000be
:103840005f9700000f970000bd9600006c96000087
:103850001d960000d1950000889500004595000058
:1038600009950000d5940000ab9400008b940000f3
:10387000769400006f940000769400008c94000011
:10388000b3940000eb94000037950000979500007a
:103890000c960000979600003a970000f6970000fb
:1038a000cc980000be990000cb9a0000f69b000067
:1038b000409d0000a89e000030a00000d9a100009b
:1038c000a3a300008ea500009ba70000cba90000c9
:1038d0001dac000091ae000028b10000e1b3000073
:1038e000bdb60000bab90000d9bc00001ac0000083
:1038f0007bc30000fdc600009eca00005ece000033
:103900003bd2000035d600004ada000078de000025
:10391000bfe200001ce700008eeb000012f0000088
:10392000a7f400004bf90000fbfd0000b502000009
:10393000b89600008f960000629600003196000055
:10394000fe950000c8950000929500005b95000070
:1039500024950000f0940000bd9400008e940000b7
:10396000639400003d9400001d9400000494000046
:10397000f2930000e8930000e8930000f093000049
:1039800003940000219400004b94000082940000f6
:10399000c6940000199500007a950000ec9500008f
:1039a0006e96000002970000a89700006198000042
:1039b0002d9900000e9a0000039b00000d9c000052
:1039c0002e9d0000659e0000b49f00001ba100001a
:1039d0009aa2000031a40000e2a50000aba70000fd
:1039e0008ea900008aab00009fad0000ceaf0000a2
:1039f00015b2000075b40000eeb600007fb90000fb
:103a000027bc0000e7be0000bec10000abc4000040
:103a1000aec70000c6ca0000f3cd000034d10000dc
:103a200087d40000ecd7000063db0000e8de000074
:103a30007ce200001de60000cae9000081ed000004
:103a400041f1000009f50000d5f80000a7fc0000d6
:103a5000ae050000480b0000d91000006016000001
:103a6000da1b00004321000099260000da2b000039
:103a70000231000010360000003b0000d13f000082
:103a8000804400000a4900006e4d0000a95100006a
:103a9000ba5500009f590000565d0000dd6000002f
:103aa0003364000056670000456a0000fe6c0000a9
:103ab000806f0000c9710000da730000b07500006b
:103ac0004b770000aa780000cd790000b37a00009f
:103ad0005c7b0000c77b0000f67b0000e87b0000f9
:103ae0009d7b0000177b0000567a00005b79000088
:103af00026780000b9760000157500003b730000c1
:103b00002d710000eb6e0000776c0000d46900009e
:103b10000267000004640000db600000895d0000b3
:103b2000105a000073560000b4520000d54e000039
:103b3000d84a0000c04600008f420000483e000006
:103b4000ed39000081350000053100007c2c0000bb
:103b5000e82700004c230000a91e0000021a000004
:103b600059150000b0100000090c000065070000a6
:103b7000bd02000036080000ac0d00001b13000061
:103b800083180000e01d00003123000072280000af
:103b9000a22d0000be320000c4370000b23c00007d
:103ba0008441000039460000ce4a0000414f000029
:103bb0008f530000b7570000b55b0000885f00001e
:103bc0002d630000a2660000e5690000f56c0000ae
:103bd000cf6f000073720000de74000010770000e9
:103be00007790000c17a00003e7c00007d7d000066
:103bf0007d7e00003e7f0000bf7f0000ff7f000051
:103c0000ff7f0000bf7f00003f7f00007f7e00003d
:103c1000807d0000437c0000c77a00000e79000020
:103c200018770000e77400007b720000d76f000077
:103c3000fb6c0000e8690000a1660000276300003b
:103c40007b5f0000a05b00009857000066530000f7
:103c50000a4f0000894a0000e44500001e410000b0
:103c6000393c0000383700001d320000eb2c00000a
:103c7000a52700004d220000e51c00007117000080
:103c8000f31100006d0c0000e30600005601000077
:103c9000b2fe000058030000f3070000810c000092
:103ca000001100006d150000c81900000e1e000074
:103cb0003e22000057260000572a00003d2e00003b
:103cc00008320000b735000048390000bb3c000056
:103cd00010400000454300005b46000050490000d2
:103ce000254c0000d94e00006c510000de5300004e
:103cf0002e5600005c580000695a0000555c000018
:103d0000205e0000ca5f000053610000bd62000039
:103d1000086400003465000042660000346700005b
:103d20000a680000c568000068690000f2690000c8
:103d3000666a0000c56a00000f6b0000466b000059
:103d40006c6b0000826b0000896b0000826b0000ce
:103d5000706b0000526b00002c6b0000fd6a0000cd
:103d6000c86a00008d6a00004e6a00000d6a0000fb
:103d7000ca69000087690000466900000769000001
:103d8000cb680000936800006068000032680000a3
:103d90000b680000ea670000d0670000be67000003
:103da000b2670000af670000b2670000bd670000a7
:103db000c0fb000047000000c60400003d090000f1
:103dc000a90d00000b12000060160000a71a0000e9
:103dd000de1e0000062300001b2700001e2b000033
:103de0000c2f0000e5320000a8360000533a000016
:103df000e53d00005d410000ba440000fb470000c3
:103e00001f4b0000254e00000c510000d553000050
:103e10007d560000065900006e5b0000b55d000095
:103e2000dc5f0000e1610000c56300008865000000
:103e300029670000aa6800000b6a00004b6b0000b5
:103e40006b6c00006d6d0000516e0000176f00007c
:103e5000c06f00004e700000c070000019710000bb
:103e6000577100007e7100008d71000085710000a7
:103e70006871000037710000f27000009b70000054
:103e800032700000ba6f0000336f00009e6e0000b9
:103e9000fd6d0000516d00009b6c0000dd6b0000ab
:103ea000176b00004a6a000079690000a2680000f0
:103eb000c8670000eb6600000d6600002d6500007d
:103ec0004c6400006c6300008d620000af61000074
:103ed000fe0000003afd000074f90000aef500009d
:103ee000eaf1000028ee00006aea0000b1e60000f6
:103ef000ffe2000055df0000b5db00001fd8000026
:103f000095d4000019d10000abcd00004dca0000cf
:103f100000c70000c5c300009dc0000089bd0000af
:103f20008bba0000a3b70000d2b4000018b20000a2
:103f300076af0000edac00007daa000026a80000ce
:103f4000e8a50000c5a30000bba10000cc9f0000b5
:103f5000f79d00003d9c00009d9a0000179900000d
:103f6000ac9700005b960000269500000b940000c3
:103f70000a9300002392000057910000a3900000d4
:103f800009900000878f00001d8f0000cb8e00007d
:103f90008f8e00006a8e00005a8e00005f8e000037
:103fa000798e0000a68e0000e58e0000378f00009d
:103fb0009b8f00000f90000094900000289100005b
:103fc000ca9100007a92000036930000fe93000030
:103fd000d0940000ac950000919600007d97000001
:103fe0006f98000066990000629a0000609b0000d4
:103ff0000dfe000029fa000047f600006af20000fa
:1040000093ee0000c5ea000002e700004ae300006a
:104010009fdf000004dc000079d8000000d500001c
:104020009ad1000048ce00000bcb0000e4c700008e
:10403000d5c40000dcc10000fcbe000034bc0000a0
:1040400085b90000efb6000072b400000fb20000a6
:10405000c6af000097ad000081ab000086a900004c
:10406000a4a70000dca500002da4000097a200007a
:1040700019a10000b39f0000659e00002e9d000066
:104080000d9c0000039b00000f9a00002f99000078
:1040900064980000ad970000089700007696000035
:1040a000f49500008395000021950000ce94000057
:1040b000889400004e94000020940000fd930000be
:1040c000e3930000d3930000ca930000c89300005c
:1040d000cd930000d8930000e9930000fd93000009
:1040e00016940000319400004f9400006e9400007c
:1040f0008e940000ae940000cd940000ec9400007b
:1041000009950000249500003c95000052950000a0
:1041100002fa00004bf500008ef00000cfeb00002b
:1041200010e7000052e2000098dd0000e5d8000032
:104130003bd400009dcf00000ccb00008bc60000dc
:104140001ec20000c6bd000085b900005fb50000ba
:1041500055b100006bad0000a2a90000fca5000055
:104160007da20000269f0000f99b0000f898000047
:1041700025960000809300000d910000cb8e00007a
:10418000be8c0000e58a000042890000d78700004d
:10419000a3860000a9850000e98400006384000074
:1041a000188400000a84000038840000a284000003
:1041b0004a8500002f86000050870000ae8800006e
:1041c000488a00001e8c00002e8e000079900000ae
:1041d000fd920000b8950000ab980000d49b000051
:1041e000309f0000bfa2000080a600006faa000060
:1041f0008dae0000d7b200004bb70000e6bb000058
:10420000a8c000008cc5000091ca0000b5cf000016
:10421000f3d400004bda0000b8df000038e50000fe
:10422000c8ea000065f000000bf60000b8fb0000d3
:1042300010f7000039f2000061ed00008be800008b
:10424000b9e30000f0de000030da00007ed50000a7
:10425000dbd000004bcc0000d0c700006cc30000d6
:1042600022bf0000f4ba0000e5b60000f6b200007c
:104270002aaf000083ab000001a80000a8a4000042
:1042800077a10000729e00009a9b0000ef9800004a
:10429000749600002a940000119200002b900000f8
:1042a000798e0000fc8c0000b48b0000a18a000015
:1042b000c589000020890000b18800007a880000cc
:1042c0007a880000b188000020890000c7890000ba
:1042d000a48a0000b88b0000028d0000818e0000cf
:1042e000349000001a920000329400007c96000086
:1042f000f59800009d9b0000719e000071a10000d8
:104300009ba40000eca7000064ab000000af00001d
:10431000c0b20000a0b60000a0ba0000bcbe000001
:10432000f3c2000043c70000aacb000024d0000065
:10433000b1d400004cd90000f5dd0000a8e2000077
:1043400062e7000023ec0000e6f00000aaf50000a0
:1043500006660000f1660000d8670000b96800003a
:10436000956900006a6a0000386b0000fd6b000070
:10437000b96c00006b6d0000136e0000af6e0000a2
:104380003e6f0000c16f0000367000009c7000009e
:10439000f3700000397100006f710000947100002b
:1043a000a7710000a7710000937100006b710000fd
:1043b0002e710000db70000071700000ef6f0000d4
:1043c000566f0000a36e0000d86d0000f36c000073
:1043d000f36b0000d96a0000a46900005468000073
:1043e000e966000063650000c26300000762000028
:1043f00031600000405e0000355c0000105a000093
:10440000d25700007b5500000a5300008250000084
:10441000e24d00002b4b00005e4800007b45000091
:1044200084420000783f00005a3c00002a39000016
:10443000ea3500009a3200003c2f0000d12b00002a
:1044400059280000d82400004c210000b81d0000ad
:104450001c1a00007a160000d3120000280f00007a
:104460007a0b0000ca070000190400006800000071
:1044700015630000e0630000aa6400007565000099
:104480003f66000008670000d067000095680000e4
:10449000596900001a6a0000d76a00008f6b00009b
:1044a000436c0000f06c0000966d0000336e00005d
:1044b000c86e0000516f0000cf6f00003f70000019
:1044c000a1700000f3700000347100006271000000
:1044d0007e71000084710000757100004f71000052
:1044e00011710000ba70000049700000bd6f00003b
:1044f000156f0000506e00006d6d00006b6c0000c9
:104500004b6b00000b6a0000ab6800002b670000db
:104510008b650000c9630000e7610000e35f0000f5
:10452000bd5d0000775b00000e590000855600005d
:10453000db5300000f510000244e0000194b000017
:10454000ee470000a54400003f410000bb3d0000d5
:104550001c3a00006336000091320000a62e0000d5
:10456000a52a00008f26000065220000281e0000fa
:10457000d91900007c15000010110000970c0000f4
:104580001408000088030000f4fe00005afa00003e
:104590000a5f0000025f0000f25e0000db5e0000c8
:1045a000bb5e0000955e0000675e0000315e0000ab
:1045b000f55d0000b35d00006a5d00001b5d00005a
:1045c000c75c00006e5c0000105c0000ae5b000089
:1045d000485b0000df5a0000745a0000075a0000d0
:1045e000995900002a590000bb5800004b580000a0
:1045f000dc5700006e570000005700009556000081
:104600002b560000c35500005f550000fd5400000c
:104610009f54000046540000f0530000a0530000d7
:104620005553000011530000d45200009e52000068
:10463000715200004b5200002f5200001b5200002c
:1046400011520000115200001c52000030520000b4
:10465000505200007a520000af520000ef520000aa
:104660003b53000092530000f453000062540000da
:10467000dc54000062550000f35500008f56000026
:1046800037570000ea570000a75800006f59000094
:104690003f5a0000195b0000fb5b0000e45c000077
:1046a000d35d0000c95e0000c35f0000c060000071
:1046b000185c0000f05b0000c55b0000965b00002a
:1046c000655b0000325b0000fe5a0000ca5a000021
:1046d000955a0000615a00002e5a0000fc59000053
:1046e000cb5900009c59000070590000455900004a
:1046f0001d590000f7580000d4580000b3580000be
:1047000093580000765800005b58000042580000a3
:104710002c5800001758000005580000f5570000fd
:10472000e7570000da570000d0570000c8570000d4
:10473000c1570000bc570000b9570000b757000030
:10474000b7570000b9570000bd570000c35700001d
:10475000cb570000d5570000e0570000ee5700008f
:10476000fd5700000e58000020580000335800008c
:10477000485800005e580000755800008d58000031
:10478000a6580000bf580000d9580000f358000098
:104790000f5900002b5900004859000065590000ce
:1047a00083590000a1590000c0590000de590000e3
:1047b000fd5900001a5a0000375a0000535a0000f1
:1047c0006d5a0000865a00009d5a0000b25a00003f
:020000040000fa
:020000040002f8
:1047d000889fbe00000478008004eb0020052000c4
:1047e000080040000908780080052000080040000b
:1047f000090878000801780010002000210120003d
:10480000125a020001000000406a2000202c98008b
:10481000400620000800400009087800200620001b
:104820000800400009087800000720000800400048
:1048300009087800f0ff2700302c98006000b800cd
:104840004024980051249800c00420000800400033
:104850000908780078209000cf80de00f30f500028
:10486000e08f580074003e0000060100130037007e
:104870002900370070003700150037001900370095
:104880006d0037006c0037006b0037001d003700eb
:1048900017003700680037006700370062003700f4
:1048a0005c00370054003700200037003900370023
:1048b00061003700600037000a003700703e2000ba
:1048c000202c980020002000002c98005a0037006f
:1048d000401f2000202c980020002000002c980071
:1048e0005500370020002000002c980052003700af
:1048f000c05d2000202c9800a0002000002c980013
:104900004d003700c05d2000202c98005000200092
:10491000002c980048003700004e2000202c980002
:104920000805b000000ceb0043003700f040200009
:10493000202c980082322d00131020000000eb0084
:104940002904200088844400870420008000d000cf
:1049500099804000960180000202780004f0a400d3
:104960008382d20005d0fe001402780006d0fe003b
:10497000840878000000e80062014100e0814900fd
:10498000870f5000f1ff3a0030002000002c980003
:1049900029003700f0812000202c9800628c2d0027
:1049a000131020000000eb00270420008883430040
:1049b0008000d000978040009601800002027800bd
:1049c00004f0a4008382d20005d0fe001402780017
:1049d00006d0fe00840878000000e8006201410073
:1049e000e0814900fb0f5000f1ff3a002000200059
:1049f000002c980010003700f0812000202c980037
:104a000090612600302c980020012000002c980096
:104a100009003700c05d2000202c9800a000200075
:104a2000002c980004003700c05d2000202c980066
:104a300050002000002c98004f04be00000006002b
:104a4000ea874700889fbe008a9fbe008c9fbe00f9
:104a50008e1f78000005780001077800e2b79f00fc
:104a6000660047000008eb000200e0002d00340063
:104a70004b0520008a854500480420000a044400b4
:104a8000e60447006005200000004500d0b79f0005
:104a90001b017800cf91de0018007800980090008c
:104aa0009ca9020001000000008cbe001100200043
:104ab0000a0078006c5f0200010000001906d000b7
:104ac0001e064600dfb09700910678000001eb005b
:104ad00082bf9f00f30320009a816100f3b79f001b
:104ae0007fb197008fb9970038004100a880490036
:104af0000002b1000180b100baa90200010000006b
:104b00008d0078008eab020001000000000e7800de
:104b10001900e800800c7800efb19700808f5100f9
:104b2000dbff3c004f0778004f06be004f05be007c
:104b30004f04be00af00b10000000600402190000d
:104b4000d0219000e00f5100e08f590008003d0097
:104b5000e02890000118a3000c003200c2052000dc
:104b6000000141000100a0000109780007003700a2
:104b7000e02890000118a30004003a00c2052000bc
:104b8000000141000100a00001097800e028900028
:104b90007128980000000600889fbe004023900006
:104ba000d0239000cf38de008100d0000400200028
:104bb000050024008781620004017800e00f5100a5
:104bc000e08f5900010032000100a000e0299000b0
:104bd0000310a7000130a000702b90000610a70062
:104be0000120a000610cb8000804440089844c0036
:104bf00084a12d00151020000802420089824a007d
:104c00009101800004f0a4008582d20005d0fe004e
:104c10001402780001d0fe00c10520008080400011
:104c20008308720082a32d001310200008014100a8
:104c3000898149009401800002f0a4008381d200a0
:104c400003d0fe001201780004d0fe00e005b000a1
:104c5000060871004f04be00000006000f02b000fd
:104c6000889fbe008a9fbe008c9fbe008e1f78006a
:104c70000004780081067800d2b79f006680460065
:104c80000008eb000000eb00a0af9f00dfb0970032
:104c90000100e000030134008c07200008064600f4
:104ca0008305200083014400f3b79f00a407200080
:104cb00004024400c4af9f00c507200085024400e1
:104cc000b5af9f008606200006034400e6b79f00ac
:104cd0001c00e000b4003a00ffb397001700e000aa
:104ce0003f003a00c905200088844400190078007c
:104cf000800c4000e0052000080040009000780093
:104d00000188400008007800a3ff0700800420000d
:104d10000800400010027800900290004229dd0057
:104d2000ce21de00830171004221dd000288be0039
:104d3000c0042000080040001088e9002fa8970058
:104d40000080e800a0af9f00190078000058a30081
:104d5000090032000080ea007f006000f200b90024
:104d6000cfa8970080087800e007200008004000e6
:104d70001000a000070037007f006000f200b900bb
:104d8000cfa9970080097800e007200008004000c4
:104d90001000a100782890000058a30009003200fc
:104da0000080ea007f006000f200b9003faa97008f
:104db000000a7800e0072000080040001010a00062
:104dc000070037007f006000f200b900bfaa97001b
:104dd000800a7800e0072000080040001010a100c1
:104de0007fb3970016007800cfab97001702400002
:104df000bfa89700910140000000e800000b780078
:104e0000f10f500001003400000beb00efb29700ef
:104e10009500780031349800583090006034980044
:104e2000783990000208a300140032008002eb00e1
:104e30000402420085824a0086922900b6b79f008c
:104e400017102000c7b79f003fb39700cfb397005c
:104e50000402430085824b009601800004f0a40008
:104e60008582d20005d0fe001402780006d0fe0034
:104e7000efb39700840bea00130037008002eb00c9
:104e80000402420085824a008692290096b79f005c
:104e900017102000a7b79f001fb39700afb397006c
:104ea0000402430085824b009601800004f0a400b8
:104eb0008582d20005d0fe001402780006d0fe00e4
:104ec000efb39700840b78000218a300150032009e
:104ed0006119b800020141008381490084922900d0
:104ee000f4af9f001510200085b79f007fab97009f
:104ef0008fb397000201430083814b00940180002f
:104f000002f0a4008381d20003d0fe0012017800d9
:104f100004d0fe00a3062000888141008209ea0037
:104f2000120037006119b800020141008381490075
:104f300087922900d7af9f0014102000e4af9f0094
:104f40005fab9700efab97000201430083814b00fa
:104f50009401800002f0a4008381d20003d0fe00ff
:104f60001201780004d0fe0052349800e2062000be
:104f700008014100efb39700178910008000eb0093
:104f8000020720000801410001097800d831900093
:104f9000220720000801410000895100400720003d
:104fa00008004000010878001c00e800000e7800ae
:104fb000e30f500001003400000eeb004904200014
:104fc000888444001900780099009000c25d200098
:104fd000030020009ca9020001000000808cbe009c
:104fe000e68546001b07d0001d074700a0aa020067
:104ff00001000000800078000a0720000805450035
:105000001a0078004280de00383190000200400033
:105010008eab020001000000812025008eab020053
:1050200001000000000f78001b07d0001d0747009b
:105030001e00780080bf9f00190078009900900042
:10504000baa9020001000000800078004907200092
:1050500088844400190078004280de0068319000a6
:10506000020040008eab02000100000081202500fc
:105070008eab0200010000008fb89700010f4000c6
:10508000783090001a0d400018389000990c4000bc
:105090001b00e800800d7800dfb19700808f510081
:1050a0000bff3c002fa897004f0778004f06be006b
:1050b0004f05be004f04be000f02b1000000060005
:1050c0000f02b000889fbe008a9fbe008c9fbe006a
:1050d0008e1f78000004780081067800d2b79f0008
:1050e000668046000008eb000000eb00a0af9f00c8
:1050f000dfb097000100e000030134008c072000be
:10510000080646008305200083014400f3b79f0092
:10511000a407200004024400c4af9f00c50720007c
:1051200085024400b5af9f008606200006034400b8
:10513000e6b79f001c00e000b4003a00ffb3970000
:105140001700e0003f003a00c905200088844400b1
:1051500019007800800c4000e005200008004000a5
:105160009000780001884000080078008afe07005f
:105170008004200008004000100278009002900097
:105180004229dd00ce21de00830171004221dd00d5
:105190000288be00c0042000080040001088e9001a
:1051a0002fa897000080e800a0af9f0019007800aa
:1051b0000098a300090032000080ea00f01fb2004e
:1051c000ec00b900cfa8970080087800e007200025
:1051d000080040001000a00007003700f01fb200d8
:1051e000ec00b900cfa9970080097800e007200003
:1051f000080040001000a100782890000098a3004b
:10520000090032000080ea00f01fb200ec00b90093
:105210003faa9700000a7800e0072000080040003d
:105220001010a00007003700f01fb200ec00b9001a
:10523000bfaa9700800a7800e0072000080040001d
:105240001010a1007fb3970016007800cfab970035
:1052500017024000bfa89700910140000000e8003d
:10526000000b7800eb0f500001003400000beb0046
:10527000efb29700950078003134980058309000d4
:1052800060349800783990000208a30014003200be
:105290008002eb000402420085824a00068c27004f
:1052a000b6b79f0007102000c7b79f003fb3970015
:1052b000cfb397000402430085824b009601800023
:1052c00004f0a4008582d20005d0fe00140278000c
:1052d00006d0fe00efb39700840bea0013003700fe
:1052e0008002eb000402420085824a00068c2700ff
:1052f00096b79f0007102000a7b79f001fb3970025
:10530000afb397000402430085824b0096018000f2
:1053100004f0a4008582d20005d0fe0014027800bb
:1053200006d0fe00efb39700840b78000218a300ac
:10533000150032006119b800020141008381490063
:10534000048c2700f4af9f000510200085b79f0054
:105350007fab97008fb397000201430083814b001e
:105360009401800002f0a4008381d20003d0fe00eb
:105370001201780004d0fe00a306200088814100bd
:105380008209ea00120037006119b80002014100e9
:1053900083814900078c2700d7af9f0004102000ad
:1053a000e4af9f005fab9700efab970002014300b3
:1053b00083814b009401800002f0a4008381d2001d
:1053c00003d0fe001201780004d0fe005234980091
:1053d000e206200008014100efb397001789100092
:1053e0008000eb000207200008014100010978005d
:1053f000d8319000220720000801410000895100a7
:105400004007200008004000010878001c00e80068
:10541000000e7800e30f500001003400000eeb0096
:105420004904200088844400190078009900900005
:1054300022672000030020009ca902000100000058
:10544000808cbe00e68546001b07d0001d07470084
:10545000a0aa020001000000800078000a072000d6
:10546000080545001a0078004280de0038319000bf
:10547000020040008eab02000100000081202500e8
:105480008eab020001000000000f78001b07d00067
:105490001d0747001e00780080bf9f00190078009c
:1054a00099009000baa90200010000008000780075
:1054b0004907200088844400190078004280de00fb
:1054c00068319000020040008eab02000100000035
:1054d000812025008eab0200010000008fb89700ec
:1054e000010f4000783090001a0d400018389000ed
:1054f000990c40001b00e800800d7800dfb1970098
:10550000808f51000bff3c002fa897004f077800b9
:105510004f06be004f05be004f04be000f02b10093
:10552000000006000f02b000889fbe008a9fbe00e8
:105530008c9fbe008e1f78000004780081067800e2
:10554000d2b79f00668046000008eb000000eb0029
:10555000a0af9f00dfb097000100e0000801340019
:105560008c072000080646008305200083014400c4
:10557000f3b79f00a407200004024400c4af9f00bb
:10558000c507200085024400b5af9f0086062000b5
:1055900006034400e6b79f001c00e000b9003a0093
:1055a000ffb397001700e00043003a00c905200050
:1055b0008884440019007800800c4000e005200039
:1055c0000800400090007800018840000800780042
:1055d00071fd0700800420000800400010027800e0
:1055e000900290004229dd00ce21de00830171008f
:1055f0004221dd000288be00c004200008004000f7
:105600001088e9002fa897000080e800a0af9f0055
:10561000990078000158a3000a0032008180ea0056
:10562000ff806000800420008088b900cfa8970028
:1056300080087800e0072000080040001000a0006b
:1056400008003700ff806000800420008088b900d7
:10565000cfa9970080097800e007200008004000eb
:105660001000a100f82890000158a3000a003200a1
:105670008180ea00ff806000800420008088b900fb
:105680003faa9700000a7800e007200008004000c9
:105690001010a00008003700ff8060008004200088
:1056a0008088b900bfaa9700800a7800e007200030
:1056b000080040001010a1007fb39700160078008a
:1056c000cfab970017024000bfa8970091014000a0
:1056d0000000e800000b780071042000810f5000ea
:1056e00001003400000beb00efb29700950078004a
:1056f0003134980058309000603498007839900028
:105700000208a300140032008002eb0004024200f1
:1057100085824a00861e2100b6b79f001710200020
:10572000c7b79f003fb39700cfb397000402430071
:1057300085824b009601800004f0a4008582d2008f
:1057400005d0fe001402780006d0fe00efb39700eb
:10575000840bea00130037008002eb0004024200d1
:1057600085824a00861e210096b79f0017102000f0
:10577000a7b79f001fb39700afb397000402430081
:1057800085824b009601800004f0a4008582d2003f
:1057900005d0fe001402780006d0fe00efb397009b
:1057a000840b78000218a300150032006119b800bc
:1057b0000201410083814900841e2100f4af9f0053
:1057c0001510200085b79f007fab97008fb397001f
:1057d0000201430083814b009401800002f0a40089
:1057e0008381d20003d0fe001201780004d0fe00b5
:1057f000a3062000888141008209ea0012003700d8
:105800006119b8000201410083814900871e21000f
:10581000d7af9f0014102000e4af9f005fab97004c
:10582000efab97000201430083814b00940180009d
:1058300002f0a4008381d20003d0fe0012017800a0
:1058400004d0fe0052349800e20620000801410016
:10585000efb39700178910008000eb0002072000cb
:105860000801410001097800d8319000220720008a
:105870000801410000895100400720000800400055
:10588000010878001c00e800000e7800e30f5000cb
:1058900001003400000eeb0049042000888444001d
:1058a0001900780099009000c25d200003002000dc
:1058b0009ca9020001000000808cbe00e685460025
:1058c0001b07d0001d074700a0aa0200010000002e
:1058d000800078000a072000080545001a007800bb
:1058e0004280de0038319000020040008eab0200a2
:1058f00001000000812025008eab020001000000a5
:10590000000f78001b07d0001d0747001e0078001d
:1059100080bf9f001900780099009000baa902008a
:1059200001000000800078004907200088844400be
:10593000190078004280de006831900002004000cb
:105940008eab020001000000812025008eab02001a
:10595000010000008fb89700010f400078309000e0
:105960001a0d400018389000990c40001b00e80008
:10597000800d7800dfb19700808f510006ff3c005a
:105980002fa897004f0778004f06be004f05be00b6
:105990004f04be000f02b10000000600f48747006c
:1059a000889fbe008a9fbe008c9fbe008e1f78001d
:1059b0000004780081067800e2b79f006680460008
:1059c0000008eb000000eb0080b79f000200e00041
:1059d0009c0034008b072000888545008c05200042
:1059e00008064600a10720008100440091b79f00ef
:1059f0008206200002014400f2b79f0064062000e6
:105a00000402440084bf9f001b00e00069003a00cc
:105a10001c00e0002a003a00c905200088844400e8
:105a200019007800800c4000e005200008004000cc
:105a30009000780001884000080078003ffc0700d3
:105a400080042000080040001001780090019000c0
:105a500002014100838149000288be00c004200089
:105a6000080040001008e9008fb297008502e800a6
:105a700085b79f00190078000058a3000900320084
:105a80000080ea007f006000f200b9009fb097003c
:105a900080087800e0072000080040001000a00007
:105aa000070037007f006000f200b9001fb19700c7
:105ab00000097800e0072000080040001000a10065
:105ac0001c0078001fb29700140140000000e8009d
:105ad000000e7800f10f500001003400000eeb00c2
:105ae000ffb29700150078008fb897008008780003
:105af000f83890000108a300140032008001eb0088
:105b0000020141008381490084922900c4b79f00ab
:105b100015102000d5b79f004fb29700dfb2970055
:105b20000201420083814a009101800002f0a4003a
:105b30008381d20003d0fe001201780001d0fe0064
:105b4000ffb29700820aea00130037008001eb00e1
:105b5000020141008381490081922900a1b79f0081
:105b600014102000b4b79f002fb29700bfb2970067
:105b70000201420083814a009101800002f0a400ea
:105b80008381d20003d0fe001201780001d0fe0014
:105b9000ffb29700820a7800e1062000888040006a
:105ba0007fb1970092081000000720000800400015
:105bb0000008eb001b00e800800d7800e30f5000a8
:105bc00001003400800deb0049042000888444006b
:105bd0001900780099009000c25d200003002000a9
:105be0009ca9020001000000808cbe006685460072
:105bf0001a07d0001d074700baa9020001000000e3
:105c0000800078000907200088844400190078008b
:105c10004280de000fba9700140040008eab0200f5
:105c200001000000000f780078309000990c4000cf
:105c30001a00e800000d7800efb29700808f520044
:105c400071ff3c000fb097004f0778004f06be0071
:105c50004f05be004f04be004f01b100000006001a
:105c6000f4874700889fbe008a9fbe008c9fbe00bd
:105c70008e1f78000004780081067800e2b79f004c
:105c8000668046000008eb000000eb0080b79f0034
:105c90000200e0009f0034008b072000888545004b
:105ca0008c05200008064600a10720008100440062
:105cb00091b79f008206200002014400f2b79f00c6
:105cc000640620000402440084bf9f001b00e00023
:105cd0006c003a001c00e0002c003a00c9052000ce
:105ce0008884440019007800800c4000e005200002
:105cf000080040009000780001884000080078000b
:105d00008efb07008004200008004000100178008e
:105d10009001900002014100838149000288be0089
:105d2000c0042000080040001008e9008fb297006e
:105d30008502e80085b79f00190078000058a3008d
:105d40000a0032000080ea007f0060008104200029
:105d50008180b9009fb0970080087800e00720009c
:105d6000080040001000a000080037007f0060001d
:105d7000810420008180b9001fb1970000097800dc
:105d8000e0072000080040001000a1001c0078007f
:105d90001fb29700140140000000e800000e7800d8
:105da00071042000810f500001003400000eeb0050
:105db000ffb29700150078008fb897008008780030
:105dc000f83890000108a300140032008001eb00b5
:105dd0000201410083814900841e2100c4b79f0055
:105de00015102000d5b79f004fb29700dfb2970083
:105df0000201420083814a009101800002f0a40068
:105e00008381d20003d0fe001201780001d0fe0091
:105e1000ffb29700820aea00130037008001eb000e
:105e20000201410083814900811e2100a1b79f002a
:105e300014102000b4b79f002fb29700bfb2970094
:105e40000201420083814a009101800002f0a40017
:105e50008381d20003d0fe001201780001d0fe0041
:105e6000ffb29700820a7800e10620008880400097
:105e70007fb1970092081000000720000800400042
:105e80000008eb001b00e800800d7800e30f5000d5
:105e900001003400800deb00490420008884440098
:105ea0001900780099009000c25d200003002000d6
:105eb0009ca9020001000000808cbe00668546009f
:105ec0001a07d0001d074700baa902000100000010
:105ed00080007800090720008884440019007800b9
:105ee0004280de000fba9700140040008eab020023
:105ef00001000000000f780078309000990c4000fd
:105f00001a00e800000d7800efb29700808f520071
:105f10006eff3c000fb097004f0778004f06be00a1
:105f20004f05be004f04be004f01b1000000060047
:105f3000f2874700889fbe008a9fbe008c9fbe00ec
:105f40008e1f78000004be00a2b79f006680440048
:105f50000008eb000000eb00b0b79f000200e0007b
:105f60006f0034008b072000888545008c042000da
:105f700008064600c10420008100440091b79f003c
:105f80004d052000888646004a042000080545008b
:105f90001b00e0000a003a001c0078009c00900002
:105fa0000000400081804800008ebe001fb19700b5
:105fb0001209e900bfb197008301e800b3b79f0061
:105fc0001d017800cf91de001a0078009a00900041
:105fd0009ca9020001000000008dbe0011002000fd
:105fe000080078006c5f020001000000f003200050
:105ff000010020000102780084bf9f009802600029
:10600000f5b79f007fb197008fb997003a00410024
:10601000aa8049000002b1000180b1001c01780093
:106020009c019000e00f5100e08f590004003d00fa
:1060300082052000080141001209e8000300370032
:1060400082052000080141001209e900482990005a
:106050000200e00004003c0082052000080141002d
:106060000009eb0005003700e3352000830f5100e5
:1060700002003400f2352000422c980039019000d3
:106080000201d00019014100c2b79f0048299000c9
:10609000cf91de000201410083814900c47c2700ca
:1060a000d4b79f0015102000e5b79f005fb297009e
:1060b000efb297000201420083814a009401800000
:1060c00002f0a4008381d20003d0fe001207780002
:1060d00004d0fe00baa90200010000008e00780082
:1060e0008eab020001000000cfb29700800a78005a
:1060f0001b00e800800d7800f1432100810f500063
:1061000001003400800deb00e68044001100e8003f
:1061100080087800afb09700808f50009cff3c0053
:106120003fb097004f0778004f06be004f05be00f6
:106130004f04be002f01b10000000600f0874700a9
:10614000889fbe008a9fbe008c9fbe008e1f780075
:106150000006780001047800b2b79f006600440092
:106160000008eb000000eb00c0b79f000200e00059
:106170005e0034008a0520000c054500cb05200098
:106180008c8545008e0420000c074700c1042000c8
:1061900081004600a1b79f00490420008c84440080
:1061a0001a0078000000e00012003a009b0078001e
:1061b00081804000810d78001e0178009e019000d2
:1061c0000201410083814900028fbe00e00f5100af
:1061d000e08f590002003d000100a000810d780011
:1061e0002fb197001209e900cfb197008301e800b1
:1061f000c3b79f004480de009b0078006781600089
:10620000f211b900020140008001eb0002014100df
:106210008381490080882c00f0b79f001110200076
:1062200081bf9f007fb097008fb8970002014000a8
:10623000838148009101800002f0a4008381d20094
:1062400003d0fe001201780001d0fe00cf91de00e5
:1062500019007800990090009ca90200010000003c
:10626000808cbe00110020000c0078006c5f0200e2
:1062700001000000b80690008d06d0009886460008
:10628000f00320000100200001017800e2b79f0028
:106290009c016000d3b79f005fb19700efb19700fa
:1062a00039004100a98049000002b1000180b1001d
:1062b000baa9020001000000800e78001a00e80070
:1062c000000d7800f1112000810f50000100340012
:1062d000000deb00e60044001100e80080087800a3
:1062e000bfb19700808f5100adff3c004fb09700c9
:1062f0004f0778004f06be004f05be004f04be009a
:106300000f01b10000000600e6874700889fbe002d
:106310008a9fbe008c9fbe008e1f78008106780089
:1063200082bf9f00e68046008008eb000007eb007c
:106330008fb897000100e00033003400880520008a
:10634000000444008904200080844400c10420002b
:1063500081004000f1b79f004a042000000545007d
:10636000e68546001800e00008003a0019007800b1
:10637000990090000000400081804800808cbe00a1
:106380007fb097001008e9000e07e80019007800b8
:1063900099009000e00f5000e08f580003003d008e
:1063a000024b2000030020000200370082892000f9
:1063b000030020001a0078009a0090009ca90200b7
:1063c00001000000008dbe001b06d0001d06460027
:1063d000baa9020001000000000e78001800e800d1
:1063e000000c780071042000810f5000010034007f
:1063f000000ceb001b00e800800d78008fb89700c0
:10640000808f5000d7ff3c000e0078004f077800c7
:106410004f06be004f05be004f04be006f00b10026
:1064200000000600889fbe008a9fbe008c9fbe00b1
:106430008e1f7800e68140008009eb008005eb00ac
:106440000200e0003900340086052000000343000c
:10645000ca052000000545008d0420008086460006
:10646000c004b0000b067800e68340009601780077
:10647000f18f5100030034000c0b78008c01780080
:10648000020037000300e0000f003a001a04780011
:10649000080744000e0d78001d0478009d0490004c
:1064a0000804440089844c00888ebe00e00f54002c
:1064b000e08f5c0002003d000e00a0000e0d780091
:1064c0001008e9008b05e8001707d0001107470006
:1064d0001a02780067046200f244b900088441009f
:1064e0008004eb000804440089844c00849a2c004a
:1064f000151020000804420089844a00930180009e
:1065000008f0a4008984d20009d0fe0018047800a5
:1065100003d0fe00080f7800160be8009701e80092
:10652000830b7800830f5100d0ff3c000b007800f4
:106530004f0778004f06be004f05be004f04be0057
:1065400000000600889fbe008a9fbe008c9fbe0090
:106550008e1f7800e68140008009eb008005eb008b
:106560000200e000390034008605200000034300eb
:10657000ca052000000545008d04200080864600e5
:10658000c004b0000b067800e68340009601780056
:10659000e88f5100030034000c0b78008c01780068
:1065a000020037000300e0000f003a001a047800f0
:1065b000080744000e0d78001d0478009d0490002b
:1065c0000804440089844c00888ebe00e00f54000b
:1065d000e08f5c0002003d000e00a0000e0d780070
:1065e0001008e9008b05e8001707d00011074700e5
:1065f0001a02780067046200e944b9000884410087
:106600008004eb000804440089844c00843b2d0086
:10661000151020000804420089844a00930180007c
:1066200008f0a4008984d20009d0fe001804780084
:1066300003d0fe00080f7800160be8009701e80071
:10664000830b7800830f5100d0ff3c000b007800d3
:106650004f0778004f06be004f05be004f04be0036
:1066600000000600ee874700889fbe008a9fbe009c
:106670008c9fbe008e1f78000006be00d2b79f0020
:10668000668046000008eb000000eb00e0b79f00ca
:10669000dfb097000100e0005600340048062000fb
:1066a0000c0444002a0620000c0545008304200049
:1066b00083014600c3b79f000b0420008c85450072
:1066c000c404200004024600b4b79f0018007800fc
:1066d000f10f500002003400000ceb000200370004
:1066e0000000e0002e003a001a00e800000d7800db
:1066f000e80f500001003400000deb00cfb297000e
:1067000015017800950190004f18de000000400050
:106710000201410083814900e00f5100e08f5900e0
:1067200001003d000000a0000201410083814900fa
:10673000cfb097008288be001a01d0001b01410033
:10674000630060008000eb00000040008180480092
:1067500083b82d00f3b79f001410200084bf9f0062
:106760007fb297008fba97000000420081804a00f4
:106770009301800000f0a4008180d20001d0fe00cf
:106780001000780003d0fe0000097800bfb2970027
:10679000958ae9006fb097000080e800e0b79f009d
:1067a000e68446001907d0001d07470098017800cd
:1067b000c319dd001c2190009a0078001b007800ae
:1067c00005ff2f004400200082814100920020003c
:1067d00048ac020001000000000f7800180ce8002f
:1067e0001900e800800c7800dfb09700808f50001f
:1067f000b6ff3c006fb097004f0778004f06be0011
:106800004f05be004f04be00ef00b10000000600bf
:10681000ee874700889fbe008a9fbe008c9fbe0007
:106820008e1f78000006be00d2b79f00668046002b
:106830000008eb000000eb00e0b79f00dfb097001e
:106840000100e00056003400480620000c0444001b
:106850002a0620000c054500830420008301460021
:10686000c3b79f000b0420008c854500c4042000a2
:1068700004024600b4b79f0018007800e80f5000eb
:1068800002003400000ceb00020037000000e000c2
:106890002e003a001a00e800000d7800e80f5000c2
:1068a00001003400000deb00cfb297001501780015
:1068b000950190004f18de000000400002014100e9
:1068c00083814900e00f5100e08f590001003d0035
:1068d0000000a0000201410083814900cfb0970071
:1068e0008288be001a01d0001b01410063006000d5
:1068f0008000eb00000040008180480083b82d003c
:10690000f3b79f001410200084bf9f007fb2970050
:106910008fba97000000420081804a0093018000f6
:1069200000f0a4008180d20001d0fe0010007800a9
:1069300003d0fe0000097800bfb29700958ae900f5
:106940006fb097000080e800e0b79f00e684460043
:106950001907d0001d074700180178006611b9001b
:106960001c2390009a0078001b00780005ff2f0080
:1069700034002000820143009200200048ac020055
:1069800001000000000f7800180ce8001900e80072
:10699000800c7800dfb09700808f5000b6ff3c007d
:1069a0006fb097004f0778004f06be004f05be003e
:1069b0004f04be00ef00b1000000060002002800f6
:1069c0000300200002189800131898006011b80006
:1069d000421098005310980050219000cf91de0093
:1069e0004f1add00c112de00850272004f12dd0079
:1069f00024109800351098008582d1000482d300bd
:106a0000420320000001410006002c00f7ff2f0088
:106a10000619420007914a000001eb00c304200060
:106a20008081410082097800e304200080814100d8
:106a300082097800030620008081410082097800e5
:106a4000230620008081410082097800430620004f
:106a50008081410082097800e306200080814100a6
:106a600082097800030720008081410082097800b4
:106a7000a30620008081410082097800c30620001f
:106a800080814100820978006307200080814100f5
:106a90001340a10042002000423098006109b90073
:106aa000f30f5100e08f5900b1003e0002060100d3
:106ab0009a0037006e0037007d00370089003700ec
:106ac0000f003700aa003700a9003700a8003700e0
:106ad0002d0037003a003700a5003700a40037002a
:106ae000410037004e003700570037009c00370048
:106af000960037009e0037009d00370011003700d8
:106b00003100200021289800410020003128980001
:106b1000810220004128980001052000512898009a
:106b2000e1e7270061289800a1052000712898005e
:106b30001100200031309800710020004130980091
:106b40008b003700310020002128980041002000f0
:106b5000312898008102200041289800010520007a
:106b6000512898005155250061289800a105200062
:106b70007128980011002000313098007100200029
:106b8000413098007a003700110020002128980039
:106b9000220020003228980082022000422898001b
:106ba00002022000522898005255250062289800c1
:106bb000a205200072289800313098006c00370040
:106bc0000105200051289800c10520008080400068
:106bd0008008eb00a105200071289800210020000a
:106be0003130980062003700110020002128980001
:106bf0002200200032289800020520004228980038
:106c00000202200052289800525525006228980060
:106c1000a2052000722898003130980054003700f7
:106c20000105200051289800c10520008080400007
:106c30008008eb00c1052000712898002100200089
:106c4000313098004a003700010520005128980093
:106c5000c1052000808040008008eb002106200054
:106c60007128980021002000313098004000370042
:106c700021002000212898003100200031289800b0
:106c80000105200041289800512898005155250001
:106c900061289800e104200071289800110020006c
:106ca00031309800710020004130980030003700ea
:106cb000110020002128980022002000322898008e
:106cc00002052000422898005228980052552500bd
:106cd00062289800520520007228980031309800f0
:106ce00023003700110020002128980022002000f6
:106cf0003228980002142000422898000205200043
:106d0000522898005255250062289800a2052000bc
:106d100072289800313098001500370011002000cb
:106d20002128980031289800020520004228980068
:106d3000522898005255250062289800f20520003c
:106d4000722898003130980009003700c1052000f2
:106d5000712898002100200031309800040037008d
:106d60001106200071289800210020003130980081
:106d7000e005b00090007800c708dd00b2472100b0
:106d80000289b9004399de00cf88de000108510076
:106d900000000600e00f5000e08f580002003d00a8
:106da00060001000e080180000000600889fbe0010
:106db0008a9fbe008c9fbe00800478006033b800bc
:106dc0006022b8008000eb00648644008006eb007f
:106dd000748544008005eb006109b900020141009f
:106de000838149000c004100100478004fc0de0090
:106df00004024400850248000a01410012017800a3
:106e00004f90de0006034100870348008100e80040
:106e1000e88f5000f0ff3a00e00f5300e08f5b0076
:106e200002003d0067034300e0834b004d39dd0065
:106e30004330de0000007100c3b8de000001be0078
:106e4000e00f5200e08f5a0002003d00670242004e
:106e5000e0824a004d2bdd004320de00000073007d
:106e6000c3a8de0002005000838058004f0ade00f5
:106e700000004200e08048008180d1000080d30003
:106e8000c906b000820c40004f06be004f05be0090
:106e90004f04be000000060090209000802190006a
:106ea000838f500006003400120020002020900044
:106eb000808f50000a003c000001eb000800370002
:106ec0000001eb00838f500005003d002020900062
:106ed00022002000808f5000010035000001eb00ef
:106ee00002007800000006000000e0000500340009
:106ef000100020000100e000060034000000eb005c
:106f000004003700100020000100e00001003c00f8
:106f10000000eb0000000600820f50000500340066
:106f200010002000810f510006003d000000eb0022
:106f30000400370010002000810f510001003500cf
:106f40000000eb00000006002600fa00889fbe004b
:106f50008a9fbe008c9fbe00800478008106780066
:106f6000620f9800430f9800340f98003d00900086
:106f70000000e0001e0134008005eb004a04200000
:106f80000905450008032000090444008c02200084
:106f9000090646004003200000804400700f98005e
:106fa0004102200081804400510f9800281798006a
:106fb0000b00d0001d00400010007800000d78008c
:106fc0001c0278009c029000ae109000310142003b
:106fd000a1814a00028ebe007e0a9000b40f5100cb
:106fe000a48f59007a003400de0a9000351e51004b
:106ff00025965900b93890000108a30013003a0003
:1070000081032000898040001101780091019000e7
:1070100002014100838149008288be00e103200013
:10702000898040009108e800e9309000810f50000d
:107030001800340080032000090040000202be0056
:107040000400a0000488be00120037008103200065
:1070500089804000110178009101900002014100f7
:10706000838149008288be00e103200089804000be
:107070009108e800e9309000810f500005003d00c4
:1070800080032000090040000202be000400a000ae
:107090000488be0079189000f00f500033003a00c9
:1070a0006e089000d00078000101d000ee0a900038
:1070b00015014100c9199000030978008100e8001a
:1070c0000108780025009000808f500024003a00cd
:1070d000b1029800c408dd00c10298002930900078
:1070e0000000e00003003c00193090000000e000c8
:1070f000040034006e0a9000720042001000a000ec
:1071000003003700ee0a9000728042001000a100d8
:10711000f6874700768457006e0890000a00090041
:10712000301c78006801b1006001b1004e08900089
:107130005e92020001000000be0890000e00780080
:107140008890020001000000ee0890000a0009008b
:10715000be1878006101b1006e01b10088077800a7
:10716000e0032000090040000008eb0069289000bf
:107170008000eb0049199000d9199000800f510050
:10718000818f590002003a0059299000a2349800da
:1071900021062000898040001100e9008008780065
:1071a00003003b0020062000090040000008eb001f
:1071b00041062000898040001100e9008008780025
:1071c00003003b0040062000090040000008eb00df
:1071d0009a0078001920900043ff07000000e000ab
:1071e0003c00320079299000cf91de009c007800ad
:1071f0008388b9005912900082a2b90004004000af
:107200000209b80083014000e00f5100e08f5900ef
:1072100002003d00f207b0000380b000c91add0093
:107220004712de0004827200041798004798de00bf
:10723000101798000e1190009e119000028ebe0053
:10724000c92890004f08de00010040000080d100f6
:1072500019319000800f510002003d00a9299000d3
:10726000932c980069219000792090000000510033
:10727000802c980003003b0002052000090141001a
:107280000009ea000929900019289000800f510098
:107290000b003d0002062000090141001200e80039
:1072a0000009780049319000820f50000700360035
:1072b00091349800392a9000942c980003003700ec
:1072c00000062000090040001008d100e9229000cb
:1072d000f5249800393890000048a3002e003200b1
:1072e00009007800ecfe0700e10f500016003200a4
:1072f000e20f50002b003a00010720008980400077
:107300001100e80080087800e70f50000500340005
:1073100000072000090040000008eb000900780089
:10732000a2fe070009389000cf80de006a0040000e
:10733000e080480000004000818048000080440058
:107340001a08780017003700e10620008980400005
:107350001100e80080087800e70f500005003400b5
:10736000e0062000090040000008eb00090078005a
:107370008efe070079309000cf80de006200400072
:10738000e080480000004000818048000080440008
:107390001a08780003003700c006200009004000ea
:1073a0000008eb0020042000090040009000780055
:1073b000812498001a087800c104200089804000c8
:1073c0001100e80080087800d9209000810f50005b
:1073d00003003500c0042000090040000008eb0055
:1073e0008b05e8003d0090008b0f5000f0fe3c0044
:1073f0004f06be004f05be004f04be000080fa00dd
:10740000000006002a00fa00889fbe008a9fbe0086
:107410008c9fbe008004780081057800720f980070
:10742000430f9800340f98003b0090000000e000ec
:10743000c60034000006eb004804200009044400a4
:107440008d0420008986460000032000008044004f
:10745000600f98008a0220000905450041032000c2
:1074600081804400510f9800481798006160b9006e
:1074700000014000818148001b0141009201780019
:107480004e1190000309780061004000e080480040
:1074900000004000818048001b004000100178007f
:1074a000820e78001a0278009a0290006e0b90000b
:1074b00036004200a6804a00008dbe005e0a9000a1
:1074c000b40f5000a48f58007600340029129000a9
:1074d000b9129000041d500005955800c00320000b
:1074e0000900400090007800c208dd000108780023
:1074f0000300e00004003400c00320000900400045
:107500000110a000010878000200e0000300340030
:10751000c0032000090040001000a000691990007d
:107520006f0161008001eb0002014100838149008d
:10753000859d2d000517980016102000161798003d
:107540000e1090009e1090000201400083814800c0
:107550009001800002f0a4008381d20003d0fe00dd
:107560001201780000d0fe006113b90080032000f2
:107570000900400010027800900290004229dd00ce
:10758000ce21de00830171004221dd000201730083
:10759000838173000288be00692890008000eb00a0
:1075a000800f5100818f590002003a00d9289000c5
:1075b000a1349800e1032000898040001180e80098
:1075c00080087800ef0f50002e003400e003200008
:1075d000090040000008eb007e089000d000780011
:1075e0000102d000fe0a900015024200020a780053
:1075f0008100e8000108780025009000808f50008d
:1076000020003a00b1029800c408dd00c1029800d1
:10761000293090000000e000030032007280420038
:107620001000a000030037007e0b900072004300a2
:107630001000a100f6874700768457007e0890006e
:107640000a000900301c78006801b1006001b10037
:107650004e0890005e92020001000000be089000fb
:107660000e0078008890020001000000fe089000e3
:107670000a000900be1878006101b1006e01b10076
:107680008807780041062000898040001100e90049
:107690008008780003003b004006200009004000fd
:1076a0000008eb004e1190001204780019209000a1
:1076b000880078000cfe07000000e00005003a009a
:1076c0009d0078003920900007fe07000000e000d0
:1076d0001700320079299000cf91de009a007800df
:1076e0008388b9005912900082a2b90004004000ba
:1076f0000209b80083014000e00f5100e08f5900fb
:1077000002003d00f207b0000380b000c91add009e
:107710004712de000482720024179800479bde00a7
:10772000361798002e109000be109000008dbe00fd
:10773000982498009d007800b12498000c86e800f9
:107740003b0090008c0f500048ff3c004f06be00ed
:107750004f05be004f04be000080fa000000060086
:107760003a00fa00889fbe008a9fbe008c9fbe0030
:10777000800478008105780002067800330f9800b5
:10778000040478003b0090000000e0007601340023
:107790000005eb0089067800648044006101b800b0
:1077a0002217980033179800481f98003938900026
:1077b0000008a300060032008a00d0009b80400031
:1077c00040042000090040001108ea0004003700ce
:1077d0000a00d0001b00400010007800a024980090
:1077e0000918900099189000c20220000901410078
:1077f00032024000a28248000400be000489be009c
:1078000029199000b9199000820f5200838f5a00f5
:107810008c00340029129000b9129000c20220009e
:107820000901410004195000059158008002eb0045
:10783000151f98001904d000081f98000e1a900018
:107840009e1a9000848cbe00292090000000e00069
:1078500012003d0002072000090141009200e800eb
:1078600001097800e78f5000030034000107200071
:10787000898040008008eb0009399000cf91de003c
:107880006a014100e0814900020141008381490011
:10789000828044008008780014003700e20620004f
:1078a000090141009200e80001097800e78f5000cb
:1078b00003003400e1062000898040008008eb00ce
:1078c00079319000cf91de0062014100e0814900f2
:1078d00002014100838149000281440000097800cf
:1078e0000401be000200a000828cbe0019007800d6
:1078f0009900900053552500830f5000e08f5800e9
:1079000050003a00393890000018a3004d003a00aa
:107910000000eb006022b8006033b800f48046003d
:107920006109b800221f9800331f98006101b90057
:1079300002014100838149002e149000880041001b
:10794000910078004f8cde000683400087034c00d6
:10795000ae18900001014100920078004f89de00ce
:1079600004824000850249000000e800e80f500052
:10797000eeff3a00e00f5300e08f5b0002003d0095
:1079800067034300e0834b004d38dd004334de00e5
:1079900008047000480f9800c3b8de00510f98002b
:1079a0004e089000de089000e00f5200e08f5a0071
:1079b00002003d0067024200e0824a00cd29dd005e
:1079c0004321de0002817100620f980043acde00ab
:1079d000780f98006e099000fe0990000200500098
:1079e000838058004f0ade0000024200e082480017
:1079f0008582d1000482d300c20620000901410023
:107a0000ee09900003094200c30620008389b900f3
:107a10000300b8008100410042062000030020005e
:107a20007206020000000000d03498006912900035
:107a3000f9129000c4149800d5149800d92a900027
:107a4000a53498000918900099189000820220002f
:107a50000901410032024000a28248000400be0039
:107a60000489be0029199000b9199000820f5200b4
:107a7000838f5a009800340029129000b9129000a8
:107a800082022000090141000419500005915800ac
:107a900041042000898040006930900011001000ee
:107aa000800878008103200089804000110178005f
:107ab00091019000431add00cd12de0085027200b4
:107ac0004312dd00241f9800351f98008488be00f3
:107ad000e103200089804000910278006384420025
:107ae000880878000000e0001f0035006700b9003a
:107af00059319000cf91de007206020000000000b4
:107b000063006000cf80de000000400081804800fc
:107b100002b62d004217980013102000531798004a
:107b20004e129000de1290000000420081804a0058
:107b30009301800000f0a4008180d20001d0fe00fb
:107b40001000780003d0fe006101b900810320001d
:107b5000898040002e1a9000be1a9000841871008f
:107b6000859071001f00370091ff2f000180b90040
:107b700059319000cf91de00720602000000000033
:107b800063006000cf80de0000004000818048007c
:107b900085b62d00051798001210200012179800c6
:107ba0000e1290009e1290000000420081804a0058
:107bb0009301800000f0a4008180d20001d0fe007b
:107bc0001000780003d0fe006101b900810320009d
:107bd000898040002e1a9000be1a9000841871000f
:107be00085907100ef0f540033003400700454008e
:107bf000f81c98000c007800d00078000101d0003b
:107c00001c014100491a9000d91a90000804e900ab
:107c1000030033008502d1000482d300fbff37004c
:107c2000040978008100e800010878002c00900029
:107c3000808f500020003a0031069800c408dd0013
:107c400041069800193090000000e00003003c005d
:107c5000293090000000e00003003400720046006c
:107c60001000a00002003700720046001000a100c2
:107c7000f6874700768457000a0009003c1c78000c
:107c80006801b1006c01b1003e0890005e920200f4
:107c900001000000ce1890000e00780088900200cd
:107ca000010000000a0009003e1e78006c01b100ce
:107cb0006e01b100880778004106200089804000ed
:107cc0001100e9008008780003003b004006200016
:107cd000090040000008eb002924900019209000c2
:107ce0000001eb00880078008bfc07000000e0003a
:107cf0001800320079299000cf91de00e910900041
:107d00008388b9007912900082a2b9000400400073
:107d10000209b80083014000e00f5100e08f5900d4
:107d200002003d00f207b0000380b0004918dd00fa
:107d3000c712de008502700065179800c798de0044
:107d4000711798006e119000fe119000e2149800d7
:107d5000f3149800982498000a05e8003b0090006e
:107d60008a0f500091fe3c004f06be004f05be003a
:107d70004f04be000080fa00000006003600fa0042
:107d8000889fbe008a9fbe008c9fbe008004780042
:107d90008106780032179800430f9800340f98003e
:107da0003d0090000000e0003d0134008005eb0044
:107db0006007200000804400001f98004c04200051
:107dc000090646000803200009044400ca022000f6
:107dd000090545004103200081804400111f9800df
:107de000281f98000e1990001201780061006100b0
:107df000040032000b00d0001d004000100eea000d
:107e0000030037000b00d0001d004000100e78006a
:107e10001a0278009a0290002e1990003200420057
:107e2000a2804a00008dbe009e199000b30f500042
:107e3000a38f58006a00340029119000b9119000f6
:107e4000021d500003955800190178009901900017
:107e50000201410083814900828cbe001c00780031
:107e60000000e00012003d0002072000090141006f
:107e70009200e80001097800e78f50000300340009
:107e800001072000898040008008eb00093990003c
:107e9000cf91de006a014100e0814900020141000a
:107ea00083814900028144000009780014003700f2
:107eb000e4062000090242009400e800010a78006c
:107ec000e78f500003003400e10620008980400065
:107ed0008008eb0079329000cfa2de0062024200ff
:107ee000e0824a000402420085824a000482440083
:107ef000000a78000202be000400a000848cbe00cc
:107f00008e1a9000950278006280620034003a0078
:107f10000000eb00201798009900780011179800d6
:107f20001e119000ae119000c4cc2c00840f5100a3
:107f3000e08f590008003a00090078009bfb070019
:107f4000a03c9800a10620008980400080084000e5
:107f50008e1a90001530a0000000eb00001798006a
:107f600099007800710f98007e0990008e119000a2
:107f7000a4aa2a00840f5100e08f590018003a008b
:107f80001a0078009a009000c0149800d11498004c
:107f90000900780085fb0700903c98000e199000be
:107fa00012017800e80061000a0032008e1990008a
:107fb000820078000130a1000120a0008109780032
:107fc00029399000a10620008980400082084000e5
:107fd00003003700a106200089804000800840008f
:107fe00082022000090141001202780092029000f2
:107ff000ae19900033004200a3804a000089be0001
:108000001e1a9000b40f5000a48f58008100340055
:1080100029129000b912900082022000090141004b
:108020000419500005915800693090001c001000a0
:10803000000e780081032000898040001101780043
:1080400091019000421add00ce12de00850272001e
:108050004212dd008488be00e203200009014100d5
:108060009283e800070978000000e0001e00350058
:10807000e300b90059319000110009000200d80056
:108080008000fd000101780061016100cf91de00f8
:10809000020141008381490000b72d00401798007c
:1080a00011102000511798004e109000de10900023
:1080b00002014000838148009601800002f0a40084
:1080c0008381d20003d0fe001201780006d0fe00aa
:1080d000cf91de00800320000900400004187100e9
:1080e000059071001e003700d2ff2f008280b9007a
:1080f00059319000110009000200d8008000fd00f5
:108100000101780061016100cf91de0002014100b0
:108110008381490080b72d00500f98001110200076
:10812000610f98005e089000ee0890000201400088
:10813000838148009001800002f0a4008381d20076
:1081400003d0fe001201780000d0fe00cf91de00c7
:1081500080032000090040000418710005907100a0
:10816000ef8f53002b003400f0805300f11c980077
:108170003e109000500178008201d0003e12900025
:1081800094814100491a9000d91a90008100e900b9
:10819000030033008502d1000482d300fbff3700c7
:1081a000840978000201e80002087800be129000fd
:1081b00025009000800f510016003a00b20298008e
:1081c0004411dd00c2029800f6874700768457000c
:1081d0000a000900351c78006801b1006501b10092
:1081e0004e0890005e92020001000000be08900060
:1081f0000e00780088900200010000003e10900000
:108200000a0009003e1878006001b1006e01b1005b
:10821000880778001c047800192090000001eb000a
:10822000880078003cfb07000000e00017003200e7
:1082300079299000cf91de009a0078008388b900f8
:108240007912900082a2b900040040000209b8002f
:1082500083014000e00f5100e08f590002003d0013
:10826000f207b0000380b000491add00c710de003d
:108270008100720061179800c79ade007517980098
:108280006e109000fe109000008dbe0098249800a3
:108290008b05e8003d0090008b0f5000d1fe3c00a4
:1082a0000000eb0041062000898040008008780033
:1082b0002906b000800c78004f06be004f05be00b6
:1082c0004f04be000080fa00000006003a00fa00e9
:1082d000889fbe008a9fbe008c9fbe0080047800ed
:1082e0008106780032179800430f9800340f9800e9
:1082f0003d0090000000e000420134008005eb00ea
:108300006007200000804400201f98004c042000db
:10831000090646000803200009044400ca022000a0
:10832000090545004103200081804400311f980069
:10833000481f98002e19900012017800610061001a
:10834000040032000b00d0001d004000100eea00b7
:10835000030037000b00d0001d004000100e780015
:108360001a0278009a0290004e19900032004200e2
:10837000a2804a00008dbe00be199000b30f5000cd
:10838000a38f58006a00340029119000b9119000a1
:10839000021d5000039558001901780099019000c2
:1083a0000201410083814900828cbe001c007800dc
:1083b0000000e00012003d0002072000090141001a
:1083c0009200e80001097800e78f500003003400b4
:1083d00001072000898040008008eb0009399000e7
:1083e000cf91de006a014100e081490002014100b5
:1083f000838149000281440000097800140037009d
:10840000e4062000090242009400e800010a780016
:10841000e78f500003003400e1062000898040000f
:108420008008eb0079329000cfa2de0062024200a9
:10843000e0824a000402420085824a00048244002d
:10844000000a78000202be000400a000848cbe0076
:10845000ae1a9000950278006280620034003a0003
:108460000000eb0020179800990078001117980081
:108470001e119000ae119000c4cc2c00840f51004e
:10848000e08f590008003a000900780047fa070019
:10849000a03c9800a1062000898040008008400090
:1084a000ae1a90001530a0000000eb0000179800f5
:1084b00099007800710f98007e0990008e1190004d
:1084c000a4aa2a00840f5100e08f590018003a0036
:1084d0001a0078009a009000c0149800d1149800f7
:1084e0000900780031fa0700903c98002e1990009e
:1084f00012017800e80061000a003200ae19900015
:10850000820078000130a1000120a00081097800dc
:1085100029399000a106200089804000820840008f
:1085200003003700a1062000898040008008400039
:10853000820220000901410012027800920290009c
:10854000ce19900033004200a3804a000089be008b
:108550003e1a9000b40f5000a48f580086003400db
:1085600029129000b91290008202200009014100f6
:108570000419500005915800693090001c0010004b
:10858000000e7800810320008980400011017800ee
:1085900091019000431add00cd12de0085027200c9
:1085a0004312dd0064179800751798008488be0098
:1085b000e10320008980400091027800638442003a
:1085c000880878000000e0001f0035006700b9004f
:1085d00059319000cf91de007206020000000000c9
:1085e00063006000cf80de00000040008180480012
:1085f00002b62d0042179800131020005317980060
:108600004e129000de1290000000420081804a006d
:108610009301800000f0a4008180d20001d0fe0010
:108620001000780003d0fe006101b9008103200032
:10863000898040006e129000fe1290008418710034
:10864000859071001f00370091ff2f000180b90055
:1086500059319000cf91de00720602000000000048
:1086600063006000cf80de00000040008180480091
:1086700085b62d00550f980012102000620f98004b
:108680005e0a9000ee0a90000000420081804a00dd
:108690009301800000f0a4008180d20001d0fe0090
:1086a0001000780003d0fe006101b90081032000b2
:1086b000898040006e129000fe12900084187100b4
:1086c00085907100ef0f54002b00340070045400ab
:1086d000f81c98003e109000d00078000101d000f6
:1086e000be12900015014100491a9000d91a90005d
:1086f0000804e900030033008502d1000482d3009e
:10870000fbff3700040978008100e80001087800c9
:108710003e11900022009000808f500016003a0019
:1087200031019800c408dd0041019800f687470038
:10873000768457000a000900321c78006801b100f5
:108740006201b1004e0890005e920200010000003c
:10875000be0890000e007800889002000100000022
:10876000be1190000a000900be1978006301b10033
:108770006e01b100880778001c0478001920900071
:108780000001eb0088007800e3f907000000e0003a
:108790001700320079299000cf91de009a0078000e
:1087a0008388b9007912900082a2b90004004000c9
:1087b0000209b80083014000e00f5100e08f59002a
:1087c00002003d00f207b0000380b000c91add00ce
:1087d0004712de0004827200041f98004798de00f2
:1087e000101f98000e1990009e199000028dbe0077
:1087f000982498008b05e8003d0090008b0f5000f6
:10880000ccfe3c000000eb004106200089804000c7
:10881000800878002906b000800c78004f06be0062
:108820004f05be004f04be000080fa0000000600a5
:108830000400fa00889fbe008a9fbe008c9fbe0085
:108840000006780081047800820578009c25980055
:10885000a9259800880420000b0444001800780023
:10886000deb1020001000000b025980098007800f9
:108870000c007800e2b10200010000008b007800db
:1088800080187800100020008008780090bf9f00ba
:10889000000446000c8644008c0f540014003d0078
:1088a000290020008a0420000b0545008906780075
:1088b0009a00780008007800e2b102000100000090
:1088c00080bf9f000804e8001a0278008d0178003c
:1088d00070815700890078000b0078006cb30200ab
:1088e000010000008904e8008c0f5400f0ff3500ff
:1088f00010002000e0a598004f06be004f05be0006
:108900004f04be000080fa00000006000f05b00012
:10891000889fbe008a9fbe008c9fbe008e1f78007d
:1089200080067800b1b79f00020578002a229000e7
:108930000400e0000d0034000000eb00800178002e
:10894000420420000a0141008102780085004000b5
:108950008100d0008d804000830878000000e8008e
:1089600012027800800f5200f8ff3c000402e80079
:108970004240a9000d0034000000eb0041fa2f0036
:108980008f804000610bb8006101b9000201410015
:1089900083814900860041000281460092087800e8
:1089a0000000e800840f5000f7ff35003fb197004a
:1089b0000200e0003a0034000007eb0043fa2f0009
:1089c0008381470083bf9f000380e9006101b800f5
:1089d000c2b79f00d3b79f002f9697002a20900020
:1089e0008000e800e18f50001e00340018002000d5
:1089f000890420008a8444008fb997006119b80067
:108a0000e2b79f00f3b79f004b0420008a85450022
:108a100019017800080050000000d0000a00400052
:108a2000900078000c007800fab10200010000000c
:108a30006141b90002014100838149004fb29700b2
:108a4000840041006fb29700040141009208680061
:108a50000804e8001b0078008000e800888f5000c0
:108a6000ebff3c008000d0000e014000cf91de0003
:108a700061014100e0814900020141008381490018
:108a80000280460010017800c105b10082b778006d
:108a90000e07e800bfb197008e8f5100ceff3c005b
:108aa0002a2090000000e0000f003400bfb09700c3
:108ab0000000eb0042fa2f000f0141006112b800e4
:108ac0004a04b0000101d0000d0141008001d00036
:108ad00084814100130978008100e8000000e8006b
:108ae0009a0f1000f7ff3c004f0778004f06be00ba
:108af0004f05be004f04be000f05b1000000060088
:108b0000af02b000889fbe008a9fbe008c9fbe004f
:108b10008e1f780080067800e1b79f00020578007c
:108b20002a2290000400e0000c0034000000eb005a
:108b30008041eb00420420000a0141006fb297001f
:108b40008400400081804600834878000000e800ef
:108b500012027800800f5200f8ff3c000402e80087
:108b60004240a9000c0034000000eb00a1fc2f00e3
:108b70008f804000610cb800616bb8006101b900e2
:108b80008800410006014100924878000000e8009a
:108b9000840f5000f9ff35006fb197000200e0002c
:108ba0002f0034000007eb00a3fc2f008f81410051
:108bb0000300e9006101b800f2b79f0083bf9f0086
:108bc000afcd97002a2090008000e800e18f500090
:108bd0001a00340018002000890420008a84440010
:108be0008b85fb004c0420000a0646001901780022
:108bf000080050000000d0000a00400090007800fb
:108c00000b007800fab10200010000006141b900d8
:108c10007fb2970084004100a4fc2f000f024200a5
:108c200002014200924868000804e8001c00780035
:108c30008000e800888f5000ecff3c008e00400070
:108c400081804600114190006003b1008277780076
:108c50000e07e800efb197008e8f5100d8ff3c005f
:108c60002a2090000000e0000d003400efb09700d3
:108c70000000eb00a2fc2f000f0141006112b800c0
:108c80004a04b00001814600840140001349780085
:108c90008100e8000000e8009a0f1000f9ff3c0096
:108ca0004f0778004f06be004f05be004f04be00c0
:108cb000af02b10000000600af12b000889fbe00f6
:108cc0008a9fbe008c9fbe008e1f7800a0af9f00c1
:108cd000d1af9f00a2b79f00222090000000e000cb
:108ce0005b0034008006eb00a1ec2f008f80400079
:108cf0006108b80080b79f0091b79f008204780098
:108d00008904b0002204b000e2af9f005fa9970081
:108d10000207e9000e0678008e017800b3b79f00c5
:108d20000d077800afae97006170b90000004000f9
:108d3000818048000fb197009fb19700000141006a
:108d400081814900f2b79f0083bf9f000009eb00bb
:108d500099007800efa9970013004700e2b10200e4
:108d600001000000800578003fb29700d4b79f0053
:108d7000040078000000e0000f0032000004eb0067
:108d80007fb59700190178000800d0000d00400061
:108d9000100078001a0068008b007800fab1020019
:108da00001000000000d78000804e800880f56005c
:108db000f4ff3e00020037008000eb00d1b79f00b7
:108dc0007fb097005fb197008200d0008d80400097
:108dd00091007800108868000e07e800afb1970096
:108de000232290008e0f5200cfff3c000400e000d1
:108df000170034000000eb00aaf02f000f0545001b
:108e00008005eb0080007800a8f42f000f044400d8
:108e10008004eb00c6f82f000f0343008003eb0033
:108e20006101b90002014100838149008a024100c9
:108e3000810a780088024100810a78000601410019
:108e4000010978000000e800840f5000f4ff3a00a8
:108e500010002000d0079f00e0279f002fb297004e
:108e6000242090000000e0005f023c0099003700e1
:108e70008fb097000100d0006013b100ef047800bc
:108e80000b00e00015003400180020002fb59700fb
:108e90008a04b0008c067800010678001a01780078
:108ea000080056000000d0006013b100ef00780009
:108eb0000800d000ffb197000300400010007800c8
:108ec000fab102000100000080846c000804e80090
:108ed000888f5500f1ff3d000d0678008cb79f008c
:108ee0000fb29700e4af9f000900e000600032007d
:108ef0000b00e000250035000004eb002fb59700c3
:108f00008a04b000a0f42f000f0040006101b800f7
:108f1000d2b79f00e3b79f00c0f82f000f004000ba
:108f20006101b800b2b79f00c3b79f000b0778007c
:108f3000890678008a0478006145b9000a05450071
:108f40008b854d00ffb197000300450010067800a7
:108f5000190178005fb29700040045009000780086
:108f60000d007800fab1020001000000bfb09700c8
:108f7000010545000c0d68000804e8008e0f540040
:108f8000edff34008e0578008d0478002fb1970036
:108f9000c220900009007800f2b102000100000038
:108fa00000077800afb1970023209000e10f400048
:108fb0002f0035000004eb00830478008904b00022
:108fc000a0f42f000f0040006101b800d2b79f004d
:108fd000e3b79f002fb597004a04b0006146b9007f
:108fe0000c0646008d864e0019017800ffb19700ef
:108ff000030046008e00780010007800fab10200ed
:10900000010000005fb2970004064600000e7800e1
:109010000804e8001a007800cf00de00008040005d
:109020000080d100880f5000ecff3d000000e00000
:109030000f0035008000eb00c6f82f000f0343003f
:109040008003eb003fac9700cfac97006109b900fb
:1090500002014100838149000802410006014100ec
:10906000120a78008100e800808f5000f7ff34007a
:109070000b804500efa89700810f500001003d00d4
:109080008b8550002fb19700a22190000300e000d3
:109090000a003400030078008000d0000000e900de
:1090a0000001d000620bb1006f027900610bb100ca
:1090b00084b778000000e000f7ff3a000000eb0002
:1090c000d0279f008fb097000106e8008c8f5100d9
:1090d00067ff3d002fb09700a004b0000008eb0030
:1090e0005fa997000200e000540034008001eb000b
:1090f000d3b79f00a4f02f0004824700b4b79f00ad
:10910000840078006108b800f0b79f0081bf9f001d
:109110002fb1970032269000dfa997000306560072
:109120005fb2970004064600222090008006eb0004
:10913000e10f50002b0034008c0478001800200050
:10914000820578008b04b000020778006e04b0003e
:10915000020578004a04b0000800d000ffb0970074
:1091600001004000100078000000e000150032000f
:109170009b007800eab102000100000009004000f5
:109180009e0278008581e900830f500009003600b7
:1091900061821200040040008502e90001003700ee
:1091a000010078008400400001814200828f51005c
:1091b000fbff39009b007800e2b1020001000000d3
:1091c00080866e000804e8008c8444001a00780051
:1091d000cf00de00008040000080d100880f5000ea
:1091e000ddff3d005f019700828f56000d003a00c1
:1091f0002fb09700a004b000900078006109b9007a
:109200006202b0000380b000020141008381490086
:109210002fb2970002014200dfb1970003097800e6
:109220000108e8005fb297000402e800d4b79f008d
:109230005fa89700840f5000b5ff3c00afb09700c7
:109240005120900001017800a22090004f09de001b
:10925000810041000181d100afb19700e3a09000ef
:1092600081005100810f500044013c000000e000eb
:109270004f013c00fa0037006148b900000040008f
:1092800081804800aaf42f000f0545000005450025
:10929000e08548001e209000008044000000d000bf
:1092a0006013b1006f007800000d78000900e00045
:1092b00016003400180020008b0420008e85450025
:1092c0002d0420008e8646001a0678001b017800c7
:1092d0008800d0007fb29700848040001d80440049
:1092e000080050000000d0006013b1006f0078004b
:1092f00091007800fab10200010000000c0d680036
:109300000804e800890f5400efff34008904e800e6
:109310005e209000890f5000d7ff3c000000e00065
:10932000cf0034000000eb00b0b79f00afb0970053
:1093300091af9f0001007800c004b0006101b80047
:10934000f2a79f0083af9f00a3f42f008381470003
:10935000e3a79f003fb297006120b90000014000e1
:1093600081814800e2af9f00f3af9f007fa097008c
:109370008fa89700020040008380480080b79f00bc
:1093800091b79f001086ea00dfa89700010646000b
:10939000df2597002fb1970052209000e10f500079
:1093a000390034008c047800180020008206780010
:1093b0006d04b000020778008e04b000efa09700a3
:1093c0006108b800f0b79f0081bf9f00a204b00001
:1093d000d2b79f001d0378008680e900898f500076
:1093e0000a00310061021300048144008602e90092
:1093f0000100370000017800040041008081420034
:10940000838f5000fbff390001003700090178000d
:109410000602e90002005200810f500008003600e9
:1094200061031300060040000100370002007800cd
:109430000601400082014200818f5100fbff3e0087
:109440001e0578008a007800e2b1020001000000e9
:109450008801d0007fb19700828141000a01780025
:109460008000780013007800fab1020001000000cb
:1094700080856d000804e8008c844400dfb197000b
:10948000930f1400d3ff3c002fb2970044249000a8
:10949000880078000c007800e2b1020001000000b2
:1094a00008017800800078000b007800fab1020013
:1094b00001000000b0af9f00ef069700afb097002b
:1094c00021209000e50f50003f0034000c064600bc
:1094d0008c04780038002000010778006e04b0008a
:1094e0008104b000f1b79f00a0f02f000f004000f2
:1094f0006101b800d2b79f00e3b79f00afb59700f6
:109500004b04b0001e0378008680e900898f50006c
:109510000a00310061021300090142008602e900dd
:109520000100370000017800040041008081420002
:10953000818f5100fbff3e000100370009017800d8
:109540000602e90002005200810f500008003600b8
:10955000610313000600400001003700020078009c
:109560000601400082014200838f5000fbff39005a
:10957000ffb19700130578008a007800e2b102007d
:10958000010000008801d0005fb297008481410093
:109590000a0178008000780013007800fab1020018
:1095a0000100000080866e000884e8008c8444007e
:1095b0001b007800cf00de00008040000080d1005a
:1095c000880f5000cfff3d002fb09700c0209000c3
:1095d0000d007800eab10200010000002fb19700f1
:1095e000b22090008100e90000805000808f500080
:1095f00001003a000000eb002fb497008804b0008f
:1096000098007800e2b10200010000001801780023
:10961000bfa89700fab10200010000009fa99700bf
:109620006faa970084804100e08098000fb19700f6
:109630009fb197009200d000afa9970083804000af
:10964000910868003fb297000402e800b4b79f0099
:10965000afb0970051209000840f50003dff3c00b8
:109660002fb19700222090000000e0004600340057
:109670008006eb00a1ec2f008f8040006108b8004d
:10968000b0b79f00c1b79f00820478008904b00082
:109690002204b00082b79f005fa997000207e9008b
:1096a0000e0678006168b900000040008180480023
:1096b0003fb19700cfb1970000014100818149007f
:1096c000f2b79f0083bf9f000009eb00990078006c
:1096d0008fb1970013804600e2b102000100000044
:1096e00080057800deb79f000e00e0001200320017
:1096f0000004eb007fb59700edaf9f00afae970081
:10970000190178000800d0000d004000100078001a
:109710001a0068008b007800fab102000100000016
:10972000000d78000804e8008c0f5400f4ff3900a5
:10973000efae9700020037000000eb00d0b79f00ab
:10974000dfb097000100d0002fa997000200400071
:109750007fb197008fb9970092017800908f5100e8
:109760000c003a008d06e8002fb2970024209000ec
:109770008d0f5000cbff3c0003003700e0ff2f00af
:10978000afb09700d02098002fb1970052209000e2
:10979000010037000080eb004f0778004f06be0045
:1097a0004f05be004f04be00af12b100000006001e
:1097b000afb19700132090000000d0006013b100fb
:1097c0006f007800d0279f008004eb00a0f02f00ee
:1097d0000f0040006101b800f2b79f0083bf9f00f7
:1097e0002fb79700c9fe3700dfa4960013002000b2
:1097f00083b79f008005eb00a0f02f000f00400012
:109800006101b800f2b79f0083bf9f00b2af9f0015
:10981000c3af9f00b2fd3700af12b000889fbe00fb
:109820008a9fbe008c9fbe008e1f7800a0af9f0055
:10983000d1af9f00a2b79f00222090000000e0005f
:10984000590034008006eb00a1ec2f008f8040000f
:109850006108b80080b79f0091b79f00820478002c
:109860008904b0002204b000e2af9f005fa9970016
:109870000207e9000e0678008e017800b3b79f005a
:109880000d077800afae97006170b900000040008e
:10989000818048000fb197009fb1970000014100ff
:1098a00081814900f2b79f0083bf9f000009eb0050
:1098b00099007800efa9970013004700e2b1020079
:1098c00001000000800578003fb29700d4b79f00e8
:1098d000040078000000e0000e0032000004eb00fd
:1098e0007fb5970019017800088046001080fb00c2
:1098f0001a0068008b007800fab102000100000035
:10990000000d78000804e800880f5600f5ff3e00bf
:10991000020037008000eb00d1b79f007fb09700b6
:109920005fb19700828046009180fb00108868003c
:109930000e07e800afb19700232290008e0f52006f
:10994000d1ff3c000400e000170034000000eb00f1
:10995000aaf02f000f0545008005eb00800078007d
:10996000a8f42f000f0444008004eb00c6f82f0079
:109970000f0343008003eb006101b90002014100c5
:10998000838149008a024100810a780088024100ef
:10999000810a780006014100010978000000e80012
:1099a000840f5000f4ff3a0010002000d0079f0001
:1099b000e0279f002fb29700242090000000e000d5
:1099c0005d023c00990037008fb097000100d00085
:1099d0006013b100ef0478000b00e00015003400c4
:1099e000180020002fb597008a04b0008c0678007c
:1099f000010678001a017800080056000000d00027
:109a00006013b100ef0078000800d000ffb19700ac
:109a10000300400010007800fab1020001000000cd
:109a200080846c000804e800888f5500f1ff3d0039
:109a30000d0678008cb79f000fb29700e4af9f002f
:109a40000900e000600032000b00e0002500350056
:109a50000004eb002fb597008a04b000a0f42f009b
:109a60000f0040006101b800d2b79f00e3b79f002c
:109a7000c0f82f000f0040006101b800b2b79f008e
:109a8000c3b79f000b077800890678008a04780026
:109a90006145b9000a0545008b854d00ffb197006f
:109aa0000300450010067800190178005fb29700a6
:109ab00004004500900078000d007800fab1020023
:109ac00001000000bfb09700010545000c0d6800c3
:109ad0000804e8008e0f5400edff34008e05780076
:109ae0008d0478002fb19700c22090000900780003
:109af000f2b102000100000000077800afb197004a
:109b000023209000e10f40002f0035000004eb00ff
:109b1000830478008904b000a0f42f000f004000f7
:109b20006101b800d2b79f00e3b79f002fb597003f
:109b30004a04b0006146b9000c0646008d864e000e
:109b400019017800ffb19700030046008e007800ed
:109b500010007800fab10200010000005fb2970027
:109b600004064600000e78000804e8001a00780099
:109b7000cf00de00008040000080d100880f500040
:109b8000ecff3d000000e0000f0035008000eb001e
:109b9000c6f82f000f0343008003eb003fac970093
:109ba000cfac97006109b9000201410083814900ef
:109bb0000802410006014100120a78008100e80015
:109bc000808f5000f7ff34000b804500efa897000e
:109bd000810f500001003d008b8550002fb1970090
:109be000a22190000300e0000a0034000300780086
:109bf0008000d0000000e9000001d000620bb1003d
:109c00006f027900610bb10084b778000000e000ba
:109c1000f7ff3a000000eb00d0279f008fb09700bd
:109c20000106e8008c8f510067ff3d002fb09700c0
:109c3000a004b0000008eb005fa997000200e0005c
:109c4000540034008001eb00d3b79f00a4f02f0034
:109c500004824700b4b79f00840078006108b80010
:109c6000f0b79f0081bf9f002fb197003226900070
:109c7000dfa99700030656005fb29700040646006e
:109c8000222090008006eb00e10f50002b003400f2
:109c90008c04780018002000820578008b04b00046
:109ca000020778006e04b000020578004a04b00094
:109cb0000800d000ffb097000100400010007800bd
:109cc0000000e000150032009b007800eab10200bd
:109cd00001000000090040009e0278008581e90033
:109ce000830f50000900360061821200040040001a
:109cf0008502e9000100370001007800840040007f
:109d000001814200828f5100fbff39009b007800e7
:109d1000e2b102000100000080866e000804e80045
:109d20008c8444001a007800cf00de0000804000e0
:109d30000080d100880f5000ddff3d005f019700db
:109d4000828f56000d003a002fb09700a004b0009b
:109d5000900078006109b9006202b0000380b00091
:109d600002014100838149002fb2970002014200a5
:109d7000dfb19700030978000108e8005fb297009f
:109d80000402e800d4b79f005fa89700840f50003a
:109d9000b5ff3c00afb09700512090000101780062
:109da000a22090004f09de00810041000181d10016
:109db000afb19700e3a0900081005100810f5000e7
:109dc00042013c000000e0004d013c00fa00370079
:109dd0006148b9000000400081804800aaf42f00cb
:109de0000f05450000054500e08548001e20900055
:109df000008044000000d0006013b1006f007800c4
:109e0000000d78000900e000160034001800200062
:109e10008b0420008e8545002d0420008e86460090
:109e20001a0678001b0178008800d0007fb29700e6
:109e3000848040001d804400080050000000d000d5
:109e40006013b1006f00780091007800fab1020051
:109e5000010000000c0d68000804e800890f5400a0
:109e6000efff34008904e8005e209000890f500065
:109e7000d7ff3c000000e000cf0034000000eb0002
:109e8000b0b79f00afb0970091af9f00010078007e
:109e9000c004b0006101b800f2a79f0083af9f002b
:109ea000a3f42f0083814700e3a79f003fb29700f0
:109eb0006120b900000140008181480082b79f0005
:109ec00093b79f007fa097008fa8970002004000e3
:109ed00083804800e0af9f00f1af9f001086ea004a
:109ee000dfa8970001064600df2597002fb19700f5
:109ef00052209000e10f5000390034008c047800ab
:109f000018002000820678006d04b0000207780077
:109f10008e04b000efa097006108b800f0b79f0072
:109f200081bf9f00a204b000d2b79f001d0378003c
:109f30008680e900898f50000a0031006102130019
:109f4000048144008602e900010037000001780026
:109f50000400410080814200818f5100fbff3e00e0
:109f600001003700090178000602e90002005200f2
:109f7000810f500008003600610313000600400006
:109f80000100370002007800060140008201420013
:109f9000818f5100fbff3e001e0578008a0078008b
:109fa000e2b10200010000008801d0007fb19700fb
:109fb000828141000a017800800078001300780057
:109fc000fab102000100000080856d000804e8007d
:109fd0008c844400dfb19700930f1400d3ff3c0042
:109fe0002fb2970044249000880078000c0078007d
:109ff000e2b1020001000000080178008000780052
:10a000000b007800fab1020001000000b0af9f0021
:10a01000ef069700afb0970021209000e50f5000a9
:10a020003f0034000c0646008c0478003800200005
:10a03000010778006e04b0008104b000f1b79f0002
:10a04000a0f02f000f0040006101b800d2b79f00c0
:10a05000e3b79f00afb597004b04b0001e03780034
:10a060008680e900898f50000a00310061021300e8
:10a07000090142008602e900010037000001780072
:10a080000400410080814200838f5000fbff3900b3
:10a0900001003700090178000602e90002005200c1
:10a0a000810f5000080036006103130006004000d5
:10a0b00001003700020078000601400084014100e1
:10a0c000818f5100fbff3e00ffb197001305780020
:10a0d0008a007800e2b10200010000008801d0008f
:10a0e0005fb29700848141000a0178008000780007
:10a0f00013007800fab102000100000080866e00b3
:10a100000884e8008c8444001b007800cf00de0047
:10a11000008040000080d100880f5000cfff3d003c
:10a120002fb09700c02090000d007800eab1020027
:10a13000010000002fb19700b22090008100e900db
:10a1400000805000808f500001003a000000eb00ba
:10a150002fb497008804b00098007800e2b10200a4
:10a160000100000018017800bfa89700fab10200b2
:10a17000010000009fa997000fb297008480410062
:10a18000e08098006fa99700ffa9970092007800df
:10a19000afa9970081804100914868003fb29700c5
:10a1a0000402e800b4b79f00afb0970051209000c0
:10a1b000840f50003dff3c002fb1970022209000fb
:10a1c0000000e000440034008006eb00a1ec2f000a
:10a1d0008f8040006108b800b0b79f00c1b79f00f2
:10a1e000820478008904b0002204b00082b79f0086
:10a1f0005fa997000207e9000e0678006168b900c0
:10a2000000004000818048003fb19700cfb1970027
:10a210000001410081814900f2b79f0083bf9f0088
:10a220000009eb00990078008fb197001380460079
:10a23000e2b102000100000080057800deb79f0057
:10a240000e00e000110032000004eb007fb5970023
:10a25000edaf9f00afae970019017800088046006f
:10a260001080fb001a0068008b007800fab1020031
:10a2700001000000000d78000804e8008c0f540075
:10a28000f5ff3900efae9700020037000000eb0049
:10a29000d0b79f00afa897005fb197000280400041
:10a2a0001080fb007fb197008fb99700920f1000cc
:10a2b0000c003a008d06e800afb197002320900013
:10a2c0008d0f5000cdff3c0003003700e0ff2f0052
:10a2d0002fb2970050229800afb097005120900005
:10a2e000010037000080eb004f0778004f06be00ea
:10a2f0004f05be004f04be00af12b10000000600c3
:10a300002fb19700122090000000d0006013b10020
:10a310006f007800d0279f008004eb00a0f02f0092
:10a320000f0040006101b800f2b79f0083bf9f009b
:10a330002fb79700cbfe3700dfa496001300200054
:10a3400083b79f008005eb00a0f02f000f004000b6
:10a350006101b800f2b79f0083bf9f00b2af9f00ba
:10a36000c3af9f00b4fd37000000d00001004000e3
:10a3700010007800000006008000eb007c01400027
:10a380000109780002022000000141000109780063
:10a390007e014000010978002015b0001080a10066
:10a3a00000000600ea874700889fbe008a9fbe0023
:10a3b0008c9fbe008e1f7800d0b79f0001077800e9
:10a3c000020678000300e0000400340070801100f1
:10a3d0009c0078000008de00000e7800030478007e
:10a3e0000200200003e027008004eb0089057800cc
:10a3f000090278008b05e8000900d0000c0040003d
:10a40000900078008180400001087800e00f510042
:10a41000e08f590002003d000100a0000108780013
:10a420000804e800ef0f5400050034008904e80038
:10a430000900d0000c0040000408780004047800f3
:10a44000e88f55000300320002014100838149007a
:10a45000e8ff37000e00e80080bf9f004240a900df
:10a46000490034000005eb008a067800dfb0970051
:10a470006108b800e0b79f00f1b79f008d0f57004b
:10a4800006003400efb09700018046001082fb0008
:10a490008002eb0082002000060037008e0078006a
:10a4a0005fb097007ebc0200010000006102b800ae
:10a4b000020120008001eb000900d0000c004000e8
:10a4c0009000780081804000010878008b05e8004a
:10a4d000e50f55000e0032000408a300070032000b
:10a4e0000100a000010878000a05e8000201e90067
:10a4f0008502d1000482d300060037000201e90082
:10a500008502d1000482d3000305780001003700e2
:10a51000030578000804e800ef0f5400050034003c
:10a520008904e8000900d0000c004000030878000e
:10a53000030478000200e000dfff3a008d06e80027
:10a540000fb89700808f5600ccff3500e50f5500ff
:10a550000d003a008901d0008c814100130278007f
:10a56000840942008b05e8000804e800ef0f54005e
:10a57000050034008904e8000900d0000c00400008
:10a580000008eb000004eb0082002000e007200040
:10a59000010020000003eb008901d0008c81410004
:10a5a0001302780004024200e10260008509720093
:10a5b0008100d1000080d3000804e800ef0f5400b0
:10a5c000050034008904e8008901d0008c81410035
:10a5d00086097800060478000201e900eeff3a00df
:10a5e000688045000800e000060034008904d000bf
:10a5f0000c864400700414009c0078008808dd007c
:10a60000010e78004f0778004f06be004f05be00d0
:10a610004f04be00af00b10000000600889fbe00de
:10a620008a9fbe008c9fbe00900278000002eb0063
:10a630000100e00003003400708210008400e90093
:10a64000812add008004eb000200e00036003400c7
:10a6500009037800860378000604780086047800f1
:10a66000860078000c012000060578000400e00058
:10a670000200320085824200050037000804e8002d
:10a680000802d00000024200940278000c02780018
:10a690000500e0000f003d00898541009b467800e1
:10a6a0000d74a0008d4d78008703e8000603e800d4
:10a6b000e70f5300030034008904e8000a03780020
:10a6c000140037008d86fb008d06d1008d4d78007b
:10a6d00010003700e48f53000d003c000603e80033
:10a6e000e70f5300040034008904e8000a037800ef
:10a6f0008a03780007003700898341009785fb00b3
:10a700008b05d1008b4b78008a037800010037005d
:10a710008a0378008100e800828f50000200320036
:10a720000402e900d1ff3700090078004f06be009f
:10a730004f05be004f04be0000000600889fbe000b
:10a74000b00090008003eb00070378000100e000f8
:10a750000d003c0013003700100142009201780008
:10a760000300a7000603e8000309d1008100e80008
:10a77000f08f5000f8ff3a008703e800998f13002c
:10a7800003003c00070037000004eb00e604400033
:10a7900088007800613ab9000402420085824a00cc
:10a7a000edff3700060078004f04be0000000600f1
:10a7b000ea874700889fbe008a9fbe008c9fbe002c
:10a7c0008e1f78000004780001057800f2b79f0022
:10a7d0003a0090008005eb000000e000ad003c0076
:10a7e000b4003700615eb9000c0646008d864e004d
:10a7f0001a0046001000e0002c003d00600220001e
:10a8000008004000104178000274a000024878005f
:10a8100001022000888040001100e80080087800d4
:10a82000fc0044009101e80083087800e60f500026
:10a83000060034000000eb00fc00440080087800b3
:10a84000fe0044008008780088003700e78f510040
:10a85000120034007c0044000008eb00fe004400bd
:10a860001100780080014400f26198000000e800c7
:10a8700080087800b1122000810f50007b00340066
:10a880000000eb00fe004400800878000102200078
:10a890008880400080087800740037000281fb0047
:10a8a0000201d10062649800700037000810900027
:10a8b000e40f50001c003c00600220000800400033
:10a8c000104178000274a10002487800fc004400a6
:10a8d0001100e80080087800e70f50000e003400f7
:10a8e0007c0044000008eb00fe00440011007800ea
:10a8f00080014400f26198000000e80080087800c0
:10a90000b1122000810f5000550034007e00440039
:10a910000008eb00520037000281fb000201d10069
:10a92000626498004e003700e50f50004c00320082
:10a93000e60f500045003a0078089000e90f5000fb
:10a940003c003400e8089000e78f500039003a00de
:10a950008080e900710c9800700220000000440023
:10a9600080bf9f00b8bc0200010000000000e000b2
:10a970002d003200780a9000040044000069900025
:10a980004811dd0004004400706090000080fb006e
:10a9900002017000121498002015200008004000e9
:10a9a0001080a0008001eb0008089000980890003b
:10a9b000800f5100818f5900170032008fb9970026
:10a9c0000041eb00824078007fb097003e87020094
:10a9d00001000000201520000800400010a0a10088
:10a9e00078099000221498000000eb006172b80012
:10a9f0005fb39700efb397006101b9008400410095
:10aa000006014100924878000000e800e70f50007e
:10aa1000f9ff3a0007003700201520000800400029
:10aa200010a0a000030037002015200008004000ff
:10aa30001090a0000000eb00fe00440080087800a9
:10aa4000fc00440080087800050037000000eb009f
:10aa5000fe00440080087800fc0044008008780074
:10aa600000022000080040000008eb001a06460023
:10aa70001c007800000e40008904e90059ff3a00ec
:10aa80008b05e8003a0090008b0f500007003c0057
:10aa90000800370008077800700220000800400016
:10aaa0006101b800d2b79f00e3b79f000901200001
:10aab0004cff37004f0778004f06be004f05be0021
:10aac0004f04be00af00b100000006008000780017
:10aad000a2cab3008258780062cab30082487800e4
:10aae00041c8b3002140980001c4b3003140980030
:10aaf000414098005140980002ceb3006240980057
:10ab000082cab30072409800c2c9b30002489800dc
:10ab100062c8b30012489800214898003148980054
:10ab20004148980011c6b3005148980031c0b300a5
:10ab30006148980001cfb3007148980000012000df
:10ab400000000600e6874700889fbe008a9fbe007f
:10ab50008c9fbe008e1f7800000678000404be00a3
:10ab60000605be00030778000c00780023c9b30077
:10ab70000358780083c8b30003487800a0c8b30026
:10ab800020469800c0c9b3003046980080cab30080
:10ab90004046980000c4b3005046980000ceb30071
:10aba00060469800730020000000eb006163b8006d
:10abb000610ab800f4b79f0085bf9f0086824100fc
:10abc0007fb297008400400011427800844a42001e
:10abd0008301e8000000e800e60f5000f7ff3a00ac
:10abe000024141001246b300524e980030c0b300fb
:10abf000604e980000cfb300704e98007000460081
:10ac0000a1f02b002872020001000000f0064000b5
:10ac10000d0046008e007800a073020001000000c5
:10ac2000808646000d00460021f12b0028720200ac
:10ac300001000000808646000d0046000801be00ad
:10ac40006672020001000000008446000800460011
:10ac500051f22b00287202000100000000044400a1
:10ac6000080046000a01be006672020001000000f2
:10ac7000000044004f0778004f06be004f05be009d
:10ac80004f04be006f00b100000006000001fa0092
:10ac9000889fbe008a9fbe008c9fbe008004780003
:10aca00003047800040578000900780063c8b30045
:10acb0000358780023cab3000348780040c8b300a3
:10acc000a0449800a0c8b300b0449800c0449800c5
:10acd00000cab300d0449800a0ceb300e04498006e
:10ace000730020000000eb00614eb800610bb8005b
:10acf0008c8241000602400014427800844a4200df
:10ad00008301e8000000e800e60f5000f8ff3a0079
:10ad100002414100024078001046b300d04c980038
:10ad200030c0b300e04c980000cfb300f04c980066
:10ad30007080440081f32b002872020001000000a3
:10ad4000f00540000b80440088007800a0730200ea
:10ad500001000000808545000b804400a1f32b001a
:10ad60002872020001000000008045008001eb0015
:10ad70008300780005102000e20520000400370061
:10ad800083007800f105b100828f5000fdff3c0088
:10ad900046ef2f000f0343000102430006c2b30039
:10ada00006ca40008301e800858f5100040032008c
:10adb000828f5100f2ff3c0083007800f4ff3700df
:10adc0000a00e000120034008001eb00f2052000d0
:10add0000082410088007800820f54000300340094
:10ade000f105b100828f5000fdff3c000482440059
:10adf000c110b100efc07800014a78008301e8007b
:10ae00000804e8008a8f5100f1ff3a000a00400070
:10ae10004f06be004f05be004f04be000080fa0082
:10ae2000000006001800fa00889fbe008a9fbe003e
:10ae30008c1f78000001780023c9b3000359780003
:10ae400083c8b30003497800a2c8b3002240980029
:10ae5000c2c9b3003240980082cab3004240980091
:10ae600002c4b3005240980002ceb3006240980082
:10ae700072002000810378006105b80065844000fd
:10ae80008004eb006112b9000a034200080242008c
:10ae90009441780003cb41000201e800ed0f51001e
:10aea000f8ff3a006d01400013c6b3000349780073
:10aeb00021529000044242000349720032c0b300a4
:10aec0006248980002cfb30072489800a2c3b30052
:10aed0000250980012012000658353008003eb00ac
:10aee0006112b900840140000602420094497800d2
:10aef0000201e800f70f5100f9ff3a0002c2b30067
:10af00007250980051099000cf91de00f30f51006c
:10af1000e08f5900e2003e00020601007200370097
:10af200012003700de0037005c00370022003700d7
:10af3000db003700da003700d90037007d0037002a
:10af40008d003700d6003700d5003700c10037002c
:10af50009a003700ac003700280037003a0037006d
:10af6000cf003700ce0037001300370012c4b30003
:10af70000258980062c4b3001258980032c5b3005a
:10af800022589800b2c4b3003258980002c2b300ed
:10af90004258980012c3b3005258980022c3b3001d
:10afa0006258980002c3b30072589800026098007b
:10afb00012022000c200370012c4b30002589800e9
:10afc00062c4b3001258980032c5b30022589800ea
:10afd000b2c4b3003258980002c2b300425898007d
:10afe00032c3b3005258980002c3b30062589800ad
:10aff0007258980002022000b100370042c3b3002b
:10b000000258980062c4b3001258980032c5b300c9
:10b0100022589800b2c4b3003258980002c2b3005c
:10b020004258980092c3b3005258980062c3b300cc
:10b030006258980002c3b3007258980002609800ea
:10b04000120220009e00370042c3b300025898004d
:10b0500062c4b3001258980032c5b3002258980059
:10b06000b2c4b3003258980002c2b30042589800ec
:10b0700012c3b3005258980092c3b30062589800ac
:10b0800022c3b3007258980002c3b3000260980054
:10b0900012609800220220008900370072c4b300b9
:10b0a0000258980062c4b3001258980032c5b30029
:10b0b00022589800b2c4b3003258980002c2b300bc
:10b0c0004258980042c3b3005258980082c3b3005c
:10b0d0006258980002c3b30072589800026098004a
:10b0e000120220007600370072c4b30002589800a4
:10b0f00062c4b3001258980032c5b30022589800b9
:10b10000b2c4b3003258980002c2b300425898004b
:10b1100092c3b3005258980062c3b30062589800bb
:10b1200002c3b30072589800026098001202200017
:10b130006300370022c4b3000258980002c5b30070
:10b140001258980032c5b30022589800b2c4b30018
:10b150003258980002c2b3004258980032c3b3007c
:10b160005258980002c3b300625898007258980071
:10b17000020220005200370012c5b30002589800a6
:10b1800002c5b3001258980032c5b3002258980087
:10b19000b2c4b3003258980002c2b30042589800bb
:10b1a00062c3b3005258980002c3b30062589800bb
:10b1b00072589800020220004100370012c5b30007
:10b1c0000258980002c5b3001258980032c5b30067
:10b1d00022589800b2c4b3003258980002c2b3009b
:10b1e0004258980022c3b3005258980042c3b3009b
:10b1f0006258980002c3b300725898000260980029
:10b20000120220002e00370012c5b3000258980029
:10b2100002c5b3001258980032c5b30022589800f6
:10b22000b2c4b3003258980002c2b300425898002a
:10b2300032c3b3005258980062c3b30062589800fa
:10b2400002c3b300725898000260980012022000f6
:10b250001b00370022c4b3000258980002c5b30097
:10b260001258980032c5b30022589800b2c4b300f7
:10b270003258980002c2b3004258980012c3b3007b
:10b280005258980022c3b3006258980002c3b3001a
:10b2900072589800026098001202200008003700df
:10b2a000f2c6b300025898001258980002c7b300c3
:10b2b0002258980032c7b30032589800c2012000cb
:10b2c000c1099000e28f510050003a008201400015
:10b2d00004c2b300844978008202e80005014000fe
:10b2e00093c4b300034978008502e80005014000db
:10b2f000c3c4b300034978008502e800050140009b
:10b3000023c3b300034978008502e800050140002b
:10b3100003c5b300034978008502e800f1089000f6
:10b3200032092000828f50000b003c0002092000ef
:10b33000828f500013003d0032022000828f5000a7
:10b34000100032001e0035000104b100e18f5000f2
:10b350001b003e000b003700020b2000828f5000c4
:10b360000800320004003c00010ab100e38f5000e5
:10b3700013003e0003003700120f2000828f5000a0
:10b380000f003a0085004000b2c2b3008248780046
:10b390008502e8000501400031c4b300014978008e
:10b3a0008502e8000501400023c5b3000349780089
:10b3b0008502e80005014000014978008502e800a7
:10b3c000e1fd2f0081804700c2f32b000a00090035
:10b3d000b2187800b2587800050178008000eb00c0
:10b3e000e3fd2f008f814100611bb8008201400006
:10b3f00006824000944978000201e8008100e800dc
:10b40000f78f5000f9ff3a00778142000200780080
:10b410004f0678004f05be004f04be000080fa00c2
:04b420000000060022
:020000040000fa
:020000040002f8
:10b42400889fbe002001980031019800830320000a
:10b43400828141008009eb008001eb00860320003b
:10b44400020343000002be00830378008703e9007f
:10b45400030033008502d1000482d300fbff3700d0
:10b464000408a30009003200160278006124b90020
:10b474006c044400e0844c000804440089844c00bb
:10b4840088024100830a7800040be8008301e80085
:10b49400f88f5100ebff3a00421890000000e900d9
:10b4a400cf80de006c004000e080480000004000d7
:10b4b4008180480000004100100078001400200042
:10b4c400050020000403be00800078008100e9002c
:10b4d400030033000603430087834b00fbff370060
:10b4e4006601980077019800d20890000403be001a
:10b4f400810178008301e90003003300060343005f
:10b5040087834b00fbff3700060998001709980052
:10b514004401980055019800a30320008281410052
:10b5240081095000c1032000828040008008eb00a4
:10b53400e1032000828040001100a00011002000df
:10b544000008dd00cf80de00200998003109980052
:10b55400f0ff2f00010020000089be004f04be0050
:10b56400000006006f02b000889fbe008a9fbe00e4
:10b574008c9fbe008e1f780000057800b1b79f0035
:10b5840082047800030478008405780095b79f004e
:10b5940000c8b30080df9f0080c0eb00e1cf9f00b4
:10b5a400e78f540007003c00100020008900dd00f4
:10b5b4008140e900e1cf9f008900e9008100dd00be
:10b5c40081df9f00781890000008a30004003a006f
:10b5d40028009000b80090000801780090ff070050
:10b5e4001fb197000200e00004003200d81e900052
:10b5f400bfb197008d86410001003700bfb69700a8
:10b604000b00e00004003200c003200008004000ea
:10b614000008eb0002003700581a9000641c9800e0
:10b624000000eb00800578000d00e0009400340079
:10b63400b0af9f0080057800000378008003780095
:10b64400800078006011b80092af9f00a3af9f0004
:10b65400e30320008301440083b79f006c0244008d
:10b66400f4af9f008fda97008582fb0085af9f00bf
:10b674006807440064014400e2af9f00cc0320004b
:10b6840008064600a303200083014400a3b79f00db
:10b6940070024400d4af9f008dbf9f00bfb29700db
:10b6a400818f5200180034008fb697009d067800f1
:10b6b4006281660007003200070145001282fb0028
:10b6c4000482ea000fa9970002026200cfa2de0002
:10b6d40005003700070145008fd9970012c26100a9
:10b6e4000482fb008002eb000701450092417800d0
:10b6f40003c941000603e800e00f5200e08f5a003e
:10b704000d003a00110037001fb297000400e0005a
:10b714000e003200180178009801900092af9f004b
:10b72400a3af9f0013002000b3af9f000002eb0003
:10b7340094b79f0005003700180178009801900025
:10b744007faa9700341c71002494710018017800ba
:10b75400980190001e0278009e0290008386620089
:10b76400fdb79f0082066200edb79f006fb297009d
:10b77400ffb29700e00f5200e08f5a00050032003c
:10b78400efae97001d0278009d029000021c6a0033
:10b7940003946a001c017800afb19700930f510025
:10b7a4001e0035008b8f5300030032000b0145004f
:10b7b4009241780003c94100dfae97001d02780072
:10b7c4009d02900018017800980190008586610020
:10b7d400ddb79f0084066100cdb79f004fb197008d
:10b7e400dfb19700e00f5100e08f590002003200f2
:10b7f4000b0145001204a0000000e800890f50006e
:10b8040007003a000b004500efc9970010c861001b
:10b814008b05e8000000eb0001003700020ee80091
:10b82400890f530002003a008703e8000003eb008d
:10b8340018017800980190008301d1000281d3009f
:10b84400028cbe008100e8000fba9700848f50007c
:10b8540092ff3a0084067800bfaa97000500e00032
:10b86400070032001fa99700afa99700028cbe0001
:10b87400c803b000bfb19700988041000d8c500000
:10b8840089d9b900000041004f0778004f06be0077
:10b894004f05be004f04be006f02b1000000060059
:10b8a4004f02b000889fbe008a9fbe008c9fbe00de
:10b8b4008e1f780080047800b1b79f0002057800dd
:10b8c400030478008405780095b79f00ef0f5500b6
:10b8d40008003c00100020008a00dd008100e9001f
:10b8e40081af9f008a00e9008100dd0081b79f00dd
:10b8f400040037000000280080b79f008080eb0020
:10b9040081af9f00781890000008a30004003a005b
:10b9140028009000b800900008017800c0fe0700dd
:10b924001fb197000200e00004003200d81e90000e
:10b93400bfb197008d86410001003700bfb6970064
:10b944000b00e00004003200c003200008004000a7
:10b954000008eb0002003700581a9000641c98009d
:10b964008005eb000b0078000d00e0009c00340023
:10b97400bbaf9f000b0378008b0378008b0078002b
:10b984006011b80092af9f00a3af9f00e3032000b3
:10b9940083014400f3af9f006c024400e4af9f00b6
:10b9a40068074400e4024400d5af9f00cc032000a4
:10b9b40008064600a203200002014400a2b79f002b
:10b9c400f0014400c3af9f008dbf9f003fb29700ba
:10b9d400810f520019003400ffaa970095027800e5
:10b9e40062816200070032000701d00009014100b2
:10b9f4001282ea008fb697000d0262008002eb000b
:10ba0400050037000701d000090141008fb19700fc
:10ba1400128261008002eb000701d000090141009d
:10ba240092017800038941000603e800e00f520008
:10ba3400e08f5a000d003a00110037001fb2970042
:10ba44000400e0000e003200180178009801900014
:10ba540092af9f00a3af9f0013002000b3af9f00dd
:10ba64000002eb0094b79f0005003700180178002e
:10ba7400980190006faa9700341c710024947100ff
:10ba840018017800980190001e0278009e02900030
:10ba940083866200fdb79f0082066200edb79f00b7
:10baa4006fb29700ffb29700e00f5200e08f5a0088
:10bab40005003200dfae97001d0278009d02900061
:10bac400021c6a0003946a001c017800afb197005d
:10bad400930f5100210035008b8f53000400320076
:10bae4000b01d00009014100920178000389410053
:10baf400cfae97001d0278009d02900018017800d7
:10bb04009801900085866100ddb79f00840661007e
:10bb1400cdb79f004fb19700dfb19700e00f510000
:10bb2400e08f5900030032000b01d00009014100ed
:10bb34001200a0000000e8008a0f500008003a003c
:10bb44000b00d000090040008fa997001088610005
:10bb54008b05e8000000eb0001003700020ee8004e
:10bb64008a0f530002003a008703e8000003eb0049
:10bb740018017800980190008301d1000281d3005c
:10bb8400028cbe008100e8000fba9700848f500039
:10bb94008eff3a0084067800bfaa97000500e000f3
:10bba400070032001fa99700afa99700028cbe00be
:10bbb400c803b000bfb19700988041000d8c5000bd
:10bbc4000000e000060034008b00d00089844000af
:10bbd400f0001000190178008110dd00810c78005c
:10bbe4008addb900000045004f0778004f06be000b
:10bbf4004f05be004f04be004f02b1000000060016
:10bc0400e8874700889fbe008a9fbe008c9fbe00c5
:10bc14008e1f780000057800810478000204780003
:10bc2400781890000008a30004003a00280090004f
:10bc3400b800900008017800f9fd07000900e00051
:10bc44003a0034008001eb0083007800030178009f
:10bc540064004400e0b79f00ee032000080747009b
:10bc6400e8054400030045001042780004484200ff
:10bc74000404e00005003d001802780098029000da
:10bc84006fb39700361c6a0026946a009e037800fe
:10bc9400628263000d00320018027800980290005e
:10bca4000482ea008582ea001b0390000503630016
:10bcb40086bf9f009b03780084836300f7b79f00cf
:10bcc4007fb297008fba9700070037001b037800f4
:10bcd4009b03900018027800980290008786620007
:10bce400060662000c02be00e00f5200e08f5a000c
:10bcf400010032001004a0008100e800e88f500029
:10bd040002003a008301e8008000eb00180278008a
:10bd1400980290008502d1000482d300048cbe00f6
:10bd24000201e800890f5100ceff3a004f07780066
:10bd34004f06be004f05be004f04be008f00b10089
:10bd440000000600ee874700889fbe008a9fbe0061
:10bd54008c9fbe008e1f7800800578000105780056
:10bd64008204780003047800ef8f540007003c003d
:10bd7400100020008900dd008100e900b1b79f00b8
:10bd84000906e9000c06dd00030037000c0028005a
:10bd94000080eb00b0b79f00781890000008a30063
:10bda40004003a0028009000b800900008017800d0
:10bdb4009bfd07000a00e000400034008001eb0016
:10bdc400830078000301780064024400c4b79f0034
:10bdd400ee03200008074700e80644000300d000f3
:10bde4000b00400010027800040842000c026200bc
:10bdf4000500320018027800980290004fb39700b3
:10be0400361c6a0026946a009e03780062826300ee
:10be14000d00320018027800980290000482ea00b3
:10be24008582ea001d0390000503630086bf9f001e
:10be34009d03780084836300f7b79f007fb2970067
:10be44008fba97000a003700180278009802900011
:10be54001d03900006836200e6b79f009d037800ef
:10be640087036200d7b79f005fb29700efb29700d5
:10be7400e00f5200e08f5a00010032001000a000d1
:10be84008100e800898f500004003a00bfb0970099
:10be9400108860008301e8008000eb00180278003d
:10bea400980290008502d1000482d300048cbe0065
:10beb4000201e8008a0f5100c8ff3a004f077800da
:10bec4004f06be004f05be004f04be00ef00b10098
:10bed40000000600889fbe008a9fbe008c9fbe00a3
:10bee4000100e0001a00340060059000f0059000a5
:10bef40040069000d0069000800478003902780053
:10bf0400b90278000003eb000c0478008d0378007c
:10bf14000402750085827500858163000401640054
:10bf2400e00f5100e08f59000300320039066a0027
:10bf3400a9866a000c02be008502d1000482d300e7
:10bf44000603e800810f5300f1ff3a000488be00a5
:10bf54004f06be004f05be004f04be0000000600a1
:020000040000fa
:020000040002f8
:10bf640078000000c1ff0000fcfe0000f3fe0000aa
:10bf7400f5ff000057010000b70100000e000000ab
:10bf8400e5fc0000cffa00006bfd00005407000040
:10bf940015180000812b0000203b00001d4100000b
:10bfa400203b0000812b00001518000054070000fe
:10bfb4006bfd0000cffa0000e5fc00000e0000005d
:10bfc400b701000057010000f5ff0000f3fe000078
:0cbfd400fcfe0000c1ff0000780000002f
:020000040000fa
:020000040002f8
:10bfe0000071000062130000542500003647000075
:10bff000384900005a2b00006c1d00000e7f000025
:020000040000fa
:020000040002f8
:10c000000000000000000000000000000000000030
:10c010000000000000000000000000000000000020
:10c020000000000000000000000000000000000010
:10c030000000000000000000000000000000000000
:10c0400000000000000000000000000000000000f0
:10c0500000000000000000000000000000000000e0
:10c0600000000000000000000000000000000000d0
:10c0700000000000000000000000000000000000c0
:10c0800000000000000000000000000000000000b0
:10c0900000000000000000000000000000000000a0
:10c0a0000000000000000000000000000000000090
:10c0b0000000000000000000000000000000000080
:10c0c0000000000000000000000000000000000070
:10c0d0000000000000000000000000000000000060
:10c0e0000000000000000000000000000000000050
:10c0f0000000000000000000000000000000000040
:10c10000000000000000000000000000000000002f
:10c11000000000000000000000000000000000001f
:10c12000000000000000000000000000000000000f
:10c1300000000000000000000000000000000000ff
:10c1400000000000000000000000000000000000ef
:10c1500000000000000000000000000000000000df
:10c1600000000000000000000000000000000000cf
:10c1700000000000000000000000000000000000bf
:10c1800000000000000000000000000000000000af
:10c19000000000000000000000000000000000009f
:10c1a000000000000000000000000000000000008f
:10c1b000000000000000000000000000000000007f
:10c1c000000000000000000000000000000000006f
:10c1d000000000000000000000000000000000005f
:10c1e000000000000000000000000000000000004f
:10c1f000000000000000000000000000000000003f
:10c20000000000000000000000000000000000002e
:10c21000000000000000000000000000000000001e
:10c22000000000000000000000000000000000000e
:10c2300000000000000000000000000000000000fe
:10c2400000000000000000000000000000000000ee
:10c2500000000000000000000000000000000000de
:10c2600000000000000000000000000000000000ce
:10c2700000000000000000000000000000000000be
:10c2800000000000000000000000000000000000ae
:10c29000000000000000000000000000000000009e
:10c2a000000000000000000000000000000000008e
:10c2b000000000000000000000000000000000007e
:10c2c000000000000000000000000000000000006e
:10c2d000000000000000000000000000000000005e
:10c2e000000000000000000000000000000000004e
:10c2f000000000000000000000000000000000003e
:10c30000000000000000000000000000000000002d
:10c31000000000000000000000000000000000001d
:10c32000000000000000000000000000000000000d
:10c3300000000000000000000000000000000000fd
:10c3400000000000000000000000000000000000ed
:10c3500000000000000000000000000000000000dd
:10c3600000000000000000000000000000000000cd
:10c3700000000000000000000000000000000000bd
:10c3800000000000000000000000000000000000ad
:10c39000000000000000000000000000000000009d
:10c3a000000000000000000000000000000000008d
:10c3b000000000000000000000000000000000007d
:10c3c000000000000000000000000000000000006d
:10c3d000000000000000000000000000000000005d
:10c3e000000000000000000000000000000000004d
:10c3f000000000000000000000000000000000003d
:10c40000000000000000000000000000000000002c
:10c41000000000000000000000000000000000001c
:10c42000000000000000000000000000000000000c
:10c4300000000000000000000000000000000000fc
:10c4400000000000000000000000000000000000ec
:10c4500000000000000000000000000000000000dc
:10c4600000000000000000000000000000000000cc
:10c4700000000000000000000000000000000000bc
:10c4800000000000000000000000000000000000ac
:10c49000000000000000000000000000000000009c
:10c4a000000000000000000000000000000000008c
:10c4b000000000000000000000000000000000007c
:10c4c000000000000000000000000000000000006c
:10c4d000000000000000000000000000000000005c
:10c4e000000000000000000000000000000000004c
:10c4f000000000000000000000000000000000003c
:10c50000000000000000000000000000000000002b
:10c51000000000000000000000000000000000001b
:10c52000000000000000000000000000000000000b
:10c5300000000000000000000000000000000000fb
:10c5400000000000000000000000000000000000eb
:10c5500000000000000000000000000000000000db
:10c5600000000000000000000000000000000000cb
:10c5700000000000000000000000000000000000bb
:10c5800000000000000000000000000000000000ab
:10c59000000000000000000000000000000000009b
:10c5a000000000000000000000000000000000008b
:10c5b000000000000000000000000000000000007b
:10c5c000000000000000000000000000000000006b
:10c5d000000000000000000000000000000000005b
:10c5e000000000000000000000000000000000004b
:10c5f000000000000000000000000000000000003b
:10c60000000000000000000000000000000000002a
:10c61000000000000000000000000000000000001a
:10c62000000000000000000000000000000000000a
:10c6300000000000000000000000000000000000fa
:10c6400000000000000000000000000000000000ea
:10c6500000000000000000000000000000000000da
:10c6600000000000000000000000000000000000ca
:10c6700000000000000000000000000000000000ba
:10c6800000000000000000000000000000000000aa
:10c69000000000000000000000000000000000009a
:10c6a000000000000000000000000000000000008a
:10c6b000000000000000000000000000000000007a
:10c6c000000000000000000000000000000000006a
:10c6d000000000000000000000000000000000005a
:10c6e000000000000000000000000000000000004a
:10c6f000000000000000000000000000000000003a
:10c700000000000000000000000000000000000029
:10c710000000000000000000000000000000000019
:10c720000000000000000000000000000000000009
:10c7300000000000000000000000000000000000f9
:10c7400000000000000000000000000000000000e9
:10c7500000000000000000000000000000000000d9
:10c7600000000000000000000000000000000000c9
:10c7700000000000000000000000000000000000b9
:10c7800000000000000000000000000000000000a9
:10c790000000000000000000000000000000000099
:10c7a0000000000000000000000000000000000089
:10c7b0000000000000000000000000000000000079
:10c7c0000000000000000000000000000000000069
:10c7d0000000000000000000000000000000000059
:10c7e0000000000000000000000000000000000049
:10c7f0000000000000000000000000000000000039
:10c800000000000000000000000000000000000028
:10c810000000000000000000000000000000000018
:10c820000000000000000000000000000000000008
:10c8300000000000000000000000000000000000f8
:10c8400000000000000000000000000000000000e8
:10c8500000000000000000000000000000000000d8
:10c8600000000000000000000000000000000000c8
:10c8700000000000000000000000000000000000b8
:10c8800000000000000000000000000000000000a8
:10c890000000000000000000000000000000000098
:10c8a0000000000000000000000000000000000088
:10c8b0000000000000000000000000000000000078
:10c8c0000000000000000000000000000000000068
:10c8d0000000000000000000000000000000000058
:10c8e0000000000000000000000000000000000048
:10c8f0000000000000000000000000000000000038
:10c900000000000000000000000000000000000027
:10c910000000000000000000000000000000000017
:10c920000000000000000000000000000000000007
:10c9300000000000000000000000000000000000f7
:10c9400000000000000000000000000000000000e7
:10c9500000000000000000000000000000000000d7
:10c9600000000000000000000000000000000000c7
:10c9700000000000000000000000000000000000b7
:10c9800000000000000000000000000000000000a7
:10c990000000000000000000000000000000000097
:10c9a0000000000000000000000000000000000087
:10c9b0000000000000000000000000000000000077
:10c9c0000000000000000000000000000000000067
:10c9d0000000000000000000000000000000000057
:10c9e0000000000000000000000000000000000047
:10c9f0000000000000000000000000000000000037
:10ca00000000000000000000000000000000000026
:10ca10000000000000000000000000000000000016
:10ca20000000000000000000000000000000000006
:10ca300000000000000000000000000000000000f6
:10ca400000000000000000000000000000000000e6
:10ca500000000000000000000000000000000000d6
:10ca600000000000000000000000000000000000c6
:10ca700000000000000000000000000000000000b6
:10ca800000000000000000000000000000000000a6
:10ca90000000000000000000000000000000000096
:10caa0000000000000000000000000000000000086
:10cab0000000000000000000000000000000000076
:10cac0000000000000000000000000000000000066
:10cad0000000000000000000000000000000000056
:10cae0000000000000000000000000000000000046
:10caf0000000000000000000000000000000000036
:10cb00000000000000000000000000000000000025
:10cb10000000000000000000000000000000000015
:10cb20000000000000000000000000000000000005
:10cb300000000000000000000000000000000000f5
:10cb400000000000000000000000000000000000e5
:10cb500000000000000000000000000000000000d5
:10cb600000000000000000000000000000000000c5
:10cb700000000000000000000000000000000000b5
:10cb800000000000000000000000000000000000a5
:10cb90000000000000000000000000000000000095
:10cba0000000000000000000000000000000000085
:10cbb0000000000000000000000000000000000075
:10cbc0000000000000000000000000000000000065
:10cbd0000000000000000000000000000000000055
:10cbe0000000000000000000000000000000000045
:10cbf0000000000000000000000000000000000035
:10cc00000000000000000000000000000000000024
:10cc10000000000000000000000000000000000014
:10cc20000000000000000000000000000000000004
:10cc300000000000000000000000000000000000f4
:10cc400000000000000000000000000000000000e4
:10cc500000000000000000000000000000000000d4
:10cc600000000000000000000000000000000000c4
:10cc700000000000000000000000000000000000b4
:10cc800000000000000000000000000000000000a4
:10cc90000000000000000000000000000000000094
:10cca0000000000000000000000000000000000084
:10ccb0000000000000000000000000000000000074
:10ccc0000000000000000000000000000000000064
:10ccd0000000000000000000000000000000000054
:10cce0000000000000000000000000000000000044
:10ccf0000000000000000000000000000000000034
:10cd00000000000000000000000000000000000023
:10cd10000000000000000000000000000000000013
:10cd20000000000000000000000000000000000003
:10cd300000000000000000000000000000000000f3
:10cd400000000000000000000000000000000000e3
:10cd500000000000000000000000000000000000d3
:10cd600000000000000000000000000000000000c3
:10cd700000000000000000000000000000000000b3
:10cd800000000000000000000000000000000000a3
:10cd90000000000000000000000000000000000093
:10cda0000000000000000000000000000000000083
:10cdb0000000000000000000000000000000000073
:10cdc0000000000000000000000000000000000063
:10cdd0000000000000000000000000000000000053
:10cde0000000000000000000000000000000000043
:10cdf0000000000000000000000000000000000033
:10ce00000000000000000000000000000000000022
:10ce10000000000000000000000000000000000012
:10ce20000000000000000000000000000000000002
:10ce300000000000000000000000000000000000f2
:10ce400000000000000000000000000000000000e2
:10ce500000000000000000000000000000000000d2
:10ce600000000000000000000000000000000000c2
:10ce700000000000000000000000000000000000b2
:10ce800000000000000000000000000000000000a2
:10ce90000000000000000000000000000000000092
:10cea0000000000000000000000000000000000082
:10ceb0000000000000000000000000000000000072
:10cec0000000000000000000000000000000000062
:10ced0000000000000000000000000000000000052
:10cee0000000000000000000000000000000000042
:10cef0000000000000000000000000000000000032
:10cf00000000000000000000000000000000000021
:10cf10000000000000000000000000000000000011
:10cf20000000000000000000000000000000000001
:10cf300000000000000000000000000000000000f1
:10cf400000000000000000000000000000000000e1
:10cf500000000000000000000000000000000000d1
:10cf600000000000000000000000000000000000c1
:10cf700000000000000000000000000000000000b1
:10cf800000000000000000000000000000000000a1
:10cf90000000000000000000000000000000000091
:10cfa0000000000000000000000000000000000081
:10cfb0000000000000000000000000000000000071
:10cfc0000000000000000000000000000000000061
:10cfd0000000000000000000000000000000000051
:10cfe0000000000000000000000000000000000041
:10cff0000000000000000000000000000000000031
:020000040000fa
:020000040002f8
:10d0000000000000400000005b0000006f00000016
:10d01000800000008f0000009d000000a9000000bb
:10d02000b5000000c0000000ca000000d4000000ed
:10d03000de000000e7000000ef000000f800000044
:10d0400000010000080100001001000017010000ad
:10d050001e010000250100002c010000330100002a
:10d060003a01000040010000460100004d010000af
:10d0700053010000590100005f010000640100003d
:10d080006a01000070010000750100007b010000d2
:10d0900080010000850100008b010000900100006c
:10d0a000950100009a0100009f010000a40100000a
:10d0b000a9010000ad010000b2010000b7010000ad
:10d0c000bb010000c0010000c5010000c901000053
:10d0d000ce010000d2010000d6010000db010000fb
:10d0e000df010000e3010000e7010000ec010000a7
:10d0f000f0010000f4010000f8010000fc01000054
:10d100000002000004020000080200000c020000ff
:10d110001002000014020000170200001b020000b1
:10d120001f02000023020000270200002a02000064
:10d130002e02000032020000350200003902000019
:10d140003c020000400200004402000047020000d0
:10d150004b0200004e020000520200005502000087
:10d16000580200005c0200005f0200006302000041
:10d1700066020000690200006d02000070020000fb
:10d1800073020000760200007a0200007d020000b7
:10d190008002000083020000860200008a02000074
:10d1a0008d02000090020000930200009602000031
:10d1b000990200009c0200009f020000a2020000f1
:10d1c000a5020000a8020000ab020000ae020000b1
:10d1d000b1020000b4020000b7020000ba02000071
:10d1e000bd020000c0020000c3020000c602000031
:10d1f000c9020000cc020000ce020000d1020000f3
:10d20000d4020000d7020000da020000dd020000b4
:10d21000df020000e2020000e5020000e802000078
:10d22000ea020000ed020000f0020000f30200003c
:10d23000f5020000f8020000fb020000fd02000001
:10d2400000030000030300000503000008030000c2
:10d250000b0300000d030000100300001203000088
:10d2600015030000180300001a0300001d0300004e
:10d270001f03000022030000240300002703000016
:10d280002a0300002c0300002f03000031030000dc
:10d290003403000036030000390300003b030000a4
:10d2a0003e0300004003000042030000450300006d
:10d2b000470300004a0300004c0300004f03000036
:10d2c0005103000053030000560300005803000000
:10d2d0005b0300005d0300005f03000062030000c9
:10d2e0006403000066030000690300006b03000094
:10d2f0006e0300007003000072030000740300005e
:10d3000077030000790300007b0300007e03000028
:10d3100080030000820300008503000087030000f3
:10d32000890300008b0300008e03000090030000bf
:10d33000920300009403000097030000990300008b
:10d340009b0300009d0300009f030000a203000058
:10d35000a4030000a6030000a8030000aa03000025
:10d36000ad030000af030000b1030000b3030000f1
:10d37000b5030000b7030000ba030000bc030000bf
:10d38000be030000c0030000c2030000c40300008d
:10d39000c6030000c8030000cb030000cd0300005b
:10d3a000cf030000d1030000d3030000d503000029
:10d3b000d7030000d9030000db030000dd030000f9
:10d3c000df030000e2030000e4030000e6030000c6
:10d3d000e8030000ea030000ec030000ee03000095
:10d3e000f0030000f2030000f4030000f603000065
:10d3f000f8030000fa030000fc030000fe03000035
:10d400000004000002040000040400000604000000
:10d41000080400000a0400000c0400000e040000d0
:10d4200010040000120400001404000016040000a0
:10d43000180400001a0400001c0400001e04000070
:10d440002004000021040000230400002504000043
:10d4500027040000290400002b0400002d04000014
:10d460002f040000310400003304000035040000e4
:10d4700037040000380400003a0400003c040000b7
:10d480003e04000040040000420400004404000088
:10d490004604000048040000490400004b0400005a
:10d4a0004d0400004f04000051040000530400002c
:10d4b0005504000056040000580400005a040000ff
:10d4c0005c0400005e0400006004000061040000d1
:10d4d00063040000650400006704000069040000a4
:10d4e0006a0400006c0400006e0400007004000078
:10d4f000720400007304000075040000770400004b
:10d50000790400007b0400007c0400007e0400001d
:10d5100080040000820400008404000085040000f0
:10d5200087040000890400008b0400008c040000c4
:10d530008e04000090040000920400009304000098
:10d540009504000097040000990400009a0400006c
:10d550009c0400009e040000a0040000a104000040
:10d56000a3040000a5040000a6040000a804000015
:10d57000aa040000ac040000ad040000af040000e9
:10d58000b1040000b2040000b4040000b6040000be
:10d59000b8040000b9040000bb040000bd04000092
:10d5a000be040000c0040000c2040000c304000068
:10d5b000c5040000c7040000c8040000ca0400003d
:10d5c000cc040000cd040000cf040000d104000012
:10d5d000d2040000d4040000d6040000d7040000e8
:10d5e000d9040000db040000dc040000de040000bd
:10d5f000e0040000e1040000e3040000e504000092
:10d60000e6040000e8040000e9040000eb04000068
:10d61000ed040000ee040000f0040000f20400003d
:10d62000f3040000f5040000f6040000f804000014
:10d63000fa040000fb040000fd040000fe040000ea
:10d6400000050000020500000305000005050000bc
:10d6500006050000080500000a0500000b05000093
:10d660000d0500000e05000010050000110500006a
:10d670001305000015050000160500001805000040
:10d68000190500001b0500001c0500001e05000018
:10d6900020050000210500002305000024050000ee
:10d6a0002605000027050000290500002a050000c6
:10d6b0002c0500002e0500002f050000310500009c
:10d6c0003205000034050000350500003705000074
:10d6d000380500003a0500003b0500003d0500004c
:10d6e0003e05000040050000420500004305000023
:10d6f00045050000460500004805000049050000fa
:10d700004b0500004c0500004e0500004f050000d1
:10d7100051050000520500005405000055050000a9
:10d7200057050000580500005a0500005b05000081
:10d730005d0500005e050000600500006105000059
:10d740006305000064050000660500006705000031
:10d75000690500006a0500006b0500006d0500000a
:10d760006e050000700500007105000073050000e3
:10d7700074050000760500007705000079050000bb
:10d780007a0500007c0500007d0500007f05000093
:10d79000800500008105000083050000840500006d
:10d7a0008605000087050000890500008a05000045
:10d7b0008c0500008d0500008e050000900500001e
:10d7c00091050000930500009405000096050000f7
:10d7d00097050000990500009a0500009b050000d0
:10d7e0009d0500009e050000a0050000a1050000a9
:10d7f000a2050000a4050000a5050000a705000083
:10d80000a8050000aa050000ab050000ac0500005b
:10d81000ae050000af050000b1050000b205000034
:10d82000b3050000b5050000b6050000b80500000e
:10d83000b9050000ba050000bc050000bd050000e8
:10d84000bf050000c0050000c1050000c3050000c1
:10d85000c4050000c6050000c7050000c80500009b
:10d86000ca050000cb050000cc050000ce05000075
:10d87000cf050000d1050000d2050000d30500004f
:10d88000d5050000d6050000d7050000d905000029
:10d89000da050000dc050000dd050000de05000003
:10d8a000e0050000e1050000e2050000e4050000dd
:10d8b000e5050000e6050000e8050000e9050000b8
:10d8c000eb050000ec050000ed050000ef05000091
:10d8d000f0050000f1050000f3050000f40500006c
:10d8e000f5050000f7050000f8050000f905000047
:10d8f000fb050000fc050000fd050000ff05000021
:10d9000000060000010600000306000004060000f7
:10d9100005060000070600000806000009060000d2
:10d920000b0600000c0600000d0600000f060000ac
:10d930001006000011060000130600001406000087
:10d940001506000017060000180600001906000062
:10d950001a0600001c0600001d0600001e0600003e
:10d960002006000021060000220600002406000018
:10d9700025060000260600002706000029060000f4
:10d980002a0600002b0600002d0600002e060000cf
:10d990002f060000310600003206000033060000aa
:10d9a0003406000036060000370600003806000086
:10d9b0003a0600003b0600003c0600003d06000061
:10d9c0003f0600004006000041060000430600003c
:10d9d0004406000045060000460600004806000018
:10d9e000490600004a0600004b0600004d060000f4
:10d9f0004e0600004f0600005106000052060000cf
:10da000053060000540600005606000057060000aa
:10da100058060000590600005b0600005c06000086
:10da20005d0600005e060000600600006106000062
:10da3000620600006306000065060000660600003e
:10da400067060000680600006a0600006b0600001a
:10da50006c0600006d0600006f06000070060000f6
:10da600071060000720600007406000075060000d2
:10da70007606000077060000790600007a060000ae
:10da80007b0600007c0600007e0600007f0600008a
:10da90008006000081060000820600008406000067
:10daa0008506000086060000870600008906000043
:10dab0008a0600008b0600008c0600008d06000020
:10dac0008f060000900600009106000092060000fc
:10dad00094060000950600009606000097060000d8
:10dae000980600009a0600009b0600009c060000b5
:10daf0009d0600009e060000a0060000a106000092
:10db0000a2060000a3060000a5060000a60600006d
:10db1000a7060000a8060000a9060000ab0600004a
:10db2000ac060000ad060000ae060000af06000027
:10db3000b1060000b2060000b3060000b406000003
:10db4000b5060000b6060000b8060000b9060000e1
:10db5000ba060000bb060000bc060000be060000be
:10db6000bf060000c0060000c1060000c20600009b
:10db7000c4060000c5060000c6060000c706000077
:10db8000c8060000c9060000cb060000cc06000055
:10db9000cd060000ce060000cf060000d106000032
:10dba000d2060000d3060000d4060000d50600000f
:10dbb000d6060000d8060000d9060000da060000ec
:10dbc000db060000dc060000dd060000df060000ca
:10dbd000e0060000e1060000e2060000e3060000a7
:10dbe000e4060000e6060000e7060000e806000084
:10dbf000e9060000ea060000eb060000ec06000063
:10dc0000ee060000ef060000f0060000f10600003e
:10dc1000f2060000f3060000f5060000f60600001c
:10dc2000f7060000f8060000f9060000fa060000fa
:10dc3000fb060000fd060000fe060000ff060000d7
:10dc400000070000010700000207000003070000b2
:10dc5000050700000607000007070000080700008e
:10dc6000090700000a0700000b0700000d0700006d
:10dc70000e0700000f07000010070000110700004a
:10dc80001207000013070000140700001607000029
:10dc90001707000018070000190700001a07000006
:10dca0001b0700001c0700001d0700001f070000e5
:10dcb00020070000210700002207000023070000c2
:10dcc00024070000250700002607000028070000a1
:10dcd000290700002a0700002b0700002c0700007e
:10dce0002d0700002e0700002f070000300700005e
:10dcf000320700003307000034070000350700003a
:10dd00003607000037070000380700003907000019
:10dd10003a0700003c0700003d0700003e070000f6
:10dd20003f070000400700004107000042070000d5
:10dd300043070000440700004607000047070000b3
:10dd400048070000490700004a0700004b07000091
:10dd50004c0700004d0700004e0700004f07000071
:10dd6000500700005207000053070000540700004e
:10dd7000550700005607000057070000580700002d
:10dd8000590700005a0700005b0700005c0700000d
:10dd90005e0700005f0700006007000061070000e9
:10dda00062070000630700006407000065070000c9
:10ddb00066070000670700006807000069070000a9
:10ddc0006b0700006c0700006d0700006e07000085
:10ddd0006f07000070070000710700007207000065
:10dde0007307000074070000750700007607000045
:10ddf00077070000790700007a0700007b07000022
:10de00007c0700007d0700007e0700007f07000000
:10de100080070000810700008207000083070000e0
:10de200084070000850700008607000087070000c0
:10de3000890700008a0700008b0700008c0700009c
:10de40008d0700008e0700008f070000900700007c
:10de5000910700009207000093070000940700005c
:10de6000950700009607000097070000980700003c
:10de7000990700009a0700009c0700009d0700001a
:10de80009e0700009f070000a0070000a1070000f8
:10de9000a2070000a3070000a4070000a5070000d8
:10dea000a6070000a7070000a8070000a9070000b8
:10deb000aa070000ab070000ac070000ad07000098
:10dec000ae070000af070000b0070000b107000078
:10ded000b3070000b4070000b5070000b607000054
:10dee000b7070000b8070000b9070000ba07000034
:10def000bb070000bc070000bd070000be07000014
:10df0000bf070000c0070000c1070000c2070000f3
:10df1000c3070000c4070000c5070000c6070000d3
:10df2000c7070000c8070000c9070000ca070000b3
:10df3000cb070000cc070000cd070000ce07000093
:10df4000cf070000d0070000d1070000d207000073
:10df5000d4070000d5070000d6070000d70700004f
:10df6000d8070000d9070000da070000db0700002f
:10df7000dc070000dd070000de070000df0700000f
:10df8000e0070000e1070000e2070000e3070000ef
:10df9000e4070000e5070000e6070000e7070000cf
:10dfa000e8070000e9070000ea070000eb070000af
:10dfb000ec070000ed070000ee070000ef0700008f
:10dfc000f0070000f1070000f2070000f30700006f
:10dfd000f4070000f5070000f6070000f70700004f
:10dfe000f8070000f9070000fa070000fb0700002f
:10dff000fc070000fd070000fe070000ff0700000f
:020000040000fa
:020000040002f8
:10e00000889fbe008a1f78008c9fbe0000057800a4
:10e010000204be001a109000aa1090004219de00ff
:10e0200003002000800f5100818f5900130036003b
:10e030004409dd00cc01de00830171004401dd00f4
:10e040000800be00d2d002000100000061065000ae
:10e05000e08658004409dd00cc01de008301710038
:10e060004401dd000800be00d2d002000100000023
:10e070000003be008001eb00120037004209dd0002
:10e08000ce01de00830171004201dd000800be0008
:10e09000d2d002000100000061065000e086580066
:10e0a0004209dd00ce01de00830171004201dd0086
:10e0b0000800be00d2d00200010000000003be0034
:10e0c00013002000c319dd0003f0a0008000eb0066
:10e0d0006c004500010878006a00450001087800de
:10e0e0006e004500010878007400450001087800c2
:10e0f00072004500010878007600450001087800ac
:10e10000820220000a014100120278000420a100ce
:10e110001615980027159800700045000108780032
:10e120007800450001087800040078003000b30052
:10e130000040a10000097800000220000a00400011
:10e14000010878007e004500010878004a00900030
:10e15000e20f500005003a00cc11880083118800be
:10e160000040200090118800040037004c11880006
:10e170000311880000402000101188004f06be00e7
:10e180004f0578004f04be0000000600e20f50006b
:10e1900002003a0023c8a800010037002168a80047
:10e1a00000000600e20f500002003a0023c8a90058
:10e1b000010037002168a90000000600889fbe000a
:10e1c0008a9fbe008c9fbe0042c0b3007602400012
:10e1d000fc024000f203400064054000780040006b
:10e1e0008005eb00cc09de00c408dd00e9cf51005a
:10e1f000020036007343b000010037000343b00053
:10e2000014037800950f53001d003d00170378009c
:10e210006134b900888fd2008984d20008f0a1004f
:10e220000806d000ba06d0000d0446004220a8001f
:10e23000aa844c004200a9004220ae004200a8007f
:10e240000884d300ac01800089067800ad01880005
:10e25000034c7800ac0188000603e800860b7800c8
:10e260009401e800030a7800908f51000100340007
:10e2700003087800950f530001003a008b0b7800db
:10e280000241e900d7ff3a004f06be004f05be002d
:10e290004f04be0000000600889fbe008a9fbe009b
:10e2a0008c9fbe0022c0b30076024000fc024000fa
:10e2b0007203400064044000780040008004eb00da
:10e2c0008181fb00c419de00c408dd00e9cf5100e4
:10e2d000020036007343b000010037000343b00072
:10e2e00094037800958f53001d003d00960378003d
:10e2f000613db9008a8fd2008b85d2000af0a1005f
:10e300000a06d000b806d0000d0546004220a8003d
:10e31000a8854d004200a9004220ae004200a8009e
:10e320000a85d300ac0180008b067800ad0188001f
:10e33000034d7800ac0188008703e800070b7800e4
:10e340009401e800030a7800908f51000100340026
:10e3500003087800958f530001003a00090b7800fc
:10e360000241e900d6ff3a004f06be004f05be004d
:10e370004f04be0000000600889fbe008a9fbe00ba
:10e380008c9fbe00914178000304e0002c00320015
:10e390000001eb0076024000fc024000f203400066
:10e3a000640540007800400082057800140378007e
:10e3b000950f53001d003d00170378006134b9002c
:10e3c000888fd2008984d20008f0a1000806d0000e
:10e3d000ba06d0000d0446004220a800aa844c00d2
:10e3e0004200a9004220ae004200a8000884d300e9
:10e3f000ac01800089067800ad018800034c7800ec
:10e40000ac0188000603e800860b78009401e80060
:10e41000030a7800908f510001003400030878004f
:10e42000950f530001003a008b0b78000201e800c1
:10e4300082814000934178000304e000dbff3a0052
:10e440004f06be004f05be004f04be000000060090
:10e45000914178000001eb000304e0000900320064
:10e460006022b80004024000034a78000201e8007c
:10e470006112b90084814000934178000304e000f8
:10e48000f8ff3a0002007800000006000001eb00ef
:10e490006103b800cc09de00c408dd00e9cf5100fb
:10e4a000020036007343b000010037000343b000a0
:10e4b00006024100034a78000201e800e40f51001f
:10e4c000f4ff3a004000200000000600e887470003
:10e4d000889fbe008a9fbe008c9fbe008e1f780062
:10e4e000e0b79f000205be000040eb0080f79f00f0
:10e4f000e00f5100e08f590007003d00d0c2b3008b
:10e50000efb097008048780060051100e0851900a1
:10e5100012c0b30082f79f0014002000f4b79f00e0
:10e5200008a02c00a9b92300ac0020000d00200099
:10e530000801be000a00be007206020000000000d2
:10e54000004778000e04e0002a003a000c01be00eb
:10e550000800be0072060200000000000004be00b9
:10e560007fb097000000e0000b003a000ff1970029
:10e570000280fb008000eb006fb2970000004200b9
:10e5800001c3b300014847000241e80082f79f0041
:10e590000001eb00f2b79f00e00f5400e08f5c0039
:10e5a000e3ff3c000ff097007fb297000400e0000b
:10e5b000080032000081fb008001eb006fb2970081
:10e5c0008200420002c3b300824878000040e800a5
:10e5d00080f79f008ff097000180fb004f077800c5
:10e5e0004f06be004f05be004f04be008f00b100b5
:10e5f000000006000e80fb008000eb0080c9b9001f
:10e600000800b800810041000005550081855d00cb
:10e610000c01be000800be007206020000000000ef
:10e620000004be00d1ff3700e4874700889fbe008a
:10e630008a9fbe008c9fbe008e1f780080bf9f0007
:10e64000010778000043eb000e00e00004003d00ed
:10e65000d2c2b300024878000e07ea0016c0b30029
:10e66000540020001a002000027122000006eb0076
:10e670007b662600edc2b300110009000207d80036
:10e68000800178000304e000010032000c057800ee
:10e690000b94b900c2cbde00cf92de00858253001e
:10e6a000e18f520006003a000684fb008004eb0074
:10e6b0000fb89700880340008d4b78000643e800b0
:10e6c0000a00e00007003a000684fb008004eb002b
:10e6d0008fb897008883400000c3b30080cb41000f
:10e6e0000643e8000402e900050032008381fb00d4
:10e6f0008299b9000207570005017800deff370054
:10e700000a00e000070032000681fb008001eb00f8
:10e710000fba97000200420002c3b300024878001b
:10e720000643e8000680fb004f0778004f06be0056
:10e730004f05be004f04be004f00b10000000600b0
:10e74000889fbe008a9fbe00800578000105780082
:10e750000042eb000a00e00004003d00d2c2b3001a
:10e76000824d78000a05ea0014c0b30015002000ad
:10e7700002712200766626008003eb00110009007a
:10e780000205d800800178000304e0001b003a0075
:10e790000694b90042ccde004f91de000201540025
:10e7a0000500e00007003a000484fb008004eb0051
:10e7b0008882450000c3b30080ca41000442e800db
:10e7c000870278000200e000ecff3c000500e0005a
:10e7d000060032000481fb008001eb00028045004e
:10e7e00002c3b300024878000442e8000480fb0042
:10e7f0004f05be004f04be00000006000384fb006e
:10e8000082c4b900080555000694b900c2cade00ea
:10e810004f91de0002815200e3ff37008000eb00e1
:10e820006103b8004c1ade00050020004418dd002a
:10e83000cc11de00830170004411dd00e94f52006d
:10e84000020036007443b000010037000443b000fa
:10e8500086824000844a78008100e800e88f5000fa
:10e86000f0ff3a0080002000000006000148780018
:10e870001000200000000600889fbe00b009900034
:10e8800060099000828f510024003d00f201400099
:10e89000130178006112b900848fd2008582d20002
:10e8a00004f0a10020039000b00390000604d00003
:10e8b0008404d000090244004220a80085824b0055
:10e8c0004200a9004220ae004200a8000482d3000a
:10e8d000a601800085037800a7018800014a78001e
:10e8e000a60188000201e80082097800f6014000d4
:10e8f0009300e80081097800c0099000838f5000e0
:10e900000100340041089800e0089000810f510098
:10e9100002003a00720040000008eb004f04be0005
:10e9200000000600889fbe0003ceb30083c14000f4
:10e93000e2c5b30082cf510001003600e1c2b3004e
:10e94000b009900060099000828f510024003d00c2
:10e95000f2014000130178006112b900848fd200e7
:10e960008582d20004f0a10020039000b003900043
:10e970000604d0008404d000090244004220a8000c
:10e9800085824b004200a9004220ae004200a80050
:10e990000482d300a601800085037800a7018800c7
:10e9a000014a7800a60188000201e8008209780087
:10e9b000f60140009300e80081097800c00990004a
:10e9c000838f50000100340041089800e008900057
:10e9d000810f510002003a00720040000008eb0075
:10e9e0004f04be0000000600e4874700889fbe0079
:10e9f0008a9fbe008c9fbe008e1f780033002000cf
:10ea000042062000d9cc2c0076024000fc024000d7
:10ea10007204400064074000f806400081bf9f0078
:10ea20008fb89700110009008280d8000083fb0096
:10ea300082b3b9008fbb97008683530087bf9f00c6
:10ea40000913b8004339de0094007800958f500018
:10ea50001f003d00180378006135b9008a8fd2008d
:10ea60008b85d2000af0a1008a03d000be00d0003e
:10ea7000018543004220a800ae854d004200a90058
:10ea80004220ae004200a8000a85d3000043b00037
:10ea9000a70180000b067800ac018800004d7800cb
:10eaa000a70188000603e800060c78001400e800bf
:10eab000000a78009d0f500001003400800e78009d
:10eac000950f530002003a008003eb00070c78001a
:10ead0008301e900d2ff3a004f0778004f06be00dd
:10eae0004f05be004f04be004f00b10000000600fd
:10eaf000ec874700889fbe008a9fbe008c9fbe00a7
:10eb00008e1f78000100e0002a003d00b00990004f
:10eb100060099000828f510025003d007201400085
:10eb200092017800611ab900848fd2008582d200e8
:10eb300004f0a10020039000b00390000604d00070
:10eb40008404d000090244004220a80085824b00c2
:10eb50004200a9004220ae004200a8000482d30077
:10eb6000a601800085037800a7018800d5c2b30004
:10eb7000054a7800a60188008301e80003097800af
:10eb8000760240001401e800020a7800400a900072
:10eb9000840f510001003400420898006009900081
:10eba000828f510002003a00720140000009eb0020
:10ebb0008100ea001800200002712200736626001e
:10ebc000760240007c0340008002eb0072054000aa
:10ebd000e4054000cbb79f0078074000f0b79f00e6
:10ebe00081bf9f000fb89700110009000200d800f4
:10ebf000000678000c04e0005c003a000390b900c5
:10ec0000d0b79f00e1b79f00c28bde004f91de00be
:10ec1000028153000800e00025003a000504780056
:10ec200094007800968f500021003d009a037800f0
:10ec3000613cb900888fd2008984d20008f0a1001d
:10ec4000cfb597000800d000bb00d0000104400001
:10ec50004220a800ab844c004200a9004220ae0034
:10ec60004200a8000884d3000c43b000ab01800030
:10ec700089067800ad0188000c4c7800ab01880053
:10ec80008703e800070d78001404e800080a7800fc
:10ec90009e0f540001003400080f7800050478002e
:10eca000968f530002003a00050d780005047800a5
:10ecb0000200e000cbff3c007fb097000800e000be
:10ecc0003400320030099000e0089000810f5100bc
:10ecd00030003d00f2004000110178006112b900df
:10ece000848fd2008582d20004f0a100200390001e
:10ecf000b00390008601d0000404d00008824100d7
:10ed00004220a80085824b004200a9004220ae00ac
:10ed10004200a8000482d300a3018000050378000c
:10ed2000a601880005c3b300054a7800a301880046
:10ed30000201e80082087800f60140009300e80034
:10ed400081097800c0099000838f500001003400d1
:10ed500041089800e0089000810f51000d003a0032
:10ed6000720040000008eb000a0037000c84fb0032
:10ed700082c4b9008fbc97008884540089bf9f006b
:10ed80000394b900c2cbde004f91de000281530034
:10ed9000a2ff37004f0778004f06be004f05be00a8
:10eda0004f04be00cf00b1000000060070019000cb
:10edb0008080eb000200e0001e0034006c02400086
:10edc00094017800611bb900868fd2008783d2003e
:10edd00006f0a1008600d000b002d00005834000fc
:10ede0004220a800a0834b004200a9004220ae00b0
:10edf0004200a8000683d3009501800087007800b8
:10ee000001d0fe009640780005d0fe008180fb0016
:10ee10008301e800030a78006e024000020ae9005c
:10ee200050099000828f5100020035006c004000b4
:10ee30000008eb000100780000000600889fbe007b
:10ee4000300990008080eb000200e00020003400d8
:10ee50007402400094017800611bb900868fd200d3
:10ee60008783d20006f0a10020049000b004900037
:10ee70008800d0008602d000058340004220a80010
:10ee800087834c004200a9004220ae004200a80047
:10ee90000683d300950180008700780001d0fe0032
:10eea0009640780005d0fe008180fb008301e800d9
:10eeb000030a780076024000020ae9006009900027
:10eec000828f510002003500740040000008eb0002
:10eed000010078004f04be0000000600889fbe00bd
:10eee0008a1f78008004780049009000e10f5000ec
:10eef0000c003200e20f500024003a001b003700e3
:10ef000009007800cdff0700121180008200640024
:10ef1000fdff3a000000e0000400350020118800e9
:10ef20000200370076854400082020001a00e00027
:10ef3000f3ff3c00011020001211800002806000ed
:10ef4000fdff32001100370009007800bbff070009
:10ef50009211800082006400fdff3a000000e00092
:10ef600004003500a01188000200370076854400b7
:10ef7000082020001a00e000f3ff3c0001102000f0
:10ef80001211800002806000fdff32004f05780002
:08ef90004f04be000000060062
:020000040000fa
:020000040002f8
:10ef980000000000050000000b0000001000000049
:10efa800160000001c0000002200000028000000dd
:10efb8002e000000350000003b0000004200000069
:10efc8004900000050000000570000005e000000eb
:10efd800650000006d000000740000007c00000067
:10efe800840000008c000000940000009c000000d9
:10eff800a4000000ad000000b6000000bf00000043
:10f00800c7000000d1000000da000000e3000000a3
:10f01800ed000000f6000000000100000a010000f9
:10f02800140100001e010000290100003301000046
:10f038003e01000048010000530100005e0100008d
:10f048006a01000075010000800100008c010000c9
:10f0580098010000a4010000b0010000bc010000fc
:10f06800c8010000d5010000e1010000ee01000028
:10f07800fb01000008020000150200002302000046
:10f08800300200003e0200004c0200005a0200005c
:10f09800680200007602000084020000930200006b
:10f0a800a2020000b0020000bf020000cf02000070
:10f0b800de020000ed020000fd0200000d0300006a
:10f0c8001d0300002d0300003d0300004d03000058
:10f0d8005e0300006e0300007f0300009003000041
:10f0e800a1030000b3030000c4030000d60300001e
:10f0f800e7030000f90300000b0400001d040000f2
:10f1080030040000420400005504000068040000b8
:10f118007b0400008e040000a1040000b504000078
:10f12800c8040000dc040000f0040000040500002e
:10f13800190500002d0500004205000056050000d5
:10f148006b0500008005000096050000ab05000077
:10f15800c1050000d6050000ec050000020600000d
:10f16800180600002f060000450600005c06000097
:10f17800730600008a060000a1060000b906000018
:10f18800d0060000e806000000070000180700008d
:10f1980030070000480700006107000079070000f9
:10f1a80092070000ab070000c5070000de0700005b
:10f1b800f7070000110800002b08000045080000b0
:10f1c8005f0800007a08000094080000af080000fb
:10f1d800ca080000e5080000000900001b0900003b
:10f1e80037090000530900006f0900008b0900006f
:10f1f800a7090000c3090000e0090000fd0900009c
:10f208001a0a0000370a0000540a0000720a0000b7
:10f218008f0a0000ad0a0000cb0a0000e90a0000ce
:10f22800070b0000260b0000450b0000630b0000d5
:10f23800820b0000a20b0000c10b0000e00b0000d5
:10f24800000c0000200c0000400c0000600c0000c6
:10f25800810c0000a10c0000c20c0000e30c0000af
:10f26800040d0000250d0000470d0000680d00008a
:10f278008a0d0000ac0d0000ce0d0000f00d00005e
:10f28800130e0000350e0000580e00007b0e000023
:10f298009e0e0000c20e0000e50e0000090f0000df
:10f2a8002d0f0000510f0000750f00009a0f00008d
:10f2b800be0f0000e30f0000081000002d10000032
:10f2c80052100000781000009d100000c3100000cc
:10f2d800e91000000f110000351100005c1100005a
:10f2e80082110000a9110000d0110000f7110000e0
:10f2f8001f120000461200006e1200009612000055
:10f30800be120000e61200000e13000037130000c2
:10f318005f13000088130000b1130000db13000026
:10f32800041400002d14000057140000811400007c
:10f33800ab140000d5140000001500002a150000c9
:10f348005515000080150000ab150000d61500000b
:10f35800021600002d160000591600008516000040
:10f36800b1160000dd16000009170000361700006e
:10f378006317000090170000bd170000ea1700008f
:10f38800171800004518000072180000a0180000a7
:10f39800ce180000fd1800002b19000059190000b4
:10f3a80088190000b7190000e6190000151a0000b6
:10f3b800441a0000741a0000a31a0000d31a0000af
:10f3c800031b0000331b0000631b0000941b00009c
:10f3d800c41b0000f51b0000261c0000571c000081
:10f3e800881c0000b91c0000eb1c00001c1d00005c
:10f3f8004e1d0000801d0000b21d0000e41d00002d
:10f40800161e0000491e00007b1e0000ae1e0000f4
:10f41800e11e0000141f0000471f00007b1f0000b2
:10f42800ae1f0000e21f0000162000004a20000066
:10f438007e200000b2200000e62000001b21000012
:10f448004f21000084210000b9210000ee210000b6
:10f4580023220000582200008e220000c322000050
:10f46800f92200002f230000652300009b230000e1
:10f47800d1230000072400003e240000742400006b
:10f48800ab240000e22400001925000050250000ec
:10f4980087250000be250000f62500002d26000067
:10f4a800652600009d260000d42600000c270000d9
:10f4b800452700007d270000b5270000ee27000043
:10f4c800262800005f28000098280000d1280000a6
:10f4d8000a290000432900007c290000b529000002
:10f4e800ef290000282a0000622a00009c2a000058
:10f4f800d62a00000f2b0000492b0000842b0000a7
:10f50800be2b0000f82b0000332c00006d2c0000ef
:10f51800a82c0000e22c00001d2d0000582d000032
:10f52800932d0000ce2d0000092e0000452e00006e
:10f53800802e0000bb2e0000f72e0000322f0000a6
:10f548006e2f0000aa2f0000e62f000021300000d7
:10f558005d30000099300000d63000001231000004
:10f568004e3100008a310000c7310000033200002c
:10f57800403200007c320000b9320000f632000050
:10f58800323300006f330000ac330000e933000071
:10f598002634000063340000a0340000de3400008c
:10f5a8001b3500005835000096350000d3350000a3
:10f5b800103600004e3600008c360000c9360000b8
:10f5c800073700004437000082370000c0370000ca
:10f5d800fe3700003c3800007a380000b8380000d8
:10f5e800f53800003339000072390000b0390000e6
:10f5f800ee3900002c3a00006a3a0000a83a0000f0
:10f60800e63a0000253b0000633b0000a13b0000f8
:10f61800e03b00001e3c00005c3c00009b3c0000fe
:10f62800d93c0000173d0000563d0000943d000005
:10f63800d33d0000113e0000503e00008e3e000009
:10f64800cd3e00000b3f00004a3f0000883f00000d
:10f65800c63f000005400000444000008240000012
:10f66800c0400000ff4000003d4100007c41000018
:10f67800ba410000f941000037420000764200001c
:10f68800b4420000f3420000314300006f43000021
:10f69800ae430000ec4300002a4400006944000027
:10f6a800a7440000e544000024450000624500002e
:10f6b800a0450000de4500001c4600005a46000038
:10f6c80098460000d7460000154700005247000042
:10f6d80090470000ce4700000c4800004a48000050
:10f6e80088480000c648000003490000414900005e
:10f6f8007e490000bc490000fa490000374a000072
:10f70800744a0000b24a0000ef4a00002c4b000087
:10f718006a4b0000a74b0000e44b0000214c00009e
:10f728005e4c00009b4c0000d84c0000144d0000bb
:10f73800514d00008e4d0000ca4d0000074e0000dc
:10f74800434e0000804e0000bc4e0000f84e000002
:10f75800344f0000714f0000ad4f0000e94f00002a
:10f7680024500000605000009c500000d850000059
:10f77800135100004f5100008a510000c55100008c
:10f78800015200003c52000077520000b2520000c3
:10f79800ed52000028530000625300009d53000002
:10f7a800d7530000125400004c5400008654000047
:10f7b800c1540000fb540000345500006e55000091
:10f7c800a8550000e25500001b56000055560000e1
:10f7d8008e560000c7560000005700003957000039
:10f7e80072570000ab570000e45700001c58000097
:10f7f800555800008d580000c5580000fe580000fc
:10f80800365900006d590000a5590000dd59000067
:10f81800145a00004c5a0000835a0000ba5a0000db
:10f82800f15a0000285b00005f5b0000965b000057
:10f83800cc5b0000035c0000395c00006f5c0000da
:10f84800a55c0000db5c0000115d0000475d000066
:10f858007c5d0000b25d0000e75d00001c5e0000fa
:10f86800515e0000865e0000bb5e0000ef5e000097
:10f87800245f0000585f00008c5f0000c05f00003c
:10f88800f45f0000286000005c6000008f600000ea
:10f89800c3600000f6600000296100005c610000a0
:10f8a8008f610000c1610000f46100002662000061
:10f8b800586200008a620000bc620000ee6200002c
:10f8c8001f6300005163000082630000b3630000ff
:10f8d800e4630000156400004664000076640000dc
:10f8e800a7640000d76400000765000037650000c2
:10f8f8006765000096650000c6650000f5650000b4
:10f90800246600005366000082660000b1660000ad
:10f91800df6600000d6700003c6700006a670000b2
:10f9280098670000c5670000f367000020680000c2
:10f938004d6800007a680000a7680000d4680000dd
:10f94800016900002d6900005969000085690000ff
:10f95800b1690000dd690000086a0000346a00002f
:10f968005f6a00008a6a0000b56a0000e06a000069
:10f978000a6b0000356b00005f6b0000896b0000ac
:10f98800b36b0000dd6b0000066c00002f6c0000fc
:10f99800596c0000826c0000ab6c0000d36c000056
:10f9a800fc6c0000246d00004c6d0000746d0000bc
:10f9b8009c6d0000c46d0000eb6d0000136e00002c
:10f9c8003a6e0000616e0000886e0000ae6e0000a6
:10f9d800d56e0000fb6e0000216f0000476f00002d
:10f9e8006d6f0000926f0000b86f0000dd6f0000bf
:10f9f80002700000277000004c700000707000005a
:10fa080095700000b9700000dd7000000171000001
:10fa180025710000487100006c7100008f710000b2
:10fa2800b2710000d5710000f77100001a72000071
:10fa38003c7200005e72000080720000a27200003a
:10fa4800c3720000e572000006730000277300000f
:10fa5800487300006973000089730000aa730000ee
:10fa6800ca730000ea7300000a7400002a740000d8
:10fa7800497400006874000088740000a7740000ce
:10fa8800c5740000e47400000375000021750000cf
:10fa98003f7500005d7500007b75000098750000db
:10faa800b6750000d3750000f07500000d760000f3
:10fab8002a76000047760000637600007f76000013
:10fac8009b760000b7760000d3760000ef76000042
:10fad8000a77000025770000407700005b77000078
:10fae8007677000090770000ab770000c5770000bc
:10faf800df770000f9770000137800002c78000009
:10fb0800457800005f780000787800009178000060
:10fb1800a9780000c2780000da780000f2780000c6
:10fb28000a790000227900003a7900005179000032
:10fb3800697900008079000097790000ae790000ab
:10fb4800c5790000db790000f2790000087a00002e
:10fb58001e7a0000347a0000497a00005f7a0000bb
:10fb6800747a00008a7a00009f7a0000b47a000054
:10fb7800c87a0000dd7a0000f17a0000067b0000f8
:10fb88001a7b00002e7b0000427b0000557b0000a2
:10fb9800697b00007c7b00008f7b0000a27b00005b
:10fba800b57b0000c87b0000da7b0000ed7b00001d
:10fbb800ff7b0000117c0000237c0000347c0000e7
:10fbc800467c0000577c0000697c00007a7c0000bd
:10fbd8008b7c00009c7c0000ac7c0000bd7c00009d
:10fbe800cd7c0000dd7c0000ed7c0000fd7c000089
:10fbf8000d7d00001d7d00002c7d00003b7d000078
:10fc08004b7d00005a7d0000687d0000777d000074
:10fc1800867d0000947d0000a27d0000b07d00007c
:10fc2800be7d0000cc7d0000da7d0000e77d00008d
:10fc3800f57d0000027e00000f7e00001c7e0000a3
:10fc4800297e0000357e0000427e00004e7e0000c6
:10fc58005a7e0000667e0000727e00007e7e0000f4
:10fc68008a7e0000957e0000a07e0000ac7e000029
:10fc7800b77e0000c27e0000cc7e0000d77e000068
:10fc8800e17e0000ec7e0000f67e0000007f0000b0
:10fc98000a7f0000147f00001d7f0000277f0000fe
:10fca800307f0000397f0000437f00004b7f000059
:10fcb800547f00005d7f0000667f00006e7f0000bb
:10fcc800767f00007e7f0000867f00008e7f000028
:10fcd800967f00009d7f0000a57f0000ac7f00009c
:10fce800b37f0000ba7f0000c17f0000c87f00001a
:10fcf800cf7f0000d57f0000dc7f0000e27f00009e
:10fd0800e87f0000ee7f0000f47f0000fa7f00002b
:020000040000fa
:020000040002f8
:10fd180044c0b30002102000cc09de00c408dd0096
:10fd2800e9cf51000300360076c3b30086c2410014
:10fd38000200370006c3b30086c24100e20f50003c
:10fd480006003a009611800086016100fdff32002e
:10fd58008582fb00a5118800050037001611800078
:10fd680086016100fdff32008582fb0025118800b5
:10fd78000442e900e8ff3a00000006006f06b00000
:10fd8800889fbe008a9fbe008c9fbe008e1f780091
:10fd9800004029002100200007802f0036002400a1
:10fda800048020000500200002c02a002300200053
:10fdb8006139880000846300583988004639880012
:10fdc8000600fc005805200078398800a80a2000a1
:10fdd8007839880029e7a80000000000000000002a
:10fde8002807e200feff35000000420081804a003b
:10fdf800820f5000838f5800edff3a000000eb009f
:10fe0800809f9f00909f9f00a09f9f00b09f9f0092
:10fe180005102000a48c20001d002000000578009b
:10fe28007080220051002000d0b79f00e1b79f00ea
:10fe38006011b80092af9f00a3af9f000a0078003e
:10fe48008a007800faaf9f008ab79f009ab79f0090
:10fe58000a067800aab79f00084029002900200058
:10fe680083fb2f008381470083af9f000381e80055
:10fe78006113b800e6a79f00f7a79f0007fb2f00b4
:10fe880087834700d7a79f000781e800c2a79f0084
:10fe98000060fe00970180000401780002f0a400d1
:10fea8008581d20003d0fe001241780007d0fe0001
:10feb8000283fb006101b900ea0f5100e08f59008d
:10fec8001b013e00020601000a0037000e00370041
:10fed800230037003c003700500037006600370029
:10fee8007c00370097003700aa003700c2003700af
:10fef800ef00370015cea900a2032000820f53009f
:10ff08000b013a0009013700158ea90000fd2f00ea
:10ff180006004000e90f50000d003600f0f92f00f0
:10ff280006004000e50f500003003e0090fa2f0045
:10ff38000600400006003700f0fb2f0006004000d6
:10ff4800e50f50003c023e0090fc2f0006004000e8
:10ff58004400dd0080b79f0020002000f400370037
:10ff680014eea90000fd2f0006004000e90f500024
:10ff78000d003600f0f92f0006004000e50f500094
:10ff880003003e0090fa2f000600400006003700ec
:10ff9800f0fb2f0006004000e50f50002c023e0049
:10ffa80090fc2f00060040008fb19700830170007d
:10ffb80083b79f001fb397000303430096b79f00c2
:10ffc80030002000da00370000fd2f000600400056
:10ffd800e90f50000d003600f0f92f000600400030
:10ffe800e50f500003003e0090fa2f000600400085
:10fff80006003700f0fb2f0006004000e50f500018
:020000040003f7
:1000080019023e0090fc2f00060040004c00dd0065
:10001800a0b79f0040002000c500370000fd2f005a
:1000280006004000e90f50000d003600f0f92f00df
:1000380006004000e50f500003003e0090fa2f0034
:100048000600400006003700f0fb2f0006004000c5
:10005800e50f50000a023e0090fc2f000600400009
:100068004800dd00afb3970087037000a7b79f0073
:1000780050002000ae00370000fd2f0006004000b1
:10008800e90f50000d003600f0f92f00060040007f
:10009800e50f500003003e0090fa2f0006004000d4
:1000a80006003700f0fb2f0006004000e50f500067
:1000b800f9013e0090fc2f00060040004400dd00de
:1000c8002fb1970002017000a2b79f0060002000c6
:1000d8009700370000fd2f0006004000e90f500090
:1000e8000d003600f0f92f0006004000e50f500023
:1000f80003003e0090fa2f0006004000060037007b
:10010800f0fb2f0006004000e50f5000e8013e001c
:1001180090fc2f0006004000afb1970083017000eb
:10012800a3b79f004819de000380fb0000004100d0
:100138001fb397000003430096b79f00700020008c
:100148007b00370000fd2f0006004000e90f50003b
:100158000d003600f0f92f0006004000e50f5000b2
:1001680003003e0090fa2f0006004000060037000a
:10017800f0fb2f0006004000e50f5000d2013e00c2
:1001880090fc2f00060040004406dd00800020009f
:100198006700370000fd2f0006004000e90f5000ff
:1001a8000d003600f0f92f0006004000e50f500062
:1001b80003003e0090fa2f000600400006003700ba
:1001c800f0fb2f0006004000e50f5000c4013e0080
:1001d80090fc2f00060040000c0670009fb39700ab
:1001e8008c83430097b79f00900020000001eb002c
:1001f800f2af9f004e003700ed0f530002003200af
:10020800ea0f53000b003a0011002000afe19700fd
:100218000304e000010032002100200015aea80010
:1002280014eea800158ea80015cea8000000eb005b
:100238003f003700ffab97000700d000e2f82f001f
:100248000f014100000041000008eb0000fd2f00f5
:1002580006004000e90f50000d003600f0f92f00ad
:1002680006004000e50f500003003e0090fa2f0002
:100278000600400006003700f0fb2f000600400093
:10028800e50f50009c013e0090fc2f000600400046
:10029800ffa997000301d0004400dd0000037800a7
:1002a8002207b10086377900a0002000200037001f
:1002b80000fd2f0006004000e90f50000d00360039
:1002c800f0f92f0006004000e50f500003003e0043
:1002d80090fa2f000600400006003700f0fb2f00c0
:1002e80006004000e50f500089013e0090fc2f00f9
:1002f80006004000ffab97000701d000e3f82f008d
:100308008f814100028141001200700000097800cd
:100318001fb397000003430096b79f008703e800c8
:10032800f7af9f0090002000010037001000200068
:10033800e18f500018013a00e10f5600af0032007b
:10034800050039001d0020008000eb00e40f560076
:1003580025013a00090137008fb197006119b800eb
:10036800f2b79f0083bf9f001d0020008000eb00b4
:10037800e00f5100e08f59001b0132001fab9700be
:10038800afab9700c031dd0002002000afb397008b
:1003980002834300e0834900b6af9f00c7af9f00c8
:1003a8006033b800e2f82f000f0141006115b80072
:1003b800dcaf9f0000077800ada79f003fa997001a
:1003c800cfa99700b4af9f00c5af9f005fb2970059
:1003d800efb2970084a79f0095a79f000fa69700ec
:1003e8009fa697008c0f51008d8f59006200360030
:1003f80063024400e0824c00d4b79f00e5b79f0039
:10040800fcbf2a002d0020008c0f52008d8f5a004f
:1004180059003e00a40f2000a40288000002eb004f
:100428008f9e97000d0abb001f989700008abb009b
:1004380024002000af9a9700050abb003f9e970052
:100448000c8abb00404ede000d0020008c027800b4
:100458006c39880008027800583988001c0024008c
:100468004c3988000600fc005c0520007c398800b7
:10047800ac0a20007c39880029e7a80000000000a9
:10048800000000002fa097002807e200feff3500bb
:10049800a0a79f00a50288009402ba00c59f9f00ec
:1004a8001486ba00dc9f9f008f9e97008d8f5200a4
:1004b80004003a001f989700800f560004003a0085
:1004c800050037008002eb00a5a79f000200370057
:1004d8000006eb00aca79f0062044400e0844c00d7
:1004e800a90288000482e8009402ba00e59f9f00f0
:1004f8001482ba00f49f9f00af9e97008d8f520020
:1005080004003a003f989700800f520004003a0018
:10051800050037000002eb00a4a79f000200370087
:100528008002eb00a5a79f008302d1000282d300be
:1005380005047800c8b79f00c8ff2f0004046400b2
:10054800b8b79f003fb49700cfb4970008024400a3
:1005580089824c0067064200e0864a008ca79f000b
:100568009da79f000006eb008c9f9f009c9f9f000b
:10057800ac9f9f00bc9f9f008306d1000286d300da
:10058800630666000208a3000b0032000c06d000c8
:100598002c02b000edf82f008f8646000c8646002e
:1005a8008106d0008a8646009d067800c86edd0068
:1005b8001c8e7600060037000c06d0008106d0009d
:1005c8008a8646001d0078000c05b10080377e0041
:1005d80061034300e0834b008100e8007fb297008d
:1005e8008fba9700840f5300858f5b006f0031002e
:1005f80061014100e081490078ff37001d002000bb
:100608008000eb000a00e000770032000105780066
:100618008a007800f2bf2a0023002000820f5400cd
:10062800838f5c0070003e00a10f2000a1028800ab
:100638008a0078000f9b97008608bb001f999700d7
:100648008288bb00210020002f9997008208bb00f8
:100658003f9997008288bb0069398800583988001b
:1006680011002400413988000600fc0051052000d3
:1006780071398800a10a20007139880029e7a8008b
:1006880000000000000000002807e200feff35001f
:100698000801be008000eb001d0020008fab970012
:1006a800613bb800f6b79f0087bf9f00dfa39700a4
:1006b800613bb800d6af9f00e7af9f000107780005
:1006c800cfa39700613bb80086a79f0097a79f001c
:1006d800b8af9f00c9af9f00a4a79f00b5a79f0010
:1006e800a30288001204ba00610db800425bdd0065
:1006f800ce53de00870373004253dd00ffb497003a
:1007080009024300080a78009282ba00efa4970011
:1007180009044300050c7800dfac97000904430086
:1007280014027800980f520005003a000fa29700b3
:1007380004034300968f520003003a000300370079
:100748008e067800010037008e0678008100e800e8
:1007580062014100e0814900e28f5000e0ff3a0069
:100768003fac9700cfac97002fa29700bfa297008d
:100778000005eb008a0078001b0037008f8897007f
:10078800610bb80096af9f00a7af9f001d00200027
:100798008000eb0014003700e28f50000f00320099
:1007a800e38f500010003a000e0037000fa69700a4
:1007b8009fa69700dcb79f00edb79f00afa69700f4
:1007c8005fae97000e0078003faa9700cfaa970067
:1007d8001a0020008000eb00030037008000eb00c7
:1007e800010037008000eb0061024200e0824a000d
:1007f80003102000d2c12300820f5200a4fd3a004a
:1008080003037800868f5200a1fd3a0015cea90097
:10081800158ea90014eea90015aea9000d007800e8
:100828004f0778004f06be004f05be004f04be00bc
:100838006f06b1000000060015aea80014eea8006f
:10084800158ea80015cea80031002000350037000d
:1008580015aea80014eea800158ea80015cea800a5
:10086800310020002f00370015aea80014eea800b4
:10087800158ea80015cea8003100200029003700e9
:1008880015aea80014eea800158ea80015cea80075
:10089800310020002300370015aea80014eea80090
:1008a800158ea80015cea800310020001d003700c5
:1008b80015aea80014eea800158ea80015cea80045
:1008c800310020001700370015aea80014eea8006c
:1008d800158ea80015cea8003100200011003700a1
:1008e80015aea80014eea800158ea80015cea80015
:1008f800310020000b00370015aea80014eea80048
:10090800158ea80015cea80031002000050037007c
:1009180015aea80014eea800158ea80015cea800e4
:0c092800210020000000eb009bff3700c6
:020000040000fa
:020000040003f7
:10093400e142200081004000110178000200a10082
:100944000210a0000080e8000008eb00a0fe2f00c9
:100954008008610000000600e142200081004000a0
:1009640091007800e880600005003200e142200038
:10097400810040001130a1008080e8008008eb0075
:10098400e14220008100400091007800e480600092
:10099400060032008080e8008008eb00e14220007d
:1009a40081004000b2fe2f009108610090007800a1
:1009b4000100e00090003500e24220000201400006
:1009c400120178006201610014003200020c200060
:1009d400828f500006003a008080e8008008eb0017
:1009e400e1422000010040001040a10082003700d5
:1009f400c242200002014000c489de006fc96100c8
:100a0400d2422000020140006fc96000e142200090
:100a1400010040001010a10077003700e2422000de
:100a24000201400012417800614161002b00320054
:100a3400e2422000020140001200a100c20d200089
:100a4400828f500014003200d20d2000828f50009b
:100a540069003a008000780051017800820140006a
:100a6400b4cdb300c44198000201e80082087800c4
:100a740011412000810f51005f0034008080e800a4
:100a84008008eb00e1422000010040009000780063
:100a94007288700058003700800078005101780097
:100aa4008201400004ccb300c44198000201e80074
:100ab4008208780011412000810f51004e0034005b
:100ac4008080e8008008eb00e14220000100400043
:100ad400900078007288700047003700020c2000f4
:100ae400828f500007003200b20d2000828f500028
:100af40031003a00e1422000010040001000a00053
:100b04003d003700e14220008100400011017800df
:100b14000200a1000210a00082087800d142200047
:100b240081004000914078000104e0000c00320094
:100b3400eacf50000a003200eccf50000800320027
:100b4400e9cf50000600320090009000e18f500081
:100b540003003400e1422000810040001140a00065
:100b6400900090000100e00003003a00e142200000
:100b7400810040001140a000e142200081004000bb
:100b840091007800f0806000070032008080e80067
:100b94008008eb00e142200001004000b1fe2f007c
:100ba4001088600014003700e1422000010040007a
:100bb4001020a0001000370000017800d201780056
:100bc40003024000414298008300e80001097800d4
:100bd40012412000828f5000070034008080e8001a
:100be4008008eb00e1422000010040009000780002
:100bf4000100a1007288700000000600889fbe00fa
:100c04008a9fbe008c9fbe008e1f780080047800ef
:100c140001047800020678008305780001ccb30053
:100c2400090078003c74020001000000c440dd00ab
:100c3400090078003c740200010000000045eb004c
:100c44000b00e000240034000004eb000d0c200035
:100c5400be0d20000800d0000c00400010007800f9
:100c64008040780000456d008d0f50000b0032006d
:100c74008e0f500012003a00b1cdb3000900780085
:100c84003c74020001000000d1cdb30009007800db
:100c94003c740200010000000c003700b1cdb30029
:100ca400090078003c74020001000000c1cdb300cb
:100cb400090078003c7402000100000003003700c2
:100cc400090078003c740200010000000804e800f8
:100cd400888f5500dfff3c00491090000038a300c6
:100ce400040032008a407800090078003c74020055
:100cf4000100000001ccb300090078003c7402003c
:100d0400010000004f0778004f06be004f05be00eb
:100d14004f04be0000000600889fbe008a9fbe00ec
:100d24008c9fbe008e1f78000005780001047800b7
:100d3400020778008306780001ccb3000a0078002b
:100d44003c74020001000000c440dd000a00780089
:100d54003c740200010000000d00e0003d0034007e
:100d64000004eb000cccb300bbcdb3008804d0006e
:100d74008e84440099007800c808de008ccf5000af
:100d84000b0032008bcf500012003a008b407800e9
:100d94000a0078003c74020001000000d1cdb300c9
:100da4000a0078003c740200010000000c003700c7
:100db4008b4078000a0078003c74020001000000b7
:100dc400c1cdb3000a0078003c74020001000000a9
:100dd400030037000a0078003c74020001000000a0
:100de400994078008ccf50000b0032008bcf50001c
:100df40012003a008b4078000a0078003c7402002c
:100e040001000000d1cdb3000a0078003c74020058
:100e1400010000000c0037008b4078000a007800c5
:100e24003c74020001000000c1cdb3000a00780048
:100e34003c74020001000000030037000a0078003f
:100e44003c740200010000000804e800888f56008a
:100e5400c6ff3c0001ccb3000a0078003c740200d9
:100e6400010000004f0778004f06be004f05be008a
:100e74004f04be00000006000400fa00889fbe0074
:100e84008a9fbe008c1f780080047800014578009a
:100e940002447800030678008405780001ccb3008e
:100ea400090078003c740200010000006f446400f3
:100eb400c450dd0088c07000090078003c74020052
:100ec400010000000045eb000b00e00026003400a8
:100ed4000004eb006160b80090bf9f00a1bf9f00b9
:100ee4000cccb3009fb897000100440090407800f8
:100ef40001456d008ccf50000c003200b0cdb30022
:100f040080cf500012003a00804078000900780039
:100f14003c74020001000000d1cdb3000900780048
:100f24003c740200010000000c003700b1cdb30096
:100f3400090078003c74020001000000c1cdb30038
:100f4400090078003c74020001000000030037002f
:100f5400090078003c740200010000000804e80065
:100f6400888f5500dfff3c00491090000038a30033
:100f7400040032008a407800090078003c740200c2
:100f84000100000001ccb300090078003c740200a9
:100f9400010000004f0678004f05be004f04be005c
:100fa4000080fa0000000600e6874700889fbe0024
:100fb4008a9fbe008c9fbe008e1f78000005be0075
:100fc4008206780000042000808f5600010034005f
:100fd400800678000d00e000440034000006eb00b9
:100fe4008c0478006158b800f0b79f0081bf9f005f
:100ff400090778006f8064001f003a0021fb2b0072
:101004000a007800bc710200010000008c8f5400bb
:101014000d0034000c0478000880450090407800ee
:101024000a00780092740200010000000804e8003d
:10103400890f5400f8ff35000c00e8000c86ea0024
:101044000c0647000c06400051fb2b000a007800f8
:10105400bc710200010000008e0078000a007800d4
:10106400de7002000100000081fb2b000a00780002
:10107400bc71020001000000ffb097000180440031
:10108400904078000a0078004c71020001000000d2
:10109400b1fb2b000a007800bc71020001000000c3
:1010a4008904e800898f5600d1ff3c006f806600f8
:1010b4000e00320021fb2b000a007800bc710200f4
:1010c400010000008c8f5600080034000c8045009d
:1010d400904078000a007800927402000100000039
:1010e4000c06e8008c8f5600f8ff3c004f07780090
:1010f4004f06be004f05be004f04be006f00b10096
:1011040000000600889fbe008a9fbe008c9fbe0020
:101114008e1f78000005be00820678000d00e000f6
:10112400430034000006eb008c04780009077800c3
:101134006f80640020003a0021fb2b000a00780035
:10114400bc710200010000008c8f54000e003400ba
:101154000c0478000800d0000b00400090007800d8
:101164000a00780092740200010000000804e800fc
:10117400890f5400f7ff35000c00e8000c86ea00e4
:101184000c0647000c06400051fb2b000a007800b7
:10119400bc710200010000008e0078000a00780093
:1011a400de7002000100000081fb2b000a007800c1
:1011b400bc710200010000000900d0000b004000d7
:1011c400900078000a0078004c71020001000000d1
:1011d400b1fb2b000a007800bc7102000100000082
:1011e4008904e800898f5600d0ff3c006f806600b8
:1011f4000f00320021fb2b000a007800bc710200b2
:10120400010000008c8f5600090034000c00d0004f
:101214000b004000900078000a00780092740200ed
:10122400010000000c06e8008c8f5600f7ff3c001c
:101234004f0778004f06be004f05be004f04be00a6
:1012440000000600889fbe008a9fbe008c9fbe00df
:101254008e1f7800800478000106780082057800eb
:101264000b00e0001e0034000004eb005dfb2b00cb
:101274008efb2b00670064000c003a008d007800a0
:1012840009007800bc7102000100000088007800a9
:1012940009007800de700200010000008e00780072
:1012a40009007800bc710200010000000800d000b1
:1012b4000c0040009000780009007800de70020005
:1012c40001000000b1fb2b0009007800bc71020092
:1012d400010000000804e800888f5500e5ff3c0089
:1012e4004f0778004f06be004f05be004f04be00f6
:1012f40000000600889fbe008a9fbe008c9fbe002f
:101304008e1f780000057800010478000207780039
:101314008306780001ccb3000a0078003c74020014
:1013240001000000c440dd000a0078003c740200a3
:10133400010000000d00e0003d0034000004eb005b
:101344000b0c2000bc0d20008804d0008e844400c7
:1013540099007800c808de008b8f50000b00320023
:101364008c8f500012003a00b1cdb3000a0078000f
:101374003c74020001000000d1cdb3000a007800e3
:101384003c740200010000000c003700b1cdb30032
:101394000a0078003c74020001000000c1cdb300d3
:1013a4000a0078003c7402000100000003003700ca
:1013b4000a0078003c740200010000009980fb00e0
:1013c4008b8f50000b0032008c8f500012003a00bb
:1013d400b1cdb3000a0078003c74020001000000a3
:1013e400d1cdb3000a0078003c7402000100000073
:1013f4000c003700b1cdb3000a0078003c74020041
:1014040001000000c1cdb3000a0078003c74020062
:1014140001000000030037000a0078003c74020059
:10142400010000000804e800888f5600c6ff3c0055
:1014340001ccb3000a0078003c74020001000000f3
:101444004f0778004f06be004f05be004f04be0094
:04145400000006008e
:020000040000fa
:020000040003f7
:10145800000000004c00000099000000e5000000ba
:10146800310100007d010000c901000016020000e2
:1014780062020000ae020000fa020000470300000a
:1014880093030000df0300002b0400007804000031
:10149800c4040000100500005c050000a805000059
:1014a800f4050000410600008d060000d906000082
:1014b8002507000071070000bd07000009080000ab
:1014c80056080000a2080000ee0800003a090000d3
:1014d80086090000d20900001e0a00006a0a0000fe
:1014e800b60a0000020b00004e0b00009a0b000029
:1014f800e60b0000320c00007d0c0000c90c000057
:10150800150d0000610d0000ad0d0000f90d000083
:10151800450e0000900e0000dc0e0000280f0000b1
:10152800730f0000bf0f00000b10000056100000e2
:10153800a2100000ee100000391100008511000013
:10154800d01100001c12000067120000b312000046
:10155800fe1200004a13000095130000e01300007b
:101568002c14000077140000c21400000d150000b0
:1015780059150000a4150000ef1500003a160000e8
:1015880085160000d01600001b1700006617000023
:10159800b1170000fc17000047180000921800005f
:1015a800dc1800002719000072190000bd1900009e
:1015b800071a0000521a00009d1a0000e71a0000de
:1015c800321b00007c1b0000c71b0000111c000020
:1015d8005b1c0000a61c0000f01c00003a1d000067
:1015e800851d0000cf1d0000191e0000631e0000ad
:1015f800ad1e0000f71e0000411f00008b1f0000f9
:10160800d51f00001f20000068200000b220000045
:10161800fc200000462100008f210000d921000095
:10162800222200006c220000b5220000fe220000e9
:101638004823000091230000da230000232400003f
:101648006d240000b6240000ff2400004825000097
:1016580091250000d9250000222600006b260000f5
:10166800b4260000fc260000452700008e27000055
:10167800d62700001e28000067280000af280000b9
:10168800f72800004029000088290000d029000020
:10169800182a0000602a0000a82a0000f02a00008a
:1016a800382b00007f2b0000c72b00000f2c0000f8
:1016b800562c00009e2c0000e52c00002c2d00006c
:1016c800742d0000bb2d0000022e0000492e0000e2
:1016d800902e0000d72e00001e2f0000652f00005e
:1016e800ac2f0000f32f00003930000080300000dc
:1016f800c73000000d310000533100009a3100005e
:10170800e0310000263200006c320000b2320000e6
:10171800f83200003e33000084330000ca33000072
:1017280010340000553400009b340000e034000001
:10173800263500006b350000b0350000f535000097
:101748003a36000080360000c43600000937000031
:101758004e37000093370000d83700001c380000cf
:1017680061380000a5380000e93800002e39000073
:1017780072390000b6390000fa3900003e3a00001c
:10178800823a0000c63a0000093b00004d3b0000c9
:10179800903b0000d43b0000173c00005a3c00007e
:1017a8009e3c0000e13c0000243d0000673d000035
:1017b800aa3d0000ec3d00002f3e0000723e0000f4
:1017c800b43e0000f73e0000393f00007b3f0000b8
:1017d800bd3f0000ff3f0000414000008340000083
:1017e800c540000007410000494100008a4100004f
:1017f800cc4100000d4200004e4200008f42000024
:10180800d0420000114300005243000093430000ff
:10181800d4430000144400005544000095440000df
:10182800d6440000164500005645000096450000c5
:10183800d6450000164600005646000095460000b2
:10184800d5460000144700005447000093470000a5
:10185800d247000011480000504800008f4800009f
:10186800ce4800000d4900004b4900008a4900009d
:10187800c8490000064a0000444a0000824a0000a5
:10188800c04a0000fe4a00003c4b00007a4b0000b2
:10189800b74b0000f54b0000324c00006f4c0000c5
:1018a800ac4c0000e94c0000264d0000634d0000e0
:1018b800a04d0000dc4d0000194e0000554e000000
:1018c800914e0000cd4e0000094f0000454f00002a
:1018d800814f0000bd4f0000f84f00003450000059
:1018e8006f500000ab500000e6500000215100008e
:1018f8005c51000096510000d15100000c520000cc
:101908004652000081520000bb520000f552000010
:101918002f53000069530000a3530000dc5300005c
:10192800165400004f54000089540000c2540000af
:10193800fb540000345500006d550000a55500000b
:10194800de550000165600004f560000875600006e
:10195800bf560000f75600002f57000067570000d9
:101968009f570000d65700000d580000455800004a
:101978007c580000b3580000ea58000021590000c4
:10198800575900008e590000c4590000fb59000047
:10199800315a0000675a00009d5a0000d35a0000cf
:1019a800085b00003e5b0000735b0000a85b000062
:1019b800de5b0000135c0000485c00007c5c0000fb
:1019c800b15c0000e55c00001a5d00004e5d00009f
:1019d800825d0000b65d0000ea5d00001e5e00004a
:1019e800515e0000855e0000b85e0000ec5e0000fd
:1019f8001f5f0000525f0000845f0000b75f0000b7
:101a0800ea5f00001c6000004e600000816000007a
:101a1800b3600000e4600000166100004861000047
:101a280079610000ab610000dc6100000d6200001c
:101a38003e6200006f6200009f620000d0620000fa
:101a480000630000316300006163000091630000df
:101a5800c1630000f0630000206400004f640000d0
:101a68007f640000ae640000dd6400000c650000c7
:101a78003a6500006965000097650000c6650000ca
:101a8800f465000022660000506600007e660000d3
:101a9800ab660000d96600000667000033670000e7
:101aa800606700008d670000ba670000e667000005
:101ab800136800003f6800006b680000976800002a
:101ac800c3680000ef6800001b6900004669000059
:101ad800716900009c690000c8690000f269000093
:101ae8001d6a0000486a0000726a00009c6a0000d3
:101af800c66a0000f06a00001a6b0000446b000020
:101b08006d6b0000976b0000c06b0000e96b000074
:101b1800126c00003b6c0000646c00008c6c0000d0
:101b2800b46c0000dd6c0000056d00002c6d000039
:101b3800546d00007c6d0000a36d0000ca6d0000ac
:101b4800f26d0000196e00003f6e0000666e000026
:101b58008c6e0000b36e0000d96e0000ff6e0000ae
:101b6800256f00004b6f0000706f0000966f00003b
:101b7800bb6f0000e06f0000057000002a700000d5
:101b88004f7000007370000097700000bc70000078
:101b9800e070000004710000277100004b71000024
:101ba8006e71000091710000b5710000d8710000dd
:101bb800fa7100001d7200003f720000627200009e
:101bc80084720000a6720000c8720000e97200006a
:101bd8000b7300002c7300004d7300006e7300003f
:101be8008f730000b0730000d0730000f173000021
:101bf8001174000031740000517400007174000009
:101c080090740000b0740000cf740000ee740000ff
:101c18000d7500002c7500004a75000069750000fc
:101c280087750000a5750000c3750000e175000008
:101c3800ff7500001c76000039760000577600001a
:101c48007476000090760000ad760000ca76000039
:101c5800e6760000027700001e7700003a77000061
:101c680055770000717700008c770000a777000097
:101c7800c2770000dd770000f877000012780000d6
:101c88002d78000047780000617800007b7800001c
:101c980094780000ae780000c7780000e078000073
:101ca800f9780000127900002b79000043790000d0
:101cb8005c790000747900008c790000a479000038
:101cc800bb790000d3790000ea790000017a0000ae
:101cd800187a00002f7a0000467a00005c7a00002b
:101ce800727a0000887a00009e7a0000b47a0000b8
:101cf800ca7a0000df7a0000f57a00000a7b00004b
:101d08001f7b0000337b0000487b00005c7b0000e9
:101d1800717b0000857b0000997b0000ac7b000094
:101d2800c07b0000d37b0000e77b0000fa7b00004b
:101d38000c7c00001f7c0000327c0000447c00000a
:101d4800567c0000687c00007a7c00008c7c0000d7
:101d58009d7c0000af7c0000c07c0000d17c0000ae
:101d6800e27c0000f27c0000037d0000137d00008f
:101d7800237d0000337d0000437d0000527d00007c
:101d8800627d0000717d0000807d00008f7d000075
:101d98009e7d0000ac7d0000bb7d0000c97d000079
:101da800d77d0000e57d0000f27d0000007e000088
:101db8000d7e00001a7e0000277e0000347e0000a1
:101dc800417e00004d7e0000597e0000667e0000c6
:101dd800727e00007d7e0000897e0000947e0000f7
:101de8009f7e0000ab7e0000b57e0000c07e000034
:101df800cb7e0000d57e0000df7e0000e97e00007b
:101e0800f37e0000fd7e0000067f00000f7f0000cb
:101e1800197f0000217f00002a7f0000337f000027
:101e28003b7f0000437f00004b7f0000537f000092
:101e38005b7f0000637f00006a7f0000717f000005
:101e4800787f00007f7f0000867f00008c7f000085
:101e5800927f0000987f00009e7f0000a47f000012
:101e6800aa7f0000af7f0000b47f0000b97f0000a8
:101e7800be7f0000c37f0000c87f0000cc7f000049
:101e8800d07f0000d47f0000d87f0000dc7f0000f6
:101e9800df7f0000e27f0000e57f0000e87f0000b0
:101ea800eb7f0000ee7f0000f07f0000f27f000073
:101eb800f47f0000f67f0000f87f0000f97f000043
:101ec800fb7f0000fc7f0000fd7f0000fe7f00001c
:101ed800fe7f0000ff7f0000ff7f0000ff7f000003
:020000040000fa
:020000040003f7
:101ee8008002780005027800011a7800020a78005a
:101ef800a3029800f81ab900840f510007003d00aa
:101f0800110009000301d80000017800b20298000e
:101f18000200e00003003c000d00370081012000b2
:101f2800b1029800350190008000eb006c834200fc
:101f38008003eb000082eb008101d0008681410024
:101f4800840978008100e800810f5100faff3c0005
:101f5800c2029800f1ff2700d10298000000060095
:101f68008002780005027800011a7800020a7800d9
:101f7800a3029800f81ab900840f510007003d0029
:101f8800110009000301d80000017800b20298008e
:101f98000200e00003003c000d0037008101200032
:101fa800b1029800350190008000eb006c8342007c
:101fb8008003eb000082eb008101d00086814100a4
:101fc800840978008100e800810f5100faff3c0085
:101fd800c2029800f1ff2700d10298000000060015
:101fe8008002780005027800011a7800020a780059
:101ff800a3029800f81ab900840f510007003d00a9
:10200800110009000301d80000017800b20298000d
:102018000200e00003003c000d00370081012000b1
:10202800b1029800350190008000eb006c834200fb
:102038008003eb000082eb008101d0008681410023
:10204800840978008100e800810f5100faff3c0004
:10205800c2029800f1ff2700d10298000000060094
:102068008000eb00022120000001410001097800f6
:1020780022212000000141000109780042212000ae
:10208800000141000109780062212000000141009f
:10209800010978008021b0000108780000000600de
:1020a8008000eb00021220000001410001097800c5
:1020b800221220000001410001097800421220008c
:1020c80000014100010978006012b00001087800a1
:1020d800000006008000eb00021220000001410011
:1020e800010978002212200000014100010978004e
:1020f8004212200000014100010978006012b0007e
:102108000108780000000600640140000089eb0027
:102118000001eb00e601400082097800f20140006e
:10212800130278000410a100e8024000820a780037
:102138008082e800820a7800c2ff2f0082096200cc
:10214800310290000400e000210034006101900099
:10215800e10f41000a0032000001eb006c834000ef
:102168008003eb00170037008201d0008681410010
:102178008082eb00938f120012003a0001003700b2
:102188000001eb00a10190000382410082a2b90086
:10219800110242000408780023009800cf91de0065
:1021a80066014100e0814900020141008381490044
:1021b8000281400004097800688140001209e900a2
:1021c800030037000201e800820f5200e6ff3c00de
:1021d8002108980041019000d1019000830f51001f
:1021e80001003d00d2009800000006006401400094
:1021f8000089eb000001eb00e6014000820978004d
:10220800e8014000820978008081e80082097800ae
:10221800310290000400e0002100340061019000c8
:10222800e10f41000a0032000001eb006c8340001e
:102238008003eb00170037008201d000868141003f
:102248008082eb00938f120012003a0001003700e1
:102258000001eb00a10190000382410082a2b900b5
:10226800110242000408780023009800cf91de0094
:1022780066014100e0814900020141008381490073
:102288000281400004097800688140001209e900d1
:10229800030037000201e800820f5200e6ff3c000d
:1022a8005100980041019000d1019000830f510026
:1022b80001003d00d20098000000060064014000c3
:1022c8000089eb000001eb00e6014000820978007c
:1022d800e8014000820978008081e80082097800de
:1022e800310290000400e0002000340061019000f9
:1022f800e10f41000a0032000001eb006c8340004e
:102308008003eb00160037008201d000868141006f
:102318008082eb00938f120011003a000100370011
:102328000001eb00210290008493b9009101430061
:1023380003087800240098006112b9006602420080
:10234800e0824a000402420085824a00048140007b
:1023580003097800688140001209e900030037008a
:102368000201e800820f5200e7ff3c00510098008c
:1023780041019000d1019000830f510001003d0000
:10238800d200980000000600881f7800b001900075
:102398000300e000130034000001eb006c03400070
:1023a8008003eb000084eb00680040006112b90074
:1023b8000402420085824a000402430085824b00e1
:1023c800948f100004003a000100e000020032007f
:1023d800080a78001008e8000201e800830f51009d
:1023e800f2ff35004f04780000000600881f7800cf
:1023f800b00190000300e000130034000001eb007e
:102408006c0340008003eb000084eb006800400090
:102418006112b9000402420085824a0004024300a6
:1024280085824b00948f100004003a000100e00000
:1024380002003200080a78001008e8000201e800eb
:10244800830f5100f2ff35004f04780000000600aa
:10245800881f7800b00190000300e00013003400ea
:102468000001eb006c0340008003eb000084eb00ec
:10247800680040006112b9000402420085824a00e7
:102488000402430085824b00948f100004003a0038
:102498000100e00002003200080a78001008e80095
:1024a8000201e800830f5100f2ff35004f04780065
:1024b800000006000000fa00a0089200f78f500004
:1024c8001a003c008100e80021089a0030099200b7
:1024d800828f50000100340031089a000421200046
:1024e80000024200940078006109b9007611b80032
:1024f80002014000fc8157000a00090033197800e6
:102508006201b1008100e800010a7800f88f5000ec
:1025180003003a0001212000808040008008eb0081
:102528008021b000dfb09700108840000080fa00da
:1025380000000600ee8747008e1f78006e87570060
:10254800011f7800020f7800b3bf9f00c4bf9f002f
:10255800d5bf9f00e6bf9f00a0109100f78f5000e5
:1025680022003c008100e800211099003011910000
:10257800828f5000010034003110990004122000ad
:1025880000024200940278006129b9006c11b80079
:10259800020140006e8757003e037800be037800b2
:1025a8000689be00820078004100b000be1878009d
:1025b800be1078001e0178009e019000a2009800cd
:1025c800b30098008500e800010a7800f88f5000f1
:1025d80003003a0001122000808040008008eb00d0
:1025e8008012b000cfb89700108840004f077800dd
:1025f800ef00b10000000600ee8747008e1f78004c
:102608006e875700011f7800020f7800b3bf9f0044
:10261800c4bf9f00d5bf9f00e6bf9f00a0109100d8
:10262800f78f500022003c008100e800211099003b
:1026380030119100828f5000010034003110990050
:102648000412200000024200940278006129b900b7
:102658006c11b800020140006e8757003e037800f5
:10266800be0378000689be00820078004100b000f1
:10267800be187800be1078001e0178009e019000f8
:10268800a2009800b30098008500e800010a7800cd
:10269800f88f500003003a000112200080804000ab
:1026a8008008eb008012b000cfb897001088400077
:1026b8004f077800ef00b10000000600889fbe00b9
:1026c800640140000089eb00a212200001014100d2
:1026d8001200a000211291000400e0002100340043
:1026e8002512200081824200150378006131b9006b
:1026f8006c11b8000281400032047800b2047800fe
:102708000888be00800178004300b000b219780044
:10271800b21178001204780092049000a801980081
:10272800b90198000601e800820a7800f80f510004
:1027380003003a0022122000010141000009eb00c9
:1027480042122000010141000409e900a212200000
:10275800010141001200a1008112b0003001900077
:10276800910811004f04be0000000600881f780081
:10277800640140000089eb00a22120000101410012
:102788001200a000210a92000400e0001a003400a0
:102798002521200081824200150378006131b900ab
:1027a8007611b800028140000a000900321878004a
:1027b8006001b1006201b1000601e800820a7800f8
:1027c800f80f510003003a002221200001014100c6
:1027d8000009eb0042212000010141000409e90041
:1027e800a2212000010141001200a1008121b000b6
:1027f80030019000910811004f0478000000060095
:10280800889fbe00640140000089eb00a2122000ee
:10281800010141001200a000211291000400e00013
:10282800210034002512200081824200150378001f
:102838006131b9006c11b80002814000320478009f
:10284800b20478000888be00800178004300b00018
:10285800b2197800b211780012047800920490003e
:10286800a8019800b90198000601e800820a7800da
:10287800f80f510003003a00221220000101410024
:102888000009eb0042122000010141000409e9009f
:10289800a2122000010141001200a1008112b00023
:1028a80030019000910811004f04be00000006009e
:1028b8006203200000014100920278000580a10017
:1028c800f10320004110980043062000531098009f
:1028d800a100200071109800e1c4b300414898009d
:1028e80091c3b3005148980061c3b3006148980090
:1028f80001c3b300714898000150980011c4b30097
:102908001150980041c0b300215098008000eb009e
:102918007e024000010a7800a423200004109800d9
:10292800f4ef24000482620004e0a00004097800a7
:102938008203200000014100120278000400a10077
:102948002503200015109800451f20002518980021
:102958001318980003032000808141008109780042
:102968004002b0000108780060ff2f0000096200f3
:1029780000000600f00890000128a30004003200bf
:10298800620320000001410012a0a00003003700ec
:10299800620320000001410012a0a1000138a30039
:1029a80004003200620320000001410012b0a000c0
:1029b80003003700620320000001410012b0a100ab
:1029c8000188a300040032008203200000014100b6
:1029d8001210a0000300370082032000000141000c
:1029e8001210a100820320000001410033ff2f00d4
:1029f8001289610001017800320fb200cf91de0028
:102a0800210f2000810f5100e08f59000c023e0079
:102a1800020601003201370022013700ff003700ab
:102a2800ef003700060237000502370004023700be
:102a380003023700020237000102370000023700a4
:102a4800ff013700fe013700fd013700fc013700a8
:102a5800fb013700fa0137005a013700f801370047
:102a6800f7013700f6013700f5013700f4013700a8
:102a7800f3013700f2013700f1013700f0013700a8
:102a8800ef013700ee013700ed013700ec013700a8
:102a9800eb013700ea013700e90137007d01370013
:102aa8007c013700e6013700e5013700e401370013
:102ab800e3013700e2013700e1013700e0013700a8
:102ac800df013700de013700dd013700dc013700a8
:102ad800db0137005f01370049013700d8013700b3
:102ae800d7013700d6013700d5013700d4013700a8
:102af800d3013700d2013700d1013700d0013700a8
:102b0800cf013700ce013700cd013700cc013700a7
:102b1800cb0137000701370018013700c80137001b
:102b2800c7013700c6013700c5013700c4013700a7
:102b3800c3013700c2013700c1013700c0013700a7
:102b4800bf013700be013700bd013700bc013700a7
:102b5800bb013700ba013700b9013700b8013700a7
:102b6800b7013700b6013700b5013700b4013700a7
:102b7800b3013700b2013700b1013700b0013700a7
:102b8800af013700ae013700ad013700ac013700a7
:102b9800ab013700aa013700a9013700a8013700a7
:102ba800a7013700a6013700a5013700a4013700a7
:102bb800a3013700a2013700a1013700a0013700a7
:102bc8009f0137009e0137009d0137009c013700a7
:102bd8009b0137009a0137009901370098013700a7
:102be80097013700960137009501370094013700a7
:102bf80093013700920137009101370090013700a7
:102c08008f0137008e0137008d0137008c013700a6
:102c18008b0137005301370062013700410137004b
:102c28002c01370086013700850137008401370001
:102c380083013700820137008101370080013700a6
:102c48007f0137007e0137007d0137007c013700a6
:102c58007b013700ff003700320137001d013700c4
:102c68005f003700760137007501370074013700bf
:102c780073013700720137007101370070013700a6
:102c88006f0137006e0137006d0137006c013700a6
:102c98006b01370033013700690137004101370004
:102ca800c800370066013700650137006401370046
:102cb80063013700620137006101370060013700a6
:102cc8005f0137005e0137005d0137005c013700a6
:102cd8005b0137006500370059013700580137009c
:102ce80057013700560137005501370054013700a6
:102cf80053013700520137005101370050013700a6
:102d08004f0137004e0137004d0137004c013700a5
:102d18004b0137004a0137004901370048013700a5
:102d280047013700460137004501370044013700a5
:102d380043013700420137004101370040013700a5
:102d48003f0137003e0137003d0137003c013700a5
:102d58003b0137003a0137003901370038013700a5
:102d680037013700360137003501370034013700a5
:102d780033013700320137003101370030013700a5
:102d88002f0137002e0137002d0137002c013700a5
:102d98002b0137002a0137002901370028013700a5
:102da80027013700260137002501370024013700a5
:102db80023013700220137002101370020013700a5
:102dc8001f0137001e0137001d0137001c013700a5
:102dd8001b0137001a0137000601370019013700b7
:102de8002100200041089800024b2000220898008a
:102df8006208980012002000520898002203200060
:102e080012109800421f2000221898004206200045
:102e180012189800617098000a013700110020000c
:102e280041089800024b2000220898006208980088
:102e3800510898002203200012109800421f200019
:102e48002218980042062000121898006170980015
:102e580000119000a1232000810f5100f9003a00d1
:102e68000002b0000008eb00f60037002100200047
:102e78004108980002582200220898006208980029
:102e88007a0140000009eb0022032000121098008c
:102e980043062000231898001218980061709800c3
:102ea800e80037002100200041089800025822005d
:102eb80022089800620898007a0140000009eb0097
:102ec8002203200012109800421f200022189800a8
:102ed800420620001218980061709800d900370047
:102ee800110020004108980002582200220898008a
:102ef800620898007a0140000009eb0022032000d4
:102f080012109800421f2000221898004206200044
:102f1800121898006170980000119000a1232000f9
:102f2800810f5100c7003a000002b0000008eb0012
:102f3800c40037002100200041089800022c21001d
:102f4800220898000258220062089800f200200027
:102f5800520898002203200012109800430620000f
:102f680023189800121898008203200000014100dd
:102f78001220a00061709800b200370021002000e4
:102f880041089800025822002208980002b0240044
:102f980062089800020120005208980022032000cd
:102fa8001210980043062000231898001218980061
:102fb80082032000000141001220a00061709800e7
:102fc800a00037002100200041089800022c2100b1
:102fd80022089800620898003200200052089800e1
:102fe8002203200012109800421f20002218980087
:102ff800420620001218980061709800910037006e
:103008001100200041089800c212200022089800f0
:10301800620898004200200052089800220320000d
:1030280012109800421f200022189800a20f2000ba
:10303800121898006170980000119000a1232000d8
:10304800810f51007f003a000002b0000008eb0039
:103058007c0037002100200041089800c1122000a0
:103068002108980061089800410020005108980044
:103078002103200011109800411f200021189800fa
:10308800a10f20001118980011c0b30061709800ba
:103098006c0037002100200041089800c112200070
:1030a8002108980061089800310120005108980013
:1030b8002103200011109800411f200021189800ba
:1030c800a10f20001118980011c0b300617098007a
:1030d8005c0037002100200041089800c112200040
:1030e800210898008125200061089800910020009f
:1030f800510898002103200011109800411f20005a
:1031080021189800a10f20001118980081032000b1
:10311800808040001130a00011c0b3006170980099
:10312800480037002100200041089800c112200003
:103138002108980061089800810020005108980033
:103148002103200011109800411f20002118980029
:10315800a10f20001118980011c0b30061709800e9
:10316800380037002100200041089800014b20005a
:103178002108980061089800c100200051089800b3
:103188002103200011109800411f200021189800e9
:10319800410620001118980011c0b3006170980012
:1031a800280037002100200041089800014b20002a
:1031b800210898000196200061089800d10020009d
:1031c800510898002103200011109800411f200089
:1031d800211898004106200011189800810320004a
:1031e800808040001130a00011c0b30061709800c9
:1031f8001400370021002000410898008270200048
:103208002208980002e1200062089800e2002000ed
:10321800520898002203200012109800421f200034
:1032280022189800420620001218980082032000f5
:10323800000141001230a0006170980001003700c1
:083248000000fe00000006007a
:020000040000fa
:020000040003f7
:103250006ca9000075a9000080a9000083a90000e6
:1032600073a900004ba9000019a90000eca80000f8
:10327000d2a80000d2a80000eca800001ba9000002
:1032800058a9000097a90000caa90000eea90000f3
:1032900001aa000001aa000063aa0000eca9000036
:1032a0002fa900003ea8000036a7000040a600009d
:1032b0007da5000012a500001da50000ada5000021
:1032c000bda6000039a80000fda90000d8ab000091
:1032d00090ad0000f0ae0000c7af0000e7af000007
:1032e000b2ae000048ad000013ab000024a80000ff
:1032f000a0a40000cfa000001a9d0000ff990000cc
:1033000003980000a997000062990000909d0000ba
:1033100077a400003aae0000d4ba00001fca000033
:10332000cfdb00006cef0000a9af0000bfad0000d4
:10333000c2aa0000dea6000064a20000c49d000036
:103340007e990000259600004f94000084940000b0
:1033500033970000ad9c00001ca500007bb000006e
:1033600099be000021cf000095e1000053f5000058
:10337000dc030000951900002f2f0000c44300005b
:103380006f5600005f660000ec720000957b000045
:10339000ff7f0000ff7f0000947b0000ee720000c2
:1033a0006c660000935600000b4400009d2f000047
:1033b000221a000070040000d30400000c1a000060
:1033c000de2e00007f4200003254000053630000f4
:1033d000506f0000ba7700004a7c0000da7c0000e1
:1033e000657900000c72000010670000d5580000dd
:1033f000d14700009f340000e71f0000570a00007b
:1034000021090000681d0000c23000006542000074
:103410009c510000e35d0000ed660000a86c000018
:10342000316f0000d66e00000a6c00006367000078
:103430008b610000365b000015550000ce4f000088
:10344000ef4b0000dc490000180a0000df1d0000ff
:10345000713000001f410000604f0000d75a00008b
:1034600051630000cd6800007c6b0000b16b000070
:10347000dc6900008066000030620000785d0000ba
:10348000da580000d0540000b5510000c24f0000cf
:10349000d7ee000043db0000b1c900008cba000089
:1034a00016ae00006aa400008e9d00006399000023
:1034b000a997000003980000ff9900001c9d0000e0
:1034c000dca00000c5a400006ba8000081ab0000d8
:1034d000d4ad000046af0000cfef0000b9db000024
:1034e00060c9000047b90000d9ab00005fa100002f
:1034f000f299000088950000f4930000df9400002a
:10350000d09700003a9c000081a1000006a70000af
:1035100031ac000083b000009ab300002db500006c
:103520001df4000016df000044cb00002db90000a0
:1035300043a90000ee9b00008f910000768a0000f6
:10354000da860000da860000758a0000919100009a
:10355000fb9b000068a9000074b90000b2cb00001a
:10356000a2df0000b2f4000014f500008cdf0000c0
:10357000f3ca0000e7b7000007a70000e3980000c7
:10358000f38d00009b86000026830000b6830000b8
:1035900046880000ae900000a09c0000a9ab00008f
:1035a0003abd0000b4d0000068e5000098fa0000c1
:1035b00047490000634b0000604f0000cd540000fd
:1035c000125b00007e610000616700000b6c000070
:1035d000d66e0000316f0000a76c0000ef6600009f
:1035e000f05d0000c1510000ac420000303100002d
:1035f000f51d0000b60900003e4a0000da4b00004d
:103600000f4f000088530000d5580000735e000083
:10361000c563000031680000216b00000c6c0000e5
:10362000786a00000d660000945e000002540000fd
:103630007246000032360000ba2300009c0f0000e2
:103640008c4e0000364f0000f35000006e53000017
:103650004056000002590000625b00001e5d000041
:10366000085e0000085e00001d5d0000645b000055
:103670000f59000064560000b5530000615100006e
:10368000c24f0000214f0000844f0000ad4f0000ea
:10369000a25000002852000003540000f65500001c
:1036a000c657000044590000535a0000e35a000076
:1036b000ef5a0000815a0000b3590000a5580000dd
:1036c0007b57000063560000885500000855000035
:1036d00053af00003baf000082ae000049ad0000d8
:1036e000b4ab0000f0a9000037a80000bea600009f
:1036f000ada500001da5000011a500007fa50000dc
:103700004da600005ba7000085a800009da9000051
:1037100078aa0000f8aa00004ab00000b1af00008b
:1037200031ae000003ac000077a90000e4a6000061
:103730009ba40000e3a20000f8a10000f8a1000093
:10374000e3a200009ca40000f1a600009ca90000d8
:103750004bac00009fae00003eb00000dfb00000a8
:1037600098b400000db3000015b00000e9ab0000f4
:10377000e1a6000074a10000389c0000d197000071
:10378000df940000f493000088950000f399000096
:103790006ca10000feab00008eb90000cec9000095
:1037a00046dc000064f000008fb5000084b3000028
:1037b000c4af0000a4aa0000a5a40000689e0000f9
:1037c0009c980000f69300002a910000cf90000022
:1037d000599300001199000010a200003fae0000b4
:1037e00054bd0000d0ce00000be200004af60000fd
:1037f000c20900005b1f0000313400008a4700004e
:10380000b0580000046700000a72000066790000ea
:10381000da7c00004a7c0000ba770000526f00009a
:103820006063000057540000c64200004c2f0000a7
:10383000981a000068050000b90a0000d21f0000b5
:10384000e03300004446000073560000f8630000b7
:103850006e6e00008c75000026790000267900004d
:103860008b7500006f6e0000056400009856000024
:103870008c4600004e3400005e2000004e0b00001d
:10388000080f00002e230000c43500002a46000067
:10389000de530000875e00000b660000796a0000be
:1038a0000c6c0000216b000030680000c663000053
:1038b0007f5e0000fa580000cf5300007d4f0000eb
:1038c000664c0000d34a0000ff0f0000a523000053
:1038d00073350000e5440000a15100007c5b00004e
:1038e0006f6200009f66000057680000fd670000df
:1038f00001660000e4620000245f00003b5b000002
:10390000955700007f5400002c520000ba50000070
:10391000bef4000008e10000b3ce000052be00007b
:1039200057b000000fa50000ac9c000034970000c9
:10393000849400004f9400002496000080990000b9
:10394000d09d000088a2000026a7000030ab000038
:103950004bae00003eb00000b5f500007fe1000076
:1039600062ce00000dbd00001aae000003a20000f0
:103970000f9900005a930000cf9000002a91000098
:10398000f69300009d980000759e0000caa40000f8
:10399000ebaa000032b0000011b4000024b6000011
:1039a00003fa0000dbe4000046d00000f2bc000097
:1039b00084ab0000939c0000ad900000478800009d
:1039c000b6830000268300009b860000f48d000073
:1039d000f09800002ba700002fb8000061cb00007a
:1039e00019e00000a9f50000fbfa000052e5000014
:1039f000f5cf0000adbb000048a90000879900008a
:103a0000108d00006d840000018000000180000026
:103a10006c840000128d0000949900006da90000d4
:103a2000f5bb000063d00000dee5000090fb000065
:103a30002e4f0000295100006254000093580000ee
:103a4000535d0000236200007f660000dc69000017
:103a5000b16b00007c6b0000cd6800005363000078
:103a6000e45a0000854f000067410000df3000008d
:103a70006b1e0000ad0a0000255000009f510000a1
:103a8000115400004d570000165b0000175f000046
:103a9000e262000002660000fd6700005768000057
:103aa0009e66000070620000895b0000c651000045
:103ab0002c450000e1350000312400009410000086
:103ac00073540000fc540000f5550000335700000b
:103ad00081580000a7590000805a0000ef5a0000ea
:103ae000e35a0000535a000043590000c757000032
:103af00003560000285400007052000010510000ce
:103b000039500000195000006a550000725500003d
:103b1000a4550000ee550000445600009b560000de
:103b2000e3560000155700002e5700002e570000e6
:103b300014570000e5560000a85600006956000022
:103b40003656000012560000ff550000ff550000d9
:020000040000fa
:020000040003f7
:103b5000ee874700889fbe008a9fbe008c9fbe00f4
:103b60008e1f7800d142200081004000c2c0b30007
:103b7000914f110002003a00660540000100370035
:103b800064054000e1422000810040001150a00087
:103b90008000eb008a0378006151b800e942200000
:103ba00089044000070478000206be0082824000bb
:103bb0009582fb000508a300010032001950a10006
:103bc0008100e800ed8f5000f6ff3a000c02be00c5
:103bd0006d0645009c80fb000108a30003003a002d
:103be000e1422000810040001150a100e60645009e
:103bf0001d81fb000106200001016100810f5100c1
:103c000003003200e1422000810040001150a10079
:103c10001c81fb000106200001016100810f5100a1
:103c200003003200e1422000810040001150a10059
:103c30001d4378009c406b000178a30003003a000c
:103c4000e1422000810040001150a100e24220002a
:103c5000020140000102200092806000b7003200a3
:103c6000ea489000324220000201400001497800f9
:103c70000181fb007342200083014000700361005a
:103c800044b3de00864978000208a3000400320035
:103c9000524220000201400063c960000c0037005e
:103ca00052422000020140000049eb00a2422000e5
:103cb000020140008180fb008101d10067c96100e1
:103cc0009242200002014000c508de000149780050
:103cd000514220008100400091407800e1cf500027
:103ce0000c003a0091422000810040003242200046
:103cf000020140001281fb004511de00824878007d
:103d00004142200081004000c2cfb30082487800c9
:103d1000290037004242200002014000c3cfb30017
:103d200003497800e3cf500023003a0031422000dd
:103d300081004000914078000144a10042422000ef
:103d4000020140000149780032c4b30082cf500024
:103d50001900320008003e00efcf5000160032007c
:103d6000f2c2b30082cf500013003200e3cf500004
:103d70000e003a001000370072c8b30082cf500026
:103d80000d00320004003e0032c6b30082cf500066
:103d900006003a0008003700f2cab30082cf500094
:103da00005003200fdcf400003003200e142200058
:103db000810040001150a1005142200081004000cc
:103dc0001104e00005003200414220008100400063
:103dd00037c0b30091cf130008003a0061422000c1
:103de000810040007a4d90008a487800e14220002e
:103df000810040001160a0000600370061422000f1
:103e0000810040008048eb00e1422000810040003a
:103e10001160a100e1422000810040001170a1006a
:103e20008000eb00b341200083014000611bb8001b
:103e3000f6b79f0087bf9f00670444006143b80046
:103e4000d6b79f00e7b79f00534120000301400011
:103e50006113b800b6b79f00c7b79f0009ceb30083
:103e6000f8c3b300ea4220000a0540008d0578003f
:103e70000401be000c0278000206be006109b90010
:103e8000820246009582fb008502d100ffb39700b5
:103e900002834300054b78005fb797000e03410093
:103ea0001683fb000603d100864378003fb79700d6
:103eb0000e0141000649780085c2440088cf5200b7
:103ec000010036001a70a00089c3430088cf530058
:103ed000010036001a70a0008100e800e68f500053
:103ee000e6ff3a00040678008b06780011422000b5
:103ef000810040001d81fb000201d100ef486100fc
:103f000021422000810040001c81fb000201d10001
:103f1000ef4861001d04e00005003d0081422000e3
:103f20000100400011c0b3000148780003003700d1
:103f300081422000010040000048eb004f0778005c
:103f40004f06be004f05be004f04be00ef00b1009b
:103f500000000600889fbe00010378000001eb000e
:103f600018002000670040008000eb008003eb0099
:103f7000820478006112b900800142009381fb0045
:103f80008301d1000602420094cf110001003200eb
:103f9000090478000201e800e60f5100f5ff3a003d
:103fa000080078004f04be0000000600889fbe0095
:103fb0008a9fbe00010478000001eb001a00200077
:103fc0006e0040008000eb008004eb00820578006a
:103fd0006112b9000403420085834a008001430056
:103fe0009301d1000802420094cf11000100320079
:103ff0000b0578000201e800e60f5100f4ff3a00db
:104000000a0078004f05be004f04be000000060005
:10401000ec874700889fbe008a1f78008e1f7800bb
:104020000105780072875700f2fd850003fe8500c8
:10403000029fbe0012fe850023fe8500029fbe0087
:1040400061fc2b00114f7800180020000001eb00ec
:10405000f2815700611bb800750040008000eb0042
:10406000820478006112b900860142000002420019
:104070009341780094cf5100010032000904780088
:104080000201e800e90f5100f6ff3a00e10f540089
:1040900002003a004a0fb0001a20a0004f07780033
:1040a0004f0578004f04be00cf00b10000000600ad
:1040b000889fbe008a1f78000004be0002057800b9
:1040c000e142200081004400000220001100600055
:1040d00021003200404220000000440031c0b30003
:1040e00090cf10001c003a00514120008100440094
:1040f0006c8044006200200070d1020001000000ca
:104100000000e00014003a006003200009004000b5
:1041100010c0a0004a0fb0001a30a0000000eb0051
:104120006c8344008003eb005441200004024400ef
:104130008002eb006101b9008600410004014100ea
:10414000924878000000e800e60f5000f9ff3a00be
:10415000f2844400804ceb004f0578004f04be0011
:104160000000060082017800d242200002014000d7
:104170001282fb008002eb0061025200e0825a00d2
:10418000ed0f5200e08f5a0096003e000406010039
:104190000d00370012003700170037001d003700f0
:1041a000900037007a0037002400370048003700bd
:1041b000590037002d0037005400370089003700c0
:1041c0004600370026003700e102b00011027800f7
:1041d000404190000281fb00820878008600370091
:1041e0008102b00011027800404190000281fb0082
:1041f0008208780080003700a102b0001102780028
:1042000040409000a2c0b3000440bc008208780087
:1042100079003700011a900040409000a2c0b3001e
:104220000440bc00609f2000800f51000100360058
:1042300000017800821898006f003700404090001d
:104240000080fb00f0089800200f200003004000d1
:104250001070a000430fb0001340a0006a003700a8
:10426000230fb00013a0a00067003700404190006a
:10427000c240980050429000d4409800e042900024
:10428000e540980070419000f2409800004a90008c
:1042900084489800904a90009548980020499000e2
:1042a000a2489800304a9000b4489800100090004e
:1042b000e80f500054003a0050a52a00e0a19800f1
:1042c000430fb00093027800f88972004e00370067
:1042d000230fb00013d0a0004b00370040419000e6
:1042e00070c3b300804f510047003a006103b00033
:1042f00011d0a000200f2000030040001090a0006b
:10430000430fb0001340a0003f003700230fb00060
:1043100013e0a0003c003700100190000200e00014
:10432000390034004041900074cab300844f5100fa
:1043300005003200f04f41000e0032000204e000a0
:10434000040032002a003700630fb0001300a00001
:104350002d00370063289000f32890004309b00037
:104360000082eb008082eb008419400085914800b8
:10437000250037000102b000110278005040900083
:10438000c2c3b3000440bc00820878001a003700a2
:10439000404190006f016100a2109800ef0f5100a2
:1043a0000d003200404090000048a300040032009d
:1043b000200f2000030040001070a0000300370011
:1043c000200f2000030040001090a000430fb00019
:1043d0001340a0000c0037004102b0008008eb0041
:1043e000090037000001eb000202780002003700ec
:1043f0000001eb0002027800820f5200020032003e
:10440000430fb0001330a000000006004027ef006b
:10441000230f200080814100930278000500a10055
:104420006033b800662098007720980046209800f6
:1044300057209800062898001728980026289800ea
:104440003728980046289800572898006628980032
:10445000772898000680980017809800268098009a
:1044600037809800468098005780980066389800fa
:10447000773898004638980057389800469098004a
:10448000579098006690980077909800069898004a
:10449000179898002698980037989800420f2000a7
:1044a00000014100120278000420a100269098002b
:1044b000379098008000eb00060d200000034300b9
:1044c000010b7800260d200000034300010b78004b
:1044d000260e200000034300010b7800460e20004a
:1044e00000034300010b7800e60c200000034300aa
:1044f000010b7800f13f200031b098006033b80024
:10450000669898007798980006a0980017a09800e1
:10451000a1472e0081896200a100260001096200e6
:1045200046a0980057a09800600fb00091ff2f00a0
:1045300010886000000006000a00fa00889fbe0094
:104540008a9fbe008c9fbe00800478000106780020
:1045500002057800830678008006200009004000ec
:104560001200200003002000100841005090490074
:104570000900780052db020001000000200f20003b
:104580000900400010f0a000f9a0900040062000b3
:10459000808f500003003600200f200009004000eb
:1045a00010f0a10069289000f9289000098290007d
:1045b00099829000040250008582580002e82e0083
:1045c00063032000820f5200838f5a0003003600dd
:1045d000220f20000901410012f0a1002982900061
:1045e000b9829000040250008582580002f824002d
:1045f00023012000820f5200838f5a0003003600ef
:10460000220f20000901410012f0a1004982900010
:10461000d9829000040250008582580002e82e00e2
:1046200063032000820f5200838f5a00030036007c
:10463000220f20000901410012f0a10002402a00cf
:1046400093ad2700820f5000838f58000b00360077
:10465000140eab0009003a002d0892000000e000a3
:1046600006003a0019b890000008a30003003a00c1
:10467000200f20000900400010f0a10029b8900090
:104680000008a3000a00320069299000f92990006f
:1046900029889000b9889000800f5100818f5900bf
:1046a00003003900200f20000900400010f0a10095
:1046b00029b890000000e0000a003d006929900040
:1046c000f929900049889000d9889000800f510006
:1046d000818f590003003900200f2000090040009d
:1046e00010f0a10019b890000000e00001003d00aa
:1046f0000060fe008001eb00d3b79f0083027800ca
:1047000005027800e8814400020120001100200029
:1047100076805700525c0200010000000820200053
:10472000f6054500060037000a0078001e770200f3
:10473000010000000000e0000100350020118800a9
:10474000141180000400640002003a001b00e00025
:10475000f5ff3c004a1090000058a300060032000c
:10476000800220000a0040001050a100200e20000e
:10477000090040001008e80069299000f92990001c
:1047800049a09000d9a09000820f5000838f58005c
:1047900003003e00200f2000090040001040a1004f
:1047a000f40f2000050020004903900085007800e8
:1047b000040063004c1290008002eb00840f500054
:1047c000858f580004003600200f200009004000ab
:1047d0001050a00003003700200f20000900400007
:1047e0001050a10019b89000e6006000e28f500060
:1047f000070032000038a30005003a00c9a8900065
:10480000e38f500010003400128eab000e00320017
:104810001c1a9000c107200089804000020342005a
:10482000e08349008688be000008a30002003a0029
:10483000a2849800b3849800200f20000900400053
:104840001000a00013003700693a9000f93a900078
:10485000840f5100858f59000e0039000008a30015
:1048600009003200c00a2000090040003002410067
:10487000a08249000401be0029829000b982900004
:104880000418510005905900200f20000900400035
:104890001000a10029b8900000c8a3002400320035
:1048a000410f2000898040001100780000c0a10065
:1048b0008008780000e8a30004003200400f2000c8
:1048c0000900400010e0a100190037000028a300f3
:1048d0001700320046fe850057fe8500e6b79f00b0
:1048e000f7b79f0067fe850087bf9f00620020002a
:1048f000f48057000900780070d102000100000028
:104900000000e0000a003200e9409000ef80600003
:10491000803e20008088b90080bc98000000e00044
:1049200003003200400f20000900400010d0a0001a
:1049300019b8900000a8a3003c003200200f20000e
:104940000900400010a0a10064044600080078009f
:1049500022b40200010000009840780074805700e3
:10496000367402000100000000047800dc40900072
:1049700074815700080041003674020001000000f5
:1049800008044000ec409000f4815700088041008a
:10499000367402000100000000044400fc40900056
:1049a00074825700080042003674020001000000c3
:1049b000000444008c489000f482570008804200b4
:1049c0003674020001000000000444009c4890007e
:1049d0007483570008004300367402000100000091
:1049e00000044400ac489000f48357000880430062
:1049f000367402000100000000044400bc4890002e
:104a00007481570008004100367402000100000064
:104a100000024400f48157000041eb00e1c0b30004
:104a20000a0078003e8702000100000019b89000db
:104a300000c8a30020003a000c119000803e200026
:104a40000091b90069809000f98090000201400057
:104a50008381480069989000f9989000800f510078
:104a6000818f590014003100692a9000f92a9000c2
:104a700000712200010020000402400085824800ed
:104a8000f2ff230003002000490390008300780018
:104a9000020063000400400085804800808c98007c
:104aa000918c9800e0849800f1849800200f2000f9
:104ab0000900400010c0a000098990009989900069
:104ac00069289000f9289000800f5100818f5900cb
:104ad0001e003e0019b8900000c8a3001b00320061
:104ae000200f2000090040009000780001c0a100c4
:104af00001b0a000010878000c1090000000e00058
:104b000003003a00200f20000900400010b0a1006f
:104b10003c18900000c8a30003003a00200f2000ba
:104b20000900400010b0a10019b8900000b8a3001f
:104b300006003200600f2000090040001020a00095
:104b4000400f2000090040001040a000692890009c
:104b5000f928900069899000f9899000820f50002f
:104b6000838f580001003900158ea90029b99000e3
:104b70000218a3000200320015aea8000b00370097
:104b80004a1190000248a3000200320015aea800ae
:104b9000060037000991900099919000820f500013
:104ba000838f58000100390015aea9002d0892002e
:104bb0000000e00003003c007a0090000000e000ec
:104bc0000200340014eea8000100370014eea90022
:104bd00019b890000008a30003003a0039b890000b
:104be0000018a3000200320015cea8000100370013
:104bf00015cea90019a8900089a89000810f500037
:104c00000100320080ac980079b4900049a890006f
:104c1000aeb0020001000000800f54000500320019
:104c2000200f2000090040001080a000490fb000b4
:104c30001940a0004f06be004f05be004f04be0045
:104c40000080fa0000000600e6874700889fbe004b
:104c50008a9fbe008c9fbe008e1f78009601800048
:104c60000002be0004f0a1006403b0000402d00002
:104c70004240af008502e8000500b0004220ae00cf
:104c80004200a8000482d3008501780003d0fe0012
:104c9000040178009202780006d0fe000500a00012
:104ca000a4018000a301880005097800a401880000
:104cb0000001be0002f0a1000203b0000201d0001a
:104cc0004240af008301e8000300b0004220ae0084
:104cd0004200a8000281d300a40180008302780072
:104ce000a50188008001eb0003097800a401880079
:104cf0000001be0002f0a1002203b0000201d000ba
:104d00004240af008301e8000300b0004220ae0043
:104d10004200a8000281d300a40180008302780031
:104d2000a5018800833e200003097800a4018800c3
:104d3000940180000001be0002f0a1004203b00017
:104d40000201d0004240af008301e8000300b00040
:104d50004220ae004200a8000281d3008302780006
:104d600005d0fe001201780004d0fe000200e00031
:104d7000a00034000002be0004f0a1008401b000d5
:104d80000402d0004240af008502e8000500b000f8
:104d90004220ae004200a8000482d3000003be00ff
:104da00006f0a100c600b0000603d0004240af00ec
:104db0008703e8000700b0004220ae004200a800d0
:104dc0000683d3000201e900cf91de0002f0a100ca
:104dd0006d014100e08149000201410083814900e9
:104de000828fd2008381d20002f0a1000005d000a2
:104df0008205d0000b0445004220a80083844800af
:104e00004200a9004220ae004200a8000884d3005e
:104e1000f8b79f0089bf9f000c0120000001be0071
:104e200002f0a1000203b0000201d0004240af0036
:104e30008301e8000300b0004220ae004200a80059
:104e40000281d300030578008204780000f0a100fd
:104e50002003b0000000d0004240af008100e80015
:104e60000100b0004220ae004200a8000080d30044
:104e7000010478008005eb00a1018000a5018800f5
:104e80000c0a7800a10188009201800007d0fe0082
:104e90009600780002d0fe000100e000100035000e
:104ea0009301800005d0fe001401780003d0fe00bd
:104eb000818040000201e9000100e000fcff3d00ac
:104ec000a3018000a5018800020a7800a3018800e0
:104ed000a2018000a7018800010b7800a2018800d0
:104ee0009301800005d0fe001401780003d0fe007d
:104ef0009d0180000ad0fe00990178000dd0fe00cf
:104f0000830f510004003400a3018000aa0188002f
:104f1000820c7800a30188009d01800008d0fe006b
:104f2000900178000dd0fe00830f510004003d0079
:104f3000a3018000a801880002087800a30188006e
:104f4000700111008208de00a3018000a701880023
:104f5000010b7800a30188000401be0002f0a1004b
:104f60008201b1000201d0004240af008301e9009c
:104f70000300b0004220ae004200a8000281d3002e
:104f8000a101800083067800ad0188000b0978003c
:104f9000a101880004f0a1002400b0000402d000a8
:104fa0004240af008502e8000500b0004220ae009c
:104fb0004200a8000482d30006f0a1002600b00041
:104fc0000603d0004240af008703e8000700b000ae
:104fd0004220ae004200a8000683d300ffb0970035
:104fe000810f5200a4ff3a000fb99700828f520040
:104ff000a1ff3a004f0778004f06be004f05be00e4
:105000004f04be006f00b10000000600f4874700a7
:10501000889fbe008a9fbe008c9fbe008e1f7800b6
:1050200080b79f0081bf9f00c2b79f000404be00ed
:10503000920180000400be0000f0a1006003b000f7
:105040000000d0004240af008100e8000100b00045
:105050004220ae004200a8000080d3008101780009
:1050600003d0fe001000780002d0fe000008a3006c
:1050700002003a000400be00f3fe07008fb2970062
:10508000150078004fb397000600e0008f003c0049
:105090000000eb0087003700ffb397000b002800eb
:1050a0008b846300efb097008100e800e1b79f00b8
:1050b000f08f50000300320087834300f7b79f0052
:1050c0000a0037001fb197000201e80092b79f0065
:1050d0008200d0008fb1970083804000910078005b
:1050e000f1b79f008002eb00e5b79f0092018000be
:1050f0000ed0fe009c00780002d0fe000100e0000f
:105100005d0034002fb19700bfb197008002eb0023
:105110009801800003d0fe009203780008d0fe00c2
:105120008703d100a8018000a30188000709780047
:10513000a80188000900e0001400320091018000fd
:105140000205be000af0a100ca00b0000a05d000a6
:105150004240af008b05e8000b00b0004220ae00db
:105160004200a8000a85d3000b03780006d0fe0099
:105170001a03780001d0fe0086836b00a101800035
:10518000a301880007097800a10188008d00d000e4
:105190008fbb97008780400011047800080444000a
:1051a000880878009a0180000203be0006f0a10082
:1051b0004602b0000603d0004240af008703e8007b
:1051c0000700b0004220ae004200a8000683d300d2
:1051d000870578000bd0fe00160378000ad0fe0089
:1051e0000600e000080032009701800003d0fe00b6
:1051f0001203780007d0fe00610363000600a200de
:1052000086087400060037009701800003d0fe0076
:105210001203780007d0fe00610363008608740063
:105220000000e8000402e800f00f520002003a001b
:105230008d06e8000002eb008502e80002f0a10004
:105240002200b0000201d0004240af008301e8001c
:105250000300b0004220ae004200a8000281d3004b
:10526000960180000ed0fe009c00780006d0fe0063
:10527000858f5000a6ff3c005fb197000201e80057
:10528000d2b79f00cfb19700830f510082ff3a0041
:105290000400e000070034008d00d0008fba9700b2
:1052a0008580400070021200110178000411dd00b9
:1052b000820878004f0778004f06be004f05be00f9
:1052c0004f04be004f01b10000000600010028009d
:1052d0008100600000004000f0b79f000000eb007c
:1052e0000002780080067800d0b79f0016002000ea
:1052f000e6b79f0090b79f000801be0002f0a10032
:105300004203b0000201d0004240af008301e80038
:105310000300b0004220ae004200a8000281d3008a
:1053200003077800a8b79f00b9b79f0081047800f1
:10533000020678006dff37000200400083804800bd
:10534000f217250013002000820f5000838f5800b1
:105350000700340004e82a00e5ff2f0000004200a7
:1053600081804a00820f5000838f5800fbff3c0071
:1053700000000600f217250013002000820f5000e5
:10538000838f58000700340004e82a00e5ff2f004f
:105390000000420081804a00820f5000838f580035
:1053a000fbff3c00e00f5000e08f580005003d007f
:1053b00002182500130020000000410081804900f0
:1053c000fdff3300f2452500820f5000e08f5800aa
:1053d00012003c004b0add004501de0002017200b4
:1053e000c589de000200410083804900c2a2280076
:1053f00013102000000141008181490091018000cb
:1054000002f0a4008381d20003d0fe0012017800d4
:1054100001d0fe000200780048003700f28b2a001d
:10542000820f5000e08f580015003c00028c2a00cb
:105430000300200000005100818059004b0add006c
:105440004501de0002017200c589de000201410053
:1054500083814900c0a228001110200002004000f2
:10546000838048009301800000f0a4008180d20076
:1054700001d0fe001000780003d0fe002f0037009e
:10548000f2d12f00820f5000e08f580016003c0030
:1054900002742500f3ff2f000000410081804900c5
:1054a0004b0add004501de0002017200c589de0005
:1054b0000201410083814900c0a228001110200090
:1054c00002004000838048009301800000f0a400a7
:1054d0008180d20001d0fe001000780003d0fe00d1
:1054e0000000ea0015003700021825001300200014
:1054f00000005100818059004b0add004501de00ab
:1055000002017200c589de00020141008381490069
:10551000c0a2280011102000020040008380480033
:105520009301800000f0a4008180d20001d0fe0031
:105530001000780003d0fe000000ea000000060022
:105540000246250003002000000041008180490040
:10555000f217250013002000820f5000838f58009f
:105560000700340004e82a00e5ff2f000000420095
:1055700081804a00820f5000838f5800fbff3c005f
:10558000e00f5000e08f580005003d000218250094
:10559000130020000000410081804900fdff33001e
:1055a000f2452500820f5000e08f580012003c00a9
:1055b0004b0add004501de0002017200c589de00f4
:1055c0000200410083804900c2a22800131020007d
:1055d00000014100818149009101800002f0a40096
:1055e0008381d20003d0fe001201780001d0fe00ba
:1055f0000200780048003700f28b2a00820f50002a
:10560000e08f580015003c00028c2a0003002000a7
:1056100000005100818059004b0add004501de0089
:1056200002017200c589de00020141008381490048
:10563000c0a2280011102000020040008380480012
:105640009301800000f0a4008180d20001d0fe0010
:105650001000780003d0fe002f003700f2d12f0099
:10566000820f5000e08f580016003c0002742500a5
:10567000f3ff2f0000004100818049004b0add004c
:105680004501de0002017200c589de000201410011
:1056900083814900c0a228001110200002004000b0
:1056a000838048009301800000f0a4008180d20034
:1056b00001d0fe001000780003d0fe000000ea00d8
:1056c00015003700021825001300200000005100cb
:1056d000818059004b0add004501de0002017200a5
:1056e000c589de000201410083814900c0a2280073
:1056f00011102000020040008380480093018000c8
:1057000000f0a4008180d20001d0fe0010007800db
:1057100003d0fe000000ea00000006004400a900db
:105720001201c30000027800810278001201c0005b
:105730000400cd0004007800000006004400a90029
:10574000300190001201c300020278009002900024
:105750001201c00040039000a00390001201c60097
:1057600050029000900278001201c0000400cd00a9
:1057700084007800420098005100980001007800f1
:1057800000000600889fbe008a1f78004400a90020
:10579000d00490006c0440001805780070014000af
:1057a000920178001201c30009027800a002900063
:1057b0001201c0000a037800b00390001201c60075
:1057c00070029000c00290001201c4000302780031
:1057d000900278001201c000100b9000900390001e
:1057e0001201c6000400cd00840078007a00980001
:1057f000090c78001308980001097800010078006e
:105800004f0578004f04be0000000600889fbe00d0
:105810008a9fbe008c9fbe008103780082057800bd
:105820008306780004067800850478004400a80008
:105830008700d00000804000000478000d0578004b
:105840008c00780007017800ca05c3000201e90056
:1058500004003b008b017800028141008301d000ed
:1058600003044400ca05c0008100e900f7ff3a00c4
:10587000090378000600c8000100cd00010078008f
:105880004f06be004f05be004f04be0000000600dc
:10589000889fbe008a9fbe008c9fbe008103780057
:1058a0008205780083067800040678008504780075
:1058b0004400a8008700d000008040000004780069
:1058c0000d0578008c00780007017800c605c3003c
:1058d0000201e90004003b008b01780002814100d5
:1058e0008301d00003044400c605c0008100e90024
:1058f000f7ff3a00090378000600c8000100cd0058
:10590000010078004f06be004f05be004f04be00e8
:1059100000000600889fbe008a9fbe008c9fbe00cc
:1059200081037800820578000306780085047800fa
:105930000482d1004400a8008706d000808646007b
:105940000400e8000d0478000c0578008000780061
:10595000070178008a05c3000281e90004003b00ca
:105960008b017800028141008301d00003044400d0
:105970008a05c0008100e900f7ff3a0009037800ba
:105980000600c8000100cd00010078004f06be00ef
:105990004f05be004f04be0000000600889fbe00f9
:1059a0008a1f7800000478000205780054049800eb
:1059b0006304980011029000648040008001eb00b5
:1059c0001801780084007800d25102000100000024
:1059d000e8044400800c780001012000f6d00200a9
:1059e0000100000030049800c400dd00810c780044
:1059f00015002000050278008a01780002012000cd
:105a000018007800525c0200010000004f05780089
:105a10004f04be0000000600010378005300980008
:105a200062009800e60040008008eb008000eb0078
:105a30000102780066014000330620008100d0009a
:105a400090804000840878009200e8000109780006
:105a5000838f5000f9ff3400c408dd004100980036
:105a60001500200005027800860178000201200060
:105a700010007800525c02000100000000000600e7
:105a8000ea874700889fbe008a9fbe008c9fbe00a9
:105a90008e1f7800d1b79f005300980062009800d5
:105aa000a0009000810f5200010036000102780032
:105ab0000400e00001003a0014002000e60040006d
:105ac0008008eb008000eb00810478000284e9008c
:105ad000611bb8000c0120000d00200001077800b8
:105ae000535525003a0120000b002000e60240003b
:105af00082bf9f00e10f5400210036008a0f53003f
:105b00008b8f5b0052003e00060601001300370039
:105b10001200370016003700100037000f00370062
:105b20004b0037004a003700490037000b003700b0
:105b30000a003700460037004500370007003700ed
:105b40000600370005003700040037000300370067
:105b50003f0037003e003700000037008100d000d2
:105b600090804000e2e72700820878003800370084
:105b70008100d00090804000830878003400370016
:105b80008c0f53008d8f5b0031003e000606010034
:105b900018003700170037001a00370015003700cb
:105ba000140037002a00370029003700280037008a
:105bb000080037000b0037002500370024003700ad
:105bc00004003700070037000600370011003700d7
:105bd000100037008100d000908040008e087800cf
:105be0001b0037008100d000908040008e087800b4
:105bf000170037008100d0009080400083087800b3
:105c0000130037008100d0009080400083087800a6
:105c10000f003700e28f540005003c008100d000e7
:105c200090804000727727008208780004003700d7
:105c30008100d00090804000f2f5250082087800b5
:105c40008904e800e58f5400010034008e047800d8
:105c50009500e800810a7800810f5200a5ff3e0000
:105c60000fb99700c408dd0041009800e10f510012
:105c700007003a001500200005027800dfb1970008
:105c80000201200010007800525c020001000000b8
:105c90004f0778004f06be004f05be004f04be0000
:105ca000af00b100000006000400fa00889fbe00ab
:105cb0008a1f78005200980061009800a0009000b0
:105cc00083027800818f5200010036008102780043
:105cd0000500e00001003a0015002000e600400049
:105ce0008008eb008000eb008001eb003601200013
:105cf00007002000faf52500595525000104780019
:105d000066024000860f5100878f590028003e0030
:105d1000020601001b0037001a0037001d00370083
:105d20001800370017003700210037002000370027
:105d30001f0037000f0037000a0037001c00370033
:105d40001b0037000b003700060037000500370046
:105d50001400370013003700150037001400370017
:105d6000080037008100d00090804000880878004b
:105d70000f0037008100d000908040008808780034
:105d80000b0037008100d000908040008908780027
:105d9000070037008100d00090804000890878001b
:105da000030037008100d000908040008a0878000e
:105db0009400e800010a7800818f5200d1ff3e0074
:105dc000c408dd00410098004f0578004f04be0074
:105dd0000080fa0000000600ef805000e18f5000c4
:105de0000d003e005100200066024000767727003b
:105df000e8014000140178008202d0009082420045
:105e0000860a7800020ae80013017800f0094100d0
:105e10008100e900f7ff3a0000000600889fbe00fd
:105e20008a9fbe008c9fbe000004780001067800a7
:105e300082057800530890005004980043089000b1
:105e400060049800431890000028a300030032006b
:105e5000d308900008007800dfff0700e804440042
:105e600099067800660544009a00d00098804000aa
:105e70000b0178000c00780098010200010000007e
:105e80000d004000800c780001012000f6d00200d7
:105e900001000000000d78004f06be004f05be0057
:105ea0004f04be0000000600881f78001e2eef0081
:105eb0001a2eef001c2eef00142eef00d0ff2f0043
:105ec00080708800142ea9004006200001002000e8
:105ed00098d602000100000000302800120eb60023
:105ee0000004eb000c003a00142ea800400620002d
:105ef0000100200098d602000100000000302800b8
:105f0000927080008200600018002000808f500096
:105f1000010032000004eb00142eef00f0ef2f0020
:105f200080708800150ea9004006200001002000a6
:105f300098d602000100000000302000120eb600ca
:105f40000b003a00150ea8004006200001002000ba
:105f500098d60200010000000030200092708000fe
:105f600082006000808f500001003a000810a000fd
:105f7000142eef00f0ef2f0080708800150ea9009e
:105f8000400620000100200098d602000100000019
:105f900000302400120eb6000b003a00150ea800c7
:105fa000400620000100200098d6020001000000f9
:105fb000003024009270800082006000808f5000ca
:105fc00001003a000820a000142eef00f0ef2f008f
:105fd00080708800150ea9004006200001002000f6
:105fe00098d602000100000000302100120eb60019
:105ff0000b003a00150ea80040062000010020000a
:1060000098d602000100000000302100927080004c
:1060100082006000808f500001003a000830a0002c
:10602000e40f54000b00320005003c00e10f540067
:106030000c003200e30f54000b003a000900370057
:10604000e60f540003003200ea0f540006003a0045
:10605000020037003800200003003700480020000d
:106060000100370018002000080078004f04780075
:106070000000060041a99000e10f51002400340007
:1060800071b190006f016100cf91de00020241000a
:1060900083824900829f2d001310200004014100db
:1060a000858149009101800002f0a4008381d20023
:1060b00003d0fe001201780001d0fe0072089800a3
:1060c000310f2000810f510023003a002011900071
:1060d0006f016100cf91de0002024100838249001e
:1060e000829f2d001310200004014100858149008a
:1060f0009101800002f0a4008381d20003d0fe0051
:106100001201780001d0fe007208980012003700da
:10611000f1b09000e28f50000a003200e38f50008f
:106120000b003200e18f5000030032007e0040007f
:106130000008eb0008003700010b200071089800f0
:106140000500370021002000710898000200370088
:10615000110f2000710898000000060080007800f0
:10616000907080004300de0061006000124eaf00be
:106170000010a000122eaf000020a000120ee200be
:1061800001003d000030a000e18f50000700320008
:1061900003003c000100e000080032000800370066
:1061a000e48f500006003c000200370063006000ee
:1061b000030037006f006000010037000000eb00b3
:1061c000000006000002fa000003780000e02f0043
:1061d00000804700e1d12b007f00090031187800d2
:1061e00002f02f0002814700e0c12b007f00090070
:1061f000301978002023ef002143a800f1cf2f00b1
:106200000232200012896000000e20002023b70017
:106210002083a9002223ef002423ef0025e3a80018
:1062200000f021002423b7003223ef002623ef00e3
:1062300011002000411988002e23ef003023ef00c9
:106240000e2ea80021e3a8002023a8002003ab0005
:10625000feff320001188000311398002023ef0068
:10626000ff8f500020003600c508de00f107b200a5
:106270006609900003e12000830f51000d003400f7
:106280008100d0000120b100ef8078000182400041
:1062900003b02400110009008201d8000001780039
:1062a000110009000282d8008000fd00310b980027
:1062b0001a0037008100d0000110b1006f82780011
:1062c000e322b90001e12000110009008200d8009a
:1062d00000017800110009000282d8008000fd0052
:1062e000310b98000d003700e6089000b2472100fe
:1062f0000289b9004399de00cf88de00f6119000d4
:10630000010151008391b9000200e00001003d004d
:106310006f0141004491de00320b9800b6089000f6
:106320000100e00002003c0011002000310b980049
:10633000e608900026099000110009008200d800ac
:106340008000fd00e38f50000f003a00b60a900075
:1063500032002000110009008202d80001017800fb
:106360000200e00008003200320020008502e80050
:10637000110009008202d800810178000300e000ca
:10638000faff3a00350b98000080fa000000060082
:1063900066014000920078008101d1000309780075
:1063a0000108a30004003200900090008100d10099
:1063b000660040000388680000000600200090008e
:1063c0000000060000804000680040001080fb00d4
:1063d0000000060000804000704092000080fb003a
:1063e00000000600008040007020b0001080fb001c
:1063f000000006000000e0001a0032000100e0008a
:106400001800320000004100704092000080fb0044
:1064100081004100f14092008180fb0080804000bb
:10642000220390000682e900848f500009003600a4
:10643000e1021300858040000603e90001003700f7
:10644000800078000580400080014300830f5200e7
:10645000fbff390081004100e88040001180fb0013
:10646000010037000000eb0000000600ea8747004b
:10647000889fbe008a9fbe008c9fbe008e1f780042
:1064800001057800000d780011002000210598001a
:10649000120598006102b900e00f5200e08f5a0027
:1064a00009003400aa0090006011b800818040000b
:1064b00061014100e0814900840f5100858f59003e
:1064c000faff3500210598001000200030059800e3
:1064d0002a0490000884e9006146b9000007eb0037
:1064e000e00f5600e08f5e001c003500610656008c
:1064f000e0865e00e6054500690045006101b800e0
:10650000f2b79f0083bf9f000a007800a0ff07003a
:106510001b007800ffb19700830046008048780098
:1065200080004500f8409a00e10f500005003a0055
:1065300061004600e0804e004240a90001003400a6
:106540000e07e80061065600e0865e000844e90098
:1065500061004600e0804e00ebff3b000040eb0096
:10656000711020008a80400080487800712020004f
:106570008a804000804878002a0090008005eb0067
:106580001c0020000d002000e10f500015003c0011
:106590001f00370061044400e0844c000a017800c9
:1065a000880078000c00780092ff0700e10f50008f
:1065b000f8ff3a00ffb097000180450008487800d6
:1065c00061064600e0864e008b05e8005fb197004b
:1065d000efb197008c0f51008d8f590009003c00de
:1065e0000b003700812020008a8040006109b8003c
:1065f000f2b79f0083bf9f006101b900d2b79f002f
:10660000e3b79f001800200009002000e3ff3700d7
:106610000e0078004f0778004f06be004f05be0001
:106620004f04be00af00b10000000600e68747003f
:106630008e1f780066875700001f7800010f7800d2
:106640000080eb000100e000200032000000eb00c1
:10665000dfb897000100e0001c003200dfb99700ae
:1066600003004100704092000080fb00d0bf9f00fb
:10667000668757005e004100704092000080fb007a
:10668000000f7800dfb8970000805000d0bf9f0057
:10669000dfb997000300e00008003d00a200900071
:1066a000dfb99700038040000000e900d0bf9f00e1
:1066b0005fb897000000e000f9ff3500dfb89700f1
:1066c00001014100680141001280fb004f07780082
:1066d0006f00b100000006000e00fa00889fbe00a7
:1066e0008a9fbe008c9fbe0020079800820478001d
:1066f00043079800840678000f0f78000100e90036
:1067000003017800020040001007980000017800a3
:106710000200d0000080e800808747001e06780055
:106720000200e0000b0032000000eb006162b800e4
:10673000800178000403be00820278000001d000ce
:1067400006014100030978000000e800808f520034
:10675000faff3e00310798000005eb000100e00061
:106760001a003a00200037008a05d0002e00900061
:1067700080854500690798008a0444000800d0001d
:10678000ee009000010040000d01780090007800bc
:106790001b00780017ff07008904d0008c84440098
:1067a000990c68000804e8005e019000820f540014
:1067b000f1ff3900ee0490000a05e8003e00900069
:1067c000800f55000300390007003700ce0090000d
:1067d000510798000004eb004e0190000200e00019
:1067e000e1ff3a00f4ff37001e0090000000e000d7
:1067f0000d0032000000eb008006eb001e0290004e
:10680000ae0290006101b80002014100838149009d
:10681000828042000c014100920878000000e800ec
:10682000800f5200f7ff3e001e0090009e07780088
:106830004f06be004f05be004f04be000080fa00a8
:106840000000060011102000a102880001002600af
:106850008180e8009101ba00c819de0000017800cb
:10686000035978009181ba00034978008180e800db
:106870001101ba00224098001101ba004811de004f
:10688000324098001181ba00424098008180e800af
:106890001101ba00524098001101ba004811de00ff
:1068a000624098009180ba00714098000000060094
:1068b000f10f2000a10288008000eb009100ba00d7
:1068c00001187800210020001108ba00000006001d
:1068d000889fbe008a1f780013102000a302880042
:1068e00005002600b6aa2a00060bb8008701d100d1
:1068f00003824100e31bb900868050008001eb0059
:106900001a0020003900200003047800270020002e
:1069100020003700e18f50000d00320005003900e3
:10692000e28f500012003200e38f5000f9ff3a006e
:1069300016003700050342001603ba00830040002a
:10694000864878008301e8008a007800110037004b
:10695000050342001603ba00830040004833de00fe
:10696000864878008301e800870078000900370036
:10697000050342001683ba00830040008648780071
:106980008301e80089007800020037000482e800f3
:1069900088007800830f5100deff3e004f0578002d
:1069a0004f04be000000060011102000a102880064
:1069b00001802f0006002600010363008000eb0029
:1069c00005802000068140001202ba008101d0003b
:1069d00080814100840978001281ba008101e800b9
:1069e0008301d00080814100820978008180e80025
:1069f000858f5000f3ff3a000000060010102000c1
:106a00006039880000802f000100260000816000ae
:106a10005239880030002400403988000600fc000c
:106a20005005200070398800a00a200070398800c5
:106a300029e7a80000000000000000002807e2008d
:106a4000feff350000000600a20f2000a202880011
:106a5000000178008001eb00b209bb009289bb0005
:106a600022002000a00190000309bb00300090002c
:106a70000089bb001010200060398800000026004b
:106a800081004000513988001000240040398800fe
:106a90000600fc005005200070398800a00a200084
:106aa0007039880029e7a8000000000000000000fd
:106ab0002807e200feff350000000600889fbe00a8
:106ac0008a1f7800800478000004eb000a80200010
:106ad0000800d0000900400088007800daff0700b5
:106ae000640444008a0f5400f9ff3a004f0578000f
:106af0004f04be0000000600e6874700889fbe00e6
:106b00008a9fbe008c9fbe008e1f78008004780094
:106b10008105780002047800030578000a007800f7
:106b2000a1ff0700b0aa2a000058b8008100d100d8
:106b3000e308b900808555000000eb00fe0f20003f
:106b4000270020003600200080027800140020007a
:106b500031003700e18f55001100320003003c0086
:106b60000b00e000060032002b003700e28f5500da
:106b700016003200e38f550027003a00240037004a
:106b80004209dd000a014100808144009381fb003d
:106b9000030978000000e800840578001e00370033
:106ba0004209dd000a0141009201670003097800f3
:106bb000808544009b85fb00c85ddd00038975006e
:106bc0000000e80087057800130037006109b9006c
:106bd000f2b79f0083bf9f000206be004269dd003e
:106be000ce61de00830171004261dd00620141007f
:106bf000e081490002014500808144009381fb004f
:106c0000030978000000e8008605780002003700dc
:106c10008100e80085057800880f5000cdff39001d
:106c2000018020000a007800aabd020001000000d7
:106c30000004be0071ff07000a0078009fff0700f4
:106c40000a00780058ff0700018020000a00780041
:106c5000aabd02000100000000006c0081806c00f1
:106c60000080700000f0a7000000ea000000ea00c9
:106c70004f00de004f0778004f06be004f05be00f4
:0c6c80004f04be006f00b10000000600d1
:020000040000fa
:020000040003f7
:106c8c0000000000e0fc000044fd00007efd000060
:106c9c00a8fd0000c8fd0000e2fd0000f9fd0000a9
:106cac000cfe00001dfe00002cfe00003afe000051
:106cbc0046fe000052fe00005dfe000067fe000074
:106ccc0070fe000079fe000081fe000089fe0000cd
:106cdc0090fe000097fe00009efe0000a4fe000047
:106cec00aafe0000b0fe0000b6fe0000bbfe0000d5
:106cfc00c1fe0000c6fe0000cbfe0000cffe00006f
:106d0c00d4fe0000d8fe0000ddfe0000e1fe000015
:106d1c00e5fe0000e9fe0000edfe0000f1fe0000c3
:106d2c00f4fe0000f8fe0000fbfe0000fffe000079
:106d3c0002ff000005ff000008ff00000bff000031
:106d4c000eff000011ff000014ff000017ff0000f1
:106d5c001aff00001dff00001fff000022ff0000b3
:106d6c0025ff000027ff00002aff00002cff000079
:106d7c002fff000031ff000033ff000036ff000042
:106d8c0038ff00003aff00003cff00003fff00000e
:106d9c0041ff000043ff000045ff000047ff0000db
:106dac0049ff00004bff00004dff00004fff0000ab
:106dbc0051ff000053ff000055ff000056ff00007c
:106dcc0058ff00005aff00005cff00005eff00004f
:106ddc005fff000061ff000063ff000064ff000024
:106dec0066ff000068ff000069ff00006bff0000f9
:106dfc006cff00006eff00006fff000071ff0000d1
:106e0c0072ff000074ff000075ff000077ff0000a8
:106e1c0078ff00007aff00007bff00007dff000080
:106e2c007eff00007fff000081ff000082ff00005a
:106e3c0083ff000085ff000086ff000087ff000035
:106e4c0089ff00008aff00008bff00008dff00000f
:106e5c008eff00008fff000090ff000091ff0000ec
:106e6c0093ff000094ff000095ff000096ff0000c8
:106e7c0097ff000099ff00009aff00009bff0000a5
:106e8c009cff00009dff00009eff00009fff000084
:106e9c00a0ff0000a2ff0000a3ff0000a4ff000061
:106eac00a5ff0000a6ff0000a7ff0000a8ff000040
:106ebc00a9ff0000aaff0000abff0000acff000020
:106ecc00adff0000aeff0000afff0000b0ff000000
:106edc00b1ff0000b2ff0000b3ff0000b4ff0000e0
:106eec00b5ff0000b6ff0000b7ff0000b8ff0000c0
:106efc00b9ff0000b9ff0000baff0000bbff0000a3
:106f0c00bcff0000bdff0000beff0000bfff000083
:106f1c00c0ff0000c1ff0000c2ff0000c2ff000064
:106f2c00c3ff0000c4ff0000c5ff0000c6ff000047
:106f3c00c7ff0000c7ff0000c8ff0000c9ff00002a
:106f4c00caff0000cbff0000ccff0000ccff00000c
:106f5c00cdff0000ceff0000cfff0000d0ff0000ef
:106f6c00d0ff0000d1ff0000d2ff0000d3ff0000d3
:106f7c00d3ff0000d4ff0000d5ff0000d6ff0000b7
:106f8c00d6ff0000d7ff0000d8ff0000d9ff00009b
:106f9c00d9ff0000daff0000dbff0000dcff00007f
:106fac00dcff0000ddff0000deff0000dfff000063
:106fbc00dfff0000e0ff0000e1ff0000e1ff000048
:106fcc00e2ff0000e3ff0000e3ff0000e4ff00002d
:106fdc00e5ff0000e5ff0000e6ff0000e7ff000012
:106fec00e7ff0000e8ff0000e9ff0000e9ff0000f8
:106ffc00eaff0000ebff0000ebff0000ecff0000dd
:10700c00edff0000edff0000eeff0000efff0000c1
:10701c00efff0000f0ff0000f1ff0000f1ff0000a7
:10702c00f2ff0000f2ff0000f3ff0000f4ff00008d
:10703c00f4ff0000f5ff0000f5ff0000f6ff000074
:10704c00f7ff0000f7ff0000f8ff0000f8ff00005a
:10705c00f9ff0000faff0000faff0000fbff000040
:10706c00fbff0000fcff0000fdff0000fdff000027
:10707c00feff0000feff0000ffff0000ffff00000e
:020000040000fa
:020000040003f7
:10708c00ff7f0000ff7f0000ff7f0000ff7f0000fc
:10709c00ff7f0000ff7f0000ff7f0000ff7f0000ec
:1070ac00ff7f0000ff7f0000ff7f0000ff7f0000dc
:1070bc00ff7f0000ff7f0000ff7f0000ff7f0000cc
:1070cc00ff7f0000ff7f0000ff7f0000ff7f0000bc
:1070dc00ff7f0000ff7f0000ff7f0000ff7f0000ac
:1070ec00ff7f0000ff7f0000ff7f0000ff7f00009c
:1070fc00ff7f0000ff7f0000ff7f0000ff7f00008c
:10710c00ff7f0000ff7f0000ff7f0000ff7f00007b
:10711c00ff7f0000ff7f0000ff7f0000ff7f00006b
:10712c00ff7f0000ff7f0000ff7f0000ff7f00005b
:10713c00ff7f0000ff7f0000ff7f0000ff7f00004b
:10714c00ff7f0000ff7f0000ff7f0000ff7f00003b
:10715c00ff7f0000ff7f0000ff7f0000ff7f00002b
:10716c00ff7f0000ff7f0000ff7f0000ff7f00001b
:10717c00ff7f0000ff7f0000ff7f0000ff7f00000b
:10718c00fc7f0000047e00001b7c0000417a0000a4
:10719c0075780000b6760000047500005e73000080
:1071ac00c471000035700000b06e0000376d000037
:1071bc00c76b0000606a000003690000af67000045
:1071cc006366000020650000e4630000b06200000c
:1071dc00836100005d6000003f5f0000265e0000e0
:1071ec00145d0000095c0000035b0000035a000002
:1071fc0008590000135800002357000039560000ae
:10720c00535500007154000095530000bd5200000e
:10721c00e9510000195100004e500000864f00004b
:10722c00c24e0000024e0000464d00008d4c000086
:10723c00d84b0000264b0000774a0000cb490000d9
:10724c00224900007d480000da4700003a47000060
:10725c009d460000024600006a450000d54400002f
:10726c0042440000b2430000244300009842000056
:10727c000e42000087410000024100007f400000e8
:10728c00fe3f00007f3f0000023f0000873e0000f1
:10729c000e3e0000963d0000203d0000ad3c00007d
:1072ac003a3c0000ca3b00005b3b0000ee3a000099
:1072bc00823a0000183a0000af390000483900004b
:1072cc00e23800007d3800001a380000b9370000a1
:1072dc0058370000f93600009b3600003f3600009e
:1072ec00e33500008935000030350000d83400004b
:1072fc00823400002c340000d733000084330000ab
:10730c0032330000e03200009032000040320000c6
:10731c00f2310000a4310000583100000c310000a3
:10732c00c2300000783000002f300000e72f000042
:10733c009f2f0000592f0000132f0000ce2e0000ad
:10734c008a2e0000472e0000042e0000c32d0000e2
:10735c00812d0000412d0000012d0000c22c0000e9
:10736c00842c0000472c00000a2c0000cd2b0000c0
:10737c00922b0000572b00001c2b0000e32a00006e
:10738c00a92a0000712a0000392a0000012a0000f5
:10739c00ca290000942900005e2900002929000058
:1073ac00f4280000c02800008d2800005a28000096
:1073bc0027280000f5270000c327000092270000b3
:1073cc00612700003127000001270000d2260000b1
:1073dc00a326000075260000472600001926000091
:1073ec00ec250000bf250000932500006725000058
:1073fc003b25000010250000e5240000bb24000004
:10740c0091240000682400003e2400001524000094
:10741c00ed230000c52300009d2300007523000010
:10742c004e2300002823000001230000db22000073
:10743c00b5220000902200006a22000046220000c3
:10744c0021220000fd210000d9210000b5210000ff
:10745c00922100006f2100004c2100002921000026
:10746c0007210000e5200000c4200000a22000003d
:10747c0081200000602000003f2000001f20000041
:020000040000fa
:020000040003f7
:10748c000000000024030000480600006a09000008
:10749c008c0c0000ab0f0000c8120000e2150000bd
:1074ac00f91800000b1c00001a1f0000232200001a
:1074bc0028250000262800001f2b0000112e00009c
:1074cc00fb300000df330000ba3600008c390000be
:1074dc00563c0000173f0000ce4100007a440000eb
:1074ec001c470000b44900003f4c0000bf4e000098
:1074fc00335100009b530000f5550000425800002a
:10750c00825a0000b35c0000d75e0000eb60000004
:10751c00f1620000e8640000cf660000a66800007d
:10752c006d6a0000236c0000c96d00005e6f0000e6
:10753c00e270000054720000b57300000475000086
:10754c00417600006b770000847800008979000098
:10755c007c7a00005c7b0000297c0000e37c00004e
:10756c00897d00001d7e00009c7e0000097f0000cc
:10757c00617f0000a67f0000d87f0000f57f00002f
:10758c00ff7f0000f57f0000d87f0000a67f000081
:10759c00617f0000097f00009c7e00001d7e0000c2
:1075ac00897d0000e37c0000297c00005c7b0000ee
:1075bc007c7a000089790000847800006b770000e9
:1075cc004176000004750000b57300005472000091
:1075dc00e27000005e6f0000c96d0000236c0000bb
:1075ec006d6a0000a6680000cf660000e864000029
:1075fc00f1620000eb600000d75e0000b35c00009d
:10760c00825a000042580000f55500009b530000c0
:10761c0033510000bf4e00003f4c0000b449000045
:10762c001c4700007a440000ce410000173f0000c8
:10763c00563c00008c390000ba360000df330000e5
:10764c00fb300000112e00001f2b0000262800002c
:10765c0028250000232200001a1f00000b1c00002c
:10766c00f9180000e2150000c8120000ab0f000072
:10767c008c0c00006a09000048060000240300007e
:10768c0000000000dcfc0000b8f9000096f60000d9
:10769c0074f3000055f0000038ed00001eea000005
:1076ac0007e70000f5e30000e6e00000dddd000088
:1076bc00d8da0000dad70000e1d40000efd10000e6
:1076cc0005cf000021cc000046c9000074c60000a4
:1076dc00aac30000e9c0000032be000086bb000057
:1076ec00e4b800004cb60000c1b3000041b100008a
:1076fc00cdae000065ac00000baa0000bea70000d8
:10770c007ea500004da3000029a10000159f0000dc
:10771c000f9d0000189b0000319900005a97000043
:10772c0093950000dd93000037920000a2900000ba
:10773c001e8f0000ac8d00004b8c0000fc8a0000fa
:10774c00bf890000958800007c87000077860000c8
:10775c0084850000a4840000d78300001d830000f2
:10776c0077820000e381000064810000f780000054
:10777c009f8000005a800000288000000b800000d1
:10778c00018000000b800000288000005a8000005f
:10779c009f800000f780000064810000e3810000fe
:1077ac00778200001d830000d7830000a4840000b2
:1077bc0084850000778600007c8700009588000097
:1077cc00bf890000fc8a00004b8c0000ac8d0000cf
:1077dc001e8f0000a290000037920000dd93000085
:1077ec00939500005a97000031990000189b0000f7
:1077fc000f9d0000159f000029a100004da3000063
:10780c007ea50000bea700000baa000065ac00001e
:10781c00cdae000041b10000c1b300004cb6000079
:10782c00e4b8000086bb000032be0000e9c00000d6
:10783c00aac3000074c6000046c9000021cc000099
:10784c0005cf0000efd10000e1d40000dad7000032
:10785c00d8da0000dddd0000e6e00000f5e3000012
:10786c0007e700001eea000038ed000055f00000ac
:10787c0074f3000096f60000b8f90000dcfc000080
:020000040000fa
:020000040003f7
:10788c00889fbe000081eb000100e0001500340071
:10789c000004eb0088047800874028008801d000a1
:1078ac00808141001302780089017800e1026100b7
:1078bc000201d10061036200850f53000100320008
:1078cc00070169008301e800e88f510002003200d3
:1078dc000402d100f5ff37000804e800810f5400c2
:1078ec00eeff3a000280ea004f04be0000000600e2
:1078fc00881f78008a9fbe000081eb000100e00029
:10790c00140034000004eb006105b8008000200076
:10791c00874028008a0144001382fb008001780014
:10792c00e10261000201d10061036200850f530086
:10793c0001003200070169008301e90002003200f6
:10794c000402d100f6ff37000804e800810f540050
:10795c00f0ff3a000280ea004f05be004f047800a9
:10796c0000000600889fbe000004be000800be0098
:10797c00dfff07006149b900820044001182fb005f
:10798c0061014100e0814900020144009280fb004a
:10799c00c808dd00810072000100680000f0a7003b
:1079ac000000ea000000e9004f00de004f04be00ba
:1079bc00000006000400fa00889fbe008a9fbe00eb
:1079cc008c9fbe0000027800010678000080eb005e
:1079dc008080eb000c00e000230034000080eb0002
:1079ec008080eb008002eb006123b80086bf9f0013
:1079fc0097bf9f00850678000a3228008bdb2e008b
:107a0c00050178008fbb9700870141001383fb00b1
:107a1c008003eb008d017800610460008100d100cf
:107a2c000080d300cfc4de008002eb006102630053
:107a3c00840f5400858f5c00020032000a0068003d
:107a4c008b8068008301e800e88f5100030032004e
:107a5c008703d1000683d300efff37000201e80053
:107a6c008c0f5100e7ff3a000080ea008180ea00a9
:107a7c004f06be004f05be004f04be000080fa004a
:107a8c0000000600889fbe008a9fbe000004be0056
:107a9c000800be00c7ff07006149b900020244009c
:107aac001482fb008002eb0061034100e08349007b
:107abc00060344001683fb008003eb00483ddd0009
:107acc00c835de008b0575004835dd0062034100ca
:107adc00e0834900060344001683fb008003eb009f
:107aec00c033dd0006002000060375008783750097
:107afc00040373008583730063014100e081490036
:107b0c00020144001281fb008001eb00c812dd0071
:107b1c0004002000040173008581730002016800d9
:107b2c0083816800028171000200780000f0a700d8
:107b3c000000ea000000e9004f00de004f05be0027
:107b4c004f04be0000000600889fbe008a9fbe0046
:107b5c008c9fbe008e1f7800000278008106780092
:107b6c000080eb008080eb000d00e0001e00340074
:107b7c000080eb008080eb000006eb000e01200083
:107b8c000a3228008bdb2e008c02d000848242004b
:107b9c00150378008003eb008e027800610460000e
:107bac008100d1000080d300cfc4de008001eb0047
:107bbc0061016300820f5400838f5c00020032006d
:107bcc000a0068008b8068008502e900030032001f
:107bdc008703d1000683d300f0ff37000c06e800c2
:107bec008d0f5600e8ff3a000080ea008180ea0021
:107bfc004f0778004f06be004f05be004f04be0075
:107c0c0000000600f6874700889fbe008a9fbe00d2
:107c1c008c9fbe008e1f7800f2af9f0042012000a7
:107c2c00520098004200200062009800660140005b
:107c3c000009eb00730020000001eb007faa970005
:107c4c000400e00094003400820578000b017800f9
:107c5c00610eb8008cb79f009db79f000ecdb3008e
:107c6c00e60240008b0378000b067800850678004e
:107c7c000fb2970084004600914078000ec540007a
:107c8c00e94f55000d003600f5cbb30005c240009e
:107c9c00f94f520003003e0096ccb30006c54000dd
:107cac0006003700f5c9b30005c24000f94f520079
:107cbc0066003e0096cab30006c540000a04e00008
:107ccc00500035000a04fb00cfc4de00e54ab900c1
:107cdc006544b80089044200e1012d00c1b79f0042
:107cec0014102000d4b79f004fb29700dfb297005a
:107cfc000404440085844c000a05fb00cfd5de004b
:107d0c0061054500e0854d00e55ab9006555b800a0
:107d1c008b05420081027800a5b79f005fb39700e6
:107d2c00b6b79f004fb29700dfb29700040545002d
:107d3c0085854d008cbf9f008d02780091018000dd
:107d4c00080678000cf0a4008986d200ecb79f00de
:107d5c00fdb79f000dd0fe001c43780001d0fe0043
:107d6c000602fb004240a900110034008700780095
:107d7c000fbe9700020141000200a0008301e80041
:107d8c00ef8f510006003400950178008306d00077
:107d9c0090864600820e7800830ae80087017800fe
:107dac008100e800848f5000f2ff35008cbf9f00eb
:107dbc000604e0000a003400020141008301e800df
:107dcc00ef8f510006003400950078008101d0003f
:107ddc009081410082097800810ae80087017800cf
:107dec0061044400e0844c008a0f5400d3ff3a0035
:107dfc008b8f5400d1ff3a000fbe97008506780098
:107e0c001200370001c2b300814f55000f003a0039
:107e1c00410020008d027800020141008301e8003e
:107e2c00ef8f510006003400950178000302d0005a
:107e3c0010024200020a7800830ae80087017800e9
:107e4c008100e900f4ff3a0085067800310020003b
:107e5c008d027800020141008301e800ef8f510090
:107e6c0006003400950178000302d0001002420095
:107e7c00020a7800830ae800870178008100e90093
:107e8c00f4ff3a00850678000c06e8007faa9700fc
:107e9c00840f560076ff3a00410020006602400035
:107eac000003eb00020141008301e800ef8f510059
:107ebc0006003400940178008302d00090824200c6
:107ecc00820a7800030ae800860178008100e90044
:107edc00f4ff3a000300e0000c003400ef8f510077
:107eec0004003c00020141008301e800f08f5100c6
:107efc00fcff3a00e6004000910178000302d0003c
:107f0c0010024200020a78008308e800b0009000da
:107f1c00c408dd00410098004f0778004f06be00f2
:107f2c004f05be004f04be006f01b10000000600fb
:107f3c00f0874700889fbe008a9fbe008c9fbe00c2
:107f4c008e1f7800028651008002eb00e5b79f007f
:107f5c0016002000850578008b0278008b037800d2
:107f6c000b0578000304ea00b8b79f00a3b79f0085
:107f7c008501d00080814100130478008004eb005f
:107f8c008502e800848f5200010035000a03780056
:107f9c000200e000380034008c815300f2b79f00df
:107fac008cbf9f00c8b79f00d9b79f00820678008e
:107fbc000700e00003003a000b04d0000104440069
:107fcc000a0c78000fbc9700870f54001300350083
:107fdc00080678004fb49700dfb497008b01d000ef
:107fec0081814100870656008d06e90003003300ad
:107ffc000804440089844c00fbff3700930974008b
:10800c00828343008b06e800edb79f00afb1970069
:10801c00878f510021003400170037000b07d00068
:10802c00010747004fb49700dfb4970003067800b0
:10803c000c06e900030033008904d1000884d30046
:10804c00fbff37001e0f74003fb4970087034400fa
:10805c00878646008b05e8000b04d0000104440021
:10806c000a0c78003fb697008c8141000d00e000af
:10807c00cfff3c000fbe97000600e000bcff3a00ab
:10808c006fb097004f0778004f06be004f05be003b
:10809c004f04be000f01b10000000600efb59700c1
:1080ac008a037800f4ff3700889fbe008a9fbe00c9
:1080bc008c1f7800839ab900cf24de000482440020
:1080cc008484d1004240a900080034000002eb0077
:1080dc00040378008402d00081824200860a780072
:1080ec000402e800890f5200faff3a000200e00097
:1080fc00210034008002eb000504780005027800b2
:10810c00050378006105b800050078008a834200f9
:10811c009783fb000608a30007003a004f36de00e9
:10812c00060346000600a10001034300c83bdd0026
:10813c00168b7300050037004f36de000603460031
:10814c000600a10001034300168b73000402e80033
:10815c00830f520002003a000804e8000002780085
:10816c008502e800828f52000300320083a3b9001d
:10817c0008034300e5ff3700090078004f0678003c
:10818c004f05be004f04be00000006000002eb00cd
:10819c000100e00014003400840178006103b80091
:1081ac000308a300070032008402d0008282420040
:1081bc00068041001080fb00950a70000402e80064
:1081cc00060037000400d000020040008682410007
:1081dc009582fb00c82add00050878008301e800c1
:1081ec00818f5100eeff3a000100a7000402e80065
:1081fc0004007800000006008001eb000100e000a4
:10820c000f00340003027800840178008302d00050
:10821c00808242000403410095439000074b780094
:10822c000403410095427800154398000482e8004d
:10823c008301e800818f5100f4ff3a008101d000e6
:08824c000300780000000600a9
:020000040000fa
:020000040003f7
:10825400ffff0000feff000000000000050000001a
:108264000a0000000c00000007000000fcff0000f2
:10827400f1ff0000e9ff0000ebff0000f7ff000042
:1082840009000000190000001f0000001800000091
:1082940006000000f3ff0000e7ff0000e7ff000016
:1082a400f2ff0000ffff00000600000004000000d1
:1082b400fcff0000f9ff00000200000016000000af
:1082c4002c000000330000001e000000f0ff00003e
:1082d400bbff000099ff0000a2ff0000d9ff0000cf
:1082e400290000006f000000880000006600000004
:1082f4001a000000c8ff000097ff00009aff00006a
:10830400c7ff0000fcff0000180000000e00000082
:10831400f1ff0000e5ff000006000000510000002e
:108324009e000000b40000006a000000caff0000c4
:1083340013ff0000a4fe0000c5fe00007eff000045
:10834400880000006b010000b90100004a01000030
:10835400530000004cff0000b1fe0000bbfe000013
:1083640049ff0000f2ff00004b0000002d00000058
:10837400d0ff0000a7ff0000120000000c01000065
:1083840013020000650200007001000040ff0000bd
:10839400a7fc0000f3fa000049fb0000fcfd00000c
:1083a400340200002c060000f20700005d06000005
:1083b400be010000ddfb000048f7000028f60000c5
:1083c40037f9000050ff0000e60500001e0a000017
:1083d4001e0a0000e605000050ff000037f9000007
:1083e40028f6000048f70000ddfb0000be01000095
:1083f4005d060000f20700002c06000034020000b5
:10840400fcfd000049fb0000f3fa0000a7fc00009b
:1084140040ff00007001000065020000130200002c
:108424000c01000012000000a7ff0000d0ff0000b4
:108434002d0000004b000000f2ff000049ff000087
:10844400bbfe0000b1fe00004cff00005300000022
:108454004a010000b90100006b010000880000001f
:108464007eff0000c5fe0000a4fe000013ff000014
:10847400caff00006a000000b40000009e00000073
:108484005100000006000000e5ff0000f1ff0000bd
:108494000e00000018000000fcff0000c7ff0000f1
:1084a4009aff000097ff0000c8ff00001a000000b8
:1084b40066000000880000006f0000002900000032
:1084c400d9ff0000a2ff000099ff0000bbff0000dd
:1084d400f0ff00001e000000330000002c0000002c
:1084e4001600000002000000f9ff0000fcff00007d
:1084f4000400000006000000ffff0000f2ff00007f
:10850400e7ff0000e7ff0000f3ff000006000000a3
:10851400180000001f0000001900000009000000fe
:10852400f7ff0000ebff0000e9ff0000f1ff00008f
:10853400fcff0000070000000c0000000a0000001f
:108544000500000000000000feff0000ffff000027
:020000040000fa
:020000040003f7
:10855400feff0000090000001100000010000000f0
:1085640006000000f8ff0000edff0000ecff000033
:10857400f5ff0000050000001400000018000000d2
:108584000f000000feff0000efff0000e8ff000006
:10859400efff0000feff00000c00000011000000cf
:1085a4000c00000003000000fdff0000feff0000bf
:1085b4000300000004000000fcff0000ecff0000ca
:1085c400e2ff0000e9ff0000050000002c000000ad
:1085d400450000003a00000006000000c0ff000053
:1085e4008fff000098ff0000e0ff0000470000003c
:1085f400950000009900000047000000c5ff00003e
:1086040059ff000042ff000091ff00001f0000001e
:108614009d000000c6000000860000000400000069
:108624008cff00005eff00008aff0000e7ff0000ef
:10863400370000004c0000002d0000000600000080
:108644000700000034000000610000004c0000003e
:10865400daff000038ff0000d2fe000012ff000025
:10866400090000004f01000024020000e0010000a6
:10867400680000005efe0000e1fc0000f2fc000067
:10868400cbfe0000a0010000f00300005304000032
:1086940052020000cbfe000094fb000083fa0000ad
:1086a40063fc000064000000760400005a06000029
:1086b400e6040000ba000000fefb00003ff90000e1
:1086c4000bfa000008fe0000210300009e060000d3
:1086d4009e0600002103000008fe00000bfa0000c3
:1086e4003ff90000fefb0000ba000000e6040000b1
:1086f4005a060000760400006400000063fc0000d9
:1087040083fa000094fb0000cbfe0000520200003c
:1087140053040000f0030000a0010000cbfe0000a1
:10872400f2fc0000e1fc00005efe000068000000b6
:10873400e0010000240200004f01000009000000d5
:1087440012ff0000d2fe000038ff0000daff000034
:108754004c0000006100000034000000070000002d
:10876400060000002d0000004c000000370000004f
:10877400e7ff00008aff00005eff00008cff00009e
:108784000400000086000000c60000009d000000f8
:108794001f00000091ff000042ff000059ff00008d
:1087a400c5ff00004700000099000000950000008c
:1087b40047000000e0ff000098ff00008fff00006a
:1087c400c0ff0000060000003a0000004500000061
:1087d4002c00000005000000e9ff0000e2ff00009b
:1087e400ecff0000fcff0000040000000300000098
:1087f400feff0000fdff0000030000000c0000006d
:10880400110000000c000000feff0000efff00005c
:10881400e8ff0000efff0000feff00000f00000073
:10882400180000001400000005000000f5ff00001f
:10883400ecff0000edff0000f8ff00000600000060
:10884400100000001100000009000000feff0000fd
:020000040000fa
:020000040003f7
:10885400ca4f000000020000820000000000010076
:1088640000010000020001000002000002000300f9
:1088740000010000020002000003000002000300e7
:1088840000030000040001000002000002000300d5
:1088940000020000030003000004000002000300c3
:1088a40000030000040003000004000004000500ad
:1088b40000010000020002000003000002000300a7
:1088c4000003000004000200000300000300040091
:1088d400000300000400040000050000020003007f
:1088e400000300000400030000040000040005006d
:1088f400000300000400040000050000040005005b
:108904000005000006000100000200000200030050
:108914000002000003000300000400000200030042
:10892400000300000400030000040000040005002c
:108934000002000003000300000400000300040020
:10894400000400000500030000040000040005000a
:1089540000040000050005000006000002000300fa
:1089640000030000040003000004000004000500ec
:1089740000030000040004000005000004000500da
:1089840000050000060003000004000004000500c8
:1089940000040000050005000006000004000500b6
:1089a40000050000060005000006000006000700a0
:1089b40000010000020002000003000002000300a6
:1089c4000003000004000200000300000300040090
:1089d400000300000400040000050000020003007e
:1089e400000300000400030000040000040005006c
:1089f400000300000400040000050000040005005a
:108a0400000500000600020000030000030004004b
:108a1400000300000400040000050000030004003b
:108a24000004000005000400000500000500060025
:108a34000003000004000400000500000400050019
:108a44000005000006000400000500000500060003
:108a540000050000060006000007000002000300f5
:108a640000030000040003000004000004000500eb
:108a740000030000040004000005000004000500d9
:108a840000050000060003000004000004000500c7
:108a940000040000050005000006000004000500b5
:108aa400000500000600050000060000060007009f
:108ab4000003000004000400000500000400050099
:108ac4000005000006000400000500000500060083
:108ad4000005000006000600000700000400050071
:108ae400000500000600050000060000060007005f
:108af400000500000600060000070000060007004d
:108b04000007000008000000da140000f03a00003a
:108b140080000000cc8700003408000080000000c2
:108b2400808300004c04000080000000001000005e
:108b3400da040000800000001a770000e608000054
:088b44008000000000000000a9
:020000040000fa
:020000040003f7
:108b4c003d0000004d0000004a0000000000000045
:108b5c0043ff00002efe000054fd0000a2fd0000ab
:108b6c0000000000c8040000630b00004c12000061
:108b7c008e170000851900008e1700004c120000a3
:108b8c00630b0000c804000000000000a2fd000000
:108b9c0054fd00002efe000043ff0000000000000a
:108bac004a0000004d0000003d0000005300000092
:108bbc00560000006d000000390000006fff00003f
:108bcc0012fe0000c1fc00009cfc0000cdfe000069
:108bdc00de030000360b0000151300002519000001
:108bec006d1b00002519000015130000360b00004a
:108bfc00de030000cdfe00009cfc0000c1fc000068
:108c0c0012fe00006fff0000390000006d00000034
:108c1c0056000000530000006b00000061000000d3
:108c2c0092000000780000009eff0000f4fd0000a0
:108c3c0023fc000081fb000081fd0000e10200002c
:108c4c00070b0000ef130000de1a00007d1d000072
:108c5c00de1a0000ef130000070b0000e102000019
:108c6c0081fd000081fb000023fc0000f4fd0000ee
:108c7c009eff0000780000009200000061000000e0
:108c8c006b000000820000006b000000b7000000c9
:108c9c00b4000000ccff0000d7fd00008afb0000f0
:108cac006efa00003efc0000eb010000d80a000048
:108cbc00c31400008b1c00007d1f00008b1c0000e7
:108ccc00c3140000d80a0000eb0100003efc0000b9
:108cdc006efa00008afb0000d7fd0000ccff0000fc
:108cec00b4000000b70000006b0000008200000020
:108cfc009800000074000000d9000000ec00000097
:108d0c00f7ff0000bbfd0000fafa00006cf9000050
:108d1c0010fb000005010000ac0a000089150000e2
:108d2c001d1e00005e2100001d1e000089150000a4
:108d3c00ac0a00000501000010fb00006cf90000fb
:108d4c00fafa0000bbfd0000f7ff0000ec00000089
:108d5c00d90000007400000098000000b60000006c
:108d6c0081000000090100003b01000033000000fd
:108d7c0095fd000031fa000006f800006bf90000c8
:108d8c00c4ff0000700a00009e1600004c2000007a
:108d9c00fc2300004c2000009e160000700a00000e
:108dac00c4ff00006bf9000006f8000031fa000067
:108dbc0095fd0000330000003b010000090100009c
:108dcc0081000000b6000000d20000008d00000001
:108ddc0035010000820100006900000072fd0000f6
:108dec007cf90000c2f60000eef70000a2fe0000c5
:108dfc00390a00009817000045220000592600008f
:108e0c004522000098170000390a0000a2fe00005d
:108e1c00eef70000c2f600007cf9000072fd0000c5
:108e2c006900000082010000350100008d00000087
:048e3c00d200000060
:020000040000fa
:020000040003f7
:108e4000610000006d000000ceff0000ccfd0000be
:108e500001fc0000cbfe000061090000e0180000ea
:108e60008c2400008c240000e01800006109000040
:108e7000cbfe000001fc0000ccfd0000ceff000096
:108e80006d00000061000000710000008f00000014
:108e900016000000c2fd000015fb000038fd0000b8
:108ea000600800009d190000dd260000dd2600009e
:108eb0009d1900006008000038fd000015fb00004f
:108ec000c2fd0000160000008f00000071000000cd
:108ed00083000000b20000005e000000b8fd00004a
:108ee00026fa0000a1fb00005c0700005e1a0000eb
:108ef00035290000352900005e1a00005c070000db
:108f0000a1fb000026fa0000b8fd00005e00000092
:108f1000b20000008300000098000000dd000000a7
:108f2000b8000000abfd0000fff80000a9f9000048
:108f30001b0600004b1b00001a2c00001a2c00001e
:108f40004b1b00001b060000a9f90000fff8000001
:108f5000abfd0000b8000000dd000000980000003c
:108f6000a90000000001000001010000a1fd0000b7
:108f70000ff800000ff80000160500000d1c00009f
:108f8000752e0000752e00000d1c00001605000057
:108f90000ff800000ff80000a1fd00000101000023
:108fa00000010000a9000000bf0000002d0100002a
:108fb0005e01000093fd0000dcf6000003f60000f7
:108fc000c7030000041d0000783100007831000064
:108fd000041d0000c703000003f60000dcf60000db
:108fe00093fd00005e0100002d010000bf000000a5
:108ff000d50000005a010000bd01000086fd000000
:10900000a5f50000eff3000074020000ff1d000052
:109010008634000086340000ff1d0000740200004a
:10902000eff30000a5f5000086fd0000bd01000083
:109030005a010000d5000000ec000000890100008a
:109040001e02000078fd000066f40000cff1000071
:109050001a010000ff1e0000a6370000a63700001e
:10906000ff1e00001a010000cff1000066f40000ae
:1090700078fd00001e02000089010000ec000000e5
:1090800008010000c10100009402000067fd00001b
:10909000e1f2000037ef000072ff0000392000000d
:1090a000793b0000793b00003920000072ff00008e
:1090b00037ef0000e1f2000067fd000094020000bd
:1090c000c10100000801000023010000f8010000b8
:1090d0000703000057fd000068f10000b2ec00003b
:1090e000d7fd0000692100002d3f00002d3f00004a
:1090f00069210000d7fd0000b2ec000068f100001b
:1091000057fd000007030000f801000023010000e4
:020000040000fa
:020000040003f7
:109110004006000040060000400600004006000037
:109120004006000040060000400600004006000027
:109130004006000040060000400600004006000017
:109140004006000040060000400600004006000007
:1091500040060000400600004006000040060000f7
:1091600040060000400600004006000040060000e7
:1091700040060000410600004106000042060000d3
:109180004406000046060000490600004e060000a6
:10919000550600005d060000680600007506000028
:1091a0008406000093060000a4060000b506000037
:1091b000c4060000d3060000e0060000ea06000036
:1091c000f2060000f8060000fb060000fc060000a6
:1091d000fb060000f8060000f2060000ea060000a8
:1091e000e0060000d306000084060000930600009d
:1091f000a4060000b5060000c5060000d306000066
:10920000e0060000eb060000f3060000fa0600008e
:10921000ff06000002070000040700000607000028
:109220000707000007070000080700000807000004
:10923000c4060000b5060000a40600009306000066
:109240008306000075060000680600005d06000049
:10925000550600004e0600004906000046060000c4
:1092600044060000420600004106000041060000de
:109270004006000040060000c4060000b5060000dd
:10928000a406000093060000840600007506000096
:10929000680600005e06000056060000500600004a
:1092a0004d0600004c0600004d0600005006000070
:1092b000560600005e060000680600007506000005
:1092c0000807000008070000080700000807000062
:1092d0000807000008070000080700000707000053
:1092e000070700000607000004070000020700004f
:1092f000ff060000fa060000f3060000eb0600007f
:10930000e0060000d3060000080700000807000080
:109310000807000008070000080700000807000011
:109320000807000008070000080700000807000001
:1093300008070000080700000807000008070000f1
:1093400008070000080700000807000008070000e1
:020000040000fa
:020000040003f7
:109350000280000001800000018000000180000008
:1093600001800000018000000180000001800000f9
:1093700001800000018000000180000001800000e9
:1093800001800000018000000180000001800000d9
:1093900001800000018000000280000001800000c8
:1093a00001800000018000000280000006800000b3
:1093b0000e8000002380000052800000b680000074
:1093c0007f810000f982000096850000eb89000093
:1093d000aa900000889a000011a8000081b900003e
:1093e00097ce000083e60000000000007d19000019
:1093f000683100007a460000e15700005665000021
:10940000056f000060750000ec7800000f7a000026
:10941000ec78000060750000056f000056650000e4
:10942000e15700007a46000097ce000083e6000076
:10943000000000007d1900006a3100007f46000036
:10944000ef57000078650000566f000015760000a9
:109450006a7a0000077d0000817e00004a7f0000dc
:10946000ae7f0000dd7f0000f27f0000fa7f000089
:10947000693100007d1900000000000083e6000053
:1094800096ce000081b9000011a80000889a000063
:10949000aa900000eb89000096850000f982000088
:1094a0007f810000b6800000528000002380000011
:1094b0000e80000006800000693100007d19000068
:1094c0000000000083e6000098ce000086b900008e
:1094d0001fa80000aa9a0000fb900000a08a0000cc
:1094e00014870000f185000014870000a08a0000a6
:1094f000fb900000aa9a00001fa8000086b9000097
:10950000fe7f0000ff7f0000ff7f0000ff7f000064
:10951000fe7f0000fa7f0000f27f0000dd7f000088
:10952000ae7f00004a7f0000817e0000077d0000c2
:109530006a7a000015760000566f0000786500001a
:10954000ef5700007f460000fe7f0000ff7f000015
:10955000ff7f0000ff7f0000ff7f0000ff7f000013
:10956000ff7f0000ff7f0000ff7f0000ff7f000003
:10957000ff7f0000ff7f0000ff7f0000ff7f0000f3
:10958000ff7f0000ff7f0000ff7f0000ff7f0000e3
:020000040000fa
:020000040003f7
:1095900000000000000000000000000003000000c8
:1095a00000000000050000000e00000007000000a1
:1095b00000000000090000000e0000000b00000089
:1095c0000e0000000d0000000e0000000e00000064
:1095d0000000000003000000030000000300000082
:1095e000040000000d000000060000000300000061
:1095f000080000000d0000000a0000000300000049
:109600000d0000000d0000000e0000000d00000025
:109610000000000005000000020000000b00000038
:109620000500000005000000060000000500000025
:10963000080000000b0000000b0000000b00000001
:109640000c000000050000000e0000000b000000f0
:1096500008000000010000000600000003000000f8
:1096600006000000050000000600000006000000e3
:109670000800000008000000080000000b000000c7
:10968000080000000d000000060000000f000000b0
:1096900000000000090000000200000007000000b8
:1096a00004000000070000000700000007000000a1
:1096b00009000000090000000a0000000900000085
:1096c0000c000000090000000e0000000700000070
:1096d00004000000010000000a0000000300000078
:1096e0000400000004000000040000000700000067
:1096f0000a000000090000000a0000000a00000043
:10970000040000000d0000000a0000000f0000002f
:109710000200000001000000020000000200000042
:109720000c0000000500000002000000070000001f
:109730000c00000009000000020000000b00000007
:109740000c0000000c0000000c0000000f000000e6
:109750000100000001000000020000000100000004
:109760000400000001000000060000000f000000df
:1097700008000000010000000a0000000f000000c7
:109780000c0000000f0000000f0000000f000000a0
:020000040000fa
:020000040003f7
:1097900000000000010000000100000001000000c6
:1097a00001000000010000000100000001000000b5
:1097b00001000000010000000100000001000000a5
:1097c0000100000001000000000000000100000096
:1097d0000100000001000000010000000000000086
:1097e0000100000001000000010000000100000075
:1097f0000100000001000000010000000100000065
:109800000100000000000000010000000100000055
:109810000100000001000000010000000100000044
:109820000100000000000000010000000100000035
:109830000100000001000000010000000000000025
:109840000100000001000000010000000100000014
:109850000100000001000000010000000100000004
:1098600001000000010000000000000001000000f5
:1098700000000000010000000100000001000000e5
:1098800001000000010000000100000001000000d4
:1098900001000000010000000100000001000000c4
:1098a00001000000010000000100000000000000b5
:1098b00001000000000000000100000001000000a5
:1098c0000100000001000000010000000100000094
:1098d0000100000001000000010000000100000084
:1098e0000000000001000000010000000100000075
:1098f0000100000001000000000000000100000065
:109900000100000001000000010000000100000053
:109910000100000001000000000000000100000044
:109920000100000001000000010000000100000033
:109930000100000001000000010000000100000023
:109940000000000001000000010000000100000014
:109950000100000000000000010000000100000004
:1099600001000000010000000100000001000000f3
:1099700001000000010000000100000001000000e3
:1099800001000000010000000100000000000000d4
:020000040000fa
:020000040003f7
:10999000f3ff0000fbff00000200000005000000d4
:1099a00001000000f8ff0000e9ff0000daff0000fe
:1099b000d0ff0000cdff0000d5ff0000e5ff000054
:1099c000f7ff000002000000feff0000e6ff0000bd
:1099d000bdff00008fff000069ff00005cff00007a
:1099e0006dff000099ff0000d0ff0000f9ff0000ac
:1099f000fdff0000ceff000072ff000001ff00002d
:109a0000a0fe000074fe000094fe0000fbfe0000bb
:109a100086ff0000000000002f000000eeff0000a5
:109a200040ff000051fe00006ffd0000f2fc00004e
:109a300018fd0000eafd000031ff00007d0000007d
:109a4000460100001f010000deff0000bdfd000018
:109a500059fb00008df9000039f90000fcfa000004
:109a6000f7fe0000b8040000420b00004b1100009c
:109a70008b150000131700008b1500004b11000020
:109a8000420b0000b8040000f7fe0000fcfa0000e2
:109a900039f900008df9000059fb0000bdfd000000
:109aa000deff00001f010000460100007d000000f5
:109ab00031ff0000eafd000018fd0000f2fc00008c
:109ac0006ffd000051fe000040ff0000eeff0000af
:109ad0002f0000000000000086ff0000fbfe0000d9
:109ae00094fe000074fe0000a0fe000001ff0000d4
:109af00072ff0000ceff0000fdff0000f9ff000034
:109b0000d0ff000099ff00006dff00005cff000027
:109b100069ff00008fff0000bdff0000e6ff0000ae
:109b2000feff000002000000f7ff0000e5ff00005c
:109b3000d5ff0000cdff0000d0ff0000daff0000dd
:109b4000e9ff0000f8ff0000010000000500000030
:0c9b500002000000fbff0000f3ff00001b
:020000040000fa
:020000040003f7
:109b5c00889fbe008a9fbe00100c90008008900069
:109b6c0001044400100178009001900002044400ac
:109b7c00e08449000888be00e10f4400e08f5c00df
:109b8c000f0034000801be0006002000f7ff2f0074
:109b9c00f4ff2f00050020000201430083814b00dd
:109bac00840f5100858f5900fbff3c00e184540069
:109bbc006011b8008901ea000218440003904c00bf
:109bcc001004780090049000e00f5400e08f5c00cb
:109bdc0011003d000801be0004002000150020000b
:109bec000201420083814a00fdff33006001440002
:109bfc00e1814c000884ea008984ea00404cde00d4
:109c0c0009002000c044dd000800200002044400cc
:109c1c0083844c000888be000a0024000b0020003e
:109c2c000805450089854d003a0098004b009800c6
:109c3c00e10f4500e08f5d00150034000a01be0005
:109c4c0006002000f7ff2f00f4ff2f000500200076
:109c5c000201430083814b00840f5100858f590012
:109c6c00fbff3c00e185550004002400f5ff2f00ac
:109c7c000802420089824a006011b8008501ea009e
:109c8c000a0541008b8549003a0098004b0098006a
:109c9c00c848dd004841de0002817000c8c9de0002
:109cac00020241008382490062a42b0013102000a1
:109cbc0004024100858249009101800004f0a40057
:109ccc008582d20005d0fe001402780001d0fe007f
:109cdc0024009800c858dd004852de000482700051
:109cec00c8dade000402420085824a000401410009
:109cfc00858149009101800002f0a4008381d2008b
:109d0c0003d0fe001201780001d0fe005200980032
:109d1c004f05be004f04be00000006000003780093
:109d2c00007020004628b700102bef006590200033
:109d3c00e558880025002000955888000402e900a9
:109d4c00f4588800162bef001a2bef00a658880049
:109d5c00c1588800202bef004090200060598800eb
:109d6c001559880074598800262bef002a2bef0018
:109d7c0022598800435988000308a9002308a90028
:109d8c0020002a00005988008058880001c8a900ca
:109d9c0021c8a80000000600889fbe008a1f78001a
:109dac000284d1002400200015002000840f5100f3
:109dbc00040034008502e80004024200840f5100c4
:109dcc00fcff3c0042a1de00f284120043a2de0044
:109ddc00020154004295de000300e0000f00320047
:109dec000001eb00040545006113b90006034300b4
:109dfc0087834b00060240009402780089aade009b
:109e0c0085024500050a540006834000088b420079
:109e1c000201e800828f5100f3ff3e004f057800ed
:109e2c004f04be0000000600889fbe000004be0068
:109e3c000029ef000229ef0000c021000029b70023
:109e4c000629ef0013002000080178004190200043
:109e5c0060902000d0ff070000fe2f000209b60022
:109e6c00c000b300104888000900e00002003a006e
:109e7c000389a900010037000389a80070002000a5
:109e8c000029b7000621ef001021ef000804e900bb
:109e9c006808880011a1a80010c1a9001021a90010
:109eac00f0fc2f001021b60011e1a80000e8a90079
:0c9ebc0020e8a9004f04be0000000600d2
:020000040000fa
:020000040003f7
:109ec800f0ff0000d3ff0000b6ff0000a3ff000072
:109ed8009fff0000acff0000c6ff0000e7ff000086
:109ee800030000000d00000000000000dcff00007f
:109ef800acff000080ff00006fff00008aff000039
:109f0800d9ff000055000000e800000073010000c0
:109f1800d0010000e6010000a901000026010000b0
:109f280080000000e9ff000090ff000096ff00009d
:109f380000000000ad0000005c010000bc01000052
:109f48008001000076000000a1fe00003bfc00003c
:109f5800b5f90000a1f7000093f60000fcf6000038
:109f680008f9000093fc000020010000f50500003e
:109f7800390a0000270d0000310e0000270d0000ef
:109f8800390a0000f50500002001000093fc0000dc
:109f980008f90000fcf6000093f60000a1f70000a5
:109fa800b5f900003bfc0000a1fe000076000000af
:109fb80080010000bc0100005c010000ad00000051
:109fc8000000000096ff000090ff0000e9ff00007d
:109fd8008000000026010000a9010000e601000041
:109fe800d001000073010000e800000055000000e7
:109ff800d9ff00008aff00006fff000080ff00000b
:10a00800acff0000dcff0000000000000d000000b5
:10a0180003000000e7ff0000c6ff0000acff0000df
:10a028009fff0000a3ff0000b6ff0000d3ff000061
:04a03800f0ff000035
:020000040000fa
:020000040003f7
:10a03c0003030000030300000301000003030000fe
:10a04c0003030000010100000303000003010000f2
:10a05c0001010000030300000101000001010000e8
:10a06c0003010000010100000101000003030000d6
:10a07c0003030000010300000303000001010000c2
:10a08c0003030000010100000103000001010000b6
:10a09c0001010000010300000000000000030000ab
:10a0ac000101000001000000030100000301000099
:10a0bc00000300000101000000000000010000008e
:10a0cc00000000000001000001030000010000007e
:10a0dc00030300000100000000010000010100006a
:10a0ec000100000001010000000000000001000060
:10a0fc000303000003000000030100000300000044
:10a10c000001000003010000010000000303000037
:10a11c00000000000003000001000000000000002f
:10a12c000303000003000000000100000303000013
:10a13c000100000003030000010300000001000007
:10a14c0003010000000000000101000001000000fc
:10a15c0000030000000000000000000001010000ee
:10a16c0003000000000100000101000003000000da
:10a17c0001030000030000000003000001010000c7
:10a18c0003000000030100000303000000030000b3
:08a19c000301000001000000b6
:020000040000fa
:020000040003f7
:10a1a4000202be0000004000818048006011b80037
:10a1b4006033b800f8070200000000000008a300a4
:10a1c4000400320062004000e08048006001490061
:10a1d400e08149008301d1000281d3008180d30052
:10a1e4000080d3000000060080027800010378009c
:10a1f400110009008602d800000178008692b90097
:10a20400848f5200010034000201e800020078004b
:10a2140000000600800278000103780011000900a4
:10a224008602d800000178008692b900848f52001b
:10a23400010034000201e80002007800000006007a
:10a244000080fb008000eb004240a9000e003400b7
:10a254006101b900020141008381490060642b005f
:10a264001110200002004000838048009201800009
:10a2740000f0a4008180d20001d0fe00100078001c
:10a2840002d0fe0080007800010078000000060083
:10a29400889fbe00480620008884b900cfc4de0031
:10a2a4004788de00e6ff0700cf80de000804400098
:10a2b40089844800a125200081c9b9000140b80063
:10a2c40081004100420620000300200072060200c3
:10a2d400000000004f04be0000000600889fbe007e
:10a2e4008a9fbe00170020000200e0000e00340028
:10a2f4008001eb006105b800610cb8000300780030
:10a30400611ab9000a0342000802420016437800a9
:10a31400944f530001003200800378008301e80069
:10a32400828f5100f6ff3a00070078004f05be0007
:10a334004f04be00000006000001eb000100e00035
:10a344000c00340003c2b30090cf110009003200a6
:10a354006103b8000342780003003700860141001e
:10a36400934f1200030032000201e800828f500074
:10a37400faff3c0002007800000006000002eb0037
:10a384000100e0000b003400040178006103b80010
:10a3940005cdb3008601410093c14200e9cf5100cd
:10a3a40001003e000402e8000201e800810f5100b0
:10a3b400f8ff3a000400780000000600889fbe0001
:10a3c4000002eb000100e0000c00340004017800fe
:10a3d4006104b800f6cdb300e5c5b30088014100bf
:10a3e4009341430085cf510001003e000402e80080
:10a3f4000201e800810f5100f8ff3a0004007800e0
:08a404004f04be000000060039
:020000040000fa
:020000040003f7
:10a40c00200000001600000007000000f5ff00000f
:10a41c00e3ff0000d5ff0000ccff0000ccff0000e4
:10a42c00d6ff0000e9ff0000020000001e00000043
:10a43c00380000004b0000005000000043000000fa
:10a44c0022000000eeff0000a9ff00005cff0000ee
:10a45c0011ff0000d3fe0000b1fe0000b8fe0000aa
:10a46c00f4fe00006eff0000280000002201000036
:10a47c0053020000ad0300001f0500009106000010
:10a48c00eb07000016090000fd0900008f0a000010
:10a49c00c10a00008f0a0000fd0900001609000027
:10a4ac00eb070000910600001f050000ad03000043
:10a4bc005302000022010000280000006eff000083
:10a4cc00f4fe0000b8fe0000b1fe0000d3fe000058
:10a4dc0011ff00005cff0000a9ff0000eeff000070
:10a4ec002200000043000000500000004b00000060
:10a4fc00380000001e00000002000000e9ff000010
:10a50c00d6ff0000ccff0000ccff0000d5ff000000
:10a51c00e3ff0000f5ff000007000000160000003c
:04a52c00200000000b
:020000040000fa
:020000040003f7
:10a530000000000036000000ad11000036000000f1
:10a540000000000065000000981100001b000000e2
:10a5500000000000b3000000581100000d000000d2
:10a56000000000002e010000e510000006000000c1
:10a5700000000000e00100003610000002000000b2
:10a5800000000000d5020000430f000001000000a1
:10a590000000000011040000080e00000000000090
:10a5a000000000008e0500008a0c00000000000082
:10a5b000000000003f070000d90a00000000000072
:10a5c000000000000c0900000c0900000000000061
:10a5d00000000000d90a00003f0700000000000052
:10a5e000000000008a0c00008e0500000000000042
:10a5f00000000000080e0000110400000000000030
:10a6000001000000430f0000d50200000000000020
:10a610000200000036100000e00100000000000011
:10a6200006000000e51000002e0100000000000000
:10a630000d00000058110000b300000000000000f1
:10a640001b000000981100006500000000000000e1
:020000040000fa
:020000040003f7
:10a650000000000001000000682900000100000067
:10a66000000000002e00000049290000f3ff000058
:10a670000000000097000000e0280000f3ff000049
:10a68000000000006301000010280000f7ff000038
:10a6900000000000c0020000b0260000faff000029
:10a6a00000000000d804000095240000fdff000019
:10a6b00000000000c5070000a6210000ffff000009
:10a6c00000000000850b0000e61d0000ffff0000f9
:10a6d00000000000ed0f00007d19000000000000e8
:10a6e00000000000b5140000b514000000000000d8
:10a6f000000000007d190000ed0f000000000000c8
:10a70000ffff0000e61d0000850b000000000000b8
:10a71000ffff0000a6210000c507000000000000a8
:10a72000fdff000095240000d80400000000000098
:10a73000faff0000b0260000c00200000000000088
:10a74000f7ff000010280000630100000000000077
:10a75000f3ff0000e0280000970000000000000068
:10a76000f3ff0000492900002e0000000000000057
:020000040000fa
:020000040003f7
:10a7700001800000018000000180000001800000d5
:10a7800001800000018000000180000001800000c5
:10a7900001800000018000000280000006800000af
:10a7a00020800000aa800000d68200009e89000060
:10a7b000119a000009b900004fe60000b01900002e
:10a7c000f2460000d0650000b9750000557a00001f
:10a7d000b9750000d0650000f24600004fe60000a9
:10a7e000b1190000f7460000ef6500006276000036
:10a7f0002a7d0000567f0000e07f0000fa7f000005
:10a80000b11900004fe6000009b90000119a0000dc
:10a810009e890000d6820000aa80000020800000ef
:10a8200006800000b119000050e600000eb90000db
:10a83000309a0000478a0000ab850000478a00007c
:10a84000309a00000eb90000ff7f0000fe7f00007c
:10a85000fa7f0000e07f0000567f00002a7d0000a4
:10a8600062760000ef650000f7460000ff7f000001
:10a87000ff7f0000ff7f0000ff7f0000ff7f0000e0
:10a88000ff7f0000ff7f0000ff7f0000ff7f0000d0
:020000040000fa
:020000040003f7
:10a8900001000000050000000b0000001000000097
:10a8a0001000000007000000f5ff0000e1ff0000bd
:10a8b000d2ff0000cbff0000d1ff0000e2ff00004c
:10a8c000feff00001f0000003d0000004f000000e0
:10a8d0004e0000003400000002000000beff000037
:10a8e00074ff000034ff000015ff00002cff000083
:10a8f0008bff00003f0000004c010000a802000098
:10a9000042040000fb050000b00700003a09000007
:10a91000730a00003d0b0000820b00003d0b00009d
:10a92000730a00003a090000b0070000fb050000b0
:10a9300042040000a80200004c0100003f0000009b
:10a940008bff00002cff000015ff000034ff00000b
:10a9500074ff0000beff0000020000003400000091
:10a960004e0000004f0000003d0000001f000000ee
:10a97000feff0000e2ff0000d1ff0000cbff00005f
:10a98000d2ff0000e1ff0000f5ff0000070000001b
:10a9900010000000100000000b0000000500000087
:04a9a00001000000b2
:020000040000fa
:020000040003f7
:10a9a400889fbe000003eb000200e00017003400a3
:10a9b4008601780003037800f80f2000a7fc240028
:10a9c400611ab9000402420085824a00848440006e
:10a9d400040240009904780014826c00880262002a
:10a9e4008502d000878242004822de000402d000a3
:10a9f40007024200950278001482420004034300d7
:10aa04008301e800828f5100edff3a0006007800d0
:10aa14004f04be0000000600889fbe008a1f780015
:10aa24000003eb000200e00011003400860178000e
:10aa340003037800610cb8008000eb00a7fc24003d
:10aa4400611ab90008054200000242001a45780064
:10aa540014426d000482fb000402d000070242008d
:10aa6400140343008301e800828f5100f4ff3a008d
:10aa7400060078004f0578004f04be000000060071
:10aa840000017800f20fb2000201d000a1fc240002
:10aa9400010141004800de000000d00081004000b8
:0caaa400120178001100410000000600c3
:020000040000fa
:020000040003f7
:10aab0008a000000b1000000a50000006100000055
:10aac000ebff00005cff0000d6fe000081fe0000ee
:10aad00080fe0000e8fe0000b7ff0000d400000088
:10aae0000a02000014030000aa0300008a03000009
:10aaf00090020000be00000046fe000089fb00003e
:10ab00000cf9000067f700002ef70000d5f80000f0
:10ab10009bfc000078020000140a0000d212000022
:10ab2000da1b00003a240000042b0000702f000004
:10ab3000f9300000702f0000042b00003a240000c0
:10ab4000da1b0000d2120000140a00007802000094
:10ab50009bfc0000d5f800002ef7000067f700000e
:10ab60000cf9000089fb000046fe0000be0000005a
:10ab7000900200008a030000aa03000014030000f2
:10ab80000a020000d4000000b7ff0000e8fe000049
:10ab900080fe000081fe0000d6fe00005cff000089
:10aba000ebff000061000000a5000000b100000004
:04abb0008a00000017
:020000040000fa
:020000040003f7
:10abb400c028ef004427ef0061042000313a8800e8
:10abc400e40f500010003a0000aeef00e0b328009c
:10abd40080708800042eef0000042000a07088001c
:10abe40010002000707088001e2eef000c2eef0065
:10abf400e0812800e0708800000120005070880087
:10ac04001a2eef000f00370000aeef00e0b228006c
:10ac140080708800042eef0000052000a0708800da
:10ac240010002000707088001e2eef000c2eef0024
:10ac3400e0802800e0708800000120005070880047
:10ac44001a2eef0000fc2f002234800082006000e6
:10ac54000100a000213488000234800082006000da
:10ac64003100b3000134880001f82f00223680003f
:10ac7400828060005102b300213688008806b60045
:10ac84000040a00040348800f08f2f004e08b6002a
:10ac94000080a00070428800f0ff28004408b6003d
:10aca40000c0a0002042880000000600889fbe006b
:10acb4000004be00e00f5000e08f5800190032007d
:10acc4001e21ef002021ef001821ef001421ef00d6
:10acd400823e20000300200000002800413f2000a5
:10ace400d2d00200010000008889b90080cab900ee
:10acf400040141000800b80081004100d008880028
:10ad0400e10888000388a9001e61a8001fe1a800cb
:10ad1400010021001240800002806000fdff32002b
:10ad24001e21ef004f04be0000000600889fbe00f5
:10ad34000004be001e21ef002021ef001621ef00c9
:10ad44001421ef0002242400f30020000000280056
:10ad5400413f2000d2d00200010000008889b900e0
:10ad640080cab900040141000800b8008100410014
:10ad7400d0088800e10888000388a9001e61a800a3
:10ad84001fe1a80001002100124080000280600041
:10ad9400fdff32001e21ef004f04be00000006003c
:020000040000fa
:020000040003f7
:10ada400fdff0000f7ff0000efff0000e5ff0000db
:10adb400d8ff0000c8ff0000b6ff0000a3ff00009a
:10adc40090ff000080ff000077ff000078ff000084
:10add40087ff0000a8ff0000ddff0000290000003d
:10ade4008f0000000e010000a501000051020000c8
:10adf4000f030000d9030000a90400007605000039
:10ae04003a060000eb06000084070000fc0700007f
:10ae1400500800007b0800007b0800005008000078
:10ae2400fc07000084070000eb0600003a0600005f
:10ae340076050000a9040000d90300000f030000f8
:10ae440051020000a50100000e0100008f00000067
:10ae540029000000ddff0000a8ff000087ff0000bc
:10ae640078ff000077ff000080ff000090ff0000e3
:10ae7400a3ff0000b6ff0000c8ff0000d8ff0000d9
:10ae8400e5ff0000efff0000f7ff0000fdff0000fa
:020000040000fa
:020000040003f7
:10ae9400deff0000caff0000b9ff0000b2ff00009f
:10aea400bbff0000d4ff0000f3ff0000010000001e
:10aeb400e4ff00008bff0000fffe00006afe0000bc
:10aec4000bfe00001efe0000b4fe00009fff000009
:10aed40071000000a1000000c7ff0000defd0000bb
:10aee40065fb00004ff90000bff800009efa000067
:10aef40030ff0000e1050000520d0000b91300000e
:10af04006b1700006b170000b9130000520d00000e
:10af1400e105000030ff00009efa0000bff80000c9
:10af24004ff9000065fb0000defd0000c7ff0000d4
:10af3400a1000000710000009fff0000b4fe0000ab
:10af44001efe00000bfe00006afe0000fffe000073
:10af54008bff0000e4ff000001000000f3ff00008d
:10af6400d4ff0000bbff0000b2ff0000b9ff0000e7
:08af7400caff0000deff00002f
:020000040000fa
:020000040003f7
:10af7c002023ef0021a3a8002183a8002143a800cf
:10af8c00f0cf2f002003b6000080a000001988002d
:10af9c00f0f12f002003b6000070a000001988000b
:10afac002083a9002043a8002223ef002423ef00d4
:10afbc0025e3a80000f021002423b7003223ef0082
:10afcc003303a8002623ef002823ef002e23ef00e5
:10afdc003023ef000e0ea80021e3a80000000600ad
:10afec00002bef002023ef000000060083ff2f0052
:10affc0014428000848161006300b3001342880016
:10b00c00002bef000330200063588800d300200091
:10b01c00135888000201e90072588800062bef00d3
:10b02c00205888000a2bef00415888000088a9009e
:10b03c002088a800c0ff2f00000bb6000010a00055
:0cb04c000058880001eba800000006007e
:020000040000fa
:020000040003f7
:10b05800faff000000000000c7ff00000000000029
:10b0680056ff00000000000098fe000000000000ed
:10b078007cfd000000000000e9fb0000000000006b
:10b08800b8f90000000000009df600000000000074
:10b09800f4f100000000000014ea000000000000c5
:10b0a800ced80000000000004a8600000000000022
:10b0b800b679000000000000322700000000000000
:10b0c800ec150000000000000c0e0000000000005d
:10b0d80063090000000000004806000000000000ae
:10b0e80017040000000000008402000000000000b7
:10b0f8006801000000000000aa0000000000000035
:0cb10800390000000000000006000000fc
:020000040000fa
:020000040003f7
:10b114001f00000041000000640000006a000000fd
:10b124001f0000005cff00003bfe00003cfd00002f
:10b134002bfd0000ddfe0000c20200008f080000ad
:10b144002c0f0000fb1400006118000061180000bf
:10b15400fb1400002c0f00008f080000c202000046
:10b16400ddfe00002bfd00003cfd00003bfe000066
:10b174005cff00001f0000006a0000006400000083
:08b18400410000001f00000063
:020000040000fa
:020000040003f7
:10b18c00000000007f1900004a0f0000fdff0000c6
:10b19c0013220000b8060000f3ff00001627000081
:10b1ac00c0010000d6ff000004290000efff0000e2
:10b1bc00b0ff000068290000b0ff0000efff0000a6
:10b1cc0004290000d6ff0000c00100001627000073
:10b1dc00f3ff0000b806000013220000fdff000082
:0cb1ec004a0f00007f1900000000000066
:020000040000fa
:020000040003f7
:10b1f80042010000b0010000a5020000cc030000dd
:10b20800140500006b060000b6070000dc0800000b
:10b21800c3090000570a0000890a0000570a000005
:10b22800c3090000dc080000b60700006b06000038
:10b2380014050000cc030000a5020000b0010000c6
:04b2480042010000bf
:020000040000fa
:020000040003f7
:10b24c0010270000f220000082100000e7fa000036
:10b25c00e4e60000bfda000045da00009ce50000df
:10b26c0038f90000f30e0000002000000627000053
:10b27c00d42100000912000098fc000038e80000fe
:08b28c004bdb0000ddd90000de
:020000040000fa
:020000040003f7
:10b2940000000000fd14000067230000ba2600002f
:10b2a400ec1d0000bf0b0000e4f5000033e30000d8
:10b2b40088d90000e9db000098e900004cfe00009a
:10b2c40088130000a6220000ea260000fe1e0000eb
:08b2d4005c0d00008cf7000086
:020000040000fa
:020000040003f7
:10b2dc0010270000c8170000e4f50000e9db0000af
:10b2ec002cde0000e7fa00009f1b0000ba260000cd
:10b2fc00881300000df1000045da000002e10000a7
:10b30c0000000000fe1e0000bb250000f30e000034
:08b31c0078ec000046d90000a6
:020000040000fa
:020000040003f7
:10b3240000000000fe1e0000bb250000f30e00001c
:10b3340078ec000046d9000061e400001905000023
:10b34400d4210000172400001c0a000038e8000083
:10b35400f0d8000038e800001c0a000017240000a0
:08b36400d421000019050000ce
:020000040000fa
:020000040003f7
:10b36c009afe0000b7fd00009efd0000c1ff00002a
:10b37c00e7040000a10c000024150000d01b000005
:10b38c00581e0000d01b000024150000a10c00006a
:10b39c00e7040000c1ff00009efd0000b7fd0000a7
:04b3ac009afe000005
:020000040000fa
:020000040003f7
:10b3b0000300000001000000020000000000000087
:10b3c0000200000003000000000000000100000077
:10b3d0000100000000000000030000000200000067
:10b3e0000000000002000000010000000300000057
:020000040000fa
:020000040003f7
:10b3f0000000000041000000b0000000400000001c
:10b40000a3000000f1000000020000009300000013
:10b410009100000092000000a0000000a2000000c7
:10b42000310000002200000023000000f3000000b3
:020000040000fa
:020000040003f7
:10b43000010000000100000000000000000000000a
:10b4400001000000000000000100000000000000fa
:10b4500000000000010000000000000001000000ea
:10b4600000000000000000000100000001000000da
:020000040000fa
:020000040003f7
:10b4700001000000000000000100000000000000ca
:10b4800000000000000000000100000001000000ba
:10b4900001000000010000000000000000000000aa
:10b4a000000000000100000000000000010000009a
:020000040000fa
:020000040003f7
:10b4b0001821ef002021ef000000e900e0088800db
:10b4c00021a1a80020c1a9002021a900f0fc2f0083
:10b4d0002021b60021e1a8000388a9002388a90043
:04b4e0000000060062
:020000040000fa
:020000040003f7
:10b4e40010270000ec1d0000c806000078ec0000e6
:10b4f4004bdb00004bdb000078ec0000c8060000ca
:10b50400ec1d000010270000ec1d0000c806000020
:020000040000fa
:020000040003f7
:10b51400000000001c19000078260000d42100005f
:10b524005c0d0000a4f200002cde000088d90000ad
:10b53400e4e60000000000001c190000782600006a
:020000040000fa
:020000040003f7
:10b54400102700009f1b00000000000061e40000c1
:10b55400f0d8000061e40000000000009f1b000020
:10b56400102700009f1b00000000000061e40000a1
:020000040000fa
:020000040003f7
:10b57400000000009f1b0000102700009f1b00001c
:10b584000000000061e40000f0d8000061e4000065
:10b59400000000009f1b0000102700009f1b0000fc
:020000040000fa
:020000040003f7
:10b5a40000000000267e0000ba2a0000539000002c
:10b5b40073af000065540000226d000092d00000bb
:020000040000fa
:020000040003f7
:10b5c400ff7f0000ad1500005887000075c1000022
:10b5d400796300003c6000001fbd00001e8900006c
:020000040000fa
:020000040003f7
:10b5e40000000000e67f00000b0a0000e480000079
:10b5f400faeb0000897d0000e11d0000cf8400000b
:020000040000fa
:020000040003f7
:10b60400ff7f00000605000066800000f5f00000e2
:10b614006c7e0000f91800008a83000042dd0000ff
:020000040000fa
:020000040003f7
:10b6240000000000d47e000035220000668a00007d
:10b6340014be0000d2630000d85c000038b50000de
:020000040000fa
:020000040003f7
:10b64400ff7f000043110000a984000079cd0000b1
:10b65400b76d00001e500000e5a700001f98000011
:020000040000fa
:020000040003f7
:10b6640000000000ff7f00001e01000004800000b5
:10b67400c4fd0000f77f00005a03000010800000a2
:020000040000fa
:020000040003f7
:10b68400ff7f00008f0000000280000053fe0000d6
:10b69400fa7f0000cb0200000c80000017fc0000c1
:020000040000fa
:020000040003f7
:10b6a4002108a90000319000903190006228980090
:0cb6b400732898002108a8000000060080
:020000040000fa
:020000040003f7
:10b6c0000400000005000000060000000700000064
:020000040000fa
:020000040003f7
:10b6d0000300000002000000010000000000000064
:020000040000fa
:020000040003f7
:10b6e0000000000001000000000000000000000059
:020000040000fa
:020000040003f7
:10b6f0000200000003000000000000000000000045
:020000040000fa
:020000040003f7
:10b70000070000000700000000000000000000002b
:020000040000fa
:020000040003f7
:10b710000100000003000000ffff0000fdff00002b
:020000040000fa
:020000040005f5
:102800002f08b000889fbe008a9fbe008c9fbe002c
:102810008e1f7800c3e8a9002168a9002188a900bb
:102820000168a9000188a900c028ef004427ef0033
:1028300060042000303a880000aeef00e0b22800cb
:1028400080708800042eef0000052000a070880032
:1028500010002000707088001e2eef000c2eef007c
:102860001c2eef000a2eef001a2eef0000fc2f00a6
:1028700022348000820060000100a0002134880022
:1028800001f82f0023368000838060005102b300de
:102890002136880004348000840060003100b300d9
:1028a000013488008806b6000040a000403488004b
:1028b0000a2ea8001a2ea8002022ef00f0112000f6
:1028c000401188008000280000118800005120007d
:1028d00010118800800409000000000015aea80057
:1028e00014eea800158ea80015cea8000000220046
:1028f0000100200002002300030020000008eb007c
:1029000062004000e0804800820f5000838f580032
:10291000faff3a006033b800e6a79f00f7a79f00d0
:1029200014002000949f9f000004eb00a89f9f00cc
:102930006055b800baa79f00cba79f00fa979f00e9
:102940008b9f9f0088057800dba79f006011b8006f
:102950008b027800c59f9f00b59f9f00d59f9f0069
:10296000f59f9f00e59f9f006000b8000c002200cb
:102970008ca79f00cdf92f008d864700ed979f0013
:102980000d83e8006134b800b8979f00c9979f0095
:1029900049f92f0089844700d9979f000985e800ed
:1029a000aa979f00060037006fa69700ffa6970022
:1029b00061064600e0864e00eca79f00fda79f0041
:1029c0000400e0001200320006242400f70020007a
:1029d0006fa49700ffa49700860f5400878f5c00b8
:1029e0000b003a00071020000004be001a118000fe
:1029f0008a806300fdff32000800be00b60420009c
:102a0000261188006066b800eca79f00fda79f0014
:102a10000060fe002202ab00e3ff320034118000b0
:102a200026052000860f520002003a000000fe003a
:102a30001300370066052000860f520010003a0090
:102a400006102000850378000002be000700780011
:102a50001d1180008d006300fdff3200000378002f
:102a60000400be008602780044062000241188007d
:102a700015cea9000002eb00d4a79f006a01370021
:102a80005fa497006143b900ea0f5300e08f5b0039
:102a900065013e00060601000a0037004c003700c1
:102aa000620037007c00370091003700a800370033
:102ab000bf003700db003700f00037000b013700a4
:102ac0003a01370015cea900a6032000860f520058
:102ad00055013a009f9c97000900e0003400320045
:102ae0002c27ef002a27ef0030002400403988000f
:102af0000600fc005005200070398800a00a200064
:102b00007039880029e7a8000000000000000000dc
:102b10002807e200feff35000005eb00da8f9f007a
:102b2000a00f2000a002880001402900010dbb0079
:102b3000200020008a0078008088bb000008bb00cd
:102b40000188bb002c27ef002a27ef00100024008b
:102b5000403988000600fc005005200070398800cc
:102b6000a00a20007039880029e7a80000000000b2
:102b7000000000002807e200feff35000000eb0027
:102b8000a08f9f00b08f9f00c08f9f00909f9f00dd
:102b9000fc0020000d002000bca79f00cda79f00d7
:102ba00002802000030020004000200001002000df
:102bb000dfa697008d06e800dda79f008002eb00ee
:102bc000c59f9f00b59f9f00d59f9f00480337007a
:102bd000158ea90006fd2f0004034300e90f5300e2
:102be0000d003600f6f92f0004034300e50f5300f3
:102bf00003003e0096fa2f0004034300060037004e
:102c0000f6fb2f0004034300e50f530053033e007f
:102c100096fc2f00040343004433dd00b69f9f0061
:102c200024002000d4a79f00ff00370014eea90065
:102c300006fd2f0004034300e90f53000d0036008a
:102c4000f6f92f0004034300e50f530003003e0094
:102c500096fa2f000403430006003700f6fb2f000e
:102c600004034300e50f530044033e0096fc2f008d
:102c700004034300bf9b970087037300b79f9f0027
:102c80005f9c970007044400d89f9f0039002000f4
:102c9000d9a79f00e400370006fd2f00040343007e
:102ca000e90f53000d003600f6f92f00040343002e
:102cb000e50f530003003e0096fa2f000403430083
:102cc00006003700f6fb2f0004034300e50f530016
:102cd00032033e0096fc2f00040343004c33dd001a
:102ce000e69f9f004a002000daa79f00ce00370031
:102cf00006fd2f0004034300e90f53000d003600ca
:102d0000f6f92f0004034300e50f530003003e00d3
:102d100096fa2f000403430006003700f6fb2f004d
:102d200004034300e50f530024033e0096fc2f00ec
:102d3000040343004833dd00ef9d97008b057300cb
:102d4000eb9f9f005c002000dca79f00b6003700cf
:102d500006fd2f0004034300e90f53000d00360069
:102d6000f6f92f0004034300e50f530003003e0073
:102d700096fa2f000403430006003700f6fb2f00ed
:102d800004034300e50f530014033e0096fc2f009c
:102d9000040343004433dd00ef9e97008d0673006b
:102da000ed9f9f0064002000d4a79f009e00370085
:102db00006fd2f0004034300e90f53000d00360009
:102dc000f6f92f0004034300e50f530003003e0013
:102dd00096fa2f000403430006003700f6fb2f008d
:102de00004034300e50f530004033e0096fc2f004c
:102df00004034300ef9b970087037300e79f9f0046
:102e0000483bde000782fb00040243005f9c970002
:102e100004044400d89f9f0079002000d9a79f0098
:102e20008100370006fd2f0004034300e90f530023
:102e30000d003600f6f92f0004034300e50f5300a0
:102e400003003e0096fa2f000403430006003700fb
:102e5000f6fb2f0004034300e50f5300ef023e0092
:102e600096fc2f00040343004433dd00f69f9f00cf
:102e70008a002000daa79f006b00370006fd2f00b4
:102e800004034300e90f53000d003600f6f92f004c
:102e900004034300e50f530003003e0096fa2f00a1
:102ea0000403430006003700f6fb2f000403430031
:102eb000e50f5300e1023e0096fc2f00040343009f
:102ec000ff9d97008b057300fb9f9f005f9e9700ff
:102ed0000b064600dc9f9f009d002000dda79f00a1
:102ee0000002eb00c49f9f004f003700ed0f52001f
:102ef00002003200ea0f52000c003a0015002000d8
:102f00002f7b97000604e00001003200250020001e
:102f100015aea80014eea800158ea80015cea800c6
:102f20008003eb00d7a79f003f0037004f9c97001e
:102f30000803d00029f72f008f8444000683440043
:102f4000000beb0006fd2f0004034300e90f5300c4
:102f50000d003600f6f92f0004034300e50f53007f
:102f600003003e0096fa2f000403430006003700da
:102f7000f6fb2f0004034300e50f5300b7023e00a9
:102f800096fc2f00040343004f9d97000a02d000d7
:102f90004433dd0086057800e408b1008b377a0001
:102fa000ac002000dca79f001f00370006fd2f00ab
:102fb00004034300e90f53000d003600f6f92f001b
:102fc00004034300e50f530003003e0096fa2f0070
:102fd0000403430006003700f6fb2f000403430000
:102fe000e50f5300a5023e0096fc2f0004034300aa
:102ff000cf9e97000d02d00027f72f008f8343004c
:103000000482430014037300060a78005f9c970053
:1030100006044400d89f9f008d06e800cd9f9f00c6
:1030200099002000d9a79f00e18f520030023a009a
:103030007f9d9700e10f5500ec003200030039003e
:10304000e40f55000f023a0009023700bf9e9700b7
:10305000616eb800acb79f00bdb79f00e00f56008f
:10306000e08f5e000c0232007f9397008f9b9700e9
:10307000c032dd0004002000ef9b97000482430073
:10308000e0824a000004eb006033b8001900200021
:10309000c9af9f002bf72f008f854500615db800f9
:1030a0008ab79f009bb79f003fa69700cfa69700c7
:1030b0008c0f52008d8f5a0080003600630540004f
:1030c000e0854800eaaf9f00fbaf9f00fc3f29006e
:1030d0002d0020008c0f55008d8f5d0077003e0085
:1030e000820f5000838f58001d0039000a802f0086
:1030f00039002400e6af9f00f7af9f000403be0035
:1031000063398800820665005d3988004939880086
:103110000600fc005505200075398800a50a20002e
:103120007539880029e7a8000000000000000000b1
:103130002807e200feff3500048020000500200083
:103140000201420083814a00800f5100818f5900a3
:10315000ebff36000602be006fab9700ffab970097
:10316000a90f2000a90288008004eb002f8d970092
:103170008a0cbb00bf8d97008b8cbb002900200000
:103180004f8e97008c0cbb00df8e97008d8cbb00a0
:10319000400dde000b0020000a0778006a39880025
:1031a00080047800503988001a0024004a398800c9
:1031b0000600fc005a0520007a398800aa0a20007f
:1031c0007a39880029e7a80000000000000000000c
:1031d0002807e200feff3500ae0288001905ba009c
:1031e000ea8f9f009985ba00fb8f9f002f8e970072
:1031f0008c0f550004003a00bf8e97008b8f56004d
:1032000004003a00050037000005eb00caaf9f003c
:10321000020037008005eb00cbaf9f00620040004a
:10322000e0804800a10288008984e8001900ba0003
:1032300080979f009984ba0099979f004f8e9700be
:103240008c0f500004003a00df8e97008d8f5400e1
:1032500004003a00050037000000eb00c0af9f00fb
:10326000020037008000eb00c1af9f008500d10055
:103270000480d30081047800a9a79f00c9ff2f0014
:103280008084640099a79f001fa09700afa09700bb
:10329000000540008185480067064500e0864d0036
:1032a000bca79f00cda79f008004eb00a98f9f00c3
:1032b000b98f9f00c98f9f00d98f9f00fdff20000d
:1032c0008d0f5200e08f5a00190036008505d1009d
:1032d0000485d300e30465000408a3000c00320059
:1032e0008904d0002902b0002af72f000f054500fd
:1032f000890445000805d0008fb597000b054500ef
:103300001a0578004855dd00990c75002a00370031
:103310008904d0000805d0000fb697000c054500c1
:103320009a067800c906b1008db77c0022003700ec
:103330008505d1000485d300e30465000408a300db
:10334000110032000807d0000fb697000c074700a5
:103350001e0778004877dd008904d0002902b000fc
:103360002df72f008f86460089844600990c770040
:103370000a0545008b854d008fa497000a854400ff
:103380001a0d77000c0037000807d0000fb6970021
:103390000c0747001e0778008904d000c906b10059
:1033a0008eb77c000a0545008b854d008fa49700e1
:1033b0000a8544000e0d780061034300e0834b0052
:1033c0000804e80061024200e0824a002fb597003d
:1033d000bfb59700860f5500878f5d0032ff3e0016
:1033e0001b002000ab9f9f00280137001b0020001e
:1033f0002f9e97000c00e0006e0032008006eb006c
:10340000ad9f9f00f43f290025002000840f50004d
:10341000858f580067003e00820f5000838f580050
:103420001700390005802f00380024000680200096
:103430000700200063398800028262005439880046
:10344000483988000600fc005405200074398800c3
:10345000a40a20007439880029e7a80000000000b1
:10346000000000002807e200feff350002014300d3
:1034700083814b00820f5000838f5800edff310095
:10348000a20f2000a20288000001eb00af8a970083
:103490000509bb00bf8997000389bb0022002000fb
:1034a000cf8997000309bb00df8997000389bb0020
:1034b00061398800503988001200240042398800a0
:1034c0000600fc005205200072398800a20a200084
:1034d0007239880029e7a800000000000000000001
:1034e0002807e200feff35000003eb001b00200070
:1034f000ef939700613eb800df949700614cb800ed
:1035000088b79f0099b79f0006047800af91970095
:103510006119b800e2af9f00f3af9f00ccaf9f00ee
:10352000ddaf9f00a10288009003ba006136b800a9
:10353000acb79f00bdb79f004269dd00ce61de00e1
:10354000830171004261dd00cfae97008d02410022
:10355000870a78001082ba00bf949700890341005f
:10356000840b78000fb597008a034100950278001c
:10357000978f520005003a006fae97000c01410092
:10358000920f520003003a000300370088057800cc
:1035900001003700880578000603e800620040005b
:1035a000e0804800e20f5300deff3a008006eb00a7
:1035b000ad9f9f002c27ef002a27ef00300024004a
:1035c000403988000600fc00500520007039880052
:1035d000a00a20007039880029e7a8000000000038
:1035e000000000002807e200feff35002200200056
:1035f000030020000002eb006000b8008fa29700db
:10360000e5af9f00050378008682e800612cb800d2
:10361000c8af9f00d9af9f00e4024300612eb800fd
:10362000acaf9f00bdaf9f00e6024300612bb80026
:1036300086af9f0097af9f00ebb79f00a50f2000bc
:10364000a50288006123b800433cdd00cd34de00d4
:10365000890474004334dd00a8b79f00b9b79f0008
:103660006fae97000805be0008044600e0844c00d9
:103670008002eb00980abb004fab9700dfab9700ce
:103680000a0343008b834b00c6b79f00d7b79f0048
:10369000968abb002fae9700bfae97000a03460084
:1036a0008b834e002d002000960ebb000fae9700be
:1036b0009fae97000a0546008b854e008ab79f0093
:1036c0009bb79f002d0020009a8ebb00400ede00ad
:1036d0000d0020008c0278006c398800000578000d
:1036e000503988001e0024004e3988000600fc0076
:1036f0005e0520007e398800ae0a20007e398800f1
:1037000029e7a8000000000000000000efb59700c6
:10371000f2b79f0083bf9f004fb69700dfb69700b8
:10372000a6b79f00b7b79f002807e200feff35004d
:10373000ebb79f007fb197008fb99700ccb79f0080
:10374000ddb79f002fb39700bfb39700a502880095
:103750009a02ba00e58f9f001a85ba00fa8f9f007f
:10376000988f520004003a004fb697009c0f550006
:1037700004003a00050037000004eb00e8b79f00a2
:10378000020037008004eb00e9b79f00a302880025
:103790009202ba0085979f001284ba0098979f0002
:1037a000968f520004003a008fb29700950f540094
:1037b00004003a00050037000005eb00eab79f005f
:1037c000020037008005eb00ebb79f00640040006b
:1037d000e08048000402e80064014100e081490003
:1037e0000c8020008c0f5000e08f580093ff3a00af
:1037f000efb59700020021008fa697008286460051
:103800008da79f0002102000e18f55000f003a00a5
:10381000820178000002be001011800080806100eb
:10382000fdff3200a20520002211880003102000b5
:103830001211800082806100fdff32000400be0092
:103840000000fe006011b800130037000002be0047
:103850001311800083006100fdff32000400be00f0
:1038600062042000221188006011b80015003700a2
:103870002f3a97006123b800f6979f00879f9f001b
:103880000500370017002000c7af9f004fac97001e
:10389000e10f54000b003a00051020000003be00a9
:1038a0001911800089806200fdff32000600be0011
:1038b000b4042000241188000002eb008402780088
:1038c00039fc3700051020000003be001a118000eb
:1038d0008a806200fdff32000600be006404200002
:1038e000241188000002eb00840278002efc3700cf
:1038f000e28f52000b003a00051020000003be00ca
:103900001b1180008b806200fdff32000600be00ac
:10391000e4042000241188000002eb0084027800f7
:1039200021fc37000002eb00e38f52001efc3a003e
:10393000051020000003be001c1180008c80620076
:10394000fdff32000600be0084052000241188001f
:103950000002eb008402780013fc370015aea800cb
:1039600014eea800158ea80015cea8008006eb0066
:10397000dda79f0035002000ddff370015aea80051
:1039800014eea800158ea80015cea8000002eb00ca
:10399000d4a79f0035002000d5ff370015aea80042
:1039a00014eea800158ea80015cea8008002eb002a
:1039b000d5a79f0035002000cdff370015aea80029
:1039c00014eea800158ea80015cea8000003eb0089
:1039d000d6a79f0035002000c5ff370015aea80010
:1039e00014eea800158ea80015cea8008003eb00e9
:1039f000d7a79f0035002000bdff370015aea800f7
:103a000014eea800158ea80015cea8000004eb0047
:103a1000d8a79f0035002000b5ff370015aea800dd
:103a200014eea800158ea80015cea8008004eb00a7
:103a3000d9a79f0035002000adff370015aea800c4
:103a400014eea800158ea80015cea8000005eb0006
:103a5000daa79f0035002000a5ff370015aea800ab
:103a600014eea800158ea80015cea8008005eb0066
:103a7000dba79f00350020009dff370015aea80092
:103a800014eea800158ea80015cea8000006eb00c5
:103a9000dca79f002500200095ff370000000000f4
:103aa0000000000000000000000000000000000016
:103ab0000000000000000000000000000000000006
:103ac00000000000000000000000000000000000f6
:103ad00000000000000000000000000000000000e6
:103ae00000000000000000000000000000000000d6
:103af00000000000000000000000000000000000c6
:103b000000000000000000000000000000000000b5
:103b100000000000000000000000000000000000a5
:103b20000000000000000000000000000000000095
:103b30000000000000000000000000000000000085
:103b40000000000000000000000000000000000075
:103b50000000000000000000000000000000000065
:103b60000000000000000000000000000000000055
:103b70000000000000000000000000000000000045
:103b80000000000000000000000000000000000035
:103b90000000000000000000000000000000000025
:103ba0000000000000000000000000000000000015
:103bb0000000000000000000000000000000000005
:103bc00000000000000000000000000000000000f5
:103bd00000000000000000000000000000000000e5
:103be00000000000000000000000000000000000d5
:103bf00000000000000000000000000000000000c5
:103c000000000000000000000000000000000000b4
:103c100000000000000000000000000000000000a4
:103c20000000000000000000000000000000000094
:103c30000000000000000000000000000000000084
:103c40000000000000000000000000000000000074
:103c50000000000000000000000000000000000064
:103c60000000000000000000000000000000000054
:103c70000000000000000000000000000000000044
:103c80000000000000000000000000000000000034
:103c90000000000000000000000000000000000024
:103ca0000000000000000000000000000000000014
:103cb0000000000000000000000000000000000004
:103cc00000000000000000000000000000000000f4
:103cd00000000000000000000000000000000000e4
:103ce00000000000000000000000000000000000d4
:103cf00000000000000000000000000000000000c4
:103d000000000000000000000000000000000000b3
:103d100000000000000000000000000000000000a3
:103d20000000000000000000000000000000000093
:103d30000000000000000000000000000000000083
:103d40000000000000000000000000000000000073
:103d50000000000000000000000000000000000063
:103d60000000000000000000000000000000000053
:103d70000000000000000000000000000000000043
:103d80000000000000000000000000000000000033
:103d90000000000000000000000000000000000023
:103da0000000000000000000000000000000000013
:103db0000000000000000000000000000000000003
:103dc00000000000000000000000000000000000f3
:103dd00000000000000000000000000000000000e3
:103de00000000000000000000000000000000000d3
:103df00000000000000000000000000000000000c3
:103e000000000000000000000000000000000000b2
:103e100000000000000000000000000000000000a2
:103e20000000000000000000000000000000000092
:103e30000000000000000000000000000000000082
:103e40000000000000000000000000000000000072
:103e50000000000000000000000000000000000062
:103e60000000000000000000000000000000000052
:103e70000000000000000000000000000000000042
:103e80000000000000000000000000000000000032
:103e90000000000000000000000000000000000022
:103ea0000000000000000000000000000000000012
:103eb0000000000000000000000000000000000002
:103ec00000000000000000000000000000000000f2
:103ed00000000000000000000000000000000000e2
:103ee00000000000000000000000000000000000d2
:103ef00000000000000000000000000000000000c2
:103f000000000000000000000000000000000000b1
:103f100000000000000000000000000000000000a1
:103f20000000000000000000000000000000000091
:103f30000000000000000000000000000000000081
:103f40000000000000000000000000000000000071
:103f50000000000000000000000000000000000061
:103f60000000000000000000000000000000000051
:103f70000000000000000000000000000000000041
:103f80000000000000000000000000000000000031
:103f90000000000000000000000000000000000021
:103fa0000000000000000000000000000000000011
:103fb0000000000000000000000000000000000001
:103fc00000000000000000000000000000000000f1
:103fd00000000000000000000000000000000000e1
:103fe00000000000000000000000000000000000d1
:103ff00000000000000000000000000000000000c1
:1040000000000000000000000000000000000000b0
:1040100000000000000000000000000000000000a0
:104020000000000000000000000000000000000090
:104030000000000000000000000000000000000080
:104040000000000000000000000000000000000070
:104050000000000000000000000000000000000060
:104060000000000000000000000000000000000050
:104070000000000000000000000000000000000040
:104080000000000000000000000000000000000030
:104090000000000000000000000000000000000020
:1040a0000000000000000000000000000000000010
:1040b0000000000000000000000000000000000000
:1040c00000000000000000000000000000000000f0
:1040d00000000000000000000000000000000000e0
:1040e00000000000000000000000000000000000d0
:1040f00000000000000000000000000000000000c0
:1041000000000000000000000000000000000000af
:10411000000000000000000000000000000000009f
:10412000000000000000000000000000000000008f
:10413000000000000000000000000000000000007f
:10414000000000000000000000000000000000006f
:10415000000000000000000000000000000000005f
:10416000000000000000000000000000000000004f
:10417000000000000000000000000000000000003f
:10418000000000000000000000000000000000002f
:10419000000000000000000000000000000000001f
:1041a000000000000000000000000000000000000f
:1041b00000000000000000000000000000000000ff
:1041c00000000000000000000000000000000000ef
:1041d00000000000000000000000000000000000df
:1041e00000000000000000000000000000000000cf
:1041f00000000000000000000000000000000000bf
:1042000000000000000000000000000000000000ae
:10421000000000000000000000000000000000009e
:10422000000000000000000000000000000000008e
:10423000000000000000000000000000000000007e
:10424000000000000000000000000000000000006e
:10425000000000000000000000000000000000005e
:10426000000000000000000000000000000000004e
:10427000000000000000000000000000000000003e
:10428000000000000000000000000000000000002e
:10429000000000000000000000000000000000001e
:1042a000000000000000000000000000000000000e
:1042b00000000000000000000000000000000000fe
:1042c00000000000000000000000000000000000ee
:1042d00000000000000000000000000000000000de
:1042e00000000000000000000000000000000000ce
:1042f00000000000000000000000000000000000be
:1043000000000000000000000000000000000000ad
:10431000000000000000000000000000000000009d
:10432000000000000000000000000000000000008d
:10433000000000000000000000000000000000007d
:10434000000000000000000000000000000000006d
:10435000000000000000000000000000000000005d
:10436000000000000000000000000000000000004d
:10437000000000000000000000000000000000003d
:10438000000000000000000000000000000000002d
:10439000000000000000000000000000000000001d
:1043a000000000000000000000000000000000000d
:1043b00000000000000000000000000000000000fd
:1043c00000000000000000000000000000000000ed
:1043d00000000000000000000000000000000000dd
:1043e00000000000000000000000000000000000cd
:1043f00000000000000000000000000000000000bd
:1044000000000000000000000000000000000000ac
:10441000000000000000000000000000000000009c
:10442000000000000000000000000000000000008c
:10443000000000000000000000000000000000007c
:10444000000000000000000000000000000000006c
:10445000000000000000000000000000000000005c
:10446000000000000000000000000000000000004c
:10447000000000000000000000000000000000003c
:10448000000000000000000000000000000000002c
:10449000000000000000000000000000000000001c
:1044a000000000000000000000000000000000000c
:1044b00000000000000000000000000000000000fc
:1044c00000000000000000000000000000000000ec
:1044d00000000000000000000000000000000000dc
:1044e00000000000000000000000000000000000cc
:1044f00000000000000000000000000000000000bc
:1045000000000000000000000000000000000000ab
:10451000000000000000000000000000000000009b
:10452000000000000000000000000000000000008b
:10453000000000000000000000000000000000007b
:10454000000000000000000000000000000000006b
:10455000000000000000000000000000000000005b
:10456000000000000000000000000000000000004b
:10457000000000000000000000000000000000003b
:10458000000000000000000000000000000000002b
:10459000000000000000000000000000000000001b
:1045a000000000000000000000000000000000000b
:1045b00000000000000000000000000000000000fb
:1045c00000000000000000000000000000000000eb
:1045d00000000000000000000000000000000000db
:1045e00000000000000000000000000000000000cb
:1045f00000000000000000000000000000000000bb
:1046000000000000000000000000000000000000aa
:10461000000000000000000000000000000000009a
:10462000000000000000000000000000000000008a
:10463000000000000000000000000000000000007a
:10464000000000000000000000000000000000006a
:10465000000000000000000000000000000000005a
:10466000000000000000000000000000000000004a
:10467000000000000000000000000000000000003a
:10468000000000000000000000000000000000002a
:10469000000000000000000000000000000000001a
:1046a000000000000000000000000000000000000a
:1046b00000000000000000000000000000000000fa
:1046c00000000000000000000000000000000000ea
:1046d00000000000000000000000000000000000da
:1046e00000000000000000000000000000000000ca
:1046f00000000000000000000000000000000000ba
:1047000000000000000000000000000000000000a9
:104710000000000000000000000000000000000099
:104720000000000000000000000000000000000089
:104730000000000000000000000000000000000079
:104740000000000000000000000000000000000069
:104750000000000000000000000000000000000059
:104760000000000000000000000000000000000049
:104770000000000000000000000000000000000039
:104780000000000000000000000000000000000029
:104790000000000000000000000000000000000019
:1047a0000000000000000000000000000000000009
:1047b00000000000000000000000000000000000f9
:1047c00000000000000000000000000000000000e9
:1047d00000000000000000000000000000000000d9
:1047e00000000000000000000000000000000000c9
:1047f00000000000000000000000000000000000b9
:1048000000000000000000000000000000000000a8
:104810000000000000000000000000000000000098
:104820000000000000000000000000000000000088
:104830000000000000000000000000000000000078
:104840000000000000000000000000000000000068
:104850000000000000000000000000000000000058
:104860000000000000000000000000000000000048
:104870000000000000000000000000000000000038
:104880000000000000000000000000000000000028
:104890000000000000000000000000000000000018
:1048a0000000000000000000000000000000000008
:1048b00000000000000000000000000000000000f8
:1048c00000000000000000000000000000000000e8
:1048d00000000000000000000000000000000000d8
:1048e00000000000000000000000000000000000c8
:1048f00000000000000000000000000000000000b8
:1049000000000000000000000000000000000000a7
:104910000000000000000000000000000000000097
:104920000000000000000000000000000000000087
:104930000000000000000000000000000000000077
:104940000000000000000000000000000000000067
:104950000000000000000000000000000000000057
:104960000000000000000000000000000000000047
:104970000000000000000000000000000000000037
:104980000000000000000000000000000000000027
:104990000000000000000000000000000000000017
:1049a0000000000000000000000000000000000007
:1049b00000000000000000000000000000000000f7
:1049c00000000000000000000000000000000000e7
:1049d00000000000000000000000000000000000d7
:1049e00000000000000000000000000000000000c7
:1049f00000000000000000000000000000000000b7
:104a000000000000000000000000000000000000a6
:104a10000000000000000000000000000000000096
:104a20000000000000000000000000000000000086
:104a30000000000000000000000000000000000076
:104a40000000000000000000000000000000000066
:104a50000000000000000000000000000000000056
:104a60000000000000000000000000000000000046
:104a70000000000000000000000000000000000036
:104a80000000000000000000000000000000000026
:104a90000000000000000000000000000000000016
:104aa0000000000000000000000000000000000006
:104ab00000000000000000000000000000000000f6
:104ac00000000000000000000000000000000000e6
:104ad00000000000000000000000000000000000d6
:104ae00000000000000000000000000000000000c6
:104af00000000000000000000000000000000000b6
:104b000000000000000000000000000000000000a5
:104b10000000000000000000000000000000000095
:104b20000000000000000000000000000000000085
:104b30000000000000000000000000000000000075
:104b40000000000000000000000000000000000065
:104b50000000000000000000000000000000000055
:104b60000000000000000000000000000000000045
:104b70000000000000000000000000000000000035
:104b80000000000000000000000000000000000025
:104b90000000000000000000000000000000000015
:104ba0000000000000000000000000000000000005
:104bb00000000000000000000000000000000000f5
:104bc00000000000000000000000000000000000e5
:104bd00000000000000000000000000000000000d5
:104be00000000000000000000000000000000000c5
:104bf00000000000000000000000000000000000b5
:104c000000000000000000000000000000000000a4
:104c10000000000000000000000000000000000094
:104c20000000000000000000000000000000000084
:104c30000000000000000000000000000000000074
:104c40000000000000000000000000000000000064
:104c50000000000000000000000000000000000054
:104c60000000000000000000000000000000000044
:104c70000000000000000000000000000000000034
:104c80000000000000000000000000000000000024
:104c90000000000000000000000000000000000014
:104ca0000000000000000000000000000000000004
:104cb00000000000000000000000000000000000f4
:104cc00000000000000000000000000000000000e4
:104cd00000000000000000000000000000000000d4
:104ce00000000000000000000000000000000000c4
:104cf00000000000000000000000000000000000b4
:104d000000000000000000000000000000000000a3
:104d10000000000000000000000000000000000093
:104d20000000000000000000000000000000000083
:104d30000000000000000000000000000000000073
:104d40000000000000000000000000000000000063
:104d50000000000000000000000000000000000053
:104d60000000000000000000000000000000000043
:104d70000000000000000000000000000000000033
:104d80000000000000000000000000000000000023
:104d90000000000000000000000000000000000013
:104da0000000000000000000000000000000000003
:104db00000000000000000000000000000000000f3
:104dc00000000000000000000000000000000000e3
:104dd00000000000000000000000000000000000d3
:104de00000000000000000000000000000000000c3
:104df00000000000000000000000000000000000b3
:104e000000000000000000000000000000000000a2
:104e10000000000000000000000000000000000092
:104e20000000000000000000000000000000000082
:104e30000000000000000000000000000000000072
:104e40000000000000000000000000000000000062
:104e50000000000000000000000000000000000052
:104e60000000000000000000000000000000000042
:104e70000000000000000000000000000000000032
:104e80000000000000000000000000000000000022
:104e90000000000000000000000000000000000012
:104ea0000000000000000000000000000000000002
:104eb00000000000000000000000000000000000f2
:104ec00000000000000000000000000000000000e2
:104ed00000000000000000000000000000000000d2
:104ee00000000000000000000000000000000000c2
:104ef00000000000000000000000000000000000b2
:104f000000000000000000000000000000000000a1
:104f10000000000000000000000000000000000091
:104f20000000000000000000000000000000000081
:104f30000000000000000000000000000000000071
:104f40000000000000000000000000000000000061
:104f50000000000000000000000000000000000051
:104f60000000000000000000000000000000000041
:104f70000000000000000000000000000000000031
:104f80000000000000000000000000000000000021
:104f90000000000000000000000000000000000011
:104fa0000000000000000000000000000000000001
:104fb00000000000000000000000000000000000f1
:104fc00000000000000000000000000000000000e1
:104fd00000000000000000000000000000000000d1
:104fe00000000000000000000000000000000000c1
:104ff00000000000000000000000000000000000b1
:1050000000000000000000000000000000000000a0
:105010000000000000000000000000000000000090
:105020000000000000000000000000000000000080
:105030000000000000000000000000000000000070
:105040000000000000000000000000000000000060
:105050000000000000000000000000000000000050
:105060000000000000000000000000000000000040
:105070000000000000000000000000000000000030
:105080000000000000000000000000000000000020
:105090000000000000000000000000000000000010
:1050a0000000000000000000000000000000000000
:1050b00000000000000000000000000000000000f0
:1050c00000000000000000000000000000000000e0
:1050d00000000000000000000000000000000000d0
:1050e00000000000000000000000000000000000c0
:1050f00000000000000000000000000000000000b0
:10510000000000000000000000000000000000009f
:10511000000000000000000000000000000000008f
:10512000000000000000000000000000000000007f
:10513000000000000000000000000000000000006f
:10514000000000000000000000000000000000005f
:10515000000000000000000000000000000000004f
:10516000000000000000000000000000000000003f
:10517000000000000000000000000000000000002f
:10518000000000000000000000000000000000001f
:10519000000000000000000000000000000000000f
:1051a00000000000000000000000000000000000ff
:1051b00000000000000000000000000000000000ef
:1051c00000000000000000000000000000000000df
:1051d00000000000000000000000000000000000cf
:1051e00000000000000000000000000000000000bf
:1051f00000000000000000000000000000000000af
:10520000000000000000000000000000000000009e
:10521000000000000000000000000000000000008e
:10522000000000000000000000000000000000007e
:10523000000000000000000000000000000000006e
:10524000000000000000000000000000000000005e
:10525000000000000000000000000000000000004e
:10526000000000000000000000000000000000003e
:10527000000000000000000000000000000000002e
:10528000000000000000000000000000000000001e
:10529000000000000000000000000000000000000e
:1052a00000000000000000000000000000000000fe
:1052b00000000000000000000000000000000000ee
:1052c00000000000000000000000000000000000de
:1052d00000000000000000000000000000000000ce
:1052e00000000000000000000000000000000000be
:1052f00000000000000000000000000000000000ae
:10530000000000000000000000000000000000009d
:10531000000000000000000000000000000000008d
:10532000000000000000000000000000000000007d
:10533000000000000000000000000000000000006d
:10534000000000000000000000000000000000005d
:10535000000000000000000000000000000000004d
:10536000000000000000000000000000000000003d
:10537000000000000000000000000000000000002d
:10538000000000000000000000000000000000001d
:10539000000000000000000000000000000000000d
:1053a00000000000000000000000000000000000fd
:1053b00000000000000000000000000000000000ed
:1053c00000000000000000000000000000000000dd
:1053d00000000000000000000000000000000000cd
:1053e00000000000000000000000000000000000bd
:1053f00000000000000000000000000000000000ad
:10540000000000000000000000000000000000009c
:10541000000000000000000000000000000000008c
:10542000000000000000000000000000000000007c
:10543000000000000000000000000000000000006c
:10544000000000000000000000000000000000005c
:10545000000000000000000000000000000000004c
:10546000000000000000000000000000000000003c
:10547000000000000000000000000000000000002c
:10548000000000000000000000000000000000001c
:10549000000000000000000000000000000000000c
:1054a00000000000000000000000000000000000fc
:1054b00000000000000000000000000000000000ec
:1054c00000000000000000000000000000000000dc
:1054d00000000000000000000000000000000000cc
:1054e00000000000000000000000000000000000bc
:1054f00000000000000000000000000000000000ac
:10550000000000000000000000000000000000009b
:10551000000000000000000000000000000000008b
:10552000000000000000000000000000000000007b
:10553000000000000000000000000000000000006b
:10554000000000000000000000000000000000005b
:10555000000000000000000000000000000000004b
:10556000000000000000000000000000000000003b
:10557000000000000000000000000000000000002b
:10558000000000000000000000000000000000001b
:10559000000000000000000000000000000000000b
:1055a00000000000000000000000000000000000fb
:1055b00000000000000000000000000000000000eb
:1055c00000000000000000000000000000000000db
:1055d00000000000000000000000000000000000cb
:1055e00000000000000000000000000000000000bb
:1055f00000000000000000000000000000000000ab
:10560000000000000000000000000000000000009a
:10561000000000000000000000000000000000008a
:10562000000000000000000000000000000000007a
:10563000000000000000000000000000000000006a
:10564000000000000000000000000000000000005a
:10565000000000000000000000000000000000004a
:10566000000000000000000000000000000000003a
:10567000000000000000000000000000000000002a
:10568000000000000000000000000000000000001a
:10569000000000000000000000000000000000000a
:1056a00000000000000000000000000000000000fa
:1056b00000000000000000000000000000000000ea
:1056c00000000000000000000000000000000000da
:1056d00000000000000000000000000000000000ca
:1056e00000000000000000000000000000000000ba
:1056f00000000000000000000000000000000000aa
:105700000000000000000000000000000000000099
:105710000000000000000000000000000000000089
:105720000000000000000000000000000000000079
:105730000000000000000000000000000000000069
:105740000000000000000000000000000000000059
:105750000000000000000000000000000000000049
:105760000000000000000000000000000000000039
:105770000000000000000000000000000000000029
:105780000000000000000000000000000000000019
:105790000000000000000000000000000000000009
:1057a00000000000000000000000000000000000f9
:1057b00000000000000000000000000000000000e9
:1057c00000000000000000000000000000000000d9
:1057d00000000000000000000000000000000000c9
:1057e00000000000000000000000000000000000b9
:1057f00000000000000000000000000000000000a9
:105800000000000000000000000000000000000098
:105810000000000000000000000000000000000088
:105820000000000000000000000000000000000078
:105830000000000000000000000000000000000068
:105840000000000000000000000000000000000058
:105850000000000000000000000000000000000048
:105860000000000000000000000000000000000038
:105870000000000000000000000000000000000028
:105880000000000000000000000000000000000018
:105890000000000000000000000000000000000008
:1058a00000000000000000000000000000000000f8
:1058b00000000000000000000000000000000000e8
:1058c00000000000000000000000000000000000d8
:1058d00000000000000000000000000000000000c8
:1058e00000000000000000000000000000000000b8
:1058f00000000000000000000000000000000000a8
:105900000000000000000000000000000000000097
:105910000000000000000000000000000000000087
:105920000000000000000000000000000000000077
:105930000000000000000000000000000000000067
:105940000000000000000000000000000000000057
:105950000000000000000000000000000000000047
:105960000000000000000000000000000000000037
:105970000000000000000000000000000000000027
:105980000000000000000000000000000000000017
:105990000000000000000000000000000000000007
:1059a00000000000000000000000000000000000f7
:1059b00000000000000000000000000000000000e7
:1059c00000000000000000000000000000000000d7
:1059d00000000000000000000000000000000000c7
:1059e00000000000000000000000000000000000b7
:1059f00000000000000000000000000000000000a7
:105a00000000000000000000000000000000000096
:105a10000000000000000000000000000000000086
:105a20000000000000000000000000000000000076
:105a30000000000000000000000000000000000066
:105a40000000000000000000000000000000000056
:105a50000000000000000000000000000000000046
:105a60000000000000000000000000000000000036
:105a70000000000000000000000000000000000026
:105a80000000000000000000000000000000000016
:105a90000000000000000000000000000000000006
:105aa00000000000000000000000000000000000f6
:105ab00000000000000000000000000000000000e6
:105ac00000000000000000000000000000000000d6
:105ad00000000000000000000000000000000000c6
:105ae00000000000000000000000000000000000b6
:105af00000000000000000000000000000000000a6
:105b00000000000000000000000000000000000095
:105b10000000000000000000000000000000000085
:105b20000000000000000000000000000000000075
:105b30000000000000000000000000000000000065
:105b40000000000000000000000000000000000055
:105b50000000000000000000000000000000000045
:105b60000000000000000000000000000000000035
:105b70000000000000000000000000000000000025
:105b80000000000000000000000000000000000015
:105b90000000000000000000000000000000000005
:105ba00000000000000000000000000000000000f5
:105bb00000000000000000000000000000000000e5
:105bc00000000000000000000000000000000000d5
:105bd00000000000000000000000000000000000c5
:105be00000000000000000000000000000000000b5
:105bf00000000000000000000000000000000000a5
:105c00000000000000000000000000000000000094
:105c10000000000000000000000000000000000084
:105c20000000000000000000000000000000000074
:105c30000000000000000000000000000000000064
:105c40000000000000000000000000000000000054
:105c50000000000000000000000000000000000044
:105c60000000000000000000000000000000000034
:105c70000000000000000000000000000000000024
:105c80000000000000000000000000000000000014
:105c90000000000000000000000000000000000004
:105ca00000000000000000000000000000000000f4
:105cb00000000000000000000000000000000000e4
:105cc00000000000000000000000000000000000d4
:105cd00000000000000000000000000000000000c4
:105ce00000000000000000000000000000000000b4
:105cf00000000000000000000000000000000000a4
:105d00000000000000000000000000000000000093
:105d10000000000000000000000000000000000083
:105d20000000000000000000000000000000000073
:105d30000000000000000000000000000000000063
:105d40000000000000000000000000000000000053
:105d50000000000000000000000000000000000043
:105d60000000000000000000000000000000000033
:105d70000000000000000000000000000000000023
:105d80000000000000000000000000000000000013
:105d90000000000000000000000000000000000003
:105da00000000000000000000000000000000000f3
:105db00000000000000000000000000000000000e3
:105dc00000000000000000000000000000000000d3
:105dd00000000000000000000000000000000000c3
:105de00000000000000000000000000000000000b3
:105df00000000000000000000000000000000000a3
:105e00000000000000000000000000000000000092
:105e10000000000000000000000000000000000082
:105e20000000000000000000000000000000000072
:105e30000000000000000000000000000000000062
:105e40000000000000000000000000000000000052
:105e50000000000000000000000000000000000042
:105e60000000000000000000000000000000000032
:105e70000000000000000000000000000000000022
:105e80000000000000000000000000000000000012
:105e90000000000000000000000000000000000002
:105ea00000000000000000000000000000000000f2
:105eb00000000000000000000000000000000000e2
:105ec00000000000000000000000000000000000d2
:105ed00000000000000000000000000000000000c2
:105ee00000000000000000000000000000000000b2
:105ef00000000000000000000000000000000000a2
:105f00000000000000000000000000000000000091
:105f10000000000000000000000000000000000081
:105f20000000000000000000000000000000000071
:105f30000000000000000000000000000000000061
:105f40000000000000000000000000000000000051
:105f50000000000000000000000000000000000041
:105f60000000000000000000000000000000000031
:105f70000000000000000000000000000000000021
:105f80000000000000000000000000000000000011
:105f90000000000000000000000000000000000001
:105fa00000000000000000000000000000000000f1
:105fb00000000000000000000000000000000000e1
:105fc00000000000000000000000000000000000d1
:085fd0000000000000000000c9
:020000040000fa
:020000040005f5
:045fe000cfff0000ef
:020000040000fa
:020000040005f5
:045fe400efff0000cb
:020000040000fa
:020000040005f5
:045fe800f9ff0000bd
:020000040000fa
:020000040005f5
:045fec0039ff000079
:020000040000fa
:020000040005f5
:045ff0007bff000033
:020000040000fa
:020000040005f5
:045ff400ffffff00ac
:00000001FF
