:020000040000fa
:080000000002040000000000f2
:020000040000fa
:040008006c06000082
:020000040000fa
:04000c005806000092
:020000040000fa
:040010005c0600008a
:020000040000fa
:040014005e06000084
:020000040000fa
:04001800620600007c
:020000040000fa
:04001c006606000074
:020000040000fa
:040020006c0600006a
:020000040000fa
:040024006c06000066
:020000040000fa
:040028006c06000062
:020000040000fa
:04002c006c0600005e
:020000040000fa
:040030006c0600005a
:020000040000fa
:040034006c06000056
:020000040000fa
:04003800fa020000c8
:020000040000fa
:04003c006c0600004e
:020000040000fa
:040040006c0600004a
:020000040000fa
:040044008404000030
:020000040000fa
:040048009c04000014
:020000040000fa
:04004c006c0600003e
:020000040000fa
:040050006c0600003a
:020000040000fa
:040054002205000081
:020000040000fa
:04005800f8050000a7
:020000040000fa
:04005c006c0600002e
:020000040000fa
:04006000d0030000c9
:020000040000fa
:040064006c06000026
:020000040000fa
:040068006c06000022
:020000040000fa
:04006c006c0600001e
:020000040000fa
:040070006c0600001a
:020000040000fa
:040074006c06000016
:020000040000fa
:040078006c06000012
:020000040000fa
:04007c006c0600000e
:020000040000fa
:040080006c0600000a
:020000040000fa
:040084006c06000006
:020000040000fa
:040088006c04000004
:020000040000fa
:04008c006c060000fe
:020000040000fa
:040090006c060000fa
:020000040000fa
:040094006c060000f6
:020000040000fa
:040098006c060000f2
:020000040000fa
:04009c006c060000ee
:020000040000fa
:0400a000e005000077
:020000040000fa
:0400a4001006000042
:020000040000fa
:0400a8006c060000e2
:020000040000fa
:0400ac006c060000de
:020000040000fa
:0400b0006c060000da
:020000040000fa
:0400b4006c060000d6
:020000040000fa
:0400b8006c060000d2
:020000040000fa
:0400bc006c060000ce
:020000040000fa
:0400c0006c060000ca
:020000040000fa
:0400c4006c060000c6
:020000040000fa
:0400c8006c060000c2
:020000040000fa
:0400cc006c060000be
:020000040000fa
:0400d0006c060000ba
:020000040000fa
:0400d4006c060000b6
:020000040000fa
:0400d8006c060000b2
:020000040000fa
:0400dc006c060000ae
:020000040000fa
:0400e0006c060000aa
:020000040000fa
:0400e4006c060000a6
:020000040000fa
:0400e8006c060000a2
:020000040000fa
:0400ec006c0600009e
:020000040000fa
:0400f0006c0600009a
:020000040000fa
:0400f4006c06000096
:020000040000fa
:0400f8006c06000092
:020000040000fa
:0400fc006c0600008e
:020000040000fa
:040100006c06000089
:020000040000fa
:040104006c06000085
:020000040000fa
:040108006c06000081
:020000040000fa
:04010c006c0600007d
:020000040000fa
:040110006c06000079
:020000040000fa
:040114006c06000075
:020000040000fa
:040118006c06000071
:020000040000fa
:04011c006c0600006d
:020000040000fa
:040120006c06000069
:020000040000fa
:040124006c06000065
:020000040000fa
:040128006c06000061
:020000040000fa
:04012c0028060000a1
:020000040000fa
:040130004006000085
:020000040000fa
:040134006c06000055
:020000040000fa
:040138006c06000051
:020000040000fa
:04013c006c0600004d
:020000040000fa
:040140006c06000049
:020000040000fa
:040144006c06000045
:020000040000fa
:040148006c06000041
:020000040000fa
:04014c006c0600003d
:020000040000fa
:040150006c06000039
:020000040000fa
:040154006c06000035
:020000040000fa
:040158006c06000031
:020000040000fa
:04015c006c0600002d
:020000040000fa
:040160006c06000029
:020000040000fa
:040164006c06000025
:020000040000fa
:040168006c06000021
:020000040000fa
:04016c006c0600001d
:020000040000fa
:040170006c06000019
:020000040000fa
:040174006c06000015
:020000040000fa
:040178006c06000011
:020000040000fa
:04017c006c0600000d
:020000040000fa
:040180006c06000009
:020000040000fa
:040184006c06000005
:020000040000fa
:040188006c06000001
:020000040000fa
:04018c006c060000fd
:020000040000fa
:040190006c060000f9
:020000040000fa
:040194006c060000f5
:020000040000fa
:040198006c060000f1
:020000040000fa
:04019c006c060000ed
:020000040000fa
:0401a0006c060000e9
:020000040000fa
:0401a4006c060000e5
:020000040000fa
:0401a8006c060000e1
:020000040000fa
:0401ac006c060000dd
:020000040000fa
:0401b0006c060000d9
:020000040000fa
:0401b4006c060000d5
:020000040000fa
:0401b8006c060000d1
:020000040000fa
:0401bc006c060000cd
:020000040000fa
:0401c0006c060000c9
:020000040000fa
:0401c4006c060000c5
:020000040000fa
:0401c8006c060000c1
:020000040000fa
:0401cc006c060000bd
:020000040000fa
:0401d0006c060000b9
:020000040000fa
:0401d4006c060000b5
:020000040000fa
:0401d8006c060000b1
:020000040000fa
:0401dc006c060000ad
:020000040000fa
:0401e0006c060000a9
:020000040000fa
:0401e4006c060000a5
:020000040000fa
:0401e8006c060000a1
:020000040000fa
:0401ec006c0600009d
:020000040000fa
:0401f0006c06000099
:020000040000fa
:0401f4006c06000095
:020000040000fa
:0401f8006c06000091
:020000040000fa
:0401fc006c0600008d
:020000040000fa
:040200006c06000088
:020000040000fa
:040204006c06000084
:020000040000fa
:040208006c06000080
:020000040000fa
:04020c006c0600007c
:020000040000fa
:040210006c06000078
:020000040000fa
:040214006c06000074
:020000040000fa
:040218006c06000070
:020000040000fa
:04021c006c0600006c
:020000040000fa
:040220006c06000068
:020000040000fa
:040224006c06000064
:020000040000fa
:040228006c06000060
:020000040000fa
:04022c006c0600005c
:020000040000fa
:040230006c06000058
:020000040000fa
:040234006c06000054
:020000040000fa
:040238006c06000050
:020000040000fa
:04023c006c0600004c
:020000040000fa
:040240006c06000048
:020000040000fa
:040244006c06000044
:020000040000fa
:040248006c06000040
:020000040000fa
:04024c006c0600003c
:020000040000fa
:040250006c06000038
:020000040000fa
:040254006c06000034
:020000040000fa
:040258006c06000030
:020000040000fa
:04025c006c0600002c
:020000040000fa
:040260006c06000028
:020000040000fa
:040264006c06000024
:020000040000fa
:040268006c06000020
:020000040000fa
:04026c006c0600001c
:020000040000fa
:040270006c06000018
:020000040000fa
:040274006c06000014
:020000040000fa
:040278006c06000010
:020000040000fa
:04027c006c0600000c
:020000040000fa
:040280006c06000008
:020000040000fa
:100400006f1c2500ae7027000e0188000000000060
:10041000000020000000e000020032000001200087
:1004200020028800140007002d0207000000e000f1
:1004300003003a00a0392c00110020000200370010
:100440000000200001002000810f70000100320038
:100450000f000700000020000000e0000200320052
:1004600000000200000000004271020000000000d5
:100470000040da000000fe00003b20000000e00029
:1004800002003200002020009001880000000600d9
:10049000a1028800800478000000eb001f003700f4
:1004a000e284440054a0b4009905ba00e2844400f8
:1004b00054a0b4009906ba00e284440054a0b400e9
:1004c0000006eb00476fde00fd07b200ae018800ba
:1004d000636ce10003003a000ad801000000eb0061
:1004e0000e003700606ce10008003a00004deb00a0
:1004f0000a05e800020039003420ec000af0a000f0
:100500008b05e900f9ff3e00040037006168e10057
:10051000010032000086eb000b00070019c7ba008b
:100520000e04e0001905ba0003003a000a00e000da
:10053000dbff3a0000000600fe07b200ae028800b2
:100540008a047800f5ff37000cd0a300e20f4d00bd
:100550001c003b0089027800354dba000a05e8000e
:10056000020039003420ec000af0a0008b05e900fd
:100570000f003200254dba000a05e80002003900dc
:100580003420ec000af0a0008b05e90008003200de
:100590000c00e0000600320015cdba000a05e800a4
:1005a000020039003420ec000af0a0008b05e900bd
:1005b0008984e80054a0b4000b00e000e2ff3a0098
:1005c000000006009902ba00055d78008b05e9007d
:1005d000f7ff3200c82ade00055d78008b05e900d0
:1005e000f3ff32000c00e000f1ff320019ddba0029
:1005f000eeff37003600f800809fbe00829fbe00ed
:10060000849fbe00869fbe008e1f78003200f800d7
:100610003400f80010002000a00188000020200015
:1006200000d0fe00ee8747000088a90000e7230005
:1006300010007800610060002500320070f3810036
:1006400040f3890011f3810022f3810033f381002c
:100650000002780055f3810066f38100a0d22300e8
:100660003092020001000000b0e781000000e000cd
:1006700014003400e1ce23006c8057008c900200ff
:10068000010000006c8757003e007800be00780033
:1006900010f3890021f389003e007800be00780045
:1006a00030f3890041f389001e0078009e0090001d
:1006b00050f3890061f3890011f3810041588800eb
:1006c00027003700805f21001008e8002400370071
:1006d00070f38100e0f28900b1f28100c2f2810082
:1006e000d3f2810000027800f5f2810006f3810068
:1006f000a0d223003092020001000000b0e7810088
:100700000000e00014003400e1ce23006c805700ac
:100710008c900200010000006c8757003e007800ba
:10072000be007800b0f28900c1f289003e00780076
:10073000be007800d0f28900e1f289001e00780046
:100740009e009000f0f2890001f38900b1f281006f
:100750002158880002003700805f21001008e8005f
:1007600000e72300900078000181ea006101610048
:100770000100a10002887000ef00b1003400f90010
:100780003200f9004f0778004f03be004f02be0051
:100790004f01be004f00be003600f90000400600c9
:1007a0003600f800809fbe00829fbe00849fbe007e
:1007b000869fbe00881f78003200f8003400f800e1
:1007c00010002000a00188000020200000d0fe00c2
:1007d00001c8a90060e781000008a3001c003a00de
:1007e0000028a3000d00320047512100a64d210032
:1007f0008565210004eb230023682100e2cc23005f
:1008000021cc2300a0ca230062fc020000000000eb
:10081000c0ce23001020a100260037004751210040
:10082000a64d21008565210004eb230023682100eb
:10083000e2cc230061cb2300e0c9230062fc02006c
:1008400000000000c0ce23001020a00019003700d7
:10085000c8ce23001800a100102bef00202bef00c2
:100860000629ef00130020000230200041902000f4
:100870006090200042ce0200010000001810a1008c
:1008800080ab800091ab8000825d21004406200097
:1008900005002000041940000591480053a880007d
:1008a0008258210000824100e08248000489be0095
:1008b00021c8a9003400f9003200f9004f04780083
:1008c0004f03be004f02be004f01be004f00be00ee
:1008d0003600f900004006003200f8003400f8004d
:1008e000881f780018002000a80188000820200038
:1008f00008d0fe004f0478000308a9003400f90076
:100900003200f900004006003200f8003400f80020
:10091000881f780018002000a80188000820200007
:1009200008d0fe004f04780000e8a9003400f90068
:100930003200f90000400600809fbe00829fbe008a
:100940003200f8003400f80010002000a0018800f8
:100950000020200000d0fe000108a90060b0800047
:100960007008880070b0800021612100910f500054
:1009700001003e000e21ec0001612100910f5000aa
:1009800002003a00e06021000008eb00e060210076
:100990001008e80040652100100078006100600048
:1009a0000a003200416121001100e800800878004f
:1009b00041632100910f500004003900606521005f
:1009c0001000a000406121000008eb0040652100fc
:1009d00010007800620060000a00320061612100ae
:1009e0001100e8008008780061632100910f500039
:1009f00004003900606521001010a0006061210032
:100a00000008eb00b0b280000008a300080032002c
:100a1000616521000000a100800878004057210096
:100a200012002000030020001008410050904900ef
:100a30003400f9003200f9004f01be004f00be0043
:100a400000400600809fbe00829fbe00849fbe00c3
:100a5000869fbe00889fbe008a9fbe008c9fbe00fe
:100a60008e1f78003200f8003400f80010002000db
:100a7000a00188000020200000d0fe000168a9002d
:100a800001682100060c2000626621002567210014
:100a9000236621006d672100846721008e65210097
:100aa0008c66210036003700371180001104780071
:100ab000700064002c003a0012007800950f50007e
:100ac00025003d00130478006145b9008a8fd200eb
:100ad0008b85d2000af0a1008a04d0003e00d0002d
:100ae000008544004220a800ae854d004200a900c8
:100af0004220ae004200a8000a85d300a001800079
:100b00008b047800a9018800074d7800a0018800b7
:100b10000804e800880978001200e800000978005d
:100b20009c0f500001003400000e7800950f540017
:100b300002003a000004eb0088097800140ae8007b
:100b4000868f53000e003a00930e78008004eb006d
:100b5000090a78000a0037009d097800140950003e
:100b60001140a00006003700868f530004003a00b1
:100b7000110078000050a0000040a100800878001b
:100b80002202ab00c8ff3a002222ab000100320073
:100b90002222a9003400f9003200f9004f07780042
:100ba0004f06be004f05be004f04be004f03be00ff
:100bb0004f02be004f01be004f00be0000400600c5
:100bc0003200f8003400f800881f78001800200078
:100bd000a80188000820200008d0fe004f047800fb
:100be00003c8a9003400f9003200f90000400600f3
:100bf0003200f8003400f800881f78001800200048
:100c0000a80188000820200008d0fe004f047800ca
:100c10000188a9003400f9003200f9000040060004
:100c20003200f8003400f800881f78001800200017
:100c3000a80188000820200008d0fe004f0478009a
:100c400003e8a9003400f9003200f9000040060072
:100c50003200f8003400f800881f780018002000e7
:100c6000a80188000820200008d0fe004f0478006a
:100c70000828a9003400f9003200f90000400600fd
:100c80003200f8003400f800881f780018002000b7
:100c9000a80188000820200008d0fe004f0478003a
:100ca0000848a9003400f9003200f90000400600ad
:100cb000c068a9000040060000400600c048a90026
:100cc00000400600c088a90000400600c0a8a90096
:100cd000f02bef00004006000040da000000fe00ac
:100ce00000000500839f68000100e00002003d0055
:100cf00060001000e08018000300e00002003d00ea
:100d000060011100e0811900050007004f00e000bc
:100d100002003b0060001000e080180000000600a8
:100d20006022b800060220000000d0008180d200be
:100d30000482d2008582d2000000a000020252008c
:100d400083825a00030031000202420083824a007b
:100d50000000a1000603e900f3ff3a0000000600ce
:100d6000889fbe008a9fbe0030044200b0844a00c3
:100d700030054b0090854b006000b1000898be0024
:100d80000a90be000440e10005c8e10006d0e10081
:100d900007d8e10002003100680040001008e800b8
:100da0004f05be004f04be0000000600889fbe0035
:100db0008a9fbe00100478009004900020059000e7
:100dc000b00590000418540005985c0006185d00fa
:100dd00007985d00110020000440e10005c8e10013
:100de00006d0e10007d8e100010039008000eb00e7
:100df000108810004f05be004f04be000000060022
:100e0000f4874700889fbe008a9fbe008c9fbe006b
:100e10008e1f7800d0b79f00e1b79f00f2b79f0008
:100e200083bf9f000605be000404be00cfae97003e
:100e30000000eb00c0b79f00b0b79f00a0b79f00b5
:100e400090b79f0080b79f00000678004fb09700d2
:100e5000000140000000e00006003d003c000700eb
:100e60000f074700450007000f004000bcff0700c8
:100e700005003700360007000f0747003f00070056
:100e80000f004000c9ff07004fb797000e00e000b9
:100e90000c0035005fb29700efb297007fb3970068
:100ea0008fbb970010002000010020006011b800e7
:100eb0000002720081827200020373008383730058
:100ec0001c0007000c06e80001042000810f5600fa
:100ed000deff3a000e00e00005003d000802be0003
:100ee0000a03be0000fe2f000f0040009cff070019
:100ef0000d00e00005003a000fb297009fb2970086
:100f00002fb39700bfb397000a0007005fb09700a8
:100f1000efb097007fb197008fb997004f07780027
:100f20004f06be004f05be004f04be004f01b1008a
:100f300000000600010007000000060094b79f00b3
:100f4000a5b79f00b6b79f00c7b79f000000060077
:100f50009fb097004f08de0002017000a2b79f000b
:100f60000fb097004f01de008180400081007100ca
:100f700091b79f000efe2f0000000600de007800f3
:100f80004f09de00000040000000710080b79f00a4
:100f90006fa897004f01de0081804000010f7100b3
:100fa0000e0007004f3ade00000040000400700011
:100fb000e0af9f00090007000402420085824a005a
:100fc00006034b0087834b00dcff07000802be00ce
:100fd0000a03be0000fe2f00000006001fb29700ab
:100fe000afb297003fb39700cfb397000000060061
:100ff000881f780018002000881f780080ff0700f5
:101000008f87e9004f04780000000600801feb0086
:101010007bff07008f87e90000000600889fbe0065
:101020008a9fbe00e00f5000e08f5800e00f59008b
:10103000e08f59000c003d006044b8006055b800d6
:101040000000540081805c0002015d0083815d002e
:10105000180020001500070008003d0018000700d8
:101060000004eb00050037000004eb000f00070050
:1010700002003d001200070018002000dcff0700fe
:101080000800e000060032006022b8006033b800bb
:101090000000520081805a0002015b0083815b00e6
:1010a0004f05be004f04be0000000600e00f5200d6
:1010b000e08f5a00e00f5b00e08f5b00000006004d
:1010c0006044b8006055b8000402540085825c009a
:1010d00006035d0087835d0000000600889fbe0058
:1010e0008a9fbe008c1f7800e00f5000e08f5800f0
:1010f000e00f5900e08f59000d003d006044b8003a
:101100006055b8000000540081805c0002015d0061
:1011100083815d001c0020000820e10009a8e10097
:101120000ab0e1000bb8e1000d003d0008003700f7
:101130000006eb00e00f5200e08f5a00e00f5b006a
:10114000e08f5b0006003d006044b8006055b800c9
:101150000402540085825c0006035d0087835d0005
:10116000aaff07000c00e000060032006022b80071
:101170006033b8000000520081805a0002015b0019
:1011800083815b004f0678004f05be004f04be0010
:041190000000060055
:020000040000fa
:101194003a300000323000003030000030300000bf
:1011a400343000003030000035660000350a00009d
:1011b4003a31000030320000383000003030000096
:1011c4003032000066300000386200003030000029
:1011d40030380000383900006662000065300000d5
:1011e400303800006139000066620000653000009c
:1011f400303800006339000066620000653000008a
:1012040030320000630a00003a310000303200003e
:101214003831000030300000303800006531000003
:10122400663700003830000030630000336500008a
:1012340038610000393000003032000031360000df
:1012440038610000393000003032000031380000cd
:10125400386100003930000030620000620a00008a
:101264003a310000303200003832000030300000e3
:1012740030300000313600003861000039300000a1
:10128400303000003138000038610000393000008f
:101294003063000030320000386500006630000022
:1012a400303400003432000037650000663000003e
:1012b40030330000330a00003a31000030320000bd
:1012c4003833000030300000303600003030000089
:1012d400343200003030000030330000303300007e
:1012e40061380000383000003066000030660000cd
:1012f40065320000663000003030000030370000f6
:10130400303800003830000030300000640a00003b
:101314003a31000030320000383400003030000030
:1013240030650000306200003232000038300000c6
:10133400303800003037000030380000383000000a
:101344003030000034320000656500006630000073
:101354003030000030300000353200003030000002
:1013640030310000300a00003a3100003032000011
:1013740038350000303000003061000030370000a4
:1013840030380000383000003031000030300000c8
:1013940030320000303000003037000030370000b9
:1013a4003038000038300000303100006532000071
:1013b400656500006630000030300000640a0000fb
:1013c4003a3100003032000038360000303000007e
:1013d40030300000633200006565000066300000b4
:1013e40030310000633200006565000066300000a3
:1013f4003030000061320000656500006630000096
:101404003031000061320000656500006630000084
:1014140030610000380a00003a3100003032000028
:1014240038370000303000003030000030660000f3
:1014340063320000663000003032000032330000b6
:101444003438000030300000303800003230000002
:101454003036000030300000303000003130000001
:10146400306100003030000030640000340a0000b5
:101474003a310000303200003838000030300000cb
:1014840030320000313300003438000038300000be
:101494003030000031660000383200006630000051
:1014a40030320000333300003638000030300000a2
:1014b400303800003338000030360000303000008f
:1014c40030300000370a00003a31000030320000aa
:1014d4003839000030300000303500003130000071
:1014e400326200003330000030320000313300003b
:1014f400363800003830000030300000343300004b
:10150400343800003030000030380000343000003f
:10151400303600003030000030620000370a00002e
:101524003a310000303200003861000030300000f1
:1015340030330000313000003062000033300000ee
:1015440030300000313300003438000038300000ff
:1015540030380000383000003662000036300000b9
:1015640030300000303400003061000030300000c2
:1015740030360000330a00003a31000030320000f7
:101584003862000030300000303400003033000096
:101594003438000038300000303000006132000080
:1015a4006561000038300000303100006132000015
:1015b4006561000038300000303200003032000035
:1015c400326500006630000030310000620a00001d
:1015d4003a3100003032000038630000303000003f
:1015e400306600003031000031320000303000003d
:1015f4003034000030310000313800003830000051
:101604003038000030300000303200003830000044
:101614003030000030310000313800003830000034
:1016240030630000640a00003a31000030320000e8
:1016340038640000303000003030000030350000e5
:101644003132000030300000303100003031000011
:1016540031380000383000003038000030300000ed
:1016640034300000393000003030000030300000e9
:10167400303000003030000030350000310a000006
:101684003a3100003032000038650000303000008c
:101694003031000035610000656100003830000021
:1016a400303100003465000065610000383000000e
:1016b400303100003538000065610000383000002a
:1016c40030310000356300006561000038300000ef
:1016d40030660000640a00003a3100003032000035
:1016e4003866000030300000303000003030000038
:1016f4003032000032300000303000003130000061
:101704003032000030300000303000003230000051
:10171400303200003330000030300000333000003d
:10172400303200003030000030340000640a000021
:101734003a3100003032000039300000303000000f
:1017440030300000303000003865000062300000a6
:1017540030360000323000003034000030300000f9
:1017640030650000303800003034000038300000ac
:1017740030380000323000006635000030300000a0
:1017840030610000390a00003a31000030320000b4
:1017940039310000303000003038000033380000a8
:1017a40066350000383000003066000061660000d5
:1017b4006633000061300000303600003033000032
:1017c40033620000383000003065000036610000ec
:1017d400373900006630000030610000330a000031
:1017e4003a3100003032000039320000303000005d
:1017f40030660000376100003739000066300000b1
:10180400303100003430000030320000303000004d
:1018140030390000343900006639000066300000b9
:1018240030300000303000003465000062300000c9
:1018340030370000350a00003a3100003032000031
:1018440039330000303000003061000038390000c6
:101854006639000066300000303600003035000084
:101864003562000038300000306200006161000021
:101874003739000066300000306300006261000008
:10188400373900006630000030330000330a0000ae
:101894003a310000303200003934000030300000aa
:1018a40030660000613900003739000066300000fe
:1018b40030380000623900006639000066300000ec
:1018c4003038000038300000353700003830000070
:1018d40030640000626100003739000066300000a7
:1018e40030360000380a00003a310000303200007f
:1018f400393500003030000030360000303100004f
:1019040031620000383000003038000062300000de
:1019140032370000383000003063000035390000f1
:10192400663900006630000030620000353900007e
:10193400663900006630000030350000330a0000cc
:101944003a310000303200003936000030300000f7
:10195400306400003539000066390000663000004c
:10196400306600003539000066390000663000003a
:10197400306500003539000066390000663000002b
:101984003036000030300000306200003830000093
:1019940030650000360a00003a31000030320000a1
:1019a4003937000030300000303000006330000070
:1019b4003032000032300000303800006361000033
:1019c40037390000663000003063000064660000b0
:1019d40039320000663000003038000064380000fe
:1019e400363400003730000030300000380a000080
:1019f4003a31000030320000393800003030000045
:101a0400306500006439000037390000663000009a
:101a140030300000643800003365000038300000c6
:101a240030360000313300003462000038300000ea
:101a34003062000038390000373900006630000099
:101a440030370000310a00003a3100003032000023
:101a540039390000303000003063000039390000ab
:101a64003739000066300000303400003966000069
:101a74003932000066300000303800003938000088
:101a8400343400003730000030640000393900007d
:101a9400373900006630000030360000340a000098
:101aa4003a3100003032000039610000303000006b
:101ab400303000003938000035650000383000004f
:101ac40030610000613900003739000066300000e1
:101ad4003030000036300000303300003730000072
:101ae40030360000666100003639000037300000ef
:101af40030650000380a00003a310000303200003e
:101b04003962000030300000306600006661000079
:101b14003639000037300000303600003130000024
:101b240036340000363000003065000030380000e4
:101b34003634000065300000306500006361000049
:101b4400373900006630000030340000380a0000e5
:101b54003a310000303200003963000030300000b8
:101b64003066000064610000373900006630000010
:101b740030300000343000003065000030300000a8
:101b840030310000323000003033000032300000c9
:101b940030300000363200003432000034300000af
:101ba40030340000650a00003a3100003032000091
:101bb4003964000030300000306600003730000027
:101bc4003032000030300000303600006661000022
:101bd40034390000373000003066000066610000d0
:101be400343900003730000030380000363000004f
:101bf400663500003430000030310000330a000044
:101c04003a31000030320000396500003030000005
:101c140030380000373800006635000063300000bb
:101c240030300000623000003033000061300000ca
:101c34003030000037310000303200003030000016
:101c440030300000303000003462000065300000a5
:101c540030330000370a00003a310000303200000f
:101c6400396600003030000030310000613100007e
:101c74003138000030300000303800006138000096
:101c84003036000033300000306600006466000027
:101c9400663300003230000030300000383000007d
:101ca400306200006530000030630000620a00000a
:101cb4003a31000030320000613000003030000062
:101cc4003062000036300000343200003030000052
:101cd4003032000036310000313800003830000066
:101ce4003036000030360000366200003830000024
:101cf4003065000063610000373900006630000081
:101d040030370000640a00003a310000303200002d
:101d14006131000030300000306600006461000072
:101d240037390000663000003030000030360000e3
:101d340030660000653000003032000032300000b0
:101d4400326100006230000030650000336600003c
:101d5400663300003230000030330000320a0000e5
:101d64003a310000303200006132000030300000af
:101d740030330000343100003138000030300000ce
:101d840030320000363000003532000030300000c0
:101d94003038000036300000663500003230000074
:101da4003030000032300000303300006130000079
:101db40030370000330a00003a31000030320000ae
:101dc400613300003030000030300000303000005b
:101dd4003066000065300000303100003330000010
:101de4003033000037300000303600003630000059
:101df400353200003030000030380000363000004a
:101e0400663500003230000030640000630a0000d0
:101e14003a310000303200006134000030300000fc
:101e240030310000303000003033000061300000f9
:101e34003030000036310000303200003030000015
:101e440030380000353000003337000038300000ef
:101e54003030000030300000326200006530000095
:101e640030340000360a00003a31000030320000fd
:101e740061350000303000003030000037300000a1
:101e84003037000038300000303100006431000089
:101e94003138000030300000303800006430000079
:101ea4003036000033300000306600006466000005
:101eb400663300003230000030320000620a000055
:101ec4003a3100003032000061360000303000004a
:101ed400303000003030000033370000383000006c
:101ee4003030000034300000306200006530000003
:101ef400303800003630000032370000383000003f
:101f0400303400003430000036320000303000003d
:101f140030620000660a00003a31000030320000ee
:101f240061370000303000003032000034310000ee
:101f340031380000383000003031000035630000d3
:101f4400656100003930000030300000303000009e
:101f5400326500006230000030640000346100002b
:101f6400373900006630000030300000360a0000c7
:101f74003a31000030320000613800003030000097
:101f8400303600006130000031330000373000008b
:101f9400303500006661000034390000373000003d
:101fa4003036000031340000336200003930000064
:101fb40030650000613000006635000033300000f9
:101fc40030360000310a00003a310000303200009f
:101fd4006139000030300000306500003038000006
:101fe40066350000623000003036000035300000f5
:101ff400313300006530000030300000363000001e
:102004003630000031300000303000006130000014
:10201400303300003730000030370000610a000020
:102024003a310000303200006161000030300000bd
:1020340030340000633000003033000037300000db
:1020440030360000323000003033000037300000fa
:1020540030370000633000003033000037300000b8
:1020640030390000313000003033000037300000d8
:1020740030380000660a00003a31000030320000b7
:102084006162000030300000306100003830000030
:10209400303300003730000030620000663000004a
:1020a400303300003730000030640000623000003c
:1020b400303300003730000030660000303000005c
:1020c400303300003730000030300000380a0000a0
:1020d4003a3100003032000061630000303000000b
:1020e400303000006230000031330000373000002f
:1020f400303300006130000031330000373000001d
:1021040030310000356300006561000039300000a3
:1021140030610000363000003332000030300000ff
:1021240030660000630a00003a31000030320000db
:1021340061640000303000003038000036300000a8
:1021440066350000323000003035000035300000c4
:10215400313300006130000030390000663900007e
:10216400633900003730000030300000393000009f
:10217400306500003030000030630000340a000095
:102184003a31000030320000616500003030000058
:1021940030330000343000003033000032300000af
:1021a4003032000063320000376500006630000002
:1021b40030320000613200003765000066300000f4
:1021c4003033000030300000303200003430000082
:1021d40030610000610a00003a3100003032000032
:1021e40061660000303000003034000030330000fd
:1021f400393800003830000030300000363000003c
:1022040030660000633000003035000030300000dc
:102214003532000030300000303700003033000029
:10222400393800003830000030320000640a000001
:102234003a310000303200006230000030300000db
:1022440030610000303000006132000030300000a6
:1022540030370000303300003938000038300000d7
:10226400303200003965000037610000383000006a
:1022740030300000303000003030000030300000da
:1022840030310000320a00003a31000030320000e0
:102294006231000030300000303000003030000087
:1022a40030300000303000003032000038300000a0
:1022b40037650000323000003066000065660000bb
:1022c400663300003530000030300000303000004c
:1022d400356500006230000030380000320a00002a
:1022e4003a31000030320000623200003030000029
:1022f4003064000061380000663900006630000078
:1023040030610000303000006632000030300000e0
:1023140030610000303000003238000038300000f6
:102324003030000031340000303200003930000019
:1023340030330000610a00003a31000030320000fe
:1023440062330000303000003030000031300000d3
:10235400646200006230000030320000303000005f
:1023640030320000303000003038000061300000ae
:1023740030370000383000003038000030380000ba
:10238400386200006230000030630000370a000049
:102394003a31000030320000623400003030000076
:1023a400303000003030000038620000623000003d
:1023b4003030000031380000386200006230000024
:1023c40030320000633200003765000066300000e0
:1023d40030320000613200003765000066300000d2
:1023e40030660000630a00003a3100003032000019
:1023f4006235000030300000303100003030000021
:10240400303200003430000030340000303300003b
:102414003938000038300000303000003630000019
:1024240030660000633000003035000030300000ba
:10243400353200003030000030630000390a0000fb
:102444003a310000303200006236000030300000c3
:1024540030370000303300003938000038300000d5
:102464003061000030300000613200003030000084
:1024740030370000303300003938000038300000b5
:102484003032000039650000376100003830000048
:1024940030380000310a00003a31000030320000c8
:1024a400623700003030000030300000303000006f
:1024b4003030000030300000303000003030000098
:1024c400303000003030000030320000383000007e
:1024d4003765000032300000306600006566000099
:1024e400663300003530000030310000320a00004d
:1024f4003a31000030320000623800003030000011
:1025040030300000303000003065000062300000e0
:102514003061000030380000663900006630000089
:102524003062000030380000663900006630000078
:102534003063000030380000663900006630000067
:1025440030630000300a00003a31000030320000ed
:1025540062390000303000003039000030390000aa
:102564006639000066300000306600006330000009
:1025740030320000303000003030000064300000a1
:10258400303200003030000030620000636100002f
:10259400373900006630000030310000630a000063
:1025a4003a31000030320000626100003030000037
:1025b40030630000646100003739000066300000b9
:1025c400303000003238000030320000303000007b
:1025d4003030000033300000303200003030000072
:1025e4003034000030300000303200003030000061
:1025f40030650000640a00003a3100003032000007
:1026040062620000303000003030000031300000e1
:102614003032000030300000306400006661000099
:1026240036390000373000003038000064300000d4
:10263400366500003830000030640000646100003a
:10264400373900006630000030330000610a0000b2
:102654003a31000030320000626300003030000084
:102664003038000030300000326500006230000075
:102674003063000035390000663900006630000020
:102684003062000035390000663900006630000011
:1026940030640000353900006639000066300000ff
:1026a40030380000660a00003a3100003032000081
:1026b4006264000030300000303400003830000024
:1026c400333300003730000030310000353800006b
:1026d40065610000393000003030000036660000cb
:1026e40064320000663000003030000034300000f6
:1026f400333400003330000030610000620a00000f
:102704003a310000303200006265000030300000d1
:1027140030650000393000006635000033300000b9
:1027240030300000643000003033000036300000e8
:102734003066000036660000393200006630000062
:1027440030300000343000003334000033300000f7
:1027540030650000660a00003a31000030320000a3
:102764006266000030300000306500003530000043
:102774006635000033300000303000003330000094
:102784003033000065300000303900003666000048
:102794006132000066300000303000003430000048
:1027a400333400003330000030340000340a0000b9
:1027b4003a31000030320000633000003030000055
:1027c4003030000036300000303300003730000075
:1027d4003066000036660000623200006630000099
:1027e4003030000034300000333400003330000057
:1027f40030650000353000006635000033300000dd
:1028040030640000360a00003a3100003032000023
:1028140063310000303000003035000033300000f8
:1028240033330000653000003039000036660000a4
:1028340063320000663000003030000034300000a5
:1028440033340000333000003034000034330000ef
:10285400336400006430000030630000310a00007b
:102864003a310000303200006332000030300000a2
:10287400306200003639000066390000663000001e
:1028840030320000343000003032000030300000bc
:102894003064000034610000373900006630000005
:1028a400306600006630000030330000373000002e
:1028b40030310000630a00003a3100003032000079
:1028c4006333000030300000303100003465000014
:1028d40065610000393000003030000036660000c9
:1028e40064320000663000003030000034300000f4
:1028f400333400003330000030650000393000000c
:10290400663500003330000030320000320a000027
:102914003a310000303200006334000030300000ef
:1029240030300000643000003033000036300000e6
:102934003066000036660000393200006630000060
:1029440030300000343000003334000033300000f5
:10295400306500003530000066350000333000007b
:1029640030390000320a00003a31000030320000f1
:102974006335000030300000303000003330000098
:102984003033000065300000303900003666000046
:102994006132000066300000303000003430000046
:1029a4003334000033300000303000003630000093
:1029b400303300003730000030650000640a000046
:1029c4003a3100003032000063360000303000003d
:1029d4003066000036660000623200006630000097
:1029e4003030000034300000333400003330000055
:1029f40030650000353000006635000033300000db
:102a040030340000343000003333000065300000ff
:102a140030320000650a00003a3100003032000014
:102a240063370000303000003039000036660000a3
:102a340063320000663000003030000034300000a3
:102a44003334000033300000306200006639000087
:102a540062390000373000003038000037300000a1
:102a6400333700003330000030350000620a0000c4
:102a74003a3100003032000063380000303000008a
:102a8400306200003739000066390000663000000b
:102a9400303500006639000063390000373000002b
:102aa400303000003730000034340000343000008f
:102ab40030640000383900006639000066300000d8
:102ac40030350000380a00003a310000303200008e
:102ad400633900003030000030330000393000002a
:102ae40030320000303000003064000039610000f2
:102af40037390000663000003065000034300000d3
:102b040030330000373000003030000036660000fb
:102b1400643200006630000030360000660a0000af
:102b24003a310000303200006361000030300000b0
:102b34003030000034300000333400003330000003
:102b44003065000039300000663500003330000085
:102b540030300000643000003033000036300000b4
:102b6400306600003666000039320000663000002e
:102b740030320000650a00003a31000030320000b3
:102b84006362000030300000303000003430000058
:102b9400333400003330000030650000353000006d
:102ba4006635000033300000303000003330000060
:102bb4003033000065300000303900003666000014
:102bc400613200006630000030380000330a000033
:102bd4003a310000303200006363000030300000fe
:102be4003030000034300000333400003330000053
:102bf4003030000036300000303300003730000041
:102c04003066000036660000623200006630000064
:102c14003030000034300000333400003330000022
:102c240030310000330a00003a3100003032000035
:102c3400636400003030000030650000353000006f
:102c440066350000333000003033000032300000bd
:102c54003333000065300000303900003666000070
:102c64006332000066300000303000003430000071
:102c7400333400003330000030320000660a0000b4
:102c84003a3100003032000063650000303000004b
:102c9400303400006333000033640000643000000b
:102ca40030650000363900006639000066300000e7
:102cb4003034000061300000303200003030000059
:102cc40030640000616100003739000066300000a4
:102cd40030640000610a00003a3100003032000024
:102ce400636600003030000030630000653000008f
:102cf400303300003730000030300000366600000a
:102d040064320000663000003030000034300000cf
:102d140033340000333000003065000039300000e7
:102d2400663500003330000030300000380a0000ff
:102d34003a310000303200006430000030300000ce
:102d440030300000643000003033000036300000c2
:102d5400306600003666000039320000663000003c
:102d640030300000343000003334000033300000d1
:102d74003065000035300000663500003330000057
:102d840030640000310a00003a31000030320000a3
:102d94006431000030300000303000003330000077
:102da4003033000065300000303900003666000022
:102db4006132000066300000303000003430000022
:102dc400333400003330000030300000363000006f
:102dd400303300003730000030320000630a000056
:102de4003a3100003032000064320000303000001c
:102df4003066000036660000623200006630000073
:102e04003030000034300000333400003330000030
:102e140030650000353000006635000033300000b6
:102e240030320000343000003333000065300000dd
:102e340030380000640a00003a31000030320000eb
:102e44006433000030300000303900003666000082
:102e5400633200006630000030300000343000007f
:102e640033340000333000003034000038330000c5
:102e740033640000643000003065000066390000ef
:102e8400643900003730000030300000640a00006c
:102e94003a31000030320000643400003030000069
:102ea4003038000062300000353700003330000055
:102eb40030650000623900006639000066300000a9
:102ec4003035000063300000303200003030000044
:102ed4003064000063610000373900006630000090
:102ee40030620000390a00003a310000303200003c
:102ef40064350000303000003062000036300000dd
:102f040030330000373000003030000036660000f7
:102f140064320000663000003030000034300000bd
:102f240033340000333000003065000039300000d5
:102f3400663500003330000030620000660a00008d
:102f44003a310000303200006436000030300000b6
:102f540030300000643000003033000036300000b0
:102f6400306600003666000039320000663000002a
:102f740030300000343000003334000033300000bf
:102f84003065000035300000663500003330000045
:102f940030370000310a00003a31000030320000be
:102fa400643700003030000030300000333000005f
:102fb4003033000065300000303900003666000010
:102fc4006132000066300000303000003430000010
:102fd400333400003330000030300000363000005d
:102fe400303300003730000030630000630a000013
:102ff4003a31000030320000643800003030000004
:103004003066000036660000623200006630000060
:10301400303000003430000033340000333000001e
:1030240030650000353000006635000033300000a4
:1030340030310000343000003333000065300000cc
:1030440030330000640a00003a31000030320000de
:10305400643900003030000030390000366600006a
:10306400633200006630000030300000343000006d
:1030740033340000333000003034000034330000b7
:1030840033640000643000003065000066390000dd
:10309400653900003730000030620000300a00005b
:1030a4003a3100003032000064610000303000002a
:1030b4003038000064300000363700003330000040
:1030c4003065000064390000663900006630000095
:1030d4003036000034300000303200003030000060
:1030e40030640000346100003739000066300000ad
:1030f40030350000340a00003a310000303200005c
:103104006462000030300000303900006530000097
:1031140030330000373000003030000036660000e5
:1031240064320000663000003030000034300000ab
:1031340033340000333000003065000039300000c3
:10314400663500003330000030370000370a0000d5
:103154003a31000030320000646300003030000077
:10316400303000006430000030330000363000009e
:103174003066000036660000393200006630000018
:1031840030300000343000003334000033300000ad
:103194003065000035300000663500003330000033
:1031a40030310000310a00003a31000030320000b2
:1031b4006464000030300000303000003330000020
:1031c40030330000653000003039000036660000fe
:1031d40061320000663000003030000034300000fe
:1031e400333400003330000030300000363000004b
:1031f400303300003730000030360000630a00002e
:103204003a310000303200006465000030300000c4
:10321400306600003666000062320000663000004e
:10322400303000003430000033340000333000000c
:103234003065000035300000663500003330000092
:1032440030300000343000003333000065300000bb
:1032540030650000640a00003a310000303200009a
:10326400646600003030000030390000366600002b
:10327400633200006630000030300000343000005b
:10328400333400003330000030650000663900003c
:103294006239000037300000303800003730000059
:1032a400333700003330000030610000610a000051
:1032b4003a31000030320000653000003030000048
:1032c40030650000373900006639000066300000c0
:1032d40030340000383300006264000065300000c0
:1032e40030300000373800003266000062300000e1
:1032f400303000003430000032340000333000003d
:1033040030360000660a00003a3100003032000016
:1033140065310000303000003035000066390000af
:1033240063390000373000003030000034300000d2
:1033340034340000343000003064000038390000b8
:103344006639000066300000303700003930000074
:10335400303200003030000030320000350a000006
:103364003a31000030320000653200003030000095
:103374003064000039610000373900006630000015
:1033840030380000313000003033000037300000a6
:103394003030000036660000643200006630000001
:1033a400303000003430000033340000333000008b
:1033b40030340000660a00003a3100003032000068
:1033c4006533000030300000306500003930000003
:1033d40066350000333000003030000064300000f7
:1033e40030330000363000003066000036660000de
:1033f4003932000066300000303000003430000004
:10340400333400003330000030390000630a000018
:103414003a310000303200006534000030300000e2
:1034240030650000353000006635000033300000a0
:1034340030300000333000003033000065300000cd
:10344400303900003666000061320000663000004a
:1034540030300000343000003334000033300000da
:1034640030660000310a00003a31000030320000ba
:103474006535000030300000303000003630000088
:10348400303300003730000030660000366600003c
:10349400623200006630000030300000343000003a
:1034a4003334000033300000306500003530000054
:1034b400663500003330000030380000340a000064
:1034c4003a31000030320000653600003030000030
:1034d40030650000663000003233000065300000c3
:1034e40030390000366600006332000066300000a8
:1034f400303000003430000033340000333000003a
:1035040030340000343300003364000064300000c1
:1035140030640000340a00003a3100003032000008
:103524006537000030300000306600003639000096
:103534006639000066300000303800006130000059
:10354400303200003030000030640000616100005f
:103554003739000066300000303600006230000069
:10356400303300003730000030620000320a0000bf
:103574003a3100003032000065380000303000007d
:10358400303000003666000064320000663000000f
:103594003030000034300000333400003330000099
:1035a400306500003930000066350000333000001b
:1035b400303000006430000030330000363000004a
:1035c40030330000380a00003a3100003032000085
:1035d40065390000303000003066000036660000b7
:1035e4003932000066300000303000003430000012
:1035f4003334000033300000306500003530000003
:1036040066350000333000003030000033300000f5
:10361400303300006530000030340000320a00000e
:103624003a310000303200006561000030300000a3
:103634003039000036660000613200006630000058
:1036440030300000343000003334000033300000e8
:1036540030300000363000003033000037300000d6
:1036640030660000366600006232000066300000fa
:1036740030620000630a00003a310000303200007a
:10368400656200003030000030300000343000004b
:103694003334000033300000306500003530000062
:1036a4006635000033300000306500003130000022
:1036b4003233000065300000303900003666000007
:1036c400633200006630000030390000660a0000f2
:1036d4003a310000303200006563000030300000f1
:1036e4003030000034300000333400003330000048
:1036f400306600006639000064390000373000008d
:1037040030380000623000003537000033300000ec
:10371400306600006239000066390000663000003f
:1037240030340000390a00003a3100003032000021
:103734006564000030300000303500006639000058
:10374400653900003730000030300000623000007e
:103754003634000036300000306400006339000065
:103764006639000066300000303900006430000023
:10377400303200003030000030330000300a0000e6
:103784003a3100003032000065650000303000003e
:1037940030640000646100003739000066300000c6
:1037a400303000003030000032650000623000002c
:1037b40030630000343900006639000066300000d0
:1037c4003034000066300000303300003730000031
:1037d40030340000610a00003a3100003032000049
:1037e4006566000030300000306500006430000081
:1037f4006635000032300000303000003230000006
:1038040030330000323000003065000061300000c9
:1038140066350000323000003030000063300000b4
:10382400303300006130000030620000660a00009e
:103834003a310000303200006630000030300000c1
:1038440030310000353000003032000030300000ec
:103854003032000066370000623900003730000063
:103864003030000036300000346500003030000095
:1038740030300000313000003033000032300000be
:1038840030320000650a00003a3100003032000096
:103894006631000030300000303200003530000066
:1038a400303200003030000030310000356100005b
:1038b40065610000383000003031000034650000dc
:1038c40065610000383000003031000035380000f8
:1038d400656100003830000030300000630a0000e9
:1038e4003a3100003032000066320000303000000f
:1038f400303100003563000065610000383000009d
:1039040030380000303000003365000062300000c1
:103914003064000037610000373900006630000071
:1039240030330000663000003033000037300000d0
:1039340030310000350a00003a3100003032000016
:103944006633000030300000303400006639000077
:103954006339000037300000303000003830000098
:10396400336400003030000030320000396600005b
:10397400373200006630000030380000663800003e
:10398400343400003430000030380000650a000090
:103994003a3100003032000066340000303000005c
:1039a400303000003638000033340000343000007a
:1039b40030300000303000006265000062300000ea
:1039c40030300000366600006432000066300000cb
:1039d4003030000034300000333400003330000055
:1039e40030340000320a00003a3100003032000066
:1039f40066350000303000003065000039300000ca
:103a040066350000333000003030000064300000c0
:103a140030330000363000003066000036660000a7
:103a240039320000663000003030000034300000cd
:103a3400333400003330000030370000620a0000e5
:103a44003a310000303200006636000030300000a9
:103a5400306500003530000066350000333000006a
:103a64003030000033300000303300006530000097
:103a74003039000036660000613200006630000014
:103a840030300000343000003334000033300000a4
:103a940030640000300a00003a3100003032000087
:103aa400663700003030000030300000363000004f
:103ab4003033000037300000306600003666000006
:103ac4006232000066300000303000003430000004
:103ad400333400003330000030650000353000001e
:103ae400663500003330000030360000330a000031
:103af4003a310000303200006638000030300000f7
:103b040030620000373000003233000065300000be
:103b14003039000036660000633200006630000071
:103b24003030000034300000333400003330000003
:103b3400303400006639000064390000373000007a
:103b440030620000630a00003a31000030320000a5
:103b54006639000030300000303000006130000071
:103b64003264000030300000303400003433000090
:103b74003364000064300000303800003630000048
:103b84003537000038300000306500003430000064
:103b9400386200003130000030360000310a000085
:103ba4003a3100003032000066610000303000001d
:103bb4003038000062330000373700006130000005
:103bc400306100006330000030320000303000000b
:103bd4003064000063610000373900006630000083
:103be4003031000066300000303300003730000010
:103bf40030610000310a00003a3100003032000028
:103c0400666200003030000030300000366600008c
:103c140064320000663000003030000034300000b0
:103c240033340000333000003065000039300000c8
:103c3400663500003330000030300000643000008e
:103c4400303300003630000030300000370a000006
:103c54003a3100003032000066630000303000006a
:103c6400306600003666000039320000663000001d
:103c740030300000343000003334000033300000b2
:103c84003065000035300000663500003330000038
:103c94003030000033300000303300006530000065
:103ca40030310000310a00003a31000030320000a7
:103cb40066640000303000003039000036660000d1
:103cc4006132000066300000303000003430000003
:103cd4003334000033300000303000003630000050
:103ce40030330000373000003066000036660000d4
:103cf400623200006630000030380000620a0000c2
:103d04003a310000303200006665000030300000b7
:103d14003030000034300000333400003330000011
:103d24003065000035300000663500003330000097
:103d3400306100003530000032330000653000008f
:103d4400303900003666000063320000663000003f
:103d540030610000610a00003a3100003032000096
:103d6400666600003030000030300000343000005f
:103d74003334000033300000306300006639000043
:103d84006539000037300000303000006430000036
:103d9400326400003030000030320000376600002a
:103da400373200006630000030350000370a00006a
:103db4003a31000030330000303000003030000071
:103dc400303800006638000033340000333000001f
:103dd400303000003438000032340000333000004a
:103de400303100003430000033370000333000003d
:103df40030300000363000006137000038300000f9
:103e040030390000300a00003a310000303300003d
:103e140030310000303000003035000066390000d9
:103e240063390000373000003030000036300000c5
:103e340034340000343000003064000038390000ad
:103e4400663900006630000030380000643000003d
:103e5400366500003830000030330000660a000088
:103e64003a310000303300003032000030300000be
:103e740030630000643900006639000066300000d9
:103e8400303900003930000030320000303000009a
:103e940030640000396100003739000066300000ea
:103ea4003065000031380000663500003230000013
:103eb40030660000620a00003a310000303300002e
:103ec4003033000030300000303300003030000068
:103ed40032330000613000003037000066390000e2
:103ee40064390000373000003065000031300000d4
:103ef4006635000035300000306500006330000096
:103f0400303300003230000030300000650a000019
:103f14003a3100003033000030340000303000000b
:103f240030300000333000003033000039300000fe
:103f34003065000034300000663500003530000084
:103f44003030000066300000323300006130000081
:103f540030300000393000003233000037300000c8
:103f640030360000660a00003a31000030330000a9
:103f74003035000030300000306200006639000047
:103f8400653900003730000030360000313600005b
:103f94006562000038300000306100006362000098
:103fa40037390000663000003062000064620000af
:103fb400373900006630000030650000300a000028
:103fc4003a31000030330000303600003030000059
:103fd40030650000303000006635000036300000e7
:103fe40030650000303800006635000065300000a0
:103ff4003030000063300000323300003230000003
:1040040030370000663900003339000037300000d3
:1040140030360000350a00003a3100003033000029
:1040240030370000303000003038000066390000be
:104034006239000037300000306300003033000084
:10404400326400006430000030300000343000007e
:104054003032000030300000306500006639000066
:10406400623900003730000030370000620a000077
:104074003a310000303300003038000030300000a6
:104084003030000034380000323400003330000097
:104094003065000030380000323400006130000028
:1040a4003030000030300000346500006230000021
:1040b4003036000030330000336200003830000036
:1040c40030390000310a00003a310000303300007a
:1040d4003039000030300000303100003930000049
:1040e40030320000303000003063000039610000dd
:1040f400663900006630000030320000626600005d
:1041040037320000663000003038000066380000a6
:10411400353400003530000030330000360a00002a
:104124003a310000303300003061000030300000cc
:104134003036000031350000646200003830000081
:10414400303800006162000037390000663000003a
:104154003039000062620000373900006630000028
:10416400303300006661000036390000373000004b
:1041740030350000640a00003a310000303300009a
:1041840030620000303000003063000066610000df
:10419400363900003730000030380000633000004a
:1041a400663500003230000030380000643800000a
:1041b4006635000061300000303800003030000007
:1041c400303300003630000030650000620a000021
:1041d4003a3100003033000030630000303000001a
:1041e4003036000033300000353400003030000039
:1041f40030650000303800003534000038300000ed
:10420400306500006161000066390000663000001e
:10421400306600006261000066390000663000000c
:1042240030320000610a00003a31000030330000ef
:10423400306400003030000030660000633300005a
:104244006632000039300000303200006430000073
:10425400303200003030000030380000633000009d
:104264006635000035300000303800006438000046
:10427400663500006430000030640000360a000037
:104284003a31000030330000306500003030000067
:104294003037000037300000303300006530000054
:1042a4003038000032300000663500003030000045
:1042b4003038000033380000663500003830000024
:1042c4003031000064300000303300003930000029
:1042d40030380000610a00003a3100003033000039
:1042e40030660000303000003030000061380000db
:1042f40030320000663000003033000039300000f6
:1043040030320000343000003065000036610000b7
:104314006639000066300000306600003761000036
:10432400663900006630000030340000310a0000b5
:104334003a310000303300003130000030300000ea
:10434400303000003430000033620000653000007b
:1043540030360000333300003938000038300000b4
:1043640030380000323000003636000035300000ae
:104374003035000064330000393800003830000064
:1043840030630000620a00003a310000303300005c
:104394003131000030300000303400003933000087
:1043a400393800003830000030300000363000006a
:1043b4003066000063300000303500003530000006
:1043c4003532000030300000303700003533000053
:1043d400393800003830000030660000330a00002d
:1043e4003a31000030330000313200003030000038
:1043f40030610000353000006132000030300000d0
:104404003037000035330000393800003830000000
:104414003032000039650000376100003830000098
:104424003030000030300000303000003030000008
:1044340030650000320a00003a31000030330000d9
:1044440031330000303000003030000030300000e4
:1044540030300000303000003032000038300000ce
:1044640037650000323000003066000065660000e9
:10447400663300003530000030300000343800006e
:10448400303200003030000030610000380a000093
:104494003a31000030330000313400003030000085
:1044a4003030000035300000303200003030000081
:1044b400303000003230000031340000323000006f
:1044c400303800003338000031340000613000001f
:1044d4003038000030300000663500003130000014
:1044e40030650000370a00003a3100003033000024
:1044f4003135000030300000303800003138000021
:104504006635000039300000306500006266000046
:1045140066330000363000003030000036300000d2
:104524003262000065300000303600006661000031
:10453400623900003730000030360000660a00009f
:104544003a310000303300003136000030300000d2
:1045540030660000666100006239000037300000f8
:104564003061000039300000663200003030000055
:10457400306100003930000032380000383000006b
:104584003038000030300000346500006230000034
:1045940030610000340a00003a310000303300007a
:1045a400313700003030000030320000663800003f
:1045b40064390000373000003038000061300000fa
:1045c4006362000062300000306200006638000060
:1045d40064390000373000003038000062380000d1
:1045e400636200006230000030660000360a00009a
:1045f4003a31000030330000313800003030000020
:104604003032000039300000303200003030000019
:10461400303400006638000065390000373000008f
:104624003038000063300000636200006230000034
:10463400306400006638000065390000373000003f
:1046440030320000620a00003a31000030330000ca
:104654003139000030300000303800006438000088
:10466400636200006230000030340000303000002b
:1046740064640000653000003030000062300000e7
:104684003032000030300000303000006130000073
:10469400373700003830000030370000630a00006c
:1046a4003a31000030330000316100003030000046
:1046b4003036000061330000393800003830000023
:1046c400303800003030000034370000383000004b
:1046d4003035000030330000393800003830000035
:1046e400303100006130000030320000343000000e
:1046f40030610000390a00003a3100003033000014
:1047040031620000303000003034000061330000ba
:1047140039380000383000003030000036300000f6
:104724003066000063300000303500006130000066
:1047340035320000303000003037000061330000b3
:10474400393800003830000030340000380a0000e6
:104754003a31000030330000316300003030000093
:104764003061000061300000613200003030000030
:104774003037000061330000393800003830000061
:104784003032000039650000376100003830000025
:104794003030000030300000303000003030000095
:1047a40030330000380a00003a3100003033000092
:1047b4003164000030300000303000003030000040
:1047c400303000003030000030320000383000005b
:1047d4003765000032300000306600006566000076
:1047e40066330000353000003061000065300000a1
:1047f400323800003830000030370000340a00003e
:104804003a310000303300003165000030300000e0
:1048140030310000393000003562000061300000a2
:104824003065000061380000663900006630000021
:104834003039000039380000356200006130000072
:1048440030660000623800006639000066300000ff
:1048540030650000650a00003a3100003033000082
:10486400316600003030000030320000663800004d
:104874006539000037300000303800006330000034
:104884006635000035300000303000003430000060
:1048940030330000613000003062000066380000f0
:1048a400653900003730000030360000390a000056
:1048b4003a31000030330000323000003030000064
:1048c40030380000623800006635000036300000e1
:1048d400303000003430000030330000613000001c
:1048e4003030000035300000303300003730000035
:1048f40030300000303000003565000062300000c8
:1049040030650000340a00003a3100003033000002
:10491400323100003030000030630000616100007b
:10492400663900006630000030300000323000008c
:1049340030330000373000003038000030300000e1
:1049440035650000623000003063000062610000e1
:10495400663900006630000030640000340a00004c
:104964003a310000303300003232000030300000b1
:1049740030360000323000003034000030300000a7
:10498400306500003038000030340000383000005a
:10499400306100003130000032380000383000004f
:1049a4003038000039380000346500003830000029
:1049b40030330000340a00003a3100003033000084
:1049c4003233000030300000303100003930000054
:1049d40030620000613000003038000030390000df
:1049e40037390000663000003039000039380000e3
:1049f40034620000613000003039000039390000b1
:104a0400373900006630000030350000660a0000c7
:104a14003a310000303300003234000030300000fe
:104a2400303400006638000065390000373000007b
:104a3400303800006330000066350000303000007c
:104a440030300000343000003033000061300000aa
:104a5400306400006638000065390000373000001b
:104a640030640000640a00003a3100003033000072
:104a74003235000030300000303800006438000067
:104a8400663500003430000030300000343000005f
:104a94003033000061300000303000003530000059
:104aa4003033000037300000303000003030000078
:104ab400306500006230000030390000390a00001f
:104ac4003a3100003033000032360000303000004c
:104ad4003063000030610000663900006630000079
:104ae4003030000032300000303300003730000036
:104af40030380000303000003065000062300000c3
:104b04003063000031610000663900006630000047
:104b140030390000640a00003a31000030330000ec
:104b240032370000303000003038000035300000eb
:104b340030640000313000003030000034380000b0
:104b440030640000333000003038000031300000a1
:104b54003437000038300000306100003961000053
:104b6400373900006630000030620000350a00006a
:104b74003a31000030330000323800003030000099
:104b840030630000396600006632000066300000c1
:104b94003038000030380000343600003430000073
:104ba40030390000396100003739000066300000f8
:104bb40030310000666100003039000037300000f9
:104bc40030610000610a00003a3100003033000017
:104bd40032390000303000003061000066610000ae
:104be4003039000037300000303000003030000031
:104bf4003534000030300000303800003138000017
:104c04003534000038300000303600003730000002
:104c1400363400003530000030300000330a000024
:104c24003a310000303300003261000030300000bf
:104c34003065000030380000363400006430000075
:104c44003062000063610000373900006630000004
:104c540030630000646100003739000066300000f2
:104c6400303800003030000034650000623000004d
:104c740030650000370a00003a310000303300008c
:104c8400326200003030000030610000393800002a
:104c940066390000663000003062000039380000d8
:104ca40066390000663000003063000039380000c7
:104cb40066390000663000003064000039380000b6
:104cc400663900006630000030350000320a00000a
:104cd4003a3100003033000032630000303000000d
:104ce4003066000064660000663200003030000068
:104cf40030380000643000006635000032300000b7
:104d04003065000030380000663500006130000076
:104d140030310000393000003033000036300000fc
:104d240030640000630a00003a31000030330000b0
:104d340032640000303000003038000035300000ac
:104d44003564000031300000303000003438000099
:104d5400356400003330000030650000333000005b
:104d640034360000353000003030000034300000ac
:104d7400386100003330000030330000630a000063
:104d84003a3100003033000032650000303000005a
:104d94003030000063300000303300003230000057
:104da4003038000039300000346400003030000036
:104db4003032000039300000326200003030000030
:104dc40030320000616600003732000066300000b7
:104dd40030310000380a00003a310000303300005e
:104de40032660000303000003030000066300000d1
:104df4003534000035300000303800003930000010
:104e04003434000035300000303000003830000009
:104e14003564000030300000303800006662000065
:104e2400353900003730000030650000620a0000a8
:104e34003a310000303300003330000030300000dd
:104e4400303000006230000035340000353000009e
:104e54003031000061300000353700003830000088
:104e64003034000038350000356400006430000040
:104e7400303900003930000063370000353000005d
:104e840030330000640a00003a310000303300007f
:104e94003331000030300000303200006130000057
:104ea4003033000037300000303800003930000063
:104eb400346400003030000030300000383000002e
:104ec40035640000303000003030000066620000bd
:104ed400363900003730000030620000360a000026
:104ee4003a3100003033000033320000303000002b
:104ef40030300000633000003534000035300000ed
:104f040030390000613000003637000038300000ce
:104f14003063000039300000366200003130000098
:104f2400303800006462000037370000633000004e
:104f340030650000660a00003a310000303300009a
:104f440033330000303000003032000032300000d3
:104f540030330000373000003038000035300000b6
:104f64003564000031300000303000003438000077
:104f74003564000033300000306500003330000039
:104f8400343600003530000030330000310a0000b0
:104f94003a31000030330000333400003030000078
:104fa400303000003430000038610000333000003d
:104fb4003031000031300000303300003230000066
:104fc400303000003830000037640000303000001a
:104fd40030300000666200003639000037300000cf
:104fe40030350000300a00003a3100003033000050
:104ff40033350000303000003030000063300000f2
:1050040037340000373000003031000065300000d4
:1050140037370000383000003034000038370000e3
:10502400376400006430000030380000393000007c
:10503400346400003030000030370000640a00009f
:105044003a310000303300003336000030300000c5
:10505400303200003930000032620000303000008d
:105064003032000064660000373200006630000011
:105074003038000066380000363400003630000056
:105084003038000039380000343400003630000075
:1050940030380000310a00003a310000303300009b
:1050a4003337000030300000303900003930000060
:1050b40063370000373000003030000061300000fa
:1050c400353400003530000030380000623800000c
:1050d40035340000643000003038000066610000a0
:1050e400343900003730000030620000360a000016
:1050f4003a31000030330000333800003030000013
:1051040030300000613800003534000034300000d5
:105114003031000061300000643700003730000097
:1051240030300000633000003033000037300000be
:1051340030300000383000003764000030300000a8
:1051440030610000610a00003a3100003033000091
:105154003339000030300000303000006662000057
:105164003639000037300000303000006330000072
:105174003734000037300000303100006530000063
:105184003737000038300000303800003930000074
:10519400346400003030000030370000640a00003e
:1051a4003a31000030330000336100003030000039
:1051b40030630000393000003662000031300000f6
:1051c40030380000656200003737000063300000ab
:1051d400303000006130000035340000353000000c
:1051e40030380000623800003534000064300000bc
:1051f40030320000620a00003a310000303300000f
:105204003362000030300000303800006661000076
:1052140034390000373000003030000061380000bd
:1052240035340000343000003030000065300000b8
:1052340064370000383000003036000031300000a0
:10524400333400003330000030330000360a0000ed
:105254003a31000030330000336300003030000086
:105264003065000030380000333400006230000044
:105274003030000038300000346500003830000061
:10528400303600003130000032340000323000008b
:105294003065000030380000323400006130000016
:1052a40030300000610a00003a3100003033000061
:1052b40033640000303000003032000066620000c9
:1052c40035390000373000003062000066620000ab
:1052d4003539000037300000303800003630000027
:1052e40066350000353000003038000037380000e3
:1052f400663500006430000030300000610a0000b0
:105304003a310000303300003365000030300000d3
:105314003033000032660000663300006530000060
:1053240030310000623000003032000030300000c4
:105334003061000062390000663900006630000008
:1053440030320000383000003133000037300000c4
:1053540030650000610a00003a310000303300007b
:10536400336600003030000030310000623000004d
:105374003032000030300000303200006639000066
:105384006539000037300000303000006330000021
:105394003065000030300000303600006530000019
:1053a400303300003230000030610000320a000067
:1053b4003a31000030330000343000003030000057
:1053c40030380000303000003665000062300000e4
:1053d4003061000064390000663900006630000066
:1053e40030660000343300006632000039300000bb
:1053f4003032000035300000303200003030000020
:1054040030620000660a00003a31000030330000c8
:1054140034310000303000003038000034300000f7
:1054240066350000303000003038000035380000a8
:105434006635000038300000303600003730000098
:105444003033000065300000303800003230000096
:10545400663500003030000030640000370a000078
:105464003a310000303300003432000030300000a4
:105474003038000033380000663500003830000052
:105484003031000037300000303300003930000084
:105494003030000035380000303200006630000043
:1054a4003033000038300000303200003430000067
:1054b40030640000320a00003a310000303300004a
:1054c4003433000030300000303000003638000043
:1054d400303200003030000030300000373000003f
:1054e400303200003030000030360000333300002a
:1054f4003938000038300000303000003238000005
:10550400323600003230000030620000350a0000fc
:105514003a310000303300003434000030300000f1
:1055240030350000343300003938000038300000d2
:1055340030340000383300003938000038300000bf
:105544003030000036300000306600006330000068
:1055540030350000343000003532000030300000b7
:1055640030650000330a00003a3100003033000097
:105574003435000030300000303700003433000090
:105584003938000038300000306100003430000049
:105594006132000030300000303700003433000046
:1055a400393800003830000030320000396500001e
:1055b400376100003830000030370000630a000013
:1055c4003a3100003033000034360000303000003f
:1055d4003030000030300000303000003030000047
:1055e4003030000030300000303000003030000037
:1055f40030320000383000003765000032300000df
:105604003066000065660000663300003530000037
:1056140030310000390a00003a3100003033000014
:1056240034370000303000003030000032300000e9
:1056340031340000333000003038000033380000cb
:105644003134000062300000303800003230000095
:105654006635000030300000303800003338000078
:10566400663500003830000030360000630a000060
:105674003a3100003033000034380000303000008c
:1056840030650000646600006633000031300000bd
:10569400306100003230000066320000303000001b
:1056a4003061000032300000323800003830000031
:1056b40030300000303000003165000062300000fe
:1056c40030330000360a00003a3100003033000065
:1056d40034390000303000003061000066380000ca
:1056e40061390000373000003030000035300000f0
:1056f4003962000062300000306200006638000049
:1057040039390000373000003030000033380000f1
:10571400396200006230000030360000640a000084
:105724003a310000303300003461000030300000b2
:1057340030320000323000003032000030300000df
:10574400306300006638000039390000373000004b
:105754003030000033300000396200006230000055
:10576400306400006638000039390000373000002a
:1057740030320000350a00003a31000030330000b6
:105784003462000030300000303000003338000054
:10579400396200006230000030360000313300000e
:1057a4003938000038300000303500003033000054
:1057b4003938000038300000303100003230000049
:1057c400303200003430000030350000630a00003d
:1057d4003a31000030330000346300003030000000
:1057e4003034000032330000393800003830000013
:1057f40030300000363000003066000063300000b6
:105804003035000032300000353200003030000006
:1058140030370000323300003938000038300000df
:1058240030340000640a00003a31000030330000d4
:105834003464000030300000306100003230000079
:105844006132000030300000303700003233000095
:10585400393800003830000030320000396500006b
:105864003761000038300000303000003030000074
:10587400303000003030000030330000350a0000c2
:105884003a3100003033000034650000303000004d
:105894003030000030300000303000003030000084
:1058a400303200003830000037650000323000002c
:1058b4003066000065660000663300003530000085
:1058c40030300000303000003365000062300000ea
:1058d40030610000620a00003a31000030330000f9
:1058e40034660000303000003031000062300000c7
:1058f40030320000303000003065000066390000ae
:1059040033390000373000003036000031330000f6
:105914006562000038300000306400006639000021
:10592400343900003730000030310000370a0000fd
:105934003a310000303300003530000030300000d0
:10594400303600003134000063620000383000005b
:10595400303800003862000037390000663000003b
:105964003039000039620000373900006630000029
:10597400303000003630000034370000383000008a
:1059840030300000370a00003a31000030330000a4
:10599400353100003030000030610000663900000d
:1059a400313900003730000030360000313100005a
:1059b40039620000383000003065000032610000b8
:1059c4006639000066300000306600003361000074
:1059d400663900006630000030330000310a0000f0
:1059e4003a3100003033000035320000303000001e
:1059f4003063000063610000663900006630000017
:105a04003064000064610000663900006630000004
:105a140030610000313000003238000038300000be
:105a24003039000030300000336200006130000083
:105a340030640000650a00003a3100003033000091
:105a440035330000303000003036000031330000c0
:105a540036620000383000003061000063620000ec
:105a640037390000663000003062000064620000d4
:105a74003739000066300000303400003236000050
:105a8400396400006430000030390000660a000008
:105a94003a3100003033000035340000303000006b
:105aa400306300006536000031640000653000009a
:105ab400303800003330000031370000313000004e
:105ac40030340000323600003164000064300000dd
:105ad4003063000066610000653900003730000063
:105ae40030650000350a00003a3100003033000010
:105af40035350000303000003038000064300000dc
:105b040032340000313000003038000037300000fb
:105b140061370000383000003031000030380000b8
:105b2400326200006130000030620000663900001b
:105b3400343900003730000030350000630a0000bb
:105b44003a310000303300003536000030300000b8
:105b540030380000393000003334000031300000a8
:105b64003038000034300000623700003830000064
:105b74003030000066620000353900003730000024
:105b84003038000061300000333400003130000050
:105b940030350000650a00003a310000303300005f
:105ba4003537000030300000303900003530000057
:105bb4003237000038300000303900003738000038
:105bc400663500003230000030300000353000000f
:105bd40030330000613000003036000066610000a0
:105be400653900003730000030640000310a0000dd
:105bf4003a31000030330000353800003030000006
:105c040030300000633000003134000031300000d7
:105c140030390000323000006635000032300000b8
:105c240030300000333000003033000061300000b9
:105c340030300000333000003033000037300000d3
:105c440030380000330a00003a31000030330000dd
:105c540035390000303000003038000038300000a2
:105c6400353700003830000030300000313000009b
:105c74003033000037300000303800003830000086
:105c84003537000038300000303000003630000076
:105c9400336500003830000030660000380a000028
:105ca4003a3100003033000035610000303000002c
:105cb4003036000032300000303400003030000054
:105cc4003065000030380000303400003830000007
:105cd40030650000323000006635000033300000cb
:105ce4003064000065660000663300006130000027
:105cf40030370000360a00003a310000303300002b
:105d040035620000303000003038000030300000d0
:105d14003665000062300000306100006439000024
:105d24006639000066300000303200006332000043
:105d34003765000066300000303200006132000038
:105d4400376500006630000030320000640a00004d
:105d54003a31000030330000356300003030000079
:105d640030330000303000003032000034300000a6
:105d7400303400003033000039380000383000007f
:105d84003030000036300000306600006330000020
:105d94003035000030300000353200003030000073
:105da40030320000660a00003a310000303300004f
:105db400356400003030000030370000303300001c
:105dc4003938000038300000306100003030000005
:105dd4006132000030300000303700003033000002
:105de40039380000383000003032000039650000d6
:105df400376100003830000030300000370a0000fe
:105e04003a310000303300003565000030300000c6
:105e140030300000303000003030000030300000fe
:105e240030300000303000003030000030300000ee
:105e34003032000038300000376500003230000096
:105e440030660000656600006633000035300000ef
:105e540030390000380a00003a31000030330000c5
:105e6400356600003030000030320000323000006f
:105e74003032000030300000303000003330000099
:105e8400303200003030000030300000303000008c
:105e9400326500006230000030360000303000000f
:105ea400306200003830000030360000310a000053
:105eb4003a3100003033000036300000303000004a
:105ec40030380000666100003239000037300000cd
:105ed400306500003561000066390000663000005e
:105ee4003030000035300000333700003830000017
:105ef40030380000363800003265000038300000c9
:105f040030340000660a00003a31000030330000eb
:105f140036310000303000003036000031320000ed
:105f24006362000038300000306300003861000014
:105f340066390000663000003064000039610000fa
:105f4400663900006630000030650000343000001f
:105f5400323400003330000030660000660a00006e
:105f64003a31000030330000363200003030000097
:105f74003036000031320000656200003830000025
:105f84003061000063610000663900006630000083
:105f94003062000064610000663900006630000071
:105fa4003065000036300000323400003330000029
:105fb40030320000330a00003a3100003033000070
:105fc400363300003030000030360000313200003b
:105fd4006262000038300000303800003661000092
:105fe4006639000066300000303900003761000077
:105ff400663900006630000030650000626200000f
:10600400373900006630000030340000630a0000b5
:106014003a310000303300003634000030300000e4
:10602400306100003530000066320000303000007e
:106034003061000035300000323800003830000094
:106044003036000031320000336200003830000086
:106054003034000033330000636400006430000017
:1060640030640000660a00003a310000303300005a
:106074003635000030300000306300006433000027
:10608400346400006530000030380000393000000e
:106094003437000034300000303400003333000063
:1060a4003464000064300000306100003862000095
:1060b400373900006630000030330000380a000031
:1060c4003a31000030330000363600003030000032
:1060d4003062000039620000373900006630000089
:1060e400303600006661000065390000373000007a
:1060f40030300000383000003562000065300000a8
:1061040030300000383000003434000036300000f5
:1061140030370000610a00003a31000030330000db
:1061240036370000303000003065000030380000a1
:106134003434000063300000303800003030000098
:106144003265000062300000303900003830000051
:1061540061620000623000003034000066610000bb
:10616400623900003730000030330000660a000056
:106174003a3100003033000036380000303000007f
:1061840030640000666100006239000037300000ae
:106194003030000061300000333400003330000040
:1061a40030380000623800003334000062300000f0
:1061b40030630000366200003739000066300000aa
:1061c40030350000340a00003a310000303300005a
:1061d40036390000303000003064000037620000bf
:1061e40037390000663000003039000036380000ce
:1061f400616200006230000030320000666100001d
:10620400653900003730000030620000666100002c
:10621400653900003730000030610000610a000079
:106224003a310000303300003661000030300000a5
:10623400303000006130000033340000363000009c
:10624400303800006238000033340000653000004c
:106254003032000064300000303200003030000082
:106264003039000036300000656200006230000002
:1062740030620000660a00003a310000303300004a
:1062840036620000303000003030000066610000eb
:1062940065390000373000003039000066610000c5
:1062a40065390000373000003030000061300000f4
:1062b4003534000036300000303800006238000009
:1062c400353400006530000030310000660a0000fb
:1062d4003a310000303300003663000030300000f3
:1062e4003038000061620000373900006630000079
:1062f4003039000062620000373900006630000067
:1063040030320000643000003032000030300000d1
:10631400303900006138000065620000623000001e
:1063240030660000390a00003a31000030330000c2
:10633400366400003030000030340000303000009b
:1063440065640000653000003030000064300000f7
:10635400303200003030000030380000633000007c
:10636400323700003830000030360000633300005c
:10637400393800003830000030350000650a00006c
:106384003a31000030330000366500003030000040
:106394003030000030300000353700003830000065
:1063a4003035000030330000393800003830000048
:1063b400303100006530000030320000343000001d
:1063c40030340000653300003938000038300000f4
:1063d40030660000620a00003a31000030330000e9
:1063e40036660000303000003030000036300000e7
:1063f4003066000063300000303500006530000076
:1064040035320000303000003037000065330000c2
:106414003938000038300000306100006530000079
:10642400613200003030000030320000650a0000a4
:106434003a310000303300003730000030300000c3
:106444003037000065330000393800003830000070
:106454003032000039650000376100003830000038
:1064640030300000303000003030000030300000a8
:106474003030000030300000303000003030000098
:1064840030630000320a00003a310000303300006b
:1064940037310000303000003065000066620000d3
:1064a40035390000373000003066000032620000e9
:1064b40037390000663000003038000033620000d5
:1064c4006639000066300000303400006662000067
:1064d400363900003730000030610000390a00000e
:1064e4003a31000030330000373200003030000011
:1064f4003064000066620000363900003730000066
:106504003061000036620000373900006630000058
:106514003062000037620000373900006630000046
:10652400303200003830000037650000323000009f
:1065340030350000330a00003a31000030330000e7
:10654400373300003030000030660000656600001c
:1065540066330000353000003065000062620000e0
:1065640037390000663000003037000066620000f2
:106574003139000037300000303800006662000016
:10658400393900003730000030370000300a00008d
:106594003a3100003033000037340000303000005e
:1065a4003063000063620000373900006630000089
:1065b4003064000064620000373900006630000077
:1065c40030320000666200003339000037300000ca
:1065d400306200006662000033390000373000008a
:1065e40030610000320a00003a310000303300000c
:1065f40037350000303000003061000035300000d5
:1066040032380000383000003039000061300000ba
:10661400326200006130000030650000353800004f
:106624006639000066300000303100006138000037
:10663400356200006130000030370000380a000085
:106644003a310000303300003736000030300000ab
:1066540030660000613800006639000066300000d2
:106664003039000038380000663500003230000050
:10667400303000003430000030330000613000005e
:106684003034000066620000363900003730000004
:1066940030640000650a00003a3100003033000025
:1066a400373700003030000030390000633000001c
:1066b4006635000035300000303000003430000012
:1066c400303300006130000030300000353000000d
:1066d400303300003730000030300000303000002c
:1066e400346500006230000030650000300a0000ac
:1066f4003a310000303300003738000030300000f9
:106704003065000038620000373900006630000050
:1067140030300000323000003033000037300000e9
:106724003038000030300000346500006230000072
:10673400306500003962000037390000663000001f
:1067440030310000340a00003a31000030330000d8
:106754003739000030300000306100003330000071
:106764003238000038300000303900003230000088
:10677400326200006130000030380000353900001a
:106784003739000066300000303100003238000034
:10679400346200006130000030610000330a000000
:1067a4003a3100003033000037610000303000001f
:1067b40030390000383900003739000066300000f5
:1067c40030390000363800006635000032300000f1
:1067d40030300000343000003033000061300000fd
:1067e40030380000666200003239000037300000a3
:1067f40030620000650a00003a31000030330000c6
:1068040037620000303000003039000035300000bd
:1068140066350000343000003030000034300000b1
:1068240030330000613000003030000035300000ab
:1068340030330000373000003030000030300000ca
:10684400356500006230000030610000370a000046
:106854003a3100003033000037630000303000006c
:1068640030650000616200003739000066300000c6
:106874003030000032300000303300003730000088
:106884003038000030300000356500006230000010
:106894003065000062620000373900006630000095
:1068a40030630000660a00003a3100003033000013
:1068b400376400003030000030360000343000000f
:1068c4003034000030300000306500003038000003
:1068d4003034000038300000303000003430000024
:1068e40032650000383000003036000034300000db
:1068f400313400003130000030300000390a00002b
:106904003a310000303300003765000030300000b9
:1069140030650000303800003134000039300000a8
:1069240030300000633800003032000030300000a6
:10693400303800006330000066350000303000005d
:106944003065000030380000663500003830000043
:1069540030640000310a00003a3100003033000096
:106964003766000030300000303900003366000024
:10697400663300006130000030650000666200008c
:10698400353900003730000030300000323000006c
:106994003032000031300000303800006661000001
:1069a400363900003730000030640000330a00003c
:1069b4003a3100003033000038300000303000003d
:1069c4003038000032380000363400003630000021
:1069d4003038000064610000373900006630000080
:1069e400303000003231000030320000303000001e
:1069f4003065000031380000663500003530000095
:106a040030610000300a00003a31000030330000e9
:106a140038310000303000003030000066300000b3
:106a240030330000613000003038000032300000a4
:106a340031370000383000003030000030300000c2
:106a44003262000065300000303100003031000057
:106a5400313800003030000030300000330a0000cc
:106a64003a3100003033000038320000303000008a
:106a7400303800003038000030360000313000007b
:106a840030660000646600006633000032300000a7
:106a94003061000032300000353200003030000038
:106aa400303200003231000031380000383000004c
:106ab40030380000370a00003a310000303300005b
:106ac4003833000030300000303000003331000033
:106ad400303200003030000030310000323100002c
:106ae4003138000030300000303800003238000007
:106af400303600003130000030660000646600006b
:106b0400663300003230000030320000310a0000e9
:106b14003a310000303300003834000030300000d7
:106b24003030000034300000306200006530000076
:106b34003030000030300000306600006530000066
:106b4400303600003031000031620000383000007f
:106b540030310000333000003033000037300000a3
:106b640030340000350a00003a31000030330000b0
:106b74003835000030300000303000003030000084
:106b84003262000065300000303100003331000013
:106b9400313800003030000030380000333000005d
:106ba40030360000313000003066000064660000ba
:106bb400663300003230000030660000320a000004
:106bc4003a31000030330000383600003030000025
:106bd40030300000343000003062000065300000c6
:106be4003036000032300000343200003030000013
:106bf40030320000323100003138000038300000fb
:106c040030360000303100003162000038300000be
:106c140030320000630a00003a31000030330000d3
:106c240038370000303000003031000035300000cb
:106c3400303300003730000030320000663300008b
:106c44006139000037300000303600003132000076
:106c5400336200003830000030660000363900002e
:106c6400373900006630000030390000340a000073
:106c74003a31000030330000383800003030000072
:106c840030380000373900006639000066300000f3
:106c94003030000035300000303300003730000061
:106ca4003031000037300000303200003030000056
:106cb4003063000037610000663900006630000070
:106cc40030650000620a00003a31000030330000f1
:106cd40038390000303000003034000066610000b4
:106ce40063390000373000003065000031300000a7
:106cf400663500003430000030300000623000009f
:106d040030330000613000003030000035310000c5
:106d1400303200003030000030640000380a0000d7
:106d24003a31000030330000386100003030000098
:106d34003030000030300000336200006530000065
:106d440030310000393100003138000030300000ab
:106d5400303800003938000030360000323000008e
:106d640030660000646600006633000032300000c4
:106d740030310000340a00003a31000030330000a2
:106d8400386200003030000030300000363000003f
:106d940030620000653000003062000034300000d2
:106da4003432000030300000303200003431000052
:106db400313800003830000030300000303000003e
:106dc400326500006230000030630000320a0000c7
:106dd4003a310000303300003863000030300000e6
:106de4003038000034300000323700003830000002
:106df4003033000039660000633300003730000090
:106e040030300000353100003032000030300000f6
:106e14003030000030300000336200006530000084
:106e240030390000380a00003a31000030330000e5
:106e3400386400003030000030310000613100005f
:106e44003138000030300000303800006138000074
:106e54003036000032300000306600006466000006
:106e6400663300003230000030300000363000005d
:106e7400306200006530000030640000660a0000e3
:106e84003a31000030330000386500003030000033
:106e9400303600003430000034320000303000005e
:106ea4003032000034310000313800003830000046
:106eb40030300000303000003265000062300000e5
:106ec4003038000034300000323700003830000021
:106ed40030610000380a00003a310000303300000d
:106ee4003866000030300000303200006566000073
:106ef4006333000037300000306500003238000092
:106f0400663500003230000030300000623000008e
:106f140030330000613000003030000035310000b3
:106f2400303200003030000030320000610a0000ce
:106f34003a310000303300003930000030300000b6
:106f44003030000030300000336200006530000053
:106f54003031000062310000313800003030000070
:106f64003038000062380000303600003230000053
:106f740030660000646600006633000032300000b2
:106f840030610000660a00003a310000303300002e
:106f9400393100003030000030300000363000005d
:106fa40030620000653000003065000034300000bd
:106fb4003432000030300000303200003431000040
:106fc400313800003830000030300000303000002c
:106fd400326500006230000030330000310a0000e6
:106fe4003a31000030330000393200003030000004
:106ff40030380000343000003237000038300000f0
:107004003032000031660000633300003730000086
:107014003030000030300000326500006230000083
:10702400306500003338000066350000323000005f
:1070340030390000340a00003a31000030330000d7
:107044003933000030300000303100006566000044
:10705400633300006130000030300000353100003f
:10706400303200003030000030300000303000009a
:1070740033620000653000003031000063310000ed
:10708400313800003030000030390000300a000090
:107094003a31000030330000393400003030000051
:1070a4003038000063380000303600003230000011
:1070b4003066000064660000663300003230000071
:1070c40030300000363000003062000065300000cf
:1070d4003038000034300000353200003030000019
:1070e40030360000650a00003a31000030330000f9
:1070f40039350000303000003032000034310000f7
:1071040031380000383000003030000030300000ea
:107114003265000062300000303800003430000076
:107124003237000038300000303100003366000090
:10713400633300003730000030370000390a0000a4
:107144003a3100003033000039360000303000009e
:107154003031000035610000656100003830000006
:1071640030310000346500006561000038300000f3
:10717400303100003538000065610000383000000f
:1071840030310000356300006561000038300000d4
:1071940030360000630a00003a310000303300004a
:1071a4003937000030300000303800003030000043
:1071b4003665000062300000306400006461000045
:1071c40037390000663000003033000035300000ed
:1071d400303200003030000030640000646600008b
:1071e400663300003730000030340000620a0000cb
:1071f4003a310000303300003938000030300000ec
:107204003031000035610000656100003830000055
:107214003031000034650000656100003830000042
:10722400303100003538000065610000383000005e
:107234003031000035630000656100003830000023
:1072440030340000630a00003a310000303300009b
:107254003939000030300000303000003030000098
:1072640032650000623000003064000034610000c8
:10727400373900006630000030330000353000003c
:107284003032000030300000306400003566000009
:10729400663300003730000030630000300a00001d
:1072a4003a31000030330000396100003030000012
:1072b40030310000356100006561000038300000a5
:1072c4003031000034650000656100003830000092
:1072d40030310000353800006561000038300000ae
:1072e4003031000035630000656100003830000073
:1072f40030320000630a00003a31000030330000ed
:1073040039620000303000003038000030300000b6
:107314003265000062300000306400003561000016
:10732400373900006630000030330000353000008b
:10733400303200003030000030630000646600002a
:10734400663300003730000030320000370a000096
:107354003a3100003033000039630000303000005f
:1073640030310000356100006561000038300000f4
:1073740030310000346500006561000038300000e1
:1073840030310000353800006561000038300000fd
:1073940030310000356300006561000038300000c2
:1073a40030300000630a00003a310000303300003e
:1073b400396400003030000030300000303000000c
:1073c4003365000062300000306400003661000064
:1073d40037390000663000003033000035300000db
:1073e40030320000303000003063000035660000a9
:1073f400663300003730000030380000640a0000b3
:107404003a310000303300003965000030300000ac
:107414003031000035610000656100003830000043
:107424003031000034650000656100003830000030
:10743400303100003538000065610000383000004c
:107444003031000035630000656100003830000011
:1074540030650000630a00003a3100003033000058
:107464003966000030300000303800003030000051
:1074740033650000623000003064000037610000b2
:10748400373900006630000030330000353000002a
:1074940030320000303000003062000064660000ca
:1074a400663300003730000030660000340a000004
:1074b4003a31000030330000613000003030000009
:1074c4003031000035610000656100003830000093
:1074d4003031000034650000656100003830000080
:1074e400303100003538000065610000383000009c
:1074f4003031000035630000656100003830000061
:1075040030630000620a00003a31000030330000aa
:1075140061310000303000003030000030300000b5
:1075240034650000623000003064000038610000ff
:107534003739000066300000303300003530000079
:107544003032000030300000306200003566000048
:10755400663300003730000030350000390a00007f
:107564003a31000030330000613200003030000056
:1075740030310000356100006561000038300000e2
:1075840030310000346500006561000038300000cf
:1075940030310000353800006561000038300000eb
:1075a40030310000356300006561000038300000b0
:1075b40030610000620a00003a31000030330000fc
:1075c40061330000303000003038000030300000fb
:1075d400346500006230000030640000396100004e
:1075e40037390000663000003033000035300000c9
:1075f400303200003030000030610000646600006a
:10760400663300003730000030630000300a0000a9
:107614003a310000303300006134000030300000a3
:107624003031000035610000656100003830000031
:10763400303100003465000065610000383000001e
:10764400303100003538000065610000383000003a
:1076540030310000356300006561000038300000ff
:1076640030380000620a00003a3100003033000074
:107674006135000030300000303000003030000050
:107684003565000062300000306400006161000074
:107694003739000066300000303300003530000018
:1076a40030320000303000003061000035660000e8
:1076b400663300003730000030320000360a000024
:1076c4003a310000303300006136000030300000f1
:1076d4003031000035610000656100003830000081
:1076e400303100003465000065610000383000006e
:1076f400303100003538000065610000383000008a
:10770400303100003563000065610000383000004e
:1077140030360000620a00003a31000030330000c5
:107724006137000030300000303800003030000095
:1077340035650000623000003064000062610000c2
:107744003739000066300000303300003530000067
:107754003032000030300000303900006466000030
:10776400663300003730000030380000640a00003f
:107774003a3100003033000061380000303000003e
:1077840030310000356100006561000038300000d0
:1077940030310000346500006561000038300000bd
:1077a40030310000353800006561000038300000d9
:1077b400303100003563000065610000383000009e
:1077c40030340000620a00003a3100003033000017
:1077d40061390000303000003030000030300000eb
:1077e4003665000062300000306400006361000010
:1077f40037390000663000003032000035300000b8
:1078040030320000303000003039000035660000ae
:10781400663300003730000030300000330a0000c7
:107824003a300000303000003030000030300000ca
:0878340031460000460000008f
:020000040000fa
:10783c000200000002000000020000000200000034
:10784c000200000002000000020000000200000024
:10785c000200000002000000020000000200000014
:10786c000300000003000000030000000300000000
:10787c0003000000030000000300000003000000f0
:10788c0003000000030000000300000003000000e0
:10789c0003000000030000000300000003000000d0
:1078ac0004000000040000000400000004000000bc
:1078bc0004000000040000000400000004000000ac
:1078cc000400000005000000050000000500000099
:1078dc000500000005000000050000000500000088
:1078ec000500000006000000060000000600000075
:1078fc000600000006000000060000000700000063
:10790c00070000000700000007000000070000004f
:10791c00080000000800000008000000080000003b
:10792c000900000009000000090000000900000027
:10793c000a0000000a0000000a0000000b00000012
:10794c000b0000000b0000000c0000000c000000fd
:10795c000c0000000d0000000d0000000e000000e7
:10796c000e0000000f0000000f00000010000000cf
:10797c0010000000110000001100000012000000b7
:10798c00120000001300000013000000140000009f
:10799c001500000015000000160000001700000084
:1079ac001800000018000000190000001a00000068
:1079bc001b0000001c0000001d0000001e00000049
:1079cc001f00000020000000210000002200000029
:1079dc002300000024000000250000002700000008
:1079ec0028000000290000002b0000002c000000e3
:1079fc002e0000002f0000003100000032000000bb
:107a0c00340000003600000038000000390000008f
:107a1c003b0000003d0000003f0000004200000061
:107a2c004400000046000000490000004b0000002c
:107a3c00070000000700000007000000070000001e
:107a4c00070000000700000007000000070000000e
:107a5c0007000000080000000800000008000000fb
:107a6c0008000000080000000800000008000000ea
:107a7c0008000000080000000800000009000000d9
:107a8c0009000000090000000900000009000000c6
:107a9c0009000000090000000a0000000a000000b4
:107aac000a0000000a0000000a0000000b000000a1
:107abc000b0000000b0000000b0000000c0000008d
:107acc000c0000000c0000000d0000000d00000078
:107adc000d0000000e0000000e0000000e00000063
:107aec000f0000000f00000010000000100000004c
:107afc001100000011000000120000001200000034
:107b0c001300000014000000140000001500000019
:107b1c0016000000170000001800000019000000fb
:107b2c00190000001a0000001b0000001d000000de
:107b3c001e0000001f0000002000000022000000ba
:107b4c002300000024000000260000002800000094
:107b5c00290000002b0000002d0000002f00000069
:107b6c003100000033000000350000003800000038
:107b7c003a0000003d0000004000000043000000ff
:107b8c0046000000490000004c00000050000000be
:107b9c0054000000580000005c0000006000000071
:107bac00650000006a0000006f0000007400000017
:107bbc00790000007f000000850000008c000000b0
:107bcc00930000009a000000a1000000a900000032
:107bdc00b1000000ba000000c3000000cd0000009e
:107bec00d7000000e2000000ed000000f8000000eb
:107bfc0005010000120100001f0100002d01000012
:107c0c003c0100004c0100005d0100006e01000011
:107c1c008001000094010000a8010000bd010000db
:107c2c00d3010000eb010000030200001d02000064
:107c3c003d460000697200006d7700006172000023
:107c4c0065560000723a0000003d000053650000cc
:107c5c0072690000616c00004e6d000062720000e1
:107c6c003a0000003d55000070740000696d000082
:107c7c00654d0000696c0000533a0000003d0000a7
:107c8c00427200006453000077630000684d0000ee
:107c9c006f6400003a0000003d41000058320000c3
:107cac0035520000785000006b740000733a0000ed
:107cbc00003d0000494c000032500000527800009a
:107ccc00506b0000747300003a0000003d49000046
:107cdc004c32000050520000785500006e430000fa
:107cec00723a0000003d000054780000506b000018
:107cfc00744300006f7500006e7400003a000000c1
:107d0c003d50000072650000616d0000626c000067
:107d1c00436e0000743a0000303000003030000038
:107d2c00003d00004c6f00006f70000043790000b4
:107d3c00636c0000657300003a0000003d4c0000cd
:107d4c006f7300007441000044430000536d000049
:107d5c00703a0000003d0000303000003a00000096
:107d6c003d300000313a0000003d00003032000090
:107d7c003a0000003d300000333a0000003d0000a6
:107d8c00303400003a0000003d300000363a00006c
:107d9c00003d0000303700003a0000003d3000008c
:107dac00383a0000003d0000303900003a00000075
:107dbc003d300000413a0000003d00003042000020
:107dcc003a30000030300000300000003d30000040
:107ddc00433a0000003d0000304400003a0000002f
:107dec003d300000453a0000003d000030460000e8
:107dfc003a0000003d310000303a0000003d000028
:107e0c00313100003a000000446500006d6f000045
:107e1c00643a000020000000205400006f74000041
:107e2c00616c0000204200006974000020430000d7
:107e3c006f7500006e7400003a20000000200000f6
:107e4c00426900007420000045720000726f00004f
:107e5c0072200000436f0000756e0000743a000041
:107e6c00200000007b0000002000000020680000c3
:107e7c0074740000707300003a2f00002f7400001f
:107e8c0061720000706e00002e6e000065740000c0
:107e9c002f4900004c320000500000000000000090
:107eac0000000000100000000100000006000000af
:107ebc000700000008000000c3000000c400000020
:107ecc00ca000000cb000000cc000000cd00000078
:107edc00ce000000cf000000f00000002f000000da
:107eec00430000000f00000063000000870000004a
:107efc0003000000af000000e300000020200000a1
:107f0c000d0a000020200000736100006d7000005d
:107f1c006c6500003a200000002c0000206f00006f
:107f2c007574000065720000206400006576000026
:107f3c0069610000746900006f6e00003a20000057
:107f4c00002c000020640000656d000061700000d2
:107f5c003a2000000000000020200000000d00006e
:107f6c000a0000003a200000002000000000000081
:107f7c0054410000525000004e7300007461000028
:107f8c0074000000435100004245000045500000c1
:020000040000fa
:107f9c003805fa00889fbe008a9fbe008c9fbe00e9
:107fac008004eb002b5120000b05470064014500b9
:107fbc008052200002377800e8024500c3522000ae
:107fcc0005b77900614eb9007660b8004479240099
:107fdc0000044200810f24000a0078001a9002006d
:107fec00010000008b0247000a000900351c7800d4
:107ffc006801b1006c66b80028fa24000c04440037
:10800c00e1ce23000a0078008c90020001000000f1
:10801c001a0078009a009000009cbe008352200049
:10802c006e8279001401780094019000029cbe00cd
:10803c00c5522000ee867a003d1c78002d14780085
:10804c008904e800e38f5400deff3a0000002100b1
:10805c00f0748a000018210000758a0000242100a9
:10806c0010758a004038210020758a00a071270005
:10807c0030758a00c089270040758a00e09527007a
:10808c0050758a0000a2270060758a0020ae270078
:10809c0070758a0040ba270080758a0060c6270078
:1080ac0090758a0080d22700a0758a00a0de270078
:1080bc00b0758a00c0ea2700c0758a00804c210088
:1080cc0010b68800e0f6270020b6880000062000d5
:1080dc0070f38900300f2000814f210011006000e7
:1080ec00e20f50000600320011032000810f5000f7
:1080fc002c0032000000e000610032008d003700df
:10810c0010002000207b8a0080b6880000902000a0
:10811c0090f38900c000200000418a00c0448a000e
:10812c00c08424001000a100408c24001000a10089
:10813c00020c20000e014100300020000100200044
:10814c008c7e0200010000007eb890000010a000a0
:10815c0070bf98000e017800300020000100200054
:10816c008c7e020001000000020420000e01410080
:10817c0030002000010020008c7e02000100000075
:10818c00fe1890000110a000711f98007e3990001d
:10819c000210a000723f98006009200050af8800c8
:1081ac006400370040002000207b8a0080b68800e5
:1081bc000020210090f38900020c20000e014100e8
:1081cc0030002000010020008c7e02000100000025
:1081dc00feb990000310a00073bf980090af800010
:1081ec000000e000230034000004eb00697d240053
:1081fc002c5f21006140b90082072000828bb900fe
:10820c000202b80085024300a404b0000580b0004f
:10821c0004824400c3002000030a780006027800a0
:10822c000201b800830142006207b0000380b00075
:10823c00028144001200a100460ddd00ca05de00db
:10824c008b0575004605dd000a0147003000200053
:10825c00010020008c7e020001000000ea03b00047
:10826c000a0047001010a0000804e8009c0f14003e
:10827c00e0ff3c00803e200050af88002d0037000e
:10828c000000eb00207b8a0080b6880000482000ac
:10829c0090f38900c000200000418a00c0448a008d
:1082ac00c08424001000a100408c24001000a10008
:1082bc00020c20000e014100300023006100200060
:1082cc008c7e0200010000007eba90000410a00019
:1082dc0074bf98000e01780030002300610020006c
:1082ec008c7e020001000000020420000e014100ff
:1082fc0030002300610020008c7e02000100000091
:10830c00fe1a90000510a000751f98007e3b90008f
:10831c000610a000763f9800e0e62300900078005d
:10832c004f09de00810041000188d100803e200011
:10833c0050af880090af80000000e00015003400c2
:10834c000004eb00491520004c4f21006d7d2400ea
:10835c006145b9000950b800021020000e0141001f
:10836c00000041007a51020001000000800720004b
:10837c000050b8000d0040009c0078009c340200b6
:10838c00010000000804e800235f2100930f140093
:10839c00efff3c0090f38100e4d9020001000000e3
:1083ac00e0e92400fec80200000000002068210063
:1083bc00e4230200010000008000eb0000302000ec
:1083cc008ace0200010000000c1020000e064600b0
:1083dc008c0678006c0046006102b800c652200082
:1083ec000e034300041b78000513780003eb2300f5
:1083fc0082652100a14d21004051210018a20200ec
:10840c000100000020af8000cf80de0012022000af
:10841c00820f5000e08f5800ab093e0000060100af
:10842c0021003700690037009b003700b00137008e
:10843c009d023700490337006f033700bf03370035
:10844c00db03370073043700e70437009e0937005d
:10845c005f05370077093700870937009009370027
:10846c0097093700980937003c0237002f01370075
:10847c0006063700a304370082063700a60637002d
:10848c00da0637002008370070073700d2073700ac
:10849c00fe073700480837008b093700fa0637000b
:1084ac003e0737004d0737001000200030af880022
:1084bc000080200061602100110060000400320087
:1084cc000100780010b0a100c000200030af88007f
:1084dc000080200081602100110060000400320047
:1084ec000100780010b0a1009001200030af88008e
:1084fc000040200081602100110060000400320067
:10850c000100780010a0a100a001200030af88006d
:10851c0040b080000098a3000200320061012000ee
:10852c0031af880001082000626021009280600059
:10853c0004003200820078001170a100f1002000cc
:10854c0031af880001102000626021009280600031
:10855c0004003200820078001180a100010120008b
:10856c0031af88000038a30011003200a0ae8000ab
:10857c00b1ae8000e00f5000e08f580008003200d0
:10858c000257210032021000a2821800027c220045
:10859c0093002000820f5200838f5a000400360093
:1085ac00806021001030a100d000200030af880086
:1085bc000020200061602100110060008bff320060
:1085cc00d000200030af880088ff370060af8000fb
:1085dc000000e00003003400a04d210052b0020066
:1085ec000100000070f281000000e0001000340077
:1085fc00c84f200008044700aad22300695020006d
:10860c0089044700ebe423008a0078000800780016
:10861c009693020001000000980078001900780081
:10862c008c910200010000001b00e000f6ff3c00f2
:10863c0000e723001000a10072f3810011f3810008
:10864c00b0f281006cd70200010000002ed70200ae
:10865c000100000090f38100e4d902000100000049
:10866c00000820008160210011006000050032002c
:10867c00010078001070a1004001200030af88008c
:10868c005aff37002000200030af8800a060210086
:10869c001020a10055ff370000002200616021006e
:1086ac0011006000140032000100780010d0a1000d
:1086bc0030c3b300c34f20008301470080497800ca
:1086cc00e2c2b300d14f200002f7780042c3b300de
:1086dc00e14f200002f77800f14f200000f77800fe
:1086ec00440020000041eb00e1c0b3008065210094
:1086fc00d08602000100000082652100a14d2100fe
:10870c004051210084fb020000000000300f2000cb
:10871c00814f210011006000e20f50001e0032005a
:10872c0011032000810f5000030032000000e00014
:10873c00310032004200370020fa2400801f7800fc
:10874c00e0e92400801f7800870f24000614240021
:10875c0045792400a4d22300637d24004213240015
:10876c00a14d210040512100dee902000000000073
:10877c008c02780084652100e39324000214240009
:10878c008e00780040512100b0f302000000000080
:10879c00e48757002a00370020fa2400801f780055
:1087ac00e0e92400801f7800870f240006142400c1
:1087bc0045792400a4d22300637d240042132400b5
:1087cc00a14d210040512100f4e8020000000000fe
:1087dc008c02780084652100e393240002142400a9
:1087ec008e00780040512100b0f302000000000020
:1087fc00e487570012003700870f2400061424006a
:10880c0045792400a4d22300637d24004213240064
:10881c00e1e9240040512100beeb02000000000001
:10882c008c02780084652100e39324000214240058
:10883c008e00780040512100b0f3020000000000cf
:10884c004395240042512100a14d21008065210057
:10885c00c4f8020000000000136eab0009003200e7
:10886c00015f21001100e8008008780051af800002
:10887c00810f50000300340081af8800806021001c
:10888c001080a00000022000816021001100600017
:10889c000d00320001007800900078000150a1001a
:1088ac0004a62e000500200003572100825a210047
:1088bc003319420023914a000100a00001087800fe
:1088cc003001200030af880080602100100078005b
:1088dc007000600004003200806021001040a10094
:1088ec00605e21000008eb00001020008160210078
:1088fc001100600004003200010078001080a1001b
:10890c008000200030af8800000022008160210030
:10891c0011006000b5fe32000100780010d0a100fb
:10892c00f001200030af8800b0fe3700300f20007f
:10893c00814f210011006000e20f50001e00320038
:10894c0011032000810f5000030032000000e000f2
:10895c00310032004200370020fa2400801f7800da
:10896c00e0e92400801f7800870f240006142400ff
:10897c0045792400a4d22300637d240042132400f3
:10898c00a14d210040512100dee902000000000051
:10899c008c02780084652100e393240002142400e7
:1089ac008e00780040512100b0f30200000000005e
:1089bc00e48757002a00370020fa2400801f780033
:1089cc00e0e92400801f7800870f2400061424009f
:1089dc0045792400a4d22300637d24004213240093
:1089ec00a14d210040512100f4e8020000000000dc
:1089fc008c02780084652100e39324000214240087
:108a0c008e00780040512100b0f3020000000000fd
:108a1c00e487570012003700870f24000614240047
:108a2c0045792400a4d22300637d24004213240042
:108a3c00e1e9240040512100beeb020000000000df
:108a4c008c02780084652100e39324000214240036
:108a5c008e00780040512100b0f3020000000000ad
:108a6c00e0f38100e10f50001b003400285120007e
:108a7c0041e723000e0044001a90020001000000a0
:108a8c00c50c2400080347000a000900b61a780038
:108a9c0084a78000a3a7800092a78000010c20006f
:108aac008e804000c00c2400b0ac0200010000001d
:108abc00f687470076845700c00c24000a00090092
:108acc00301c78006801b10000eb2300f09102002b
:108adc000100000088077800200682000000e000fa
:108aec0042fe34003000200030af88003ffe3700db
:108afc00300f2000814f210011006000e20f500068
:108b0c001e00320011032000810f500003003200c0
:108b1c000000e000310032004200370020fa24004f
:108b2c00801f7800e0e92400801f7800870f240064
:108b3c000614240045792400a4d22300637d24006c
:108b4c0042132400a14d210040512100dee9020016
:108b5c00000000008c02780084652100e39324005f
:108b6c00021424008e00780040512100b0f3020062
:108b7c0000000000e48757002a00370020fa240088
:108b8c00801f7800e0e92400801f7800870f240004
:108b9c000614240045792400a4d22300637d24000c
:108bac0042132400a14d210040512100f4e80200a1
:108bbc00000000008c02780084652100e3932400ff
:108bcc00021424008e00780040512100b0f3020002
:108bdc0000000000e487570012003700870f2400c4
:108bec000614240045792400a4d22300637d2400bc
:108bfc0042132400e1e9240040512100beeb0200a5
:108c0c00000000008c02780084652100e3932400ae
:108c1c00021424008e00780040512100b0f30200b1
:108c2c0000000000e0f381000000e000450034008b
:108c3c00806021001060a0002851200041e7230033
:108c4c000e0044001a90020001000000c10c240028
:108c5c00080147000a000900b2187800f0d7240078
:108c6c00c3c0b30090cf11001d003a00e00d2400ea
:108c7c001010a00081952400c00d2400114878002c
:108c8c0091952400d00d24001148780060952400a3
:108c9c001082e90004087800e00c24000008eb00c6
:108cac004240a9000e0034000000eb004195240066
:108cbc00648440008004eb00668340008003eb007a
:108ccc006101b9008800410006014100924878001a
:108cdc000000e800800f5200f9ff3c0074068a0087
:108cec00a4a7800093a78000020c20000e01410075
:108cfc0041952400c00c24003eac02000100000091
:108d0c00405c2100b14a82004f8ade00109840007e
:108d1c0010104a00f687470076845700c50c2400d3
:108d2c000a000900351c78006801b10000eb230033
:108d3c00f09102000100000000d8240010a0a10056
:108d4c008807780020068200e10f5000a7fd340050
:108d5c002001200030af8800a4fd3700300f200028
:108d6c00814f210011006000e20f50001e00320004
:108d7c0011032000810f5000030032000000e000be
:108d8c00310032004200370020fa2400801f7800a6
:108d9c00e0e92400801f7800870f240006142400cb
:108dac0045792400a4d22300637d240042132400bf
:108dbc00a14d210040512100dee90200000000001d
:108dcc008c02780084652100e393240002142400b3
:108ddc008e00780040512100b0f30200000000002a
:108dec00e48757002a00370020fa2400801f7800ff
:108dfc00e0e92400801f7800870f2400061424006b
:108e0c0045792400a4d22300637d2400421324005e
:108e1c00a14d210040512100f4e8020000000000a7
:108e2c008c02780084652100e39324000214240052
:108e3c008e00780040512100b0f3020000000000c9
:108e4c00e487570012003700870f24000614240013
:108e5c0045792400a4d22300637d2400421324000e
:108e6c00e1e9240040512100beeb020000000000ab
:108e7c008c02780084652100e39324000214240002
:108e8c008e00780040512100b0f302000000000079
:108e9c0070f281000000e00054fd3a004000200018
:108eac0030af880051fd3700300f2000814f21007a
:108ebc0011006000e20f50001e0032001103200070
:108ecc00810f5000030032000000e000310032003e
:108edc004200370020fa2400801f7800e0e92400cb
:108eec00801f7800870f2400061424004579240085
:108efc00a4d22300637d240042132400a14d210041
:108f0c0040512100dee90200000000008c027800d4
:108f1c0084652100e3932400021424008e00780061
:108f2c0040512100b0f3020000000000e48757001c
:108f3c002a00370020fa2400801f7800e0e9240082
:108f4c00801f7800870f2400061424004579240024
:108f5c00a4d22300637d240042132400a14d2100e0
:108f6c0040512100f4e80200000000008c0278005f
:108f7c0084652100e3932400021424008e00780001
:108f8c0040512100b0f3020000000000e4875700bc
:108f9c0012003700870f24000614240045792400a2
:108fac00a4d22300637d240042132400e1e92400b1
:108fbc0040512100beeb0200000000008c02780042
:108fcc0084652100e3932400021424008e007800b1
:108fdc0040512100b0f302000000000030b08000ce
:108fec00f100600056003a000058a3001100320056
:108ffc00a0602100900078000101d1000281ea00fc
:10900c0061016100020141000110a10002887000a1
:10901c00606021001040a0000157210022a88000b0
:10902c00c05d2100311841000003eb0021104b0002
:10903c0043003700a06021001010a10066d7020089
:10904c0001000000114ea90080ab800091ab8000a4
:10905c00a0ac8800b1ac8800044c2d001500200099
:10906c00c25a21000419400005914800806021007b
:10907c0010f0a000140ea8002851200001eb2300d2
:10908c000e0044004c93020001000000e0cc2300d1
:10909c00880047000a000900311878002168210077
:1090ac00e0cc23000efc020000000000c0ce230028
:1090bc00900078000120a1000110a0000100a10087
:1090cc000108780047512100a64d2100856521003b
:1090dc0004eb230023682100e2cc230061cb2300a6
:1090ec00e0c9230062fc020000000000475121008f
:1090fc00a64d21008565210004eb23002368210087
:10910c00e2cc230021cc2300a0ca230062fc020085
:10911c00000000000409200013e68100b2e5810084
:10912c0051e58100f0e4810004ce02000100000052
:10913c008000eb00003020008ace0200010000000d
:10914c00c0ce23001000780062006000a7fc320043
:10915c005000200030af8800a4fc3700e0f3810001
:10916c000000e00006003400439524004251210029
:10917c00a14d210080652100c4f802000000000010
:10918c000002200081602100110060000d003200ff
:10919c0001007800900078000150a10004a62e0078
:1091ac000500200003572100825a21003319420088
:1091bc0023914a000100a000010878006000200003
:1091cc0030af8800c0ce2300100078006200600031
:1091dc0086fc3a0082ab800093ab80008058210063
:1091ec00b00f5100a08f590080fc36007000200099
:1091fc0030af88007dfc3700e0f381000000e00018
:10920c0045003400806021001060a000285120002f
:10921c0041e723000e0044001a90020001000000f8
:10922c00c20c2400880147000a0009003319780099
:10923c00f0d72400c4c0b300904f12001d003a00b8
:10924c00e00d24001010a00081952400c00d240016
:10925c001148780091952400d00d24001148780015
:10926c00609524001082e90004087800e00c2400ca
:10927c000008eb004240a9000e0034000000eb0097
:10928c0041952400648440008004eb006683400018
:10929c008003eb006101b90082004400060141002b
:1092ac00924878000000e800800f5200f9ff3c0063
:1092bc0074068a00a4a7800093a78000020c2000eb
:1092cc000e01410041952400c00c24003eac02006c
:1092dc0001000000405c2100b14a8200cf8ade0010
:1092ec001098400010904a00f6874700768457008b
:1092fc00c60c24000a000900361c78006801b10075
:10930c0000eb2300f09102000100000000d82400c3
:10931c0010a0a100880778000004200081602100c3
:10932c001100600031fc3200010078001060a100d7
:10933c005000200030af88002cfc3700140ea90020
:10934c0080ab800091ab800073a88000c25d2100cf
:10935c0000824100e08248000489be006260210066
:10936c001240a000c25b210032024000a2824800e1
:10937c00435921003319520023915a0060ac8800e4
:10938c0071ac880080602100e1ff2700108860002c
:10939c00200682000000e000020034008060210002
:1093ac001070a000605e21000008eb000ffc37007d
:1093bc00c0ce230010007800620060003c003a0030
:1093cc00c0ce2300900078000130a0000140a10025
:1093dc000120a1000110a0000100a10001087800eb
:1093ec0047512100a64d21008565210004eb230087
:1093fc0023682100e2cc230061cb2300e0c92300c9
:10940c0062fc02000000000047512100a64d210023
:10941c008565210004eb230023682100e2cc2300a6
:10942c0021cc2300a0ca230062fc02000000000033
:10943c0066d70200010000000409200013e6810039
:10944c00b2e5810051e58100f0e4810004ce020018
:10945c00010000008000eb00003020008ace0200ea
:10946c0001000000114ea90082ab800093ab80007c
:10947c00a2ac8800b3ac8800044c2d001500200071
:10948c00c05a210004184100059049008060210059
:10949c009000780001f0a00001087800140ea800dc
:1094ac00c2ab8800d3ab88000110a1000108780082
:1094bc006060210051ff2f001088600015aea900dc
:1094cc0014eea900158ea90015cea9008057210015
:1094dc0001572100110278009102900030015200d6
:1094ec00a0815a000200be0005712200850f5100b8
:1094fc00e08f59000100360015aea80086af22009f
:10950c00860f5000e08f58000100360014eea800c2
:10951c0002ee2200820f5000e08f5800010036004e
:10952c00158ea800832c2300830f5000e08f580069
:10953c000100360015cea80004532700840f5000fc
:10954c00e08f5800010036000000fe00136eab00e7
:10955c002a003a00035f21001301e9008209780018
:10956c004240a90025003c00030178000009eb00f3
:10957c00c2ce23001240a00092a78000e10f510040
:10958c000f003a0085af2200850f5000e08f580085
:10959c00020036008260210012b0a00006ee22000c
:1095ac00860f5000e08f58000500360080602100c7
:1095bc009000780001b0a10001a0a0000108780083
:1095cc008057210001572100110278009102900070
:1095dc0030015200a0815a00852c2300850f5100c8
:1095ec00e08f590005003600806021009000780063
:1095fc0001a0a1000190a0000108780080af8000bc
:10960c000000e00079fb3a009000200030af8800a9
:10961c0076fb37008c1f7800876521004695240067
:10962c00c50c240004eb2300030c20008e814100a8
:10963c0042e72300a14d210040512100f2f6020027
:10964c00000000008060210010e0a00020512100eb
:10965c0010007800680060008f87e9000000e000cf
:10966c0025003a0060af80000000e00003003400e9
:10967c00a04d210052b002000100000070f28100e8
:10968c000000e00010003400c84f20000804470020
:10969c00aad223006950200089044700ebe4230080
:1096ac008a00780008007800969302000100000000
:1096bc0098007800190078008c91020001000000dd
:1096cc001b00e000f6ff3c0000e723001000a100a7
:1096dc0072f3810011f38100b0f281006cd70200ab
:1096ec00010000002ed702000100000090f3810061
:1096fc00e4d90200010000005001200030af8800c6
:10970c003afb3700c0ce23001000780062006000e6
:10971c0036fb3a002851200001eb23000e004400d8
:10972c004c93020001000000e6cc23000800470027
:10973c000a000900301b780021682100e0cc2300ce
:10974c000efc020000000000c0ce23009000780048
:10975c000120a1000110a0000100a1000108780067
:10976c0047512100a64d21008565210004eb230003
:10977c0023682100e2cc230061cb2300e0c9230045
:10978c0062fc02000000000047512100a64d2100a0
:10979c008565210004eb230023682100e2cc230023
:1097ac0021cc2300a0ca230062fc020000000000b0
:1097bc000409200013e68100b2e5810051e5810027
:1097cc00f0e4810004ce0200010000008000eb00f8
:1097dc00003020008ace020001000000a000200012
:1097ec0030af880001fb370000f8240090007800af
:1097fc00117c8a00225f210092017800a3af8800bf
:10980c00110020000109780001087800300f2000b9
:10981c00814f210011006000e20f50001e00320049
:10982c0011032000810f5000030032000000e00003
:10983c00310032004200370020fa2400801f7800eb
:10984c00e0e92400801f7800870f24000614240010
:10985c0045792400a4d22300637d24004213240004
:10986c00a14d210040512100dee902000000000062
:10987c008c02780084652100e393240002142400f8
:10988c008e00780040512100b0f30200000000006f
:10989c00e48757002a00370020fa2400801f780044
:1098ac00e0e92400801f7800870f240006142400b0
:1098bc0045792400a4d22300637d240042132400a4
:1098cc00a14d210040512100f4e8020000000000ed
:1098dc008c02780084652100e39324000214240098
:1098ec008e00780040512100b0f30200000000000f
:1098fc00e487570012003700870f24000614240059
:10990c0045792400a4d22300637d24004213240053
:10991c00e1e9240040512100beeb020000000000f0
:10992c008c02780084652100e39324000214240047
:10993c008e00780040512100b0f3020000000000be
:10994c00c0ce23001000780062006000a7fa3a0035
:10995c0080ab800091ab8000825d2100b20f500083
:10996c00a28f5800a1fa3600147c8200047c8a0075
:10997c00a5af800095af8800140ea90073a88000d5
:10998c00c25d210000824100e08248000489be00d3
:10999c00626021001240a000c25b21003202400034
:1099ac00a2824800435921003319520023915a00d6
:1099bc0060ac880071ac880080602100e1ff27005a
:1099cc0010886000605e21000008eb0087fa370009
:1099dc00300f2000814f210011006000e20f500079
:1099ec001e00320011032000810f500003003200d2
:1099fc000000e000310032004200370020fa240061
:109a0c00801f7800e0e92400801f7800870f240075
:109a1c000614240045792400a4d22300637d24007d
:109a2c0042132400a14d210040512100dee9020027
:109a3c00000000008c02780084652100e393240070
:109a4c00021424008e00780040512100b0f3020073
:109a5c0000000000e48757002a00370020fa240099
:109a6c00801f7800e0e92400801f7800870f240015
:109a7c000614240045792400a4d22300637d24001d
:109a8c0042132400a14d210040512100f4e80200b2
:109a9c00000000008c02780084652100e393240010
:109aac00021424008e00780040512100b0f3020013
:109abc0000000000e487570012003700870f2400d5
:109acc000614240045792400a4d22300637d2400cd
:109adc0042132400e1e9240040512100beeb0200b6
:109aec00000000008c02780084652100e3932400c0
:109afc00021424008e00780040512100b0f30200c3
:109b0c00000000006060210010b0a10080ab80005c
:109b1c0091ab800000ad880011ad8800e20f4000d1
:109b2c00e08f58000c0036000001eb00255320009c
:109b3c0002b77a00e5a880000353200005b779002e
:109b4c00025a21000303470036027800a60278006f
:109b5c0004195000059158002851200041e72300ba
:109b6c000e0044001a90020001000000c40c2400f6
:109b7c00880247000a000900351a780000512100bc
:109b8c0010407800e14f500003003200e24f5000cb
:109b9c0031003a000600370062002000614e2100bf
:109bac00c00c240078bd0200010000002a00370020
:109bbc00840020001300200003017800010c200019
:109bcc008e804000c00c2400b0ac020001000000ec
:109bdc00f6874700f6845700c60c24000a000900db
:109bec00b61c78006901b10000eb2300f091020073
:109bfc00010000002851200041e723000e00440022
:109c0c001a90020001000000c00c240088004700dc
:109c1c000a00090031187800a14d2100809524001c
:109c2c00d05602000100000068952400000c78005a
:109c3c001400200084017800020c20000e01410069
:109c4c0041952400c00c24003eac02000100000031
:109c5c00000ceb0089077800f687470076845700e4
:109c6c00c20c24000a000900321c78006801b10003
:109c7c0000eb2300f09102000100000040002000e6
:109c8c0030af880088077800d8f93700300f2000f3
:109c9c00814f210011006000e20f50001e003200c5
:109cac0011032000810f5000030032000000e0007f
:109cbc00310032004200370020fa2400801f780067
:109ccc00e0e92400801f7800870f2400061424008c
:109cdc0045792400a4d22300637d24004213240080
:109cec00a14d210040512100dee9020000000000de
:109cfc008c02780084652100e39324000214240074
:109d0c008e00780040512100b0f3020000000000ea
:109d1c00e48757002a00370020fa2400801f7800bf
:109d2c00e0e92400801f7800870f2400061424002b
:109d3c0045792400a4d22300637d2400421324001f
:109d4c00a14d210040512100f4e802000000000068
:109d5c008c02780084652100e39324000214240013
:109d6c008e00780040512100b0f30200000000008a
:109d7c00e487570012003700870f240006142400d4
:109d8c0045792400a4d22300637d240042132400cf
:109d9c00e1e9240040512100beeb0200000000006c
:109dac008c02780084652100e393240002142400c3
:109dbc008e00780040512100b0f30200000000003a
:109dcc0001eb2300c04f2000000047004c93020021
:109ddc0001000000e0f38100e10f50001b00340093
:109dec002851200041e723000e0044001a90020085
:109dfc0001000000c30c2400080247000a000900ff
:109e0c00b419780084a78000a3a7800092a78000d3
:109e1c00010c20008e804000c00c2400b0ac02006d
:109e2c0001000000f687470076845700c50c24001b
:109e3c000a000900351c78006801b10000eb230012
:109e4c00f09102000100000088077800f6874700b7
:109e5c0076845700c04f2000000347000a00090019
:109e6c00361c78006801b10000eb2300f091020071
:109e7c00010000002001200030af88008807780026
:109e8c005af9370080ab800091ab8000c25821009a
:109e9c0032025000a28258000401be00853e200010
:109eac00850f5100e08f590050f93600114ea90072
:109ebc00a0ac8800b1ac8800044c2d00150020002b
:109ecc00c25a21000419400005914800806021000d
:109edc0010f0a000140ea8008c1f780087652100dc
:109eec0046952400c50c240004eb2300030c200031
:109efc008e81410042e72300a14d210040512100f9
:109f0c00f2f60200000000007001200030af880063
:109f1c008f87e90035f937002851200001eb230029
:109f2c000e0044004c93020001000000e6cc23001c
:109f3c00080047000a000900301b78002168210046
:109f4c00e0cc23000efc020000000000c0ce230079
:109f5c00900078000120a1000110a0000100a100d8
:109f6c000108780047512100a64d2100856521008c
:109f7c0004eb230023682100e2cc230061cb2300f7
:109f8c00e0c9230062fc02000000000047512100e0
:109f9c00a64d21008565210004eb230023682100d8
:109fac00e2cc230021cc2300a0ca230062fc0200d7
:109fbc00000000000409200013e68100b2e58100d6
:109fcc0051e58100f0e4810004ce020001000000a4
:109fdc008000eb00003020008ace0200010000005f
:109fec008001200030af880000f93700136eab0001
:109ffc0002003200806021001090a1002006820037
:10a00c000000e000f9f83a00c0ce23001000780000
:10a01c0062006000f5f83a0080ab800091ab8000e4
:10a02c0082582100b20f5000a28f5800eff8360072
:10a03c00140ea90073a88000c25d210000824100ab
:10a04c00e08248000489be00626021001240a0003a
:10a05c00c25b210032024000a28248004359210019
:10a06c003319520023915a0060ac880071ac8800ff
:10a07c0080602100e1ff270010886000605e2100f5
:10a08c000008eb00d9f83700c0ce23001000780090
:10a09c00620060003e003a00c0ce230090007800c1
:10a0ac000130a0000140a100821b2000a2b6880054
:10a0bc000120a1000110a0000100a10001087800fe
:10a0cc0047512100a64d21008565210004eb23009a
:10a0dc0023682100e2cc230061cb2300e0c92300dc
:10a0ec0062fc02000000000047512100a64d210037
:10a0fc008565210004eb230023682100e2cc2300ba
:10a10c0021cc2300a0ca230062fc02000000000046
:10a11c0066d70200010000000409200013e681004c
:10a12c00b2e5810051e58100f0e4810004ce02002b
:10a13c00010000008000eb00003020008ace0200fd
:10a14c0001000000114ea90082ab800093ab80008f
:10a15c00a2ac8800b3ac8800044c2d001500200084
:10a16c00c05a21000418410005904900806021006c
:10a17c009000780001f0a00001087800140ea800ef
:10a18c00c2ab8800d3ab88000110a1000108780095
:10a19c000002200030af880094f83700805721006f
:10a1ac0001572100110278009102900030015200f9
:10a1bc00a0815a0020b080008000eb00800f51007d
:10a1cc00818f590089f83600c0ce23001040a000c2
:10a1dc001002200030af880084f83700c0ce230076
:10a1ec00100078006200600080f83a00140ea9009c
:10a1fc0080ab800091ab800073a88000c25d210011
:10a20c0000824100e08248000489be0062602100a7
:10a21c001240a000c25b210032024000a282480022
:10a22c00435921003319520023915a0060ac880025
:10a23c0071ac880080602100e1ff2700108860006d
:10a24c00605e21000008eb0068f8370080ab8000ee
:10a25c0091ab8000c258210032025000a2825800fb
:10a26c000401be00853e2000850f5100e08f59008f
:10a27c005ef83600114ea900a0ac8800b1ac880085
:10a28c00044c2d0015002000c25a21000419400076
:10a29c00059148008060210010f0a000140ea80069
:10a2ac002851200041e723000e0044001a900200c0
:10a2bc0001000000c60c2400080047000a00090039
:10a2cc00301b7800a3a7800092a78000010c20000f
:10a2dc008e804000c00c24007cac02000100000009
:10a2ec00f6874700f6845700c10c24000a000900c9
:10a2fc00b11c78006901b10000eb2300f091020061
:10a30c000100000001eb23000e0044004c930200fe
:10a31c0001000000e2cc2300880147000a0009007c
:10a32c003319780021682100e0cc23000efc0200d8
:10a33c0000000000c0ce2300900078000120a10096
:10a34c000110a0000100a100010878004751210074
:10a35c00a64d21008565210004eb23002368210014
:10a36c00e2cc230061cb2300e0c9230062fc020095
:10a37c000000000047512100a64d210085652100f9
:10a38c0004eb230023682100e2cc230021cc230022
:10a39c00a0ca230062fc0200000000000409200097
:10a3ac0013e68100b2e5810051e58100f0e4810003
:10a3bc0004ce0200010000008000eb000030200001
:10a3cc008ace020001000000b001200030af8800ee
:10a3dc008907780005f83700e0f381000000e00001
:10a3ec001a0034002851200041e723000e004400dd
:10a3fc001a90020001000000c40c240088024700df
:10a40c000a000900351a7800a3a7800092a78000e3
:10a41c00010c20008e804000c00c24007cac02009b
:10a42c0001000000f687470076845700c60c240014
:10a43c000a000900361c78006801b10000eb23000b
:10a44c00f0910200010000008807780040592100bb
:10a45c000157210011027800910290003001520046
:10a46c00a0815a0000982a0031002000800f510072
:10a47c00818f590002003e00136eab00dbf73200f7
:10a48c00c001200030af8800d8f7370020068200ca
:10a49c000000e000d5f73a00c0ce23001000780091
:10a4ac0062006000d1f73a00140ea90080ab800066
:10a4bc0091ab800073a88000c25d21000082410036
:10a4cc00e08248000489be00626021001240a000b6
:10a4dc00c25b210032024000a28248004359210095
:10a4ec003319520023915a0060ac880071ac88007b
:10a4fc0080602100e1ff270010886000605e210071
:10a50c000008eb00b9f7370060af80000000e000f6
:10a51c0003003400a04d210052b0020001000000e5
:10a52c0070f281000000e00010003400c84f2000e1
:10a53c0008044700aad22300695020008904470070
:10a54c00ebe423008a007800080078009693020060
:10a55c000100000098007800190078008c9102002e
:10a56c00010000001b00e000f6ff3c0000e72300a8
:10a57c001000a10072f3810011f38100b0f2810090
:10a58c006cd70200010000002ed702000100000071
:10a59c0090f38100e4d902000100000080ab800040
:10a5ac0091ab800000ac880011ac8800d001200079
:10a5bc0030af88008df73700300f2000814f21001d
:10a5cc0011006000e20f50001e0032001103200049
:10a5dc00810f5000030032000000e0003100320017
:10a5ec004200370020fa2400801f7800e0e92400a4
:10a5fc00801f7800870f240006142400457924005e
:10a60c00a4d22300637d240042132400a14d210019
:10a61c0040512100dee90200000000008c027800ad
:10a62c0084652100e3932400021424008e0078003a
:10a63c0040512100b0f3020000000000e4875700f5
:10a64c002a00370020fa2400801f7800e0e924005b
:10a65c00801f7800870f24000614240045792400fd
:10a66c00a4d22300637d240042132400a14d2100b9
:10a67c0040512100f4e80200000000008c02780038
:10a68c0084652100e3932400021424008e007800da
:10a69c0040512100b0f3020000000000e487570095
:10a6ac0012003700870f240006142400457924007b
:10a6bc00a4d22300637d240042132400e1e924008a
:10a6cc0040512100beeb0200000000008c0278001b
:10a6dc0084652100e3932400021424008e0078008a
:10a6ec0040512100b0f3020000000000e15e2100a7
:10a6fc001100e80080087800215f2100910f5000c4
:10a70c0002003900e05e21000008eb0074af80000d
:10a71c006121b800c02120000010b800423524008f
:10a72c00020040001000e0004800340028512000d6
:10a73c008002eb00c02120000022b800011424008c
:10a74c00810042000e0044004c9302000100000006
:10a75c00e1932400080147000a000900b2187800b0
:10a76c00e95e210099017800c619dd00ea93240006
:10a77c008301470002012000314a82001a00780050
:10a78c001e83020001000000190078006102b8006d
:10a79c00865220000e034300041b7800051378003a
:10a7ac0048152000960178000818b80000004700f2
:10a7bc0060029100f0029100465320000e0343000a
:10a7cc00041b7800051378000a0078005c53020023
:10a7dc000100000086522000ee017b00081ab80030
:10a7ec00c410b00084004700445320000e02420005
:10a7fc0034017800a40178004f83de00020240008f
:10a80c0083024b008488be00190078008000eb00a6
:10a81c000801b8008210b00002014700234a8200f0
:10a82c00c419dd000800b8008010b000000047001b
:10a83c00cf98de0030994100209148009a007800b2
:10a84c00904a82005a9102000100000080ab800007
:10a85c0091ab80004258210032025000a282580075
:10a86c000401be00853e2000850f5100e08f590089
:10a87c005d00360020ac880031ac88000258210005
:10a88c0032025000a28258000400be00b55d2000c8
:10a89c00850f5000e08f580005003e0096af8000f9
:10a8ac000000eb000600e00006003c00430037000f
:10a8bc000004eb0090af80000000e00018003c00aa
:10a8cc003e00370047152000688446008004eb00ea
:10a8dc006022b8008d0178008152200003b7780007
:10a8ec00cd5220008e8646003d017800ad017800e7
:10a8fc000205be000781b900880041008488be00b3
:10a90c000a0141000489be000000e800860f5000d7
:10a91c00f8ff3a0082522000ee067900e4ff37007f
:10a92c00688046006101b800845220000e0242008b
:10a93c00021a780003127800ca4e2100699524008f
:10a94c004215200002c1b900c65220006e027b00e5
:10a95c0084004100855220006e827a000200420081
:10a96c0088017800110378009103900010027800a0
:10a97c00900290001a417800614e210080952400cd
:10a98c006055020001000000800c78000002780085
:10a99c00839524000041eb00824078008065210003
:10a9ac00d086020001000000800ceb000804e800d7
:10a9bc0090af8000880f5000e1ff3c00027d20002a
:10a9cc000300200001572100005b210031184100d9
:10a9dc0021904900158eab0002003200158ea900a3
:10a9ec0001003700158ea8000058210001572100e6
:10a9fc00110278009102900030015200a0815a009f
:10aa0c00007c220091002000800f5100818f5900a2
:10aa1c0002003e00136eab0074f6320066d70200e3
:10aa2c0001000000158ea900605e21000008eb00fb
:10aa3c006ef6370066d7020001000000027021009c
:10aa4c00a14d21004051210084e7020000000000cc
:10aa5c000030200061602100110060000300320012
:10aa6c000001200030af880060f63700605e2100e6
:10aa7c000008eb005df6370066d70200010000000d
:10aa8c0002702100a14d21004051210064e8020018
:10aa9c0000000000605e21000008eb0053f6370058
:10aaac00806521006e770200010000004f06be0099
:10aabc004f05be004f04be000080fa0000000600e7
:10aacc000000fe0049f637000000fe0047f6370094
:10aadc00841afa00889fbe008a9fbe008c9fbe001d
:10aaec0000002100106c8a0000182100206c8a00e4
:10aafc0000242100306c8a0040382100406c8a0010
:10ab0c00a0712700506c8a00c0892700606c8a00f5
:10ab1c00e0952700706c8a0000a22700806c8a00e8
:10ab2c0020ae2700906c8a0040ba2700a06c8a00e7
:10ab3c0060c62700b06c8a0080d22700c06c8a00e7
:10ab4c00a0de2700d06c8a00c0ea2700e06c8a00e7
:10ab5c00804c210010b68800e0f6270020b6880053
:10ab6c0042a121000201470030002000010020001a
:10ab7c008c7e02000100000020a52100000047008f
:10ab8c001010a000429d210002014700300020005f
:10ab9c00010020008c7e02000100000020a1210099
:10abac00000047001010a000a8a62100810f24006f
:10abbc000e0044001a9002000100000040792400ad
:10abcc00880047000a00090031187800810f240022
:10abdc000e0044001a90020001000000a27a24002a
:10abec00880147000a00090033197800e1ce2300e0
:10abfc000e0044008c900200010000000e00440086
:10ac0c0030027800b002780034748a0045748a00ef
:10ac1c0030017800b001780052748a0063748a00a5
:10ac2c00100278009002900074748a0085748a0077
:10ac3c00e1ce23000e0044008c90020001000000c5
:10ac4c00080078000e00400030017800b001780058
:10ac5c0092748a00a3748a0030027800b0027800e3
:10ac6c00b4748a00c5748a001001780090019000b9
:10ac7c00d2748a00e3748a00c16c21008e8040007b
:10ac8c000e00780082fe020000000000c16c210062
:10ac9c008e80400060b620000000470082fe02005b
:10acac0000000000d0af800081b5200000b7780014
:10acbc00e16b210000b7780040b62000000047008f
:10accc001070a100a06c2100000047001070a100c2
:10acdc000006200070f38900300f2000814f210006
:10acec001100600021082000810f50006400320028
:10acfc0022003c0031022000810f50004400320041
:10ad0c000c003c00e30f5000da00320003003c0062
:10ad1c00e10f500049013a00eb003700f10f5000f1
:10ad2c000001320021022000810f500043013a0043
:10ad3c003d00370011042000810f50002501320026
:10ad4c0007003c0001032000810f5000b4003200ca
:10ad5c0001042000810f500038013a000201370035
:10ad6c0001082000810f50005a0032001108200009
:10ad7c00810f500031013a006a0037003109200080
:10ad8c00810f5000b50032000f003c00010920007b
:10ad9c00810f50009c00320004003c003108200060
:10adac00810f500025013a0088003700110920005e
:10adbc00810f50002c00320021092000810f50001f
:10adcc001e013a007b003700310a2000810f500031
:10addc00ce00320007003c00010a2000810f500019
:10adec0036003200210a2000810f500013013a0076
:10adfc0046003700010b2000810f5000ac003200e0
:10ae0c00110f2000810f50000c013a005400370044
:10ae1c0040b62000000047001060a000a06c21008c
:10ae2c00000047001060a0003001200040728a0032
:10ae3c004000200080b688000020210090f389009b
:10ae4c00c000200000418a00c0448a00c084240055
:10ae5c001000a100408c24001000a000803e2000b7
:10ae6c0050af8800f500370040b6200000004700c6
:10ae7c001060a000a06c2100000047001060a00032
:10ae8c008000200040728a0080b6880000202100db
:10ae9c0090f38900c000200000418a00c0448a0061
:10aeac00c08424001000a100408c24001000a100dc
:10aebc00803e200050af8800e000370040b62000f4
:10aecc00000047001060a000a06c210000004700ab
:10aedc001060a000c000200040728a0080b688007c
:10aeec000190200091f3890000418a00c0448a003f
:10aefc00c08424001000a100408c24001000a1008c
:10af0c00803e200050af8800cc00370040b62000b7
:10af1c00000047001060a000a06c2100000047005a
:10af2c001060a000d000200040728a0080b688001b
:10af3c000090200090f389006000200000418a00fe
:10af4c00c0448a00c08424001000a100408c24005e
:10af5c001000a100803e200050af8800b7003700e1
:10af6c0040b62000000047001060a000a06c21003b
:10af7c00000047001060a000e000200040728a0032
:10af8c0080b688000090200090f38900800020009b
:10af9c0000418a00c0448a00c08424001000a10033
:10afac00408c24001000a100803e200050af88008f
:10afbc00a200370040b62000000047001060a0003f
:10afcc00a06c2100000047001060a0009000200041
:10afdc0040728a0080b688000020210090f389001e
:10afec00c000200000418a00c0448a00c0842400b4
:10affc001000a100408c24001000a100803e200015
:10b00c0050af88008d00370040b62000000047008c
:10b01c001060a000a06c2100000047001060a00090
:10b02c004000200040728a0080b688000020210079
:10b03c0090f38900c000200000418a00c0448a00bf
:10b04c00c08424001000a100408c24001000a1003a
:10b05c00803e200050af88007800370040b62000ba
:10b06c00000047001060a000a06c21000000470009
:10b07c001060a0001000200040728a0080b688008a
:10b08c000090200090f38900c000200000418a004d
:10b09c00c0448a00c08424001000a100408c24000d
:10b0ac001000a1006009200050af88006300370039
:10b0bc0040b62000000047001060a000a06c2100ea
:10b0cc00000047001060a0000000eb0040728a00f6
:10b0dc0080b688000048200090f38900c000200052
:10b0ec0000418a00c0448a00c08424001000a100e2
:10b0fc00408c24001000a0000003200070f3890095
:10b10c00803e200050af88004c00370040b6200035
:10b11c00000047001060a000a06c21000000470058
:10b12c001060a0003000200040728a0080b68800b9
:10b13c000048200090f389008001200000418a0023
:10b14c00c0448a00c08424001000a100408c24005c
:10b15c001000a0000003200070f38900803e200046
:10b16c0050af88003500370041b620008100470001
:10b17c00a06c210000004700100178000260a000c4
:10b18c00910178000360a0000370a0008308780090
:10b19c000270a00002087800f000200040728a00c3
:10b1ac0080b688000060200090f389009000200099
:10b1bc0000418a00c0448a00c08424001000a10011
:10b1cc00408c24001000a000803e200050af88006e
:10b1dc001a00370041b6200081004700a06c210006
:10b1ec0000004700100178000260a0009101780077
:10b1fc000360a0000370a000830878000270a00018
:10b20c00020878000001200040728a0080b6880095
:10b21c000048200090f389006000200000418a0063
:10b22c00c0448a00c08424001000a100408c24007b
:10b23c001000a000803e200050af880020d82400d1
:10b24c00fec802000000000020682100e423020078
:10b25c0001000000484f210098007800607d240018
:10b26c009c3402000100000098007800e084240067
:10b27c009c340200010000008000eb000030200034
:10b28c008ace02000100000090f38100e4d9020094
:10b29c0001000000aca621008c06470043a521004c
:10b2ac008304470003eb230082652100a14d21009c
:10b2bc004051210018a202000100000020af8000c4
:10b2cc00cf80de0014022000840f5000e08f580065
:10b2dc00820b3e0000060100210037006900370098
:10b2ec0099003700c30237008d043700c6053700bc
:10b2fc00ec053700fd05370019063700b10637009d
:10b30c001e073700750b3700240837004e0b37002b
:10b31c005e0b3700670b37006e0b37006f0b370077
:10b32c009e033700ba01370057093700db06370098
:10b33c00570a3700780a3700ab0a3700670b37001b
:10b34c00660b3700650b3700640b3700630b370057
:10b35c00620b3700cb0a37000f0b37001e0b370080
:10b36c001000200030af88000080200061602100b8
:10b37c0011006000040032000100780010b0a10040
:10b38c00c000200030af88000080200081602100c8
:10b39c0011006000040032000100780010b0a10020
:10b3ac009001200030af8800004020008160210017
:10b3bc0011006000040032000100780010a0a10010
:10b3cc00a001200030af880040b080000098a3009e
:10b3dc00020032006101200031af8800010820001a
:10b3ec0062602100928060000400320082007800cc
:10b3fc001170a100f100200031af88000110200075
:10b40c0062602100928060000400320082007800ab
:10b41c001180a1000101200031af88000038a30089
:10b42c0011003200a0ae8000b1ae8000e00f5000e1
:10b43c00e08f580008003200025721003202100041
:10b44c00a2821800027c220093002000820f52007e
:10b45c00838f5a0004003600806021001030a10058
:10b46c00d000200030af8800002020006160210057
:10b47c00110060008bff3200d000200030af88003c
:10b48c0088ff370060af80000000e000030034004c
:10b49c00a04d210052b002000100000070f28100aa
:10b4ac000000e0000e003400aad22300e8a5210021
:10b4bc0008044700ebe423008a00780009007800b8
:10b4cc0096930200010000009900780018007800a3
:10b4dc008c910200010000001b00e000f6ff3c0014
:10b4ec0000e723001000a10072f3810011f381002a
:10b4fc00b0f281006cd70200010000002ed70200d0
:10b50c000100000090f38100e4d90200010000006a
:10b51c00000820008160210011006000050032004d
:10b52c00010078001070a1004001200030af8800ad
:10b53c005cff37002000200030af8800a0602100a5
:10b54c001020a10057ff370000002200616021008d
:10b55c0011006000130032000100780010d0a1002f
:10b56c0030c3b300804c7800e2c2b30051a5210077
:10b57c0002f7780042c3b30061a5210002f77800fe
:10b58c0071a5210000f778004400200089017800a3
:10b59c000041eb00e1c0b30080652100d0860200c1
:10b5ac000100000082652100a14d210040512100c5
:10b5bc0084fb020000000000300f2000814f2100ae
:10b5cc001100600021082000810f5000440032005f
:10b5dc001e003c0031022000810f50000a003c008c
:10b5ec0021022000810f50006d003d00e30f500040
:10b5fc0080003200f10f500095003200e10f500036
:10b60c00c8003a00a400370011042000810f50003c
:10b61c0007003c0001042000810f5000b0003d00e9
:10b62c0001032000810f5000be003a00710037006a
:10b63c0001082000810f5000290032001108200061
:10b64c00810f5000b7003a003e003700310920004e
:10b65c00810f5000670032000f003c0001092000f0
:10b66c00810f50006300320004003c0031082000c0
:10b67c00810f5000ab003a00320037001109200056
:10b68c00810f50001600320021092000810f50005c
:10b69c00a4003a002b003700310a2000810f500023
:10b6ac006b00320007003c00010a2000810f5000a3
:10b6bc000b003200210a2000810f500099003a0043
:10b6cc0020003700010b2000810f50007200320067
:10b6dc00110f2000810f500092003a001900370022
:10b6ec0060e82400801f780020d82400801f780098
:10b6fc00870f24000614240045792400a4d22300cb
:10b70c00637d240042132400a14d210040512100ef
:10b71c001ae60200000000008e0278008465210009
:10b72c00e393240002142400419d21008100470072
:10b73c0040512100a6f0020000000000e4875700f1
:10b74c007800370060e82400801f780020d824009f
:10b75c00801f7800870f24000614240045792400ec
:10b76c00a4d22300637d240042132400a14d2100a8
:10b77c0040512100c6e60200000000000e027800d5
:10b78c0083652100e2932400011424004051210020
:10b79c00b2ed020000000000e487570061003700a2
:10b7ac0020d82400801f7800870f24000614240062
:10b7bc0045792400a4d22300637d24004213240085
:10b7cc00a14d210040512100e4ea020000000000dc
:10b7dc000e02780083652100e293240001142400fa
:10b7ec0040512100b2ed0200000000008f87e900fb
:10b7fc004c00370060e82400801f780020d824001b
:10b80c00801f7800870f240006142400457924003b
:10b81c00a4d22300637d240042132400a14d2100f7
:10b82c0040512100f4e80200000000000e027800f4
:10b83c0083652100e293240001142400405121006f
:10b84c00b2ed020000000000e4875700350037001d
:10b85c00870f24000614240045792400a4d2230069
:10b86c00637d24004213240021d824004051210080
:10b87c00beeb0200000000000e0278008365210080
:10b88c00e29324000114240040512100b2ed020087
:10b89c000000000023003700870f2400061424004a
:10b8ac0045792400a4d22300637d24004213240094
:10b8bc0021d8240040512100beeb02000000000002
:10b8cc000e02780083652100e29324000114240009
:10b8dc0040512100b2ed02000000000011003700c1
:10b8ec00870f24000614240045792400a4d22300d9
:10b8fc00637d24004213240021d8240040512100f0
:10b90c0090ec0200000000000e027800836521001c
:10b91c00e29324000114240040512100b2ed0200f6
:10b92c00000000004395240042512100a14d21004c
:10b93c0080652100c4f8020000000000136eab000b
:10b94c0009003200015f21001100e8008008780036
:10b95c0051af8000810f50000300340081af88008c
:10b96c00806021001080a000000220008160210076
:10b97c00110060000d00320001007800900078008a
:10b98c000150a10004a62e00050020000357210041
:10b99c00825a21003319420023914a000100a00071
:10b9ac00010878003001200030af88008060210051
:10b9bc0010007800700060000400320080602100ec
:10b9cc001040a100605e21000008eb000010200078
:10b9dc008160210011006000040032000100780039
:10b9ec001080a1008000200030af880000002200f1
:10b9fc0081602100110060002afe320001007800f5
:10ba0c0010d0a100f001200030af880025fe3700d7
:10ba1c00300f2000814f2100110060002108200010
:10ba2c00810f5000440032001e003c003102200007
:10ba3c00810f50000a003c0021022000810f5000b1
:10ba4c006d003d00e30f500080003200f10f5000fc
:10ba5c0095003200e10f5000c8003a00a4003700f6
:10ba6c0011042000810f500007003c00010420004d
:10ba7c00810f5000b0003d0001032000810f5000e9
:10ba8c00be003a007100370001082000810f500001
:10ba9c002900320011082000810f5000b7003a0035
:10baac003e00370031092000810f50006700320042
:10babc000f003c0001092000810f50006300320090
:10bacc0004003c0031082000810f5000ab003a000c
:10badc003200370011092000810f5000160032008f
:10baec0021092000810f5000a4003a002b003700e0
:10bafc00310a2000810f50006b00320007003c001f
:10bb0c00010a2000810f50000b003200210a200096
:10bb1c00810f500099003a0020003700010b2000e3
:10bb2c00810f500072003200110f2000810f500065
:10bb3c0092003a001900370060e82400801f78005a
:10bb4c0020d82400801f7800870f240006142400be
:10bb5c0045792400a4d22300637d240042132400e1
:10bb6c00a14d2100405121001ae602000000000006
:10bb7c008e02780084652100e393240002142400d3
:10bb8c00419d21008100470040512100a6f0020098
:10bb9c0000000000e48757007800370060e82400bc
:10bbac00801f780020d82400801f7800870f240085
:10bbbc000614240045792400a4d22300637d2400bc
:10bbcc0042132400a14d210040512100c6e6020081
:10bbdc00000000000e02780083652100e29324002f
:10bbec000114240040512100b2ed020000000000bd
:10bbfc00e48757006100370020d82400801f7800ac
:10bc0c00870f24000614240045792400a4d22300b5
:10bc1c00637d240042132400a14d210040512100da
:10bc2c00e4ea0200000000000e02780083652100a7
:10bc3c00e29324000114240040512100b2ed0200d3
:10bc4c00000000008f87e9004c00370060e82400fa
:10bc5c00801f780020d82400801f7800870f2400d4
:10bc6c000614240045792400a4d22300637d24000b
:10bc7c0042132400a14d210040512100f4e80200a0
:10bc8c00000000000e02780083652100e29324007e
:10bc9c000114240040512100b2ed0200000000000c
:10bcac00e487570035003700870f24000614240062
:10bcbc0045792400a4d22300637d24004213240080
:10bccc0021d8240040512100beeb020000000000ee
:10bcdc000e02780083652100e293240001142400f5
:10bcec0040512100b2ed020000000000230037009b
:10bcfc00870f24000614240045792400a4d22300c5
:10bd0c00637d24004213240021d8240040512100db
:10bd1c00beeb0200000000000e02780083652100db
:10bd2c00e29324000114240040512100b2ed0200e2
:10bd3c000000000011003700870f240006142400b7
:10bd4c0045792400a4d22300637d240042132400ef
:10bd5c0021d824004051210090ec0200000000008a
:10bd6c000e02780083652100e29324000114240064
:10bd7c0040512100b2ed02000000000041e7230019
:10bd8c000d0078001a90020001000000c50c240080
:10bd9c000c0347000a000900b61a780083a780003c
:10bdac00a2a7800091a78000c00c2400c4ad0200a3
:10bdbc0001000000f687470076845700c00c240071
:10bdcc000a000900301c78006801b10000eb230068
:10bddc00f091020001000000880778002006820024
:10bdec000000e0002ffd34003000200030af880050
:10bdfc002cfd3700300f2000814f21001100600016
:10be0c0021082000810f5000440032001e003c002d
:10be1c0031022000810f50000a003c00210220005a
:10be2c00810f50006d003d00e30f50008000320088
:10be3c00f10f500095003200e10f5000c8003a009d
:10be4c00a400370011042000810f500007003c00b3
:10be5c0001042000810f5000b0003d0001032000c0
:10be6c00810f5000be003a0071003700010820001d
:10be7c00810f50002900320011082000810f500062
:10be8c00b7003a003e00370031092000810f500006
:10be9c00670032000f003c0001092000810f5000a8
:10beac006300320004003c0031082000810f500078
:10bebc00ab003a003200370011092000810f50000e
:10becc001600320021092000810f5000a4003a0016
:10bedc002b003700310a2000810f50006b0032001c
:10beec0007003c00010a2000810f50000b003200bb
:10befc00210a2000810f500099003a0020003700e1
:10bf0c00010b2000810f500072003200110f200035
:10bf1c00810f500092003a001900370060e82400ad
:10bf2c00801f780020d82400801f7800870f240001
:10bf3c000614240045792400a4d22300637d240038
:10bf4c0042132400a14d2100405121001ae60200a9
:10bf5c00000000008e02780084652100e393240029
:10bf6c0002142400419d2100810047004051210012
:10bf7c00a6f0020000000000e487570078003700ac
:10bf8c0060e82400801f780020d82400801f7800ef
:10bf9c00870f24000614240045792400a4d2230022
:10bfac00637d240042132400a14d21004051210047
:10bfbc00c6e60200000000000e0278008365210036
:10bfcc00e29324000114240040512100b2ed020040
:10bfdc0000000000e48757006100370020d82400df
:10bfec00801f7800870f2400061424004579240054
:10bffc00a4d22300637d240042132400a14d210010
:10c00c0040512100e4ea0200000000000e0278001a
:10c01c0083652100e2932400011424004051210087
:10c02c00b2ed0200000000008f87e9004c003700e1
:10c03c0060e82400801f780020d82400801f78003e
:10c04c00870f24000614240045792400a4d2230071
:10c05c00637d240042132400a14d21004051210096
:10c06c00f4e80200000000000e0278008365210055
:10c07c00e29324000114240040512100b2ed02008f
:10c08c0000000000e487570035003700870f2400bc
:10c09c000614240045792400a4d22300637d2400d7
:10c0ac004213240021d8240040512100beeb020091
:10c0bc00000000000e02780083652100e29324004a
:10c0cc000114240040512100b2ed020000000000d8
:10c0dc0023003700870f2400061424004579240020
:10c0ec00a4d22300637d24004213240021d8240011
:10c0fc0040512100beeb0200000000000e0278004f
:10c10c0083652100e2932400011424004051210096
:10c11c00b2ed02000000000011003700870f240070
:10c12c000614240045792400a4d22300637d240046
:10c13c004213240021d824004051210090ec02002d
:10c14c00000000000e02780083652100e2932400b9
:10c15c000114240040512100b2ed02000000000047
:10c16c000e03780005eb230044e72300c30c2400e6
:10c17c0042952400a14d21004051210080e5020090
:10c18c000000000020068200e10f500045fc340046
:10c19c002001200030af880042fc3700300f200017
:10c1ac00814f21001100600021082000810f5000f8
:10c1bc00440032001e003c0031022000810f500070
:10c1cc000a003c0021022000810f50006d003d0050
:10c1dc00e30f500080003200f10f50009500320048
:10c1ec00e10f5000c8003a00a400370011042000f1
:10c1fc00810f500007003c0001042000810f50000b
:10c20c00b0003d0001032000810f5000be003a0039
:10c21c007100370001082000810f50002900320006
:10c22c0011082000810f5000b7003a003e00370083
:10c23c0031092000810f5000670032000f003c00d4
:10c24c0001092000810f50006300320004003c0003
:10c25c0031082000810f5000ab003a00320037004b
:10c26c0011092000810f5000160032002109200016
:10c27c00810f5000a4003a002b003700310a200037
:10c28c00810f50006b00320007003c00010a2000b7
:10c29c00810f50000b003200210a2000810f50004a
:10c2ac0099003a0020003700010b2000810f50004c
:10c2bc0072003200110f2000810f500092003a00e2
:10c2cc001900370060e82400801f780020d8240073
:10c2dc00801f7800870f2400061424004579240061
:10c2ec00a4d22300637d240042132400a14d21001d
:10c2fc00405121001ae60200000000008e02780076
:10c30c0084652100e393240002142400419d210044
:10c31c008100470040512100a6f0020000000000ff
:10c32c00e48757007800370060e82400801f78000d
:10c33c0020d82400801f7800870f240006142400c6
:10c34c0045792400a4d22300637d240042132400e9
:10c35c00a14d210040512100c6e602000000000062
:10c36c000e02780083652100e2932400011424005e
:10c37c0040512100b2ed020000000000e48757009c
:10c38c006100370020d82400801f7800870f24001c
:10c39c000614240045792400a4d22300637d2400d4
:10c3ac0042132400a14d210040512100e4ea020077
:10c3bc00000000000e02780083652100e293240047
:10c3cc000114240040512100b2ed020000000000d5
:10c3dc008f87e9004c00370060e82400801f78004c
:10c3ec0020d82400801f7800870f24000614240016
:10c3fc0045792400a4d22300637d24004213240039
:10c40c00a14d210040512100f4e802000000000081
:10c41c000e02780083652100e293240001142400ad
:10c42c0040512100b2ed020000000000e4875700eb
:10c43c0035003700870f24000614240045792400aa
:10c44c00a4d22300637d24004213240021d82400ad
:10c45c0040512100beeb0200000000000e027800eb
:10c46c0083652100e2932400011424004051210033
:10c47c00b2ed02000000000023003700870f2400fb
:10c48c000614240045792400a4d22300637d2400e3
:10c49c004213240021d8240040512100beeb02009d
:10c4ac00000000000e02780083652100e293240056
:10c4bc000114240040512100b2ed020000000000e4
:10c4cc0011003700870f240006142400457924003e
:10c4dc00a4d22300637d24004213240021d824001d
:10c4ec004051210090ec0200000000000e02780088
:10c4fc0083652100e29324000114240040512100a3
:10c50c00b2ed02000000000070f281000000e000bb
:10c51c0064fb3a004000200030af880061fb37001c
:10c52c00300f2000814f21001100600021082000f5
:10c53c00810f5000440032001e003c0031022000ec
:10c54c00810f50000a003c0021022000810f500096
:10c55c006d003d00e30f500080003200f10f5000e1
:10c56c0095003200e10f5000c8003a00a4003700db
:10c57c0011042000810f500007003c000104200032
:10c58c00810f5000b0003d0001032000810f5000ce
:10c59c00be003a007100370001082000810f5000e6
:10c5ac002900320011082000810f5000b7003a001a
:10c5bc003e00370031092000810f50006700320027
:10c5cc000f003c0001092000810f50006300320075
:10c5dc0004003c0031082000810f5000ab003a00f1
:10c5ec003200370011092000810f50001600320074
:10c5fc0021092000810f5000a4003a002b003700c5
:10c60c00310a2000810f50006b00320007003c0003
:10c61c00010a2000810f50000b003200210a20007b
:10c62c00810f500099003a0020003700010b2000c8
:10c63c00810f500072003200110f2000810f50004a
:10c64c0092003a001900370060e82400801f78003f
:10c65c0020d82400801f7800870f240006142400a3
:10c66c0045792400a4d22300637d240042132400c6
:10c67c00a14d2100405121001ae6020000000000eb
:10c68c008e02780084652100e393240002142400b8
:10c69c00419d21008100470040512100a6f002007d
:10c6ac0000000000e48757007800370060e82400a1
:10c6bc00801f780020d82400801f7800870f24006a
:10c6cc000614240045792400a4d22300637d2400a1
:10c6dc0042132400a14d210040512100c6e6020066
:10c6ec00000000000e02780083652100e293240014
:10c6fc000114240040512100b2ed020000000000a2
:10c70c00e48757006100370020d82400801f780090
:10c71c00870f24000614240045792400a4d223009a
:10c72c00637d240042132400a14d210040512100bf
:10c73c00e4ea0200000000000e027800836521008c
:10c74c00e29324000114240040512100b2ed0200b8
:10c75c00000000008f87e9004c00370060e82400df
:10c76c00801f780020d82400801f7800870f2400b9
:10c77c000614240045792400a4d22300637d2400f0
:10c78c0042132400a14d210040512100f4e8020085
:10c79c00000000000e02780083652100e293240063
:10c7ac000114240040512100b2ed020000000000f1
:10c7bc00e487570035003700870f24000614240047
:10c7cc0045792400a4d22300637d24004213240065
:10c7dc0021d8240040512100beeb020000000000d3
:10c7ec000e02780083652100e293240001142400da
:10c7fc0040512100b2ed0200000000002300370080
:10c80c00870f24000614240045792400a4d22300a9
:10c81c00637d24004213240021d8240040512100c0
:10c82c00beeb0200000000000e02780083652100c0
:10c83c00e29324000114240040512100b2ed0200c7
:10c84c000000000011003700870f2400061424009c
:10c85c0045792400a4d22300637d240042132400d4
:10c86c0021d824004051210090ec0200000000006f
:10c87c000e02780083652100e29324000114240049
:10c88c0040512100b2ed02000000000030b08000e9
:10c89c00f100600055003a000058a300110032006e
:10c8ac00a0602100900078000101d1000281ea0013
:10c8bc0061016100020141000110a10002887000b9
:10c8cc00606021001040a0000157210022a88000c8
:10c8dc00c05d2100311841008001eb00219049001e
:10c8ec0042003700a06021001010a10066d70200a2
:10c8fc0001000000114ea90080ab800091ab8000bc
:10c90c00a0ac8800b1ac8800c25a2100044c2d00a8
:10c91c00150020000419400005914800806021009a
:10c92c0010f0a000140ea80001eb23000d007800fd
:10c93c004c93020001000000e5cc23000c034700df
:10c94c000a000900b61a780021682100e0cc230007
:10c95c000efc020000000000c0ce23009000780006
:10c96c000120a1000110a0000100a1000108780025
:10c97c0047512100a64d21008565210004eb2300c1
:10c98c0023682100e2cc230061cb2300e0c9230003
:10c99c0062fc02000000000047512100a64d21005e
:10c9ac008565210004eb230023682100e2cc2300e1
:10c9bc0021cc2300a0ca230062fc0200000000006e
:10c9cc000409200013e68100b2e5810051e58100e5
:10c9dc00f0e4810004ce0200010000008000eb00b6
:10c9ec00003020008ace020001000000c0ce2300df
:10c9fc0010007800620060002afa3200500020001b
:10ca0c0030af880027fa3700e0f381000000e00027
:10ca1c00060034004395240042512100a14d210011
:10ca2c0080652100c4f80200000000000002200014
:10ca3c0081602100110060000d00320001007800bf
:10ca4c00900078000150a10004a62e0005002000e3
:10ca5c0003572100825a21003319420023914a00c6
:10ca6c000100a000010878006000200030af8800b1
:10ca7c00c0ce2300100078006200600009fa3a0072
:10ca8c0082ab800093ab800080582100b00f510026
:10ca9c00a08f590003fa36007000200030af8800d8
:10caac0000fa37000e03780005eb230044e723005f
:10cabc00c30c240042952400a14d210040512100bb
:10cacc0080e50200000000000004200081602100cd
:10cadc0011006000f3f93200010078001060a10031
:10caec005000200030af8800eef93700140ea9007a
:10cafc0080ab800091ab800073a88000c25d2100e8
:10cb0c0000824100e08248000489be00626021007e
:10cb1c001240a000c25b210032024000a2824800f9
:10cb2c00435921003319520023915a0060ac8800fc
:10cb3c0071ac880080602100e1ff27001088600044
:10cb4c00200682000000e00002003400806021001a
:10cb5c001070a000605e21000008eb00d1f93700d6
:10cb6c00c0ce230010007800620060003c003a0048
:10cb7c00c0ce2300900078000130a0000140a1003d
:10cb8c000120a1000110a0000100a1000108780003
:10cb9c0047512100a64d21008565210004eb23009f
:10cbac0023682100e2cc230061cb2300e0c92300e1
:10cbbc0062fc02000000000047512100a64d21003c
:10cbcc008565210004eb230023682100e2cc2300bf
:10cbdc0021cc2300a0ca230062fc0200000000004c
:10cbec0066d70200010000000409200013e6810052
:10cbfc00b2e5810051e58100f0e4810004ce020031
:10cc0c00010000008000eb00003020008ace020002
:10cc1c0001000000114ea90082ab800093ab800094
:10cc2c00a2ac8800b3ac8800c05a2100044c2d0083
:10cc3c001500200004184100059049008060210077
:10cc4c009000780001f0a00001087800140ea800f4
:10cc5c00c2ab8800d3ab88000110a100010878009a
:10cc6c006060210051ff2f001088600015aea900f4
:10cc7c0014eea900158ea90015cea900805721002d
:10cc8c0001572100110278009102900030015200ee
:10cc9c00a0815a000200be0005712200850f5100d0
:10ccac00e08f59000100360015aea80086af2200b7
:10ccbc00860f5000e08f58000100360014eea800db
:10cccc0002ee2200820f5000e08f58000100360067
:10ccdc00158ea800832c2300830f5000e08f580082
:10ccec000100360015cea80004532700840f500015
:10ccfc00e08f5800010036000000fe00136eab0000
:10cd0c002a003a00035f21001301e9008209780030
:10cd1c004240a90025003c00030178000009eb000b
:10cd2c00c2ce23001240a00092a78000e10f510058
:10cd3c000f003a0085af2200850f5000e08f58009d
:10cd4c00020036008260210012b0a00006ee220024
:10cd5c00860f5000e08f58000500360080602100df
:10cd6c009000780001b0a10001a0a000010878009b
:10cd7c008057210001572100110278009102900088
:10cd8c0030015200a0815a00852c2300850f5100e0
:10cd9c00e08f59000500360080602100900078007b
:10cdac0001a0a1000190a0000108780080af8000d4
:10cdbc000000e0003bf93a009000200030af880002
:10cdcc0038f937008e0378008665210045952400dc
:10cddc00c40c240003eb230042e72300a14d2100e7
:10cdec0040512100def702000000000080602100ad
:10cdfc0010e0a000205121001000780068006000b5
:10ce0c0023003a0060af80000000e0000300340013
:10ce1c00a04d210052b002000100000070f2810010
:10ce2c000000e0000e003400aad22300e8a5210087
:10ce3c0008044700ebe423008a007800090078001e
:10ce4c009693020001000000990078001800780009
:10ce5c008c910200010000001b00e000f6ff3c007a
:10ce6c0000e723001000a10072f3810011f3810090
:10ce7c00b0f281006cd70200010000002ed7020036
:10ce8c000100000090f38100e4d9020001000000d1
:10ce9c005001200030af880002f93700c0ce2300cb
:10ceac001000780062006000fef83a0001eb2300ed
:10cebc000d0078004c93020001000000e6cc23002a
:10cecc000c0047000a000900301b78002168210083
:10cedc00e0cc23000efc020000000000c0ce2300ba
:10ceec00900078000120a1000110a0000100a10019
:10cefc000108780047512100a64d210085652100cd
:10cf0c0004eb230023682100e2cc230061cb230037
:10cf1c00e0c9230062fc0200000000004751210020
:10cf2c00a64d21008565210004eb23002368210018
:10cf3c00e2cc230021cc2300a0ca230062fc020017
:10cf4c00000000000409200013e68100b2e5810016
:10cf5c0051e58100f0e4810004ce020001000000e4
:10cf6c008000eb00003020008ace0200010000009f
:10cf7c00a000200030af8800caf8370042e6240039
:10cf8c009200780031738a00205f210090017800b4
:10cf9c00a3af880011002000010978000108780077
:10cfac00300f2000814f210011006000210820006b
:10cfbc00810f5000440032001e003c003102200062
:10cfcc00810f50000a003c0021022000810f50000c
:10cfdc006d003d00e30f500080003200f10f500057
:10cfec0095003200e10f5000c8003a00a400370051
:10cffc0011042000810f500007003c0001042000a8
:10d00c00810f5000b0003d0001032000810f500043
:10d01c00be003a007100370001082000810f50005b
:10d02c002900320011082000810f5000b7003a008f
:10d03c003e00370031092000810f5000670032009c
:10d04c000f003c0001092000810f500063003200ea
:10d05c0004003c0031082000810f5000ab003a0066
:10d06c003200370011092000810f500016003200e9
:10d07c0021092000810f5000a4003a002b0037003a
:10d08c00310a2000810f50006b00320007003c0079
:10d09c00010a2000810f50000b003200210a2000f1
:10d0ac00810f500099003a0020003700010b20003e
:10d0bc00810f500072003200110f2000810f5000c0
:10d0cc0092003a001900370060e82400801f7800b5
:10d0dc0020d82400801f7800870f24000614240019
:10d0ec0045792400a4d22300637d2400421324003c
:10d0fc00a14d2100405121001ae602000000000061
:10d10c008e02780084652100e3932400021424002d
:10d11c00419d21008100470040512100a6f00200f2
:10d12c0000000000e48757007800370060e8240016
:10d13c00801f780020d82400801f7800870f2400df
:10d14c000614240045792400a4d22300637d240016
:10d15c0042132400a14d210040512100c6e60200db
:10d16c00000000000e02780083652100e293240089
:10d17c000114240040512100b2ed02000000000017
:10d18c00e48757006100370020d82400801f780006
:10d19c00870f24000614240045792400a4d2230010
:10d1ac00637d240042132400a14d21004051210035
:10d1bc00e4ea0200000000000e0278008365210002
:10d1cc00e29324000114240040512100b2ed02002e
:10d1dc00000000008f87e9004c00370060e8240055
:10d1ec00801f780020d82400801f7800870f24002f
:10d1fc000614240045792400a4d22300637d240066
:10d20c0042132400a14d210040512100f4e80200fa
:10d21c00000000000e02780083652100e2932400d8
:10d22c000114240040512100b2ed02000000000066
:10d23c00e487570035003700870f240006142400bc
:10d24c0045792400a4d22300637d240042132400da
:10d25c0021d8240040512100beeb02000000000048
:10d26c000e02780083652100e2932400011424004f
:10d27c0040512100b2ed02000000000023003700f5
:10d28c00870f24000614240045792400a4d223001f
:10d29c00637d24004213240021d824004051210036
:10d2ac00beeb0200000000000e0278008365210036
:10d2bc00e29324000114240040512100b2ed02003d
:10d2cc000000000011003700870f24000614240012
:10d2dc0045792400a4d22300637d2400421324004a
:10d2ec0021d824004051210090ec020000000000e5
:10d2fc000e02780083652100e293240001142400bf
:10d30c0040512100b2ed020000000000c0ce23000d
:10d31c001000780062006000e2f73a0080ab8000f9
:10d32c0091ab8000825d2100b20f5000a28f58009b
:10d33c00dcf736003473820024738a00a5af8000ba
:10d34c0095af8800140ea90073a88000c25d21005f
:10d35c0000824100e08248000489be006260210026
:10d36c001240a000c25b210032024000a2824800a1
:10d37c00435921003319520023915a0060ac8800a4
:10d38c0071ac880080602100e1ff270010886000ec
:10d39c00605e21000008eb00c2f73700300f200060
:10d3ac00814f21001100600021082000810f5000e6
:10d3bc00440032001e003c0031022000810f50005e
:10d3cc000a003c0021022000810f50006d003d003e
:10d3dc00e30f500080003200f10f50009500320036
:10d3ec00e10f5000c8003a00a400370011042000df
:10d3fc00810f500007003c0001042000810f5000f9
:10d40c00b0003d0001032000810f5000be003a0027
:10d41c007100370001082000810f500029003200f4
:10d42c0011082000810f5000b7003a003e00370071
:10d43c0031092000810f5000670032000f003c00c2
:10d44c0001092000810f50006300320004003c00f1
:10d45c0031082000810f5000ab003a003200370039
:10d46c0011092000810f5000160032002109200004
:10d47c00810f5000a4003a002b003700310a200025
:10d48c00810f50006b00320007003c00010a2000a5
:10d49c00810f50000b003200210a2000810f500038
:10d4ac0099003a0020003700010b2000810f50003a
:10d4bc0072003200110f2000810f500092003a00d0
:10d4cc001900370060e82400801f780020d8240061
:10d4dc00801f7800870f240006142400457924004f
:10d4ec00a4d22300637d240042132400a14d21000b
:10d4fc00405121001ae60200000000008e02780064
:10d50c0084652100e393240002142400419d210032
:10d51c008100470040512100a6f0020000000000ed
:10d52c00e48757007800370060e82400801f7800fb
:10d53c0020d82400801f7800870f240006142400b4
:10d54c0045792400a4d22300637d240042132400d7
:10d55c00a14d210040512100c6e602000000000050
:10d56c000e02780083652100e2932400011424004c
:10d57c0040512100b2ed020000000000e48757008a
:10d58c006100370020d82400801f7800870f24000a
:10d59c000614240045792400a4d22300637d2400c2
:10d5ac0042132400a14d210040512100e4ea020065
:10d5bc00000000000e02780083652100e293240035
:10d5cc000114240040512100b2ed020000000000c3
:10d5dc008f87e9004c00370060e82400801f78003a
:10d5ec0020d82400801f7800870f24000614240004
:10d5fc0045792400a4d22300637d24004213240027
:10d60c00a14d210040512100f4e80200000000006f
:10d61c000e02780083652100e2932400011424009b
:10d62c0040512100b2ed020000000000e4875700d9
:10d63c0035003700870f2400061424004579240098
:10d64c00a4d22300637d24004213240021d824009b
:10d65c0040512100beeb0200000000000e027800d9
:10d66c0083652100e2932400011424004051210021
:10d67c00b2ed02000000000023003700870f2400e9
:10d68c000614240045792400a4d22300637d2400d1
:10d69c004213240021d8240040512100beeb02008b
:10d6ac00000000000e02780083652100e293240044
:10d6bc000114240040512100b2ed020000000000d2
:10d6cc0011003700870f240006142400457924002c
:10d6dc00a4d22300637d24004213240021d824000b
:10d6ec004051210090ec0200000000000e02780076
:10d6fc0083652100e2932400011424004051210091
:10d70c00b2ed0200000000006060210010b0a1002a
:10d71c0080ab800091ab800000ad880011ad88001b
:10d72c00e20f4000e08f58000c0036000001eb00c7
:10d73c0025a8210002b77a00e5a8800003a82100e3
:10d74c0005b77900025a210003034700360278001e
:10d75c00a6027800041950000591580041e72300f7
:10d76c000d0078001a90020001000000c40c240087
:10d77c008c0247000a000900351a7800005121007c
:10d78c0010407800e14f500003003200e24f50008f
:10d79c0030003a000600370062002000614e210084
:10d7ac00c00c240078bd02000100000029003700e5
:10d7bc0084002000130020000301780041a1210007
:10d7cc008e804000c00c2400b0ac020001000000b0
:10d7dc00f687470076855700c60c24000a0009001e
:10d7ec00361d78006a01b10000eb2300f0910200b5
:10d7fc000100000041e723000d0078001a900200a0
:10d80c0001000000c00c24008c0047000a00090035
:10d81c0031187800a14d210080952400d0560200cb
:10d82c000100000068952400000c78001400200012
:10d83c008401780042a121000e0141004195240091
:10d84c00c00c24003eac020001000000000ceb00f8
:10d85c008a077800f687470076845700c20c2400ac
:10d86c000a000900321c78006801b10000eb2300ab
:10d87c00f0910200010000004000200030af880051
:10d88c008807780087f63700300f2000814f210081
:10d89c001100600021082000810f5000440032006c
:10d8ac001e003c0031022000810f50000a003c0099
:10d8bc0021022000810f50006d003d00e30f50004d
:10d8cc0080003200f10f500095003200e10f500043
:10d8dc00c8003a00a400370011042000810f50004a
:10d8ec0007003c0001042000810f5000b0003d00f7
:10d8fc0001032000810f5000be003a007100370078
:10d90c0001082000810f500029003200110820006e
:10d91c00810f5000b7003a003e003700310920005b
:10d92c00810f5000670032000f003c0001092000fd
:10d93c00810f50006300320004003c0031082000cd
:10d94c00810f5000ab003a00320037001109200063
:10d95c00810f50001600320021092000810f500069
:10d96c00a4003a002b003700310a2000810f500030
:10d97c006b00320007003c00010a2000810f5000b0
:10d98c000b003200210a2000810f500099003a0050
:10d99c0020003700010b2000810f50007200320074
:10d9ac00110f2000810f500092003a00190037002f
:10d9bc0060e82400801f780020d82400801f7800a5
:10d9cc00870f24000614240045792400a4d22300d8
:10d9dc00637d240042132400a14d210040512100fd
:10d9ec001ae60200000000008e0278008465210017
:10d9fc00e393240002142400419d21008100470080
:10da0c0040512100a6f0020000000000e4875700fe
:10da1c007800370060e82400801f780020d82400ac
:10da2c00801f7800870f24000614240045792400f9
:10da3c00a4d22300637d240042132400a14d2100b5
:10da4c0040512100c6e60200000000000e027800e2
:10da5c0083652100e293240001142400405121002d
:10da6c00b2ed020000000000e487570061003700af
:10da7c0020d82400801f7800870f2400061424006f
:10da8c0045792400a4d22300637d24004213240092
:10da9c00a14d210040512100e4ea020000000000e9
:10daac000e02780083652100e29324000114240007
:10dabc0040512100b2ed0200000000008f87e90008
:10dacc004c00370060e82400801f780020d8240028
:10dadc00801f7800870f2400061424004579240049
:10daec00a4d22300637d240042132400a14d210005
:10dafc0040512100f4e80200000000000e02780002
:10db0c0083652100e293240001142400405121007c
:10db1c00b2ed020000000000e4875700350037002a
:10db2c00870f24000614240045792400a4d2230076
:10db3c00637d24004213240021d82400405121008d
:10db4c00beeb0200000000000e027800836521008d
:10db5c00e29324000114240040512100b2ed020094
:10db6c000000000023003700870f24000614240057
:10db7c0045792400a4d22300637d240042132400a1
:10db8c0021d8240040512100beeb0200000000000f
:10db9c000e02780083652100e29324000114240016
:10dbac0040512100b2ed02000000000011003700ce
:10dbbc00870f24000614240045792400a4d22300e6
:10dbcc00637d24004213240021d8240040512100fd
:10dbdc0090ec0200000000000e027800836521002a
:10dbec00e29324000114240040512100b2ed020004
:10dbfc000000000001eb2300090078004c930200a8
:10dc0c000100000041e723000d0078001a9002008b
:10dc1c0001000000c30c24000c0247000a0009009c
:10dc2c00b419780083a78000a2a7800091a7800078
:10dc3c00c00c2400c4ad020001000000f6874700b0
:10dc4c00f6825700c60c24000a000900b61a7800a8
:10dc5c0000eb2300f091020001000000f687470062
:10dc6c0040a52100f6805700000147000a0009007a
:10dc7c00b218780000eb2300f091020001000000c4
:10dc8c002001200030af8800cf02b10085f53700ad
:10dc9c0080ab800091ab8000c25821003202500052
:10dcac00a28258000401be00853e2000850f510061
:10dcbc00e08f59007bf53600114ea900a0ac88000e
:10dccc00b1ac8800c25a2100044c2d001500200074
:10dcdc0004194000059148008060210010f0a0005c
:10dcec00140ea8008e03780086652100459524004b
:10dcfc00c40c240003eb230042e72300a14d2100b8
:10dd0c0040512100def702000000000070012000ed
:10dd1c0030af880063f5370001eb23000d0078006d
:10dd2c004c93020001000000e5cc23000c034700db
:10dd3c000a000900b61a780021682100e0cc230003
:10dd4c000efc020000000000c0ce23009000780002
:10dd5c000120a1000110a0000100a1000108780021
:10dd6c0047512100a64d21008565210004eb2300bd
:10dd7c0023682100e2cc230061cb2300e0c92300ff
:10dd8c0062fc02000000000047512100a64d21005a
:10dd9c008565210004eb230023682100e2cc2300dd
:10ddac0021cc2300a0ca230062fc0200000000006a
:10ddbc000409200013e68100b2e5810051e58100e1
:10ddcc00f0e4810004ce0200010000008000eb00b2
:10dddc00003020008ace02000100000080012000eb
:10ddec0030af88002ff53700136eab000200320005
:10ddfc00806021001090a100200682000000e0004d
:10de0c0028f53a00c0ce23001000780062006000b4
:10de1c0024f53a0080ab800091ab80008258210041
:10de2c00b20f5000a28f58001ef53600140ea90038
:10de3c0073a88000c25d210000824100e08248008e
:10de4c000489be00626021001240a000c25b210068
:10de5c0032024000a282480043592100331952007b
:10de6c0023915a0060ac880071ac8800806021005e
:10de7c00e1ff270010886000605e21000008eb00c5
:10de8c0008f53700c0ce2300100078006200600057
:10de9c003e003a00c0ce2300900078000130a00074
:10deac000140a100821b2000a2b688000120a10025
:10debc000110a0000100a1000108780047512100c9
:10decc00a64d21008565210004eb23002368210069
:10dedc00e2cc230061cb2300e0c9230062fc0200ea
:10deec000000000047512100a64d2100856521004e
:10defc0004eb230023682100e2cc230021cc230077
:10df0c00a0ca230062fc02000000000066d70200d9
:10df1c00010000000409200013e68100b2e5810035
:10df2c0051e58100f0e4810004ce02000100000004
:10df3c008000eb00003020008ace020001000000bf
:10df4c00114ea90082ab800093ab8000a2ac88007c
:10df5c00b3ac8800c05a2100044c2d0015002000e1
:10df6c000418410005904900806021009000780061
:10df7c0001f0a00001087800140ea800c2ab8800c4
:10df8c00d3ab88000110a10001087800000220002a
:10df9c0030af8800c3f437008057210001572100af
:10dfac00110278009102900030015200a0815a00b9
:10dfbc0020b080008000eb00800f5100818f590051
:10dfcc00b8f43600c0ce23001040a0001002200090
:10dfdc0030af8800b3f43700c0ce230010007800b7
:10dfec0062006000aff43a00140ea90080ab800010
:10dffc0091ab800073a88000c25d210000824100bb
:10e00c00e08248000489be00626021001240a0003a
:10e01c00c25b210032024000a28248004359210019
:10e02c003319520023915a0060ac880071ac8800ff
:10e03c0080602100e1ff270010886000605e2100f5
:10e04c000008eb0097f4370066d7020001000000cf
:10e05c0002702100a14d21004051210084e70200f3
:10e06c000000000000302000616021001100600001
:10e07c00030032000001200030af880089f4370023
:10e08c00605e21000008eb0086f4370066d70200c2
:10e09c000100000002702100a14d2100405121001f
:10e0ac0064e8020000000000605e21000008eb0044
:10e0bc007cf43700806521006e77020001000000bf
:10e0cc004f06be004f05be004f04be000080fa0094
:10e0dc00000006000000fe0072f437000000fe0095
:10e0ec0070f437000001fa00889fbe008a9fbe00c2
:10e0fc0000057800810478008205780041f82b0037
:10e10c0080ef2f000f004000287202000100000079
:10e11c000004780081ef2f008f80400008804000c1
:10e12c008a007800a073020001000000080440007f
:10e13c0082ef2f000f0141000800410031f92b0044
:10e14c0028720200010000000004440081ef2f003f
:10e15c008f8040000880400089007800a073020086
:10e16c00010000000004440082ef2f000f01410069
:10e17c000800410071fa2b00287202000100000017
:10e18c00000444008addb9008984440011000900b0
:10e19c000905d8008000fd0082ef2f000f0141001f
:10e1ac0008004100a07302000100000000024400be
:10e1bc0083ef2f008f8141000041eb00e1c0b300e1
:10e1cc0080652100d0860200010000004f05be00d2
:10e1dc004f04be000080fa0000000600889fbe00bd
:10e1ec0072002000c12b200001007800bdff070049
:10e1fc0072002000c12b200090252000b9ff0700e1
:10e20c0072002000c12b200080252000b5ff0700e4
:10e21c0072002000c12b200070252000b1ff0700e8
:10e22c0072002000c12b2000700c2000adff0700f5
:10e23c0072002000c12b200010002000a9ff070055
:10e24c0072002000c12b20000000eb00a5ff07008e
:10e25c0008eb23008965210088017800090178000a
:10e26c00a14d21004051210018a202000100000024
:10e27c000060fe00f8ff3700f6874700889fbe005d
:10e28c008a9fbe008c9fbe008e1f780040512100db
:10e29c0082a1020001000000c4ae020001000000d7
:10e2ac0060af88004ad5020001000000140ea900de
:10e2bc00a20320008000eb00a04d2100d8b3020087
:10e2cc000100000061032000e04d210050bc020061
:10e2dc00010000000001be00a14d2100b10f510052
:10e2ec00a18f59000500320001007800ee93020066
:10e2fc0001000000804f21000008eb00ad672100f9
:10e30c002e6721007a865700606021001070a100f2
:10e31c008000eb0031af88001000200000b38800b3
:10e32c0002102e0003002000828ebe0043832000ca
:10e33c00030f780080652100c27c2800f2b79f0093
:10e34c001300200083bf9f007fb197008fb9970007
:10e35c000288be0031b38800c2442000436721000c
:10e36c008209780003382800d3b79f0012002000e0
:10e37c00e2b79f005fb19700efb19700e2b288005f
:10e38c00f3b2880071b3880002002800433f2000dc
:10e39c000070020001000000000022000151210069
:10e3ac0011006000110032000100780010d0a100b3
:10e3bc0061032000e04d210050bc02000100000070
:10e3cc00a44d2100008abe0003702100a20320008e
:10e3dc008000eb0004007800ecb4020001000000a7
:10e3ec000000220000940200020000000000240043
:10e3fc00015121001100600031003200065a020068
:10e40c0001000000800578000051210010e0a100ff
:10e41c0061032000e04d210050bc0200010000000f
:10e42c00a44d2100008abe0003702100a20320002d
:10e43c008000eb0004007800ecb402000100000046
:10e44c004a0120002803200009002000e18f55001c
:10e45c000f003a000a0478002a0320000b00200069
:10e46c000060fe00158ea8000a00be00c8d5020090
:10e47c0001000000158ea9000a00be00c8d50200dc
:10e48c00010000000804e900f5ff3a000b0037001a
:10e49c000060fe0015aea8000800be00c8d5020042
:10e4ac000100000015aea9000800be00c8d502008e
:10e4bc00010000000a05e900f5ff3a000000fe002b
:10e4cc0000b38000c670020001000000006821004b
:10e4dc001000a0006106220061b08800a00020009e
:10e4ec0080b088004000200090b088000000eb0055
:10e4fc0070b08800b0b28800710888000108a900cb
:10e50c002108a8000a21ef000101280091088800c9
:10e51c0011002000a1b18800a0b08800a1b2880031
:10e52c00300020001eb0020001000000ef0f500070
:10e53c000f003a0015cea800158ea80014eea80006
:10e54c0015aea8000060fe00a00020000100200015
:10e55c00c8d50200010000000060fe0015cea90025
:10e56c00158ea90014eea90015aea9003c003700c9
:10e57c0015cea8004006200001002000c8d50200de
:10e58c000100000015cea900158ea8004006200041
:10e59c0001002000c8d5020001000000158ea90062
:10e5ac0060af80000000e00006003c00142ea800c4
:10e5bc004006200001002000c8d502000100000028
:10e5cc00142ea90014eea800400620000100200023
:10e5dc00c8d502000100000014eea90015aea80079
:10e5ec004006200001002000c8d5020001000000f8
:10e5fc0015aea90014eea800400620000100200072
:10e60c00c8d502000100000014eea90060af800024
:10e61c000000e00006003c00142ea800400620007c
:10e62c0001002000c8d5020001000000142ea90032
:10e63c00158ea8004006200001002000c8d502005d
:10e64c0001000000158ea90015cea8004006200080
:10e65c0001002000c8d502000100000015cea90061
:10e66c00005121001000e00024003d00136eab00af
:10e67c0022003a00504e21001080fb000003b10034
:10e68c000008a3000100320015cea8000018a3005a
:10e69c0001003200158ea8000028a30001003200f2
:10e6ac0014eea8008a022000280320000900200094
:10e6bc000060fe00a07080004d00de000080ea00cb
:10e6cc00610060004d00dd00a170800001d0a10050
:10e6dc0081007000a17088000800be00c8d502003f
:10e6ec00010000000a05e900f1ff3a0015aea9008f
:10e6fc0014eea900158ea90015cea9000004eb009c
:10e70c00136eab0016003200098020002a03200093
:10e71c000060fe00a07080004d00de000080ea006a
:10e72c00610060004d00dd00a170800001d0a100ef
:10e73c0081007000a17088004006200001002000bc
:10e74c00c8d50200010000000804e80093708000a6
:10e75c0003806400020032008a0f5400ecff3a0080
:10e76c00136eab003200320020032000800f5400e7
:10e77c002f003a0014eea900158ea90015cea900a1
:10e78c000040eb00126eab000200320015cea80068
:10e79c0010c0b300124eab00020032000014a000f7
:10e7ac00158ea800122eab00020032000024a0002f
:10e7bc0014eea800514e210002c3b3008248400061
:10e7cc00e04d21008240780001487800f24d210094
:10e7dc0001497800024e210001497800124e2100b7
:10e7ec0001497800224e210001497800324e210067
:10e7fc0001497800424e2100014978000151210065
:10e80c0011f0a0006103200050bc020001000000c8
:10e81c00a44d2100008abe0003702100a203200039
:10e82c008000eb0004007800ecb402000100000052
:10e83c00136eab00130032002803200009002000e7
:10e84c000a8020000060fe00a07080004d00de00f9
:10e85c000080ea00610060004d00dd00a1708000c6
:10e86c0001d0a10081007000a17088000800be00da
:10e87c00c8d5020001000000937080000300650001
:10e88c00f0ff3a0015aea90014eea900158ea900f0
:10e89c0015cea90060af80001eb002000100000080
:10e8ac0010b0880041512100a04d2100aaaf0200f8
:10e8bc0001000000a04d2100509402000100000056
:10e8cc002051210010007800620060003c003200f2
:10e8dc0015aea800158ea80015cea90014eea9003f
:10e8ec004006200001002000c8d5020001000000f5
:10e8fc0015aea900158ea90015cea80014eea8001f
:10e90c004006200001002000c8d5020001000000d4
:10e91c0015aea800158ea80015cea90014eea900fe
:10e92c004006200001002000c8d5020001000000b4
:10e93c0015aea900158ea90015cea80014eea800de
:10e94c004006200001002000c8d502000100000094
:10e95c0015aea800158ea80015cea90014eea900be
:10e96c004006200001002000c8d502000100000074
:10e97c0015aea900158ea90015cea80014eea8009e
:10e98c004006200001002000c8d502000100000054
:10e99c0015aea800158ea80015cea90014eea9007e
:10e9ac004006200001002000c8d502000100000034
:10e9bc0015aea900158ea90015cea90014eea9005c
:10e9cc00830020008204200061aa2300800f240011
:10e9dc00068f02000100000000142400c68f020004
:10e9ec0001000000c0352400c68f020001000000a9
:10e9fc0080572400c68f020001000000030920008c
:10ea0c00022420000170210060b32300468f020015
:10ea1c000100000020b72300e68f02000100000077
:10ea2c00030620000290200001b82100e0ce230054
:10ea3c00468f020001000000a0d22300e68f0200e6
:10ea4c0001000000132320003269200001d82200ad
:10ea5c0040e72300068f02000100000000eb2300ba
:10ea6c00c68f020001000000e1ce2300e0fd2f0064
:10ea7c000f0040008c900200010000007fa897005e
:10ea8c008fb09700b0f28900c1f289001fb19700d6
:10ea9c00afb19700d2f28900e3f289001c00780034
:10eaac009c009000f0f2890001f38900e1ce230074
:10eabc00e0fd2f000f0040008c90020001000000d0
:10eacc007fa997008fb1970012f3890023f3890077
:10eadc001fb09700afb0970030f3890041f3890065
:10eaec001c0178009c01900052f3890063f38900ab
:10eafc0061b32300e0fd2f000f0040008c9002005a
:10eb0c00010000007fa897008fb09700f0e4890007
:10eb1c0001e589001fb19700afb1970012e589009c
:10eb2c0023e589001c0078009c00900030e58900ea
:10eb3c0041e5890061b32300e0fd2f000f00400088
:10eb4c008c900200010000007fa997008fb1970004
:10eb5c0052e5890063e589001fb09700afb09700bc
:10eb6c0070e5890081e589001c0178009c0190000a
:10eb7c0092e58900a3e5890061b32300e0fd2f0035
:10eb8c000f0040008c900200010000007fa897004d
:10eb9c008fb09700b0e58900c1e589001fb19700df
:10ebac00afb19700d2e58900e3e589001c0078003d
:10ebbc009c009000f0e5890001e6890061b3230018
:10ebcc00e0fd2f000f0040008c90020001000000bf
:10ebdc007fa997008fb1970012e6890023e6890080
:10ebec001fb09700afb0970030e6890041e689006e
:10ebfc001c0178009c01900052e6890063e68900b4
:10ec0c00c251210010002000210120008c7e020046
:10ec1c0001000000409524002c840200010000003b
:10ec2c00300f2000814f210011006000cf80de00ea
:10ec3c00230f2000830f5000e08f58004a013e0044
:10ec4c0000060100fe00370003013700f600370014
:10ec5c000d013700440137004301370042013700f2
:10ec6c0041013700400137003f0137003e013700ba
:10ec7c003d0137003c0137003b0137003a013700ba
:10ec8c0039013700380137001101370036013700e0
:10ec9c0035013700340137003301370032013700ba
:10ecac0031013700300137002f0137002e013700ba
:10ecbc002d0137002c0137002b0137002a013700ba
:10eccc00290137002801370027013700e8003700f9
:10ecdc00e7003700240137002301370022013700f9
:10ecec0021013700200137001f0137001e013700ba
:10ecfc001d0137001c0137001b0137001a013700ba
:10ed0c0019013700da003700c1003700160137004f
:10ed1c0015013700140137001301370012013700b9
:10ed2c0011013700100137000f0137000e013700b9
:10ed3c000d0137000c0137000b0137000a013700b9
:10ed4c0009013700d6003700db0037000601370019
:10ed5c0005013700040137000301370002013700b9
:10ed6c000101370000013700ff003700fe003700bb
:10ed7c00fd003700fc003700fb003700fa003700bd
:10ed8c00f9003700f8003700f7003700f6003700bd
:10ed9c00f5003700f4003700f3003700f2003700bd
:10edac00f1003700f0003700ef003700ee003700bd
:10edbc00ed003700ec003700eb003700ea003700bd
:10edcc00e9003700e8003700e7003700e6003700bd
:10eddc00e5003700e4003700e3003700e2003700bd
:10edec00e1003700e0003700df003700de003700bd
:10edfc00dd003700dc003700db003700da003700bd
:10ee0c00d9003700d8003700d7003700d6003700bc
:10ee1c00d5003700d4003700d3003700d2003700bc
:10ee2c00d1003700d0003700cf003700ce003700bc
:10ee3c00cd003700cc003700cb003700ca003700bc
:10ee4c00c9003700b4003700b9003700a6003700fe
:10ee5c00ab003700c4003700c3003700c2003700d6
:10ee6c00c1003700c0003700bf003700be003700bc
:10ee7c00bd003700bc003700bb003700ba003700bc
:10ee8c00b90037007a003700970037009c00370034
:10ee9c007d003700b4003700b3003700b2003700f4
:10eeac00b1003700b0003700af003700ae003700bc
:10eebc00ad003700ac003700ab003700aa003700bc
:10eecc00a900370094003700a700370098003700de
:10eedc007f003700a4003700a3003700a2003700e2
:10eeec00a1003700a00037009f0037009e003700bc
:10eefc009d0037009c0037009b0037009a003700bc
:10ef0c0099003700540037009700370096003700ff
:10ef1c0095003700940037009300370092003700bb
:10ef2c0091003700900037008f0037008e003700bb
:10ef3c008d0037008c0037008b0037008a003700bb
:10ef4c0089003700880037008700370086003700bb
:10ef5c0085003700840037008300370082003700bb
:10ef6c0081003700800037007f0037007e003700bb
:10ef7c007d0037007c0037007b0037007a003700bb
:10ef8c0079003700780037007700370076003700bb
:10ef9c0075003700740037007300370072003700bb
:10efac0071003700700037006f0037006e003700bb
:10efbc006d0037006c0037006b0037006a003700bb
:10efcc0069003700680037006700370066003700bb
:10efdc0065003700640037006300370062003700bb
:10efec0061003700600037005f0037005e003700bb
:10effc005d0037005c0037005b0037005a003700bb
:10f00c0059003700580037004f00370054003700c4
:10f01c003000200090af8800f00f2000d0af8800a7
:10f02c00dbe30700510037002000200090af880080
:10f03c00f03f2000d0af8800d5e307004b0037002d
:10f04c001000200090af8800f03f2000d0af880067
:10f05c00cfe30700450037002000200090af880068
:10f06c00f03f2000d0af880099ee07003f0037003a
:10f07c002000200090af8800f03f2000d0af880027
:10f08c0093ee0700390037002000200090af880075
:10f09c00f03f2000d0af88008dee07003300370022
:10f0ac002000200090af8800f03f2000d0af8800f7
:10f0bc0087ee07002d0037002000200090af88005d
:10f0cc00f03f2000d0af880081ee0700270037000a
:10f0dc002000200090af8800f03f2000d0af8800c7
:10f0ec007bee0700210037001000200090af880055
:10f0fc00f03f2000d0af880075ee07001b003700f2
:10f10c001000200090af8800f03f2000d0af8800a6
:10f11c006fee0700150037001000200090af88003c
:10f12c00f03f2000d0af880069ee07000f003700d9
:10f13c001000200090af8800f03f2000d0af880076
:10f14c0063ee0700090037001000200090af880024
:10f15c00f03f2000d0af88005dee070003003700c1
:10f16c001efc0700010037000000fe000060fe00de
:04f17c0065fc3700f7
:020000040000fa
:10f1800084b3000078b3000053b300001bb3000049
:10f19000d5b2000088b200003cb2000062b20000ac
:10f1a00068b2000072b2000080b2000094b20000a9
:10f1b000d2b1000015b2000072b20000e2b200004d
:10f1c00057b30000c3b3000014b40000a4b400009f
:10f1d000cdb40000a7b400002eb4000067b3000057
:10f1e0003cb30000edb1000080b0000021af000092
:10f1f000fead000045ad00001cad000004ae0000f7
:10f2000071af000079b10000fcb30000cab6000085
:10f210008bb100008ab000009faf0000e8ae000094
:10f2200081ae000080ae0000f3ae000046b00000ea
:10f23000d6b10000aeb30000a9b500009eb7000033
:10f240007cba0000f0bc0000bfbe0000a2bf0000fe
:10f2500063bf0000dbbd000000bb00004ab7000038
:10f2600054b200008cac00005ca6000047a0000077
:10f27000cab800008ebb0000debd000069bf000000
:10f28000e5bf000016bf0000d7bc00008cb900002d
:10f29000b9b40000c1ae000009a800001ba1000025
:10f2a00035ba000066bb0000ecbb0000a8bb000044
:10f2b0008cba000098b80000dfb50000ecb2000086
:10f2c0005daf000093ab0000d7a700007ea4000054
:10f2d00083b8000003ba00000bbb000070bb000045
:10f2e0000fbb0000d3b90000b7b700002eb5000077
:10f2f000c2b10000c8ad000085a9000051a5000002
:10f30000bc9b00007d97000008950000ee94000073
:10f31000a49700007d9d0000a0a6000065b300003a
:10f32000f2c20000ecd40000a6e800004cfd000092
:10f330000a9a00001a96000028940000b594000074
:10f3400027980000b89e000077a80000a7b500002d
:10f3500057c5000021d7000053ea000020fe00003e
:10f36000749b0000f295000035920000f4900000bc
:10f37000ce9200003b9800007fa1000008af000083
:10f38000fcbf0000f3d3000021ea0000820100006e
:10f39000c39900008f94000054910000bb900000be
:10f3a000519300007699000057a3000049b1000076
:10f3b00061c2000028d60000cfeb0000560200001a
:10f3c000b4a20000f5a0000074a0000075a1000028
:10f3d00032a40000d0a8000063af00004db80000c8
:10f3e000dec2000006cf000081dc000000eb000060
:10f3f00002a10000939f0000939f00003da1000028
:10f40000b5a400000baa00003ab100008fba0000ba
:10f4100043c500003bd100002fde0000d3eb00000d
:10f420006da200006b9f0000a19d00007c9d00006c
:10f430005c9f00008ea3000042aa0000f0b3000011
:10f44000e7bf00000dce0000fddd000036ef00003c
:10f45000bba00000089e0000c09c0000439d00006f
:10f46000df9f0000c9a400001aac000031b6000004
:10f470004cc2000042d00000aadf00000af00000e9
:10f48000c91200004a260000bc3700003f460000b9
:10f4900016510000b3570000c05900008e570000fd
:10f4a000aa50000096450000e936000066250000dd
:10f4b00018110000e7240000db36000007460000ba
:10f4c00099510000ee580000985b0000cf590000f1
:10f4d0000f530000cb470000973800003a26000089
:10f4e00082120000bf240000e93400004542000001
:10f4f000404c000071520000a05400003053000046
:10f50000b34d00009d440000653800009c290000b8
:10f51000d01000005d230000083400000d42000000
:10f52000c34c0000ac53000077560000715500003a
:10f5300018500000d2460000123a0000702a000065
:10f54000c2190000c32f000028430000c75200006a
:10f55000a45d00000663000084620000765c000089
:10f5600096500000b03f0000c52a00001a130000aa
:10f5700010180000602e0000474200008e5200006c
:10f58000275e0000416400005b640000b75e00007d
:10f59000fb520000e5410000722c0000ee13000059
:10f5a0007a190000382e000054400000cd4e0000b3
:10f5b000ce580000c45d0000635d000018580000d4
:10f5c0009f4d0000b73e0000402c00005017000087
:10f5d000c8170000d52c0000743f0000944e0000b6
:10f5e00051590000ff5e00003b5f0000595a0000c7
:10f5f00004500000ec400000ee2d00002418000034
:10f6000001fb00004f0a00007119000013280000e0
:10f61000e6350000a9420000244e00009158000089
:10f6200034610000116800000f6d00001e700000c2
:10f630004ff90000ec08000091180000da270000e4
:10f6400068360000e4430000fb4f0000d25a00007f
:10f6500099630000466a0000bc6e0000f270000072
:10f66000bafa0000c40800009e1600001924000029
:10f6700010310000663d00000349000033540000d3
:10f680003d5e0000176700008a6e000055740000a0
:10f6900008f9000062070000bd150000e02300002b
:10f6a00092310000a13e0000db4a000075560000c8
:10f6b000a26000004d69000038700000287500004d
:10f6c000f9010000c8130000dd2400009a34000096
:10f6d00074420000fc4d0000e7560000795d000018
:10f6e000206100002a620000ea600000d25d000094
:10f6f0004800000065120000fc2300006134000097
:10f70000f6420000374f0000bf580000ba5f00000b
:10f71000856300005f64000097620000a65e000041
:10f72000b20100003d1200000a220000a0300000db
:10f730009e3d0000b9480000c65100001b59000062
:10f74000295e00003161000065620000086200006f
:10f7500000000000da1000002921000067300000de
:10f76000203e0000f44900009e5300005d5b000055
:10f770008e6000006663000013640000dc6200001d
:10f78000c912000030fe000079e9000095d50000a4
:10f790005fc300008bb30000a0a60000589d0000ce
:10f7a00038970000459400003694000099960000b8
:10f7b00018110000cdfc000098e800005cd50000a6
:10f7c000e2c30000c6b4000077a80000999f0000c3
:10f7d0009d9900007a960000e39500006c97000068
:10f7e00082120000a5fc0000a5e600009bd10000ed
:10f7f00089be000048ae00007fa10000fa9800001a
:10f80000419400004c930000b1950000cf9a000095
:10f81000d010000042fb0000c5e5000063d10000ed
:10f820000bbf000083af000057a300003c9b00000b
:10f83000a6960000819500005f970000a39b000042
:10f84000c2190000a9070000e4f400001ce2000057
:10f85000edcf0000debe000063af000040a200005c
:10f86000239700005f8e0000118800004c84000088
:10f87000101800004606000003f40000e4e1000058
:10f880006fd0000019c000003ab1000081a4000050
:10f890008899000094900000be8900002085000037
:10f8a0007a1900001e06000011f2000023de00009d
:10f8b00017cb00009bb9000042aa0000e29d0000a7
:10f8c0002d940000668d00008c8900008388000064
:10f8d000c8170000bb04000030f10000eadd0000a2
:10f8e00099cb0000d6ba00001aac000024a000009a
:10f8f000929600009b8f00003a8b00005689000012
:10f9000001fb000035e200002ecb000068b70000cc
:10f910002fa80000809e0000039b00005b9e00005b
:10f92000c2a70000bfb600005bca000051e10000a2
:10f930004ff90000d2e000004dca000030b70000cf
:10f94000b1a80000bb9f0000db9c00009da0000050
:10f9500027aa0000f4b8000008cc000025e200004f
:10f96000bafa0000aae000005bc800006eb3000015
:10f9700058a300003e990000e2950000fd990000a8
:10f98000cba40000c6b50000d6cb000087e5000080
:10f9900008f9000047df00007ac7000036b3000016
:10f9a000dba30000799a0000ba9700003f9c00009a
:10f9b00030a70000fbb7000084cd00005be600002c
:10f9c000f9010000aeeb000099d60000f0c3000082
:10f9d000bcb40000d4a90000c6a3000043a30000eb
:10f9e000aea70000d9b0000036be000005cf000071
:10f9f000480000004bea0000b8d50000b7c3000083
:10fa00003fb500000eab00009ea5000085a50000dc
:10fa100013aa00000eb30000e4bf0000d8cf00001e
:10fa2000b201000023ea0000c6d30000f6bf0000c8
:10fa3000e6af000091a40000a69e0000e59e000035
:10fa4000b7a40000e0af0000b2bf00003bd300004d
:10fa500000000000c0e80000e5d20000bdbf0000cb
:10fa600069b00000cca500007da0000027a1000027
:10fa70001ca7000015b200005fc100000fd40000f9
:10fa80000f72000002710000e26d0000ba68000011
:10fa9000a1610000b6580000244e0000834200001f
:10faa000793500006a2700009f1800006b090000ec
:10fab0005d7000009f6f0000016d00008168000014
:10fac00023620000f1590000fb4f0000c544000014
:10fad000de3700009f2900004c1a00003f0a00009a
:10fae000c7710000786f00000e6b0000c06400005a
:10faf000ca5c00007453000003490000263e000069
:10fb000082320000702600001a1a0000a10d0000c9
:10fb100015700000156e00002e6a0000876400005a
:10fb20004d5d0000af540000db4a0000674000005c
:10fb3000e8340000a6280000c81b0000750e000075
:10fb4000077900007b7a00004d79000041750000c4
:10fb50002f6e000009640000e75600006b470000ac
:10fb600065350000832100007a0c00001ff70000bb
:10fb700055770000187900006c78000008750000c7
:10fb8000b16e000044650000bf580000ad490000a0
:10fb9000ca370000b8230000270e0000f3f700006a
:10fba000bf780000f07800007a760000477100000e
:10fbb00058690000c75e0000c65100000e430000f7
:10fbc0006e3200008a200000f50d000055fb000099
:10fbd0000d7700008e770000997500000e7100000f
:10fbe000db690000026000009e5300004f450000ea
:10fbf000d3340000bf220000a30f000029fc000046
:10fc0000465a000007550000974f00008d4a00003b
:10fc100070460000ac4300008742000087430000ac
:10fc200004460000e4490000c44e000023540000d4
:10fc300095580000a5530000b64e0000544a00003d
:10fc4000f3460000e74400005f440000c8450000a0
:10fc500069480000194c000071500000f754000082
:10fc6000ff5900007d530000c34c00009346000084
:10fc70009a410000693e0000663d0000293f0000f7
:10fc80000d430000eb4800003f5000005a580000b0
:10fc90004d5800001a520000e34b00005a46000085
:10fca0001d420000a43f00003e3f00006a410000ea
:10fcb00072450000204b0000ed5100002d5900005e
:10fcc0003f610000805e0000025b000014570000ee
:10fcd000fe520000ff4e00004a4b00006f4800003b
:10fce000ef450000fd4300009f420000d7410000a7
:10fcf0008d5f00001d5d0000215a0000db560000f2
:10fd0000815300003a500000224d0000b04a00002c
:10fd100054480000334600004d440000ab42000050
:10fd2000f7600000f55c00002f5800001a53000037
:10fd3000284e0000bd4900002a4600001144000082
:10fd4000f9420000044300001b4400000d4600007f
:10fd5000455f0000935b00004e570000e152000039
:10fd6000ab4e0000f74a0000014800005246000078
:10fd70005e45000039450000c8450000e14600002e
:10fd8000bc9b00002ba100002fa7000035ad000098
:10fd9000c0b2000070b7000000bb0000b5bd00009d
:10fda000f6be0000f9be0000ecbd00000cbc000077
:10fdb0000a9a0000c89f00004ea60000fcac00009c
:10fdc00043b30000abb80000d7bc0000f7bf000091
:10fdd0005bc100002ec1000099bf0000e0bc000024
:10fde000749b0000a19f00005ba400003ba90000e1
:10fdf000eaad00002db20000dfb5000058b90000e8
:10fe0000ffbb000000be000067bf000043c0000051
:10fe1000c39900003e9e00007ba3000002a90000e1
:10fe20006dae000068b30000b7b7000099bb0000da
:10fe300064be000035c0000015c1000016c10000fe
:10fe4000b4a20000a4aa00009ab20000bcb900004d
:10fe50004ebf0000c3c20000c3c300009dc200002b
:10fe6000e2be000013b90000c7b10000c0a9000045
:10fe700002a1000041a90000b9b1000083b900004f
:10fe8000d1bf0000fec300009ac50000dfc400001f
:10fe900047c1000048bb000075b3000094aa0000f1
:10fea0006da2000019a90000c7af0000c2b5000094
:10feb00078ba000080bd0000a2be000040be000075
:10fec000ebbb00001ab8000043b30000f6ad000021
:10fed000bba00000b7a70000e6ae000089b5000097
:10fee000fbba0000bbbe00007ac0000081c0000069
:10fef00050be00004fba0000f0b40000caae0000cf
:10ff0000f483000030850000e4880000088f0000c2
:10ff10009097000065a2000063af0000b8be00002b
:10ff200080cf000073e1000011f40000c50600005e
:10ff300042820000ce83000003880000cf8e0000c4
:10ff400013980000a0a300003ab10000fac000001e
:10ff5000e5d10000a9e30000bff50000980700000c
:10ff6000ac830000a6830000108600000e8b00000a
:10ff7000ba920000239d000042aa00005bba000074
:10ff800089cc00007ae000008df50000fb0a00003b
:10ff9000fa8100004382000030850000d58a00000d
:10ffa0003c9300005e9e00001aac00009cbc000068
:10ffb000eece0000afe200003af70000cf0b0000e9
:10ffc000ec8a0000a98e00004f9400008f9b000077
:10ffd0001ea40000b9ad000026b80000a1c30000b7
:10ffe0006ccf00008ddb0000ece7000078f400002f
:10fff0003a890000468d00006e930000569b000079
:020000040001f9
:10000000a1a40000f3ae0000feb90000e2c50000ac
:10001000d1d10000c2dd00009ae900004cf50000db
:10002000a48a00001e8d00007c91000095970000be
:10003000489f000076a8000006b3000043bf000000
:1000400075cc000094da000068e90000aef800000a
:10005000f3880000bc8b00009b9000005c970000c0
:10006000ca9f0000b1a90000ddb4000084c10000f7
:10007000dace0000c9dc000015eb000082f90000b8
:1000800001fb0000fe130000972b00005940000008
:10009000025100009b5c000084620000e1620000ed
:1000a000385d00001e52000055420000df2e0000a7
:1000b0004ff900009b120000b72a0000204000000a
:1000c00085510000d65d00005b64000022650000e1
:1000d0009d5f00005354000002440000b32f000055
:1000e000bafa000073120000c42800005f3c000050
:1000f0002c4c000059570000635d0000835e000037
:10010000415a000025510000d04300001533000083
:1001100008f9000010110000e3270000263c000051
:10012000af4c0000945800003b5f0000c560000029
:10013000a65c00005a5300007e450000e933000031
:10014000f9010000761d000003370000e04c0000bc
:10015000905d0000ee670000476b0000c96700007b
:10016000235d0000374c000030360000921c000078
:1001700048000000141c000022360000a74c0000bc
:10018000135e0000296900001e6d00000a6a00006d
:10019000885f00006c4e0000dd370000661d000027
:1001a000b2010000ec1b000030340000e648000003
:1001b000ba580000ac620000266600006b630000c5
:1001c0002d5a00003e4b0000ac370000c920000053
:1001d00000000000891a00004f330000ae48000004
:1001e0003c590000e7630000fe670000ad650000b9
:1001f000925c0000734d0000593900009c21000002
:1002000039e3000003f800004d0d00002c2200002f
:10021000d235000091470000e7560000e46300007b
:10022000c26d0000987400007a7800009779000091
:1002300087e10000a0f600006c0c0000f321000034
:1002400054360000cc480000bf580000256600006e
:1002500027700000cd760000287a00006b7a00003d
:10026000f2e2000078f60000790a0000321e000079
:10027000fc3000004e420000c6510000865f0000c6
:10028000cb6a00009f730000f6790000cd7d00006e
:1002900040e1000015f5000099090000fa1d00007a
:1002a0007e310000894300009e530000c8610000b9
:1002b000306d0000d4750000a37b0000a17e00001b
:1002c00031ea00007b010000b8180000b32e0000e6
:1002d00060420000e4520000aa5f0000cc68000009
:1002e000ae6d0000b16e0000556c00004b67000061
:1002f00080e8000019000000d71700007b2e0000e6
:10030000e24200001f540000826100000d6b0000fb
:1003100013700000e7700000036e00001e6800000c
:10032000eae90000f1ff0000e5150000ba2a00002c
:10033000893d0000a24d00008a5a00006e64000052
:10034000b76a0000b86d0000d16d0000816b00003d
:1003500038e800008efe000004150000812a00002d
:100360000c3e0000dc4e0000615c0000b066000046
:100370001c6d0000ee6f00007e6f0000556c0000e9
:1003800001fb0000e3eb000054dd0000afcf0000f4
:100390004bc3000073b8000063af0000aba80000bf
:1003a000c5a30000cca00000a19f000011a0000088
:1003b0004ff9000081ea000073dc000076cf0000f6
:1003c000cdc30000aeb900003ab10000edaa0000b4
:1003d0002ba6000002a300004ea10000e5a0000033
:1003e000bafa000059ea000081da0000b5cb00003b
:1003f00075be000030b3000042aa00004da400000a
:10040000cfa00000d39f00001da1000048a4000061
:1004100008f90000f6e80000a0d900007ccb00003d
:10042000f7be00006bb400001aac00008fa60000fd
:1004300034a3000008a20000caa200001ba500000f
:10044000f90100005cf50000bfe8000036dc0000a8
:10045000d9cf0000c6c3000026b8000093ad00004d
:10046000b1a30000e69a00007c930000c58d000057
:1004700048000000f9f30000dee70000fddb0000ab
:100480005bd0000001c50000feb90000d5af000040
:1004900016a600001b9d00002a950000998e000002
:1004a000b2010000d1f30000ece500003cd80000f0
:1004b00002cb000083be000006b3000035a9000097
:1004c000bba00000ed990000f8940000fb91000033
:1004d000000000006ff200000be5000003d80000f0
:1004e00085cb0000bebf0000ddb4000077ab00008c
:1004f00020a30000229c0000a5960000cf920000df
:1005000039e30000e9cf000009bf000082b100001c
:100510001aa8000069a30000c6a30000aea900004d
:1005200050b4000047c30000c6d50000caea00006e
:1005300087e1000086ce000028be000049b100001f
:100540009da80000a3a400009ea50000f0ab000041
:10055000b5b600007cc5000074d700009deb00001c
:10056000f2e200005ece000036bc000088ad000064
:1005700044a30000269e0000a69e000050a5000097
:1005800059b100004ec2000042d7000000ef000049
:1005900040e10000fbcc000055bb00004fad000067
:1005a000c7a30000619f00007da0000092a700008b
:1005b000beb3000083c40000efd80000d4ef0000f9
:1005c00031ea000061d9000074ca000009be0000d1
:1005d000a8b40000bcae000089ac000096ae0000dc
:1005e0003cb4000060bd0000a2c900007dd800003e
:1005f00080e80000fed7000094c90000d0bd0000d4
:100600002bb50000f6af000061ae0000d8b00000ce
:10061000a1b6000095bf00004fcb000051d90000eb
:10062000eae90000d7d70000a1c700000fba000018
:10063000d2af000079a9000069a7000038aa000025
:1006400045b1000067bc00001dcb0000b4dc000019
:1006500038e8000074d60000c0c60000d7b900001a
:1006600055b00000b4aa000040a900007aac000018
:10067000aab300009cbe0000cbcc000087dd0000c8
:10068000465a0000b65e0000bd610000d362000063
:100690008c6100009e5d0000e7560000d74d000011
:1006a00007420000f13300000a240000e4120000b9
:1006b00095580000535d0000dc6000009a62000065
:1006c0000f620000d95e0000bf5800001850000003
:1006d0006c44000026360000b7250000b813000067
:1006e000ff5900002b5d0000ea5e0000d95e0000ab
:1006f000b65c00005c580000c6510000794900005b
:10070000103f0000f8320000852500001a17000095
:100710004d580000c85b0000095e0000a15e0000ab
:10072000395d0000975900009e530000ba4b00004d
:10073000754100002d35000033270000ee17000042
:100740003f6100002f680000286d00005a6f000014
:100750001a6e0000f1680000aa5f0000bf5200009e
:10076000f34100000a2e0000e5170000970000008a
:100770008d5f0000cc660000476c0000226f000017
:100780009d6e00002c6a0000826100000055000090
:100790005844000040300000931900006b01000035
:1007a000f7600000a4660000556a0000616b00005d
:1007b00044690000af6300008a5a0000614e0000e7
:1007c000fc3e0000112d000061190000ce04000065
:1007d000455f00004165000074690000286b00005f
:1007e000c7690000ea640000615c0000a2500000dc
:1007f00061410000462f00000e1b0000a205000012
:100800007e420000bb42000072430000a64400008c
:100810005c460000944800004a4b0000da4e00009d
:10082000915200006b5600002f5a00009c5d0000a2
:10083000cd40000058410000914200006e4400008d
:10084000df460000cf490000224d00001b51000090
:10085000f6540000a0580000dd5b0000705e000050
:1008600037420000304100009f400000ad400000d2
:1008700086410000524300002a4600007c4a0000e6
:100880009b4f000072550000ab5b0000d26100007e
:1008900085400000ce3f0000be3f000074400000d5
:1008a000084200008c44000001480000bd4c0000dc
:1008b00000520000a7570000585d0000a66200002b
:1008c00077490000344c0000dd4e00002e5100003e
:1008d000ea520000e75300000d540000c25300002c
:1008e0007d520000855000000a4e0000504b000071
:1008f000c5470000d14a0000fc4d0000f550000043
:100900006c53000022550000e5550000035600001e
:10091000e2540000ba520000b84f0000244c00001e
:100920002f490000a94a00000a4c0000344d000085
:10093000144e0000a54e0000ed4e0000644f000074
:10094000874f00008c4f0000864f0000864f00004c
:100950007d47000046490000294b0000fb4c000089
:10096000964e0000df4f0000c4500000a55100006b
:10097000ec510000c1510000335100005a500000fa
:100980007cba0000aeb70000cfb4000022b2000075
:10099000deaf00002aae00001cad000020ad00005c
:1009a00092ad000078ae0000adaf000009b10000cc
:1009b000cab800004bb60000eeb30000e9b1000079
:1009c00061b0000065af0000f3ae000061af000051
:1009d000f7af0000adb000005bb10000ddb100007a
:1009e00035ba000023b60000fcb1000028ae0000bc
:1009f00008ab0000e7a80000fba70000c2a80000a9
:100a00009baa00007fad000029b100003fb50000a7
:100a100083b80000c0b400001bb10000efad0000bf
:100a20008aab000022aa0000d3a9000003ab00009b
:100a300000ad0000b4af0000d6b2000013b6000055
:100a400075c1000027c100003ac00000a9be000027
:100a50006cbc00007db90000dfb5000008b20000ea
:100a60007ead000092a8000089a30000bd9e00009a
:100a7000c3bf0000c4bf000059bf000070be00002b
:100a8000eebc0000b8ba0000b7b7000049b40000df
:100a9000e3af0000c7aa000036a50000909f000049
:100aa0002dc100009cbf000067bd0000afba000070
:100ab00096b700003bb40000beb00000aaad000035
:100ac00087aa000099a7000004a50000f3a2000077
:100ad0007bbf000039be000086bc000076ba000073
:100ae00018b8000075b5000096b20000ecaf000029
:100af000ecac0000cea90000b2a60000c7a3000025
:100b0000b4a20000b39b000084960000f59300009f
:100b1000ad940000209900007fa1000023ae0000ea
:100b20001cbe0000f2d00000d3e50000c1fb0000b5
:100b300002a10000509a0000a3950000bc930000a1
:100b4000309500005a9a000057a3000064b00000de
:100b500081c0000027d3000080e7000095fc000062
:100b60006da20000289a0000b1930000fb8f0000e6
:100b7000d78f0000dd9300005f9c0000c5a9000036
:100b800025bb0000f9cf00004ee70000f7ff000092
:100b9000bba00000c5980000d0920000c28f0000ea
:100ba0005a90000018950000369e000007ac000027
:100bb0008abd00002ed20000fce80000cb0000003f
:100bc000aca900002ca50000efa100007ca0000053
:100bd0003ba1000073a4000042aa00000bb3000078
:100be00008be00000ccb0000aed9000075e9000083
:100bf000fba70000c9a300000fa1000044a0000053
:100c0000bea10000aea500001aac00004cb500006b
:100c10006dc0000041cd00005bdb000049ea000030
:100c200065a90000a1a300001c9f0000829c000099
:100c3000659c0000309f000022a50000adae0000c2
:100c400011bb000013ca000029db0000abed00005f
:100c5000b3a700003ea200003b9e00004a9c00009b
:100c6000e89c00006ba00000f9a60000efb00000b7
:100c700076bd000048cc0000d7dc00007fee00000d
:100c8000c2190000802a00003839000046450000e3
:100c9000204e000055530000a05400004b520000ad
:100ca000d44b00009c41000016340000db23000000
:100cb000101800001e290000573800000d450000e4
:100cc000a24e000090540000775600008d540000a2
:100cd000394e0000d2430000c4350000af240000ac
:100ce0007a190000f6280000653600004c4100002b
:100cf00049490000134e00007f4f0000ed4d0000f9
:100d0000dd480000a34000009235000012280000da
:100d1000c81700009327000084350000144100002c
:100d2000cc4900004e4f0000575100002f500000ea
:100d3000424b0000d94200003f370000e528000088
:100d4000ba200000f9330000a3440000ce51000097
:100d5000ad5a0000a85e0000635d0000335700003c
:100d6000bf4b0000b63b0000f12700008f110000d0
:100d7000081f000096320000c24300009551000099
:100d8000305b0000e35f00003b5f0000755900002e
:100d9000244e0000eb3d00009f290000631200007c
:100da000722000006e320000d0410000d44d0000df
:100db000d75500006659000043580000d552000086
:100dc000c9480000bd3a00006d290000c5150000ab
:100dd000c01e00000c310000ef4000009b4d0000e1
:100de0005a560000a15a00001a5a00001755000078
:100df0002e4b0000f23c00001a2b00009916000058
:100e0000f9010000850e0000ed1a0000192700000e
:100e1000ef3200004b3e0000034900004e5300003b
:100e20005e5c0000176400003c6a0000946e0000e5
:100e300048000000230d00000c1a0000e12600000d
:100e400072330000863f0000db4a0000905500002e
:100e5000c35e00004c660000e96b0000676f000095
:100e6000b2010000fb0c00001a1800002023000053
:100e7000192e000009390000e3430000f14e000084
:100e8000675900001e630000b76b0000ca720000c3
:100e900000000000980b000039170000e722000056
:100ea0009c2e0000433a0000ba4500003251000079
:100eb000cc5b000053650000656d00009e73000070
:100ec000f2080000fe17000058260000a1330000c1
:100ed0007d3f00009e490000c651000036580000ca
:100ee0004a5c0000305e0000175e0000475c0000b6
:100ef000400700009b1600007725000068330000c3
:100f000000400000d94a00009e530000785a0000bb
:100f1000af5e000065600000c45f00001b5d000064
:100f2000aa0800007316000085230000a72f000008
:100f3000a73a00005c440000a64c0000d953000012
:100f400053590000375d0000925f00007e60000092
:100f5000f806000011150000a42200006e2f00000a
:100f6000293b0000964500007d4e00001a56000007
:100f7000b85b00006c5f0000406100005161000040
:100f8000c219000066020000f4ea00009cd40000d0
:100f900068c000002daf00007fa100001598000080
:100fa000619200004b900000629100000e950000dd
:100fb000101800000301000013ea000063d40000d1
:100fc000ebc0000068b0000057a30000579a000073
:100fd000c69400008092000010930000e29500008b
:100fe0007a190000db00000021e80000a2d0000018
:100ff00092bb0000eba900005f9c0000b8930000ca
:101000006b8f0000528f0000de92000044990000b8
:10101000c817000079ff000040e7000069d0000019
:1010200015bc000025ab0000369e0000f9950000bd
:10103000d0910000879100008b940000189a000066
:10104000ba200000df0b000060f6000023e1000082
:10105000f6cc000080ba000042aa0000fe9c00000e
:101060004d920000658a00003e850000c2820000ab
:10107000081f00007c0a00007ff50000ebe0000084
:1010800079cd0000bbbb00001aac00003f9f000000
:10109000b29400009a8c0000eb860000958300005b
:1010a00072200000540a00008cf3000029dd0000cb
:1010b00020c800003eb5000022a50000a098000056
:1010c000568f00006c890000b9860000f886000089
:1010d000c01e0000f1080000acf20000f1dc0000ce
:1010e000a3c8000078b60000f9a60000e19a00004d
:1010f000bb910000a18b000067880000cc87000036
:10110000f90100006be60000a9cc00006fb60000fa
:1011100038a50000239a0000e2950000199900000c
:10112000eca20000c5b2000088c70000c6df0000c6
:101130004800000008e50000c8cb000036b60000fb
:10114000baa500005e9b0000ba9700005a9b000001
:1011500051a50000fbb4000035c900009ae0000072
:10116000b2010000e0e40000d6c9000075b2000042
:1011700062a00000e0940000c2900000bb94000058
:10118000f59f0000ccb1000003c90000fde30000a2
:10119000000000007ee30000f5c800003db2000042
:1011a000e4a000001b96000099920000fc9600004d
:1011b0005aa2000002b40000b1ca0000d0e400004e
:1011c000f2080000e4ef000015d80000f7c20000ac
:1011d000c6b1000076a50000a69e0000019e00009a
:1011e000d8a20000dfac000063bb00007acd000095
:1011f0004007000081ee000034d70000bec20000ae
:1012000048b20000b1a600007da0000042a000008e
:101210003da5000014af000010bd00004ece000040
:10122000aa08000059ee000041d50000fdbe0000f4
:10123000efac000033a0000085990000a3990000e6
:10124000e19f0000e6ab0000dfbc0000b0d1000071
:10125000f8060000f6ec000061d40000c4be0000f7
:1012600072ad00006ea100005d9b0000e49b0000d9
:1012700046a200001bae00008cbe000084d200001d
:1012800007790000387500005d6f0000c16700003d
:10129000aa5e00005854000003490000413d0000d0
:1012a000a330000070230000cb150000e007000011
:1012b00055770000d67300007c6e00008867000040
:1012c0002c5f000093550000db4a0000823f0000c5
:1012d00008330000a525000079170000b4080000bd
:1012e000bf780000ae7300008a6c0000c763000086
:1012f000d4590000164f0000e3430000e33800001b
:10130000ac2d00007722000047170000170c0000ea
:101310000d7700004b720000a96b00008e63000087
:10132000565a000051500000ba450000253b00000d
:1013300011300000ac240000f4180000eb0c000099
:10134000ff7f0000b17e0000c87a000048740000f2
:10135000386b0000ac5f0000c6510000294200005d
:101360008f300000891d0000a709000094f50000df
:101370004d7e00004e7d0000e87900000f740000f3
:10138000ba6b0000e66000009e5300006a44000053
:10139000f4320000be1f0000540b000068f600008d
:1013a000b77f0000277d0000f57700004e70000039
:1013b00062660000695a0000a64c0000cb3d0000a8
:1013c000982d0000901c0000220b0000caf90000bc
:1013d000067e0000c47b000014770000157000003a
:1013e000e4660000a45b00007d4e00000d4000009c
:1013f000fd2f0000c51e0000d00c00009efa00006a
:101400003f6100003e590000125100009449000065
:10141000794300004e3f0000663d0000443e00005e
:101420002d410000ea450000f14b000099520000f8
:101430008d5f0000db570000315000005b49000069
:10144000fc430000894000003e3f00008640000051
:10145000924300001f4800009e4d00006c530000a6
:10146000f7600000b35700003f4e00009a450000af
:10147000a33e00000c3a000046380000e6390000a8
:10148000373e0000f14400006c4d0000cf560000d4
:10149000455f0000505600005e4d000061450000b1
:1014a000263f0000463b00001e3a0000283c00009a
:1014b0009c400000264700001a4f0000a357000080
:1014c00037680000b66200007e5c00001b5600001a
:1014d00007500000a14a00002a4600002c430000eb
:1014e0001941000004400000cc3f00004c400000c7
:1014f00085660000546100009d5b0000e25500001d
:101500008a500000dc4b0000014800006e450000de
:101510007e43000039420000794100002041000074
:10152000ef6700002c610000aa5900002152000062
:10153000314b00005f45000009410000ce3e000035
:10154000223e00000a3f00004741000083440000a3
:101550003d660000c95f0000ca580000e851000065
:10156000b44b00009a460000e14200001041000028
:101570008740000040410000f54200005645000051
:10158000b4a2000061a50000aaa800003cac0000c5
:10159000caaf000012b30000dfb5000073b800004e
:1015a00020ba0000ffba000019bb000082ba000098
:1015b00002a10000ffa30000c9a7000003ac0000c7
:1015c0004cb000004db40000b7b70000b4ba000042
:1015d00085bc000034bd0000c6bc000055bb000047
:1015e0006da20000d7a30000d7a5000042a800000c
:1015f000f4aa0000cfad0000beb0000015b400009a
:1016000029b7000006ba000094bc0000b8be000074
:10161000bba0000074a20000f6a4000009a800000e
:1016200076ab00000aaf000096b2000057b600008b
:101630008eb900003bbc000042be00008cbf000021
:10164000aca90000daae000015b40000c3b8000079
:1016500058bc000065be0000a2be00005bbd0000db
:101660000cba000019b50000f4ae000035a8000067
:10167000fba7000077ad000035b300008ab800007a
:10168000dabc0000a0bf00007ac000009cbf0000d0
:1016900071bc00004eb70000a1b0000009a9000015
:1016a00065a9000050ad000042b10000c9b40000bf
:1016b00081b7000023b9000082b90000fdb8000026
:1016c00015b7000020b400006fb000006cac000043
:1016d000b3a70000edab000061b0000090b40000c3
:1016e00004b800005dba000059bb00003fbb000019
:1016f0007ab9000055b600001db200003fad0000f1
:10170000ec8a0000678900005f8a00000f8e0000ed
:1017100099940000089e000042aa000076b90000db
:10172000aaca00007add00003ef100003a05000080
:101730003a890000048800007e890000d68d0000f0
:101740001c950000429f00001aac0000b8bb0000ce
:101750000fcd0000afdf0000ecf200000e0600002d
:10176000a48a0000dc8700008c870000158a000036
:10177000c38f0000c598000022a5000018b5000026
:10178000b3c7000080dc0000baf20000700900005e
:10179000f388000079860000ab860000dc89000039
:1017a00046900000009a0000f9a600005ab7000019
:1017b00018ca0000b6de000067f40000440a00000a
:1017c000e4910000df920000cb950000969a0000a3
:1017d00027a100005ba9000006b300005ebe000068
:1017e00096ca000093d7000019e50000eef2000051
:1017f000329000007d910000ea9400005d9a0000a4
:10180000aaa1000096aa0000ddb40000a0c000005c
:10181000fbcc0000c8d90000c7e60000c1f30000ff
:101820009d91000055910000f79200009c960000e9
:10183000519c000018a40000e5ad000000ba0000b3
:101840009fc700009ad6000095e6000024f700002c
:10185000eb8f0000f28f00001792000063960000eb
:10186000d49c000053a50000bdaf000042bc0000a6
:1018700004ca0000cfd8000042e80000f8f70000da
:10188000f901000034180000132d0000603f000033
:101890000b4e00003d580000635d00009e5d00009f
:1018a00061580000244e0000823f0000542d0000cb
:1018b00048000000d1160000322c0000273f000035
:1018c0008e4e0000785900003b5f0000e05f000092
:1018d000c65a0000595000002f410000282e000079
:1018e000b2010000a9160000402a0000663b00007b
:1018f00035490000fb5200004358000041590000e8
:101900006b5500002b4d0000fd4000008a310000a7
:1019100000000000471500005f2900002d3b00007b
:10192000b8490000365400001a5a0000825b0000db
:10193000d0570000604f0000ab4200005e32000054
:10194000f2080000ad2100007e380000e74b0000e7
:10195000995a00009063000026660000866200002d
:101960004d5800003d4800005d330000081b00009a
:10197000400700004a2000009e370000ae4b0000e8
:101980001c5b0000cb640000fe670000c864000020
:10199000b25a0000734a00000a350000dc1b000048
:1019a000aa08000022200000ab350000ed4700002f
:1019b000c35500004e5e000006610000295e000075
:1019c0005655000044470000d83400003e1f000078
:1019d000f8060000bf1e0000ca340000b547000032
:1019e00046560000895f0000dd6200006a6000006a
:1019f000bb57000079490000863600001220000025
:101a000031ea000039fc0000c80e0000332100005c
:101a1000db32000033430000c6510000a15e00002d
:101a2000ec6800009e700000a77500000c780000b4
:101a300080e80000d6fa0000e70d0000fa20000060
:101a40005e3300006e4400009e530000e36000001f
:101a5000516b0000d372000054770000e078000062
:101a6000eae90000aefa0000f50b0000391d0000a5
:101a7000052e0000f13d0000a64c0000445a000075
:101a8000f5650000a56f000022770000437c000090
:101a900038e800004cf90000140b0000001d0000a5
:101aa000872e00002b3f00007d4e0000855c00006b
:101ab0005a680000da710000d0780000167d00003e
:101ac0002af10000b2050000331a0000ba2d000010
:101ad000693f0000864e00008a5a00008a630000b9
:101ae000d8680000b86a000082690000c065000084
:101af00078ef00004f04000053190000822d000011
:101b0000eb3f0000c14f0000615c0000cb650000ae
:101b10003d6b0000ed6c0000306b0000946600002f
:101b2000e2f000002704000060170000c029000058
:101b3000933a000044490000695500002c5f000002
:101b4000e1650000bf690000fe6a0000f669000060
:101b500030ef0000c4020000801600008829000059
:101b6000153b00007f4a0000415700006d610000f6
:101b700046680000f46b0000ab6c0000ca6a00000d
:101b8000f90100001af00000cfde0000b6ce000020
:101b900054c0000015b4000042aa000069a3000070
:101ba000ef9e0000d39c0000ce9c0000879e0000aa
:101bb00048000000b7ee0000efdd00007dce000021
:101bc000d7c0000050b500001aac0000aaa5000064
:101bd00054a10000089f00007b9e00005b9f000056
:101be000b20100008fee0000fcdb0000bcca000068
:101bf0007ebb0000d3ae000022a500000b9f0000ba
:101c0000f99b0000d99b0000499e0000bda2000086
:101c1000000000002ced00001bdb000083ca000068
:101c200000bc00000db00000f9a600004ca10000af
:101c30005e9e00000f9e0000f79f000091a3000031
:101c4000f208000092f900003bea00003ddb0000d2
:101c5000e2cc000068bf000006b3000051a80000fd
:101c6000db9e0000ec960000a99000003a8c00007a
:101c70004007000030f800005ae9000004db0000d3
:101c800065cd0000a3c00000ddb4000092aa0000f2
:101c900040a1000021990000579200000e8d000025
:101ca000aa08000008f8000068e7000043d7000019
:101cb0000cc8000026ba0000e5ad0000f3a3000048
:101cc000e49b0000f3950000259200007190000055
:101cd000f8060000a5f6000087e600000ad700001d
:101ce0008ec8000061bb0000bdaf000034a600003c
:101cf000499e000028980000d29300004491000003
:101d000031ea00001fd4000084c0000089b0000048
:101d100024a500000b9f0000a69e00006ca40000fc
:101d20007aaf00004dbf0000f3d200003fe9000091
:101d300080e80000bcd20000a4bf000050b000004a
:101d4000a6a5000046a000007da00000ada60000f2
:101d5000dfb1000082c10000a1d4000013ea00003e
:101d6000eae9000094d20000b1bd00008fac000091
:101d70004da00000c8990000859900000ea0000049
:101d800083ac000054be00006fd4000075ed00006d
:101d900038e8000031d10000d1bc000056ac000092
:101da000d0a00000039b00005d9b00004fa200003c
:101db000e8ae000089c000001cd6000049ee00001b
:101dc0002af1000097dd0000f0cb000010bd0000fc
:101dd000b1b100005eaa000069a7000054a900008c
:101de00065af000066b90000cec60000f3d6000063
:101df00078ef000035dc00000fcb0000d7bc0000fe
:101e000034b2000099ab000040a9000095ab00007f
:101e1000cab100009cbb00007cc80000c6d700000f
:101e2000e2f000000ddc00001dc9000016b9000042
:101e3000dbac00001ba5000048a20000f6a40000d7
:101e40006fac00006db800004ac8000029db00003c
:101e500030ef0000aada00003cc80000deb8000045
:101e60005ead000056a6000020a4000037a70000c9
:101e7000d4ae0000a2ba0000f7c90000fddb0000ec
:101e80003f610000ec62000038630000da6100008e
:101e9000965e000040590000c651000094480000c2
:101ea000313d0000f72f00003721000059110000dc
:101eb0008d5f00008961000057620000a161000091
:101ec000185f00007b5a00009e530000d64a0000b5
:101ed000963f00002c320000e42200002d1200008a
:101ee000f76000006161000065600000e05d0000d7
:101ef000c0590000fe530000a64c0000364400000c
:101f00003a3a0000fe2e0000b22200008f150000b9
:101f1000455f0000ff5f0000845f0000a75d0000d8
:101f2000425a0000395500007d4e000078460000fe
:101f30009f3c000033310000602400006316000065
:101f400037680000656c0000a46e0000616e000040
:101f5000246b0000946400008a5a00007c4d00004d
:101f60001d3d0000112a0000121500000dff0000a9
:101f700085660000026b0000c36d0000296e000042
:101f8000a66b0000ce650000615c0000be4f000043
:101f9000823f0000462c0000bf160000e1ff000059
:101fa000ef670000da6a0000d06b0000686a00008a
:101fb0004d660000515f0000695500001e49000099
:101fc000263a0000172900008e1600004303000087
:101fd0003d66000077690000f06a00002f6a00008b
:101fe000d06600008c60000041570000604b00008c
:101ff0008b3c00004d2b00003b1800001704000034
:1020000077490000f1460000ed440000ad430000b8
:1020100065430000364400002a460000974900004e
:10202000bb4d0000715200005c570000115c0000c5
:10203000c54700008e4500000d44000075430000b8
:10204000e84300007145000001480000d94b000042
:1020500020500000a65400000a590000e55c000072
:102060002f490000674500001a420000b33f0000fe
:102070008f3e0000f43e0000094100003945000099
:10208000c54a000078510000d858000048600000a0
:102090007d47000004440000394100007b3f000000
:1020a000123f00002f400000e14200007b4700008b
:1020b0002a4d0000ad530000855a00001b6100004e
:1020c0006f5000006a500000595000003550000069
:1020d000f34f0000894f0000ed4e00007f4e0000de
:1020e000a74d00008b4c0000374b0000c549000095
:1020f000bd4e0000074f0000784f0000fc4f00006d
:1021000076500000c4500000c4500000c1500000d0
:102110000c500000c04e0000e54c0000994a000041
:1021200027500000df4e0000864d00003b4c0000b1
:102130001d4b0000474a0000cc490000214a000026
:10214000b04a0000924b0000b34c0000fb4d000071
:10215000754e00007c4d0000a54c0000024c0000b4
:10216000a04b0000824b0000a44b0000634c000019
:10217000154d0000c74d0000604e0000cf4e00001e
:102180003cb300004bb4000001b5000050b50000a6
:102190003ab50000c9b4000014b400009db30000bb
:1021a000ebb2000039b20000a0b1000031b1000074
:1021b0008bb10000e9b2000020b4000017b50000a8
:1021c000bcb5000004b60000ecb50000dfb50000af
:1021d00050b500006eb400004db3000005b2000021
:1021e000f5b20000c1b200002eb2000056b10000ee
:1021f00064b0000087af0000f3ae00003faf000006
:10220000f4af000040b100001bb3000067b5000050
:1022100043b100005eb100004db100001db10000ef
:10222000e6b00000c2b00000cbb0000081b10000f9
:1022300059b2000075b30000c9b400003bb60000fd
:1022400035ba0000c4bd00006cc00000d7c100005a
:10225000c8c100001cc00000d7bc000085b8000049
:10226000d6b2000053ac00007ba50000e59e000044
:1022700083b8000061bc00008bbf00009fc100005c
:102280004ac2000057c10000afbe0000c7ba00003c
:102290003bb5000088ae000028a70000b89f0000f2
:1022a000edb9000039bc000099bd0000ddbd0000a3
:1022b000f1bc0000daba0000b7b7000027b4000094
:1022c000e0af00005aab0000f6a600001ba3000020
:1022d0003bb80000d7ba0000b8bc0000a5bd0000a4
:1022e00074bd000015bc00008eb9000069b6000086
:1022f00045b200008fad0000a4a80000efa30000cd
:10230000749b000050980000b696000023970000d0
:10231000099a0000bf9f000077a80000a0b4000049
:1023200075c30000b3d40000c5e70000e9fb00005e
:10233000c3990000ee960000d5950000ea960000d3
:102340008c9a0000faa000004faa0000e2b600003c
:10235000dac50000e9d6000072e90000bdfc00000b
:102360002d9b0000c6960000e39300002993000017
:10237000339500007c9a000057a3000042b0000093
:102380007ec00000bad3000041e900001f00000039
:102390007b9900006395000002930000f192000019
:1023a000b6950000b79b00002ea5000084b2000087
:1023b000e3c20000efd50000eeea0000f3000000e9
:1023c0006da20000c9a1000021a20000aba3000083
:1023d00097a6000012ab00003ab1000088b90000d7
:1023e00061c30000cdce0000a0db00009de900002d
:1023f000bba0000066a0000041a1000072a3000085
:102400001aa700004dac000012b30000cabb0000c8
:10241000c6c5000002d100004edd000071ea0000d8
:1024200025a200003ea000004e9f0000b19f0000ca
:10243000c1a10000d0a500001aac00002ab5000020
:102440006ac00000d4cd00001cdd0000d3ed000008
:1024500073a00000dc9e00006d9e0000789f0000cd
:1024600044a200000aa70000f2ad00006cb7000013
:10247000cfc2000009d00000c9de0000a7ee0000b6
:10248000821200001e2700006a3900007448000014
:102490007b530000f5590000985b0000c95800000c
:1024a0002c5100005e4500000936000003240000a6
:1024b000d0100000bb250000893800003c48000017
:1024c000fe530000305b0000705d00000a5b0000fe
:1024d0009153000093470000b6370000d724000056
:1024e0003a12000093250000963600007b4400005d
:1024f000a54e0000b2540000775600006b54000057
:10250000364e000064440000843700003a28000082
:102510008810000030240000b6350000424400005e
:10252000284f0000ed5500004f580000ac56000049
:102530009b5000009a460000323900000d2900002f
:102540007a19000096300000d5440000fc540000c9
:1025500009600000486500005b640000b15d000098
:1025600018510000773f0000e4290000b711000077
:10257000c8170000342f0000f4430000c3540000cb
:102580008c6000008366000033660000f25f00008c
:102590007d530000ac410000912b00008b12000025
:1025a000321900000c2f000002420000025100000e
:1025b000335b0000056000003b5f000053590000e2
:1025c000214e00007e3e00005f2b0000ed15000054
:1025d00080170000a92d000021410000c950000013
:1025e000b65b00004061000012610000945b0000d7
:1025f00086500000b34000000d2d0000c116000001
:10260000bafa0000230b00001f1b0000482a00003c
:102610004b380000ea440000fb4f0000cc5900009a
:10262000b7610000d86700002e6c0000bc6e00008f
:1026300008f90000c00900003e1a00000f2a00003f
:10264000ce38000025460000d35100000d5c00008c
:102650001c6400000d6a0000db6d00008f6f00003d
:1026600072fa0000980900004c1800004e26000085
:1026700075330000a83f0000db4a00006e550000e3
:10268000c05e0000df660000a96d0000f27200006d
:10269000c0f80000350800006b1700001526000088
:1026a000f7330000e3400000b24c0000af570000d9
:1026b0002561000014690000576f0000c673000018
:1026c000b20100009c1400008a260000cf360000f2
:1026d000d94400003d500000bf580000b45e000027
:1026e000a2610000f1610000096000006f5c000061
:1026f0000000000039130000a925000096360000f4
:102700005b45000078510000965a0000f56000001b
:102710000764000027640000b7610000435d00000b
:102720006a01000011130000b7230000d532000039
:1027300003400000fb4a00009e530000565a000070
:10274000ac5e0000f860000085610000a56000003c
:10275000b8ff0000ae110000d62200009c3200003d
:1027600085400000364c000076550000975c000064
:10277000116100002d6300003263000079610000e8
:102780008212000004ff000026eb0000cad7000000
:10279000c4c50000ccb5000077a80000939e0000df
:1027a000ba9700000c940000559300003695000085
:1027b000d0100000a1fd000045ea000092d7000003
:1027c00047c6000007b700004faa0000d4a00000d1
:1027d0001f9a000041960000029500000a96000032
:1027e0003a12000079fd000053e80000d0d3000049
:1027f000eec000008ab0000057a30000359a000028
:10280000c394000013930000d09400006c99000062
:102810008810000016fc000072e7000098d300004a
:1028200070c10000c5b100002ea50000769c00001c
:1028300028970000489500007e960000409a00000e
:102840007a1900007c08000091f6000052e40000b4
:1028500052d200001fc100003ab100007ba300006b
:10286000a6970000268e000030870000ea82000054
:10287000c81700001a070000b1f5000019e40000b5
:10288000d4d200005ac2000012b30000bca5000060
:102890000b9a00005b900000de880000bd83000002
:1028a00032190000f2060000bef3000058e00000fc
:1028b0007ccd0000ddbb00001aac00001d9f0000b5
:1028c000af9400002d8d0000ac8800002087000030
:1028d000801700008f050000def200001fe00000fe
:1028e000fecd000018bd0000f2ad00005fa10000a9
:1028f00014970000628f0000598a0000f4870000de
:10290000bafa000009e30000dbcc00009eb9000029
:1029100094aa0000c2a00000db9c0000969f00006b
:1029200045a8000087b600007ac90000eedf00006d
:1029300008f90000a6e10000facb000065b900002c
:1029400016ab0000fda10000b29e0000d7a1000060
:10295000aaaa0000bcb8000028cb0000c2e000001a
:1029600072fa00007ee1000008ca0000a4b5000071
:10297000bda50000809b0000ba970000389b0000b6
:102980004ea500008db50000f6ca000024e400004a
:10299000c0f800001be0000027c900006bb5000074
:1029a00040a60000ba9c0000929900007a9d0000a9
:1029b000b3a70000c3b70000a3cc0000f8e40000f8
:1029c000b201000081ec000047d8000025c60000dd
:1029d00021b7000015ac00009ea500007ea40000f9
:1029e00030a80000a0b0000055bd0000a2cd00003e
:1029f000000000001feb000066d70000ecc50000df
:102a0000a4b7000050ad000075a70000bfa60000ed
:102a100095aa0000d5b2000003bf000076ce0000ea
:102a20006a010000f7ea000073d500002bc2000025
:102a30004bb20000d3a600007da0000020a0000043
:102a40003aa50000a7af0000d1be0000d8d1000019
:102a5000b8ff000094e9000093d40000f2c1000028
:102a6000ceb200000da8000055a2000062a2000036
:102a70009fa70000dcb100007ec00000acd20000c7
:102a8000c7710000d67100008f6f0000ef6a000070
:102a900006640000f85a0000fb4f0000be4300002f
:102aa000fc35000031270000be17000008080000b8
:102ab0001570000073700000ae6e0000b66a000072
:102ac00088640000335c0000d35100000046000021
:102ad00061380000662900006b190000dc08000066
:102ae0007f7100004b700000bc6c0000f5660000b8
:102af0002f5f0000b5550000db4a0000603f00007a
:102b00000533000038260000391900003f0c000092
:102b1000ce6f0000e96e0000db6b0000bc660000b9
:102b2000b25f0000f0560000b24c0000a24100006d
:102b30006a3500006d280000e71a0000120d000041
:102b4000bf7800004f7b0000fa7a00007677000023
:102b5000947000004b660000bf580000a6480000bb
:102b6000e83500004a210000990b0000bcf5000088
:102b70000d770000ec7900001a7a00003d77000024
:102b80001671000086670000965a0000e84a0000af
:102b90004d38000080230000460d000090f6000034
:102ba00078780000c4790000277800007c7300006a
:102bb000bd6b0000086100009e5300004844000007
:102bc000f132000051200000140d0000f2f9000065
:102bd000c67600006178000046770000437300006d
:102be000406c000043620000765500008a460000f9
:102bf0005635000086220000c20e0000c6fa000012
:102c0000ff590000db55000044510000c24c000099
:102c1000d5480000ed4500005f440000c1440000bd
:102c200086460000ab490000e34d0000c1520000a1
:102c30004d5800007854000063500000894c00009b
:102c400058490000284700003646000003470000ae
:102c5000eb480000e04b0000914f0000945300004f
:102c6000b759000050540000714e0000c8480000e1
:102c7000ff430000ab4000003e3f00006440000006
:102c80008f430000b24800005f4f0000f75600007d
:102c900005580000ee520000904d00008f480000e3
:102ca00082440000e641000016410000a5420000f9
:102cb000f4450000e74a00000c510000cb5700002b
:102cc000f7600000545f0000b05c0000495900004c
:102cd0006355000041510000224d0000a949000049
:102ce00072460000c5430000be4100007440000071
:102cf000455f0000f15d0000cf5b0000105900004f
:102d0000e65500007b520000f94e0000eb4b00003e
:102d1000d7480000fa4500006c430000484100001d
:102d2000af600000c95d0000dc5900004f55000095
:102d30008d500000fe4b0000014800004c45000093
:102d40007b430000cc4200003a430000ab4400004b
:102d5000fe5e0000665c0000fc5800001655000096
:102d600010510000394d0000d94900008d47000086
:102d7000e045000001450000e74400007e450000fa
:102d8000749b0000ffa10000dca800006aaf0000f7
:102d900025b50000b1b90000d7bc0000f0be0000ae
:102da00079bf0000c0be00000bbd0000aaba000041
:102db000c39900009ca00000fba7000031af0000f9
:102dc000a8b50000ecba0000afbe000032c10000a0
:102dd000dec10000f6c00000b9be00007dbb0000ef
:102de0002d9b000074a0000009a6000070ab00003d
:102df0004fb000006fb40000b7b7000092ba0000f7
:102e000082bc0000c7bd000087be0000e0be00001d
:102e10007b990000129f000028a5000037ab00003e
:102e2000d2b00000aab500008eb90000d4bc0000ea
:102e3000e7be0000fcbf000034c00000b4bf0000cb
:102e40006da2000078ab000047b40000f1bb0000a9
:102e5000b3c1000004c500009ac50000d8c300003b
:102e600064bf0000dab80000e6b000005da8000012
:102e7000bba0000015aa000067b30000b8bb0000ab
:102e800036c200003fc6000072c700001ac600002c
:102e9000c9c100000fbb000094b2000031a90000be
:102ea00025a20000eda9000074b10000f7b70000f2
:102eb000ddbc0000c2bf00007ac000007abf000085
:102ec0006ebc0000e1b7000062b2000094ac0000ec
:102ed00073a000008aa8000093b00000beb70000f5
:102ee00060bd0000fdc0000051c20000bcc1000078
:102ef000d3be000016ba00000fb4000067ad00009a
:102f0000ac83000004860000918a00003d9100001f
:102f1000f5990000a7a400003ab10000f3bf00003b
:102f200003d000003be1000030f300006205000028
:102f3000fa810000a1840000b08900000491000023
:102f4000789a0000e2a5000012b3000035c200002c
:102f500068d2000070e30000def4000036060000d6
:102f60006583000079840000be870000438d000067
:102f70001f950000649f00001aac000096bb000083
:102f80000ccd000042e00000acf400009809000005
:102f9000b381000017830000dd8600000a8d000069
:102fa000a19500009fa00000f2ad0000d7bd000079
:102fb00071cf000077e2000059f600006c0a0000b3
:102fc000a48a00007d8f0000fd950000c49d0000d4
:102fd00083a60000faaf0000feb90000dbc40000c9
:102fe000efcf000054db00000ce7000015f30000f9
:102ff000f38800001a8e00001c9500008b9d0000d5
:1030000006a7000035b10000d5bb00001dc70000b9
:1030100054d2000089dd0000b9e80000e9f30000a7
:103020005d8a0000f28d000029930000ca9900001b
:10303000ada10000b8aa0000ddb400007ec0000011
:10304000f8cc00005bda000087e800004cf70000d5
:10305000ab8800008f8c000049920000929900001c
:103060002fa20000f2ab0000b5b60000bfc2000006
:103070005dcf000090dc000035ea000020f8000081
:10308000bafa0000d1140000452d00008e42000065
:1030900067530000dd5e00005b6400001c640000fc
:1030a000ba5d0000e5510000744100007c2d000075
:1030b00008f900006f130000642c00005542000066
:1030c000ea53000018600000336600005d660000ef
:1030d0001f6000001a54000021430000502e000021
:1030e00072fa000047130000722a0000943e0000ac
:1030f000914e00009a5900003b5f0000be5f000047
:10310000c35a0000ec500000f0420000b231000051
:10311000c0f80000e4110000912900005b3e0000af
:10312000144f0000d55a000012610000ff6100003a
:10313000285d0000215300009d44000086320000fd
:10314000b20100004a1e0000b0380000154f000018
:10315000f55f0000306a00001e6d00000469000089
:10316000a65d0000fe4b00004f350000301b000044
:1031700000000000e71c0000cf370000dd4e00001b
:10318000786000006b6b0000f66e0000456b00007d
:103190000b600000344e0000fd360000031c0000f0
:1031a0006a010000bf1c0000dd3500001c4b000060
:1031b0001f5b0000ed640000fe670000a6640000d5
:1031c000af5a0000054b0000cb360000661f000020
:1031d000b8ff00005d1b0000fc340000e34a000063
:1031e000a15b000028660000d5690000e7660000ca
:1031f000145d00003b4d0000783800003a200000cc
:10320000f2e20000d7f80000fa0e0000612400008e
:1032100037380000d2490000bf5800001f65000089
:10322000456e00005f74000099770000347800005c
:1032300040e1000074f70000190e0000292400008e
:10324000b93800000d4b0000965a0000606700007e
:10325000aa70000094760000477900000879000009
:10326000aae200004cf70000270c000067200000d5
:1032700061330000904400009e530000c1600000d4
:103280004e6b000066730000157900006b7c000037
:10329000f8e00000e9f50000460b00002f200000d8
:1032a000e3330000cb4500007655000002630000c8
:1032b000b36d00009b750000c27a00003e7d0000e7
:1032c000eae900004f020000651a0000e930000042
:1032d000c54400002555000082610000076a000017
:1032e000306e0000796e0000756b0000e86500002c
:1032f00038e80000ec00000085190000b030000044
:10330000474500006056000059630000486c00000b
:1033100095700000ae700000226d0000bc660000d9
:10332000a2e90000c500000092170000ef2c000089
:10333000ee3f0000e34f0000615c0000a965000063
:103340003a6b0000806d0000f06c00001e6a000007
:10335000f0e7000062ff0000b1160000b62c00008c
:10336000714000001e510000395e0000eb67000054
:103370009f6d0000b56f00009e6e0000f26a0000b5
:10338000bafa0000b7ec000001df0000e4d1000051
:10339000b0c50000b4ba00003ab10000e6a90000d0
:1033a00048a4000094a00000c09e0000af9e000052
:1033b00008f9000055eb000021de0000abd1000051
:1033c00032c60000efbb000012b3000027ac0000c3
:1033d000ada60000c9a200006ea00000829f000000
:1033e00072fa00002deb00002edc0000eacd000098
:1033f000dac0000072b500001aac000088a5000019
:1034000051a100009b9f00003ca00000e5a200002d
:10341000c0f80000cae900004ddb0000b1cd00009b
:103420005cc10000adb60000f2ad0000caa700000c
:10343000b6a30000d0a10000e9a10000b9a30000dc
:10344000b201000030f600006dea00006bde000003
:103450003ed2000007c60000feb90000ceae00005c
:1034600034a40000ad9a00009b920000628c000022
:1034700000000000cdf400008ce9000032de000006
:10348000c0d2000042c70000d5bb00000fb1000051
:1034900099a60000e29c000049940000368d0000cf
:1034a0006a010000a5f400009ae7000071da00004c
:1034b00068cd0000c5c00000ddb4000070aa0000a7
:1034c0003da10000b49900001794000099900000fd
:1034d000b8ff000043f30000b9e6000039da00004d
:1034e000eacd000000c20000b5b60000b2ac00009a
:1034f000a2a30000e99b0000c49500006c910000ad
:10350000f2e20000bcd00000b6c00000b7b300007b
:103510007faa0000aaa500009ea50000e9aa00005d
:10352000d2b400000ec30000e6d4000067e900003a
:1035300040e100005acf0000d6bf00007eb300007b
:1035400002ab0000e5a6000075a700002bad00004f
:1035500037b7000043c5000093d600003bea0000e7
:10356000aae2000032cf0000e3bd0000bdaf0000c2
:10357000a9a5000068a000007da000008ba60000a7
:10358000dcb1000015c2000061d600009ded000016
:10359000f8e00000cfcd000002bd000084af0000c5
:1035a0002ca60000a2a1000055a20000cda800009a
:1035b00041b400004ac400000fd8000071ee0000c2
:1035c000eae9000035da000022cc00003ec000002d
:1035d0000db70000fdb0000061ae0000d1af0000eb
:1035e000beb4000027bd0000c1c800001bd700000a
:1035f00038e80000d2d8000041cb000006c000002f
:1036000090b7000038b2000039b0000013b20000db
:1036100023b700005dbf00006eca0000eed70000b7
:10362000a2e90000aad800004fc9000045bc000074
:1036300037b20000bbab000040a9000073ab000034
:10364000c7b100002ebc00003cca000051db0000e6
:10365000f0e7000048d700006ec800000cbc000076
:10366000bab20000f6ac000018ab0000b5ad000027
:103670002cb4000064be0000eacb000025dc000092
:10368000ff5900008a5f00006a63000008650000bf
:10369000f1630000e05f0000bf580000114f000020
:1036a0008a420000b8330000292300008111000085
:1036b0004d580000275e000089620000d0640000c1
:1036c000746400001b610000965a00005351000012
:1036d000ef440000ed350000d72400005512000033
:1036e000b7590000ff5d0000976000000e61000008
:1036f0001b5f00009d5a00009e530000b44a00006a
:10370000933f0000bf320000a5240000b715000061
:10371000055800009c5c0000b65f0000d660000009
:103720009e5f0000d85b000076550000f54c00005d
:10373000f8410000f4340000522600008b1600000f
:10374000f760000002690000d66e00009071000072
:103750007f700000336b000082610000f9530000ad
:1037600076420000d22d00000417000035ff000053
:10377000455f0000a0670000f56d00005771000074
:10378000027100006e6c0000596300003b5600009f
:10379000db44000007300000b21800000900000000
:1037a000af60000078670000026c0000966d0000ba
:1037b000a96b0000f0650000615c00009c4f0000f8
:1037c0007f3f0000d92c0000801800006b03000030
:1037d000fe5e000015660000226b00005d6d0000bb
:1037e0002c6c00002b670000395e0000dd510000ea
:1037f000e44100000e2f00002d1a00003f040000dd
:10380000374200008f4300001f450000dc460000e7
:10381000c1480000d54a0000224d000014500000ad
:1038200014530000325600004e590000395c00006d
:10383000854000002c4200003f440000a3460000e9
:1038400044490000104c0000f94e000056520000a0
:103850007955000067580000fc5a00000d5d00001b
:10386000ef410000044200004c420000e242000030
:10387000eb4300009345000001480000b74b0000f7
:103880001d50000039550000ca5a00007060000049
:103890003d400000a14000006b410000a942000033
:1038a0006d440000ce460000d9490000f84d0000ec
:1038b000825200006e570000775c000043610000f8
:1038c0002f490000074d00008b500000635300009b
:1038d0004f55000029560000e5550000fd5400003a
:1038e000005300004c5000002a4d0000ed4900003c
:1038f0007d470000a54b0000aa4f00002a5300009e
:10390000d255000063570000bd5700003e5700002d
:103910006555000081520000d74e0000c14a0000ea
:10392000e74800007d4b0000b84d0000694f0000e3
:1039300079500000e6500000c45000009f50000085
:1039400009500000534f0000a54e0000234e000018
:10395000364700001a4a0000d74c0000304f0000e4
:10396000fb500000215200009c520000e052000079
:103970006e5200008851000053500000f74e0000c6
:1039800035ba000082b800007cb6000057b40000d1
:1039900043b200006bb00000f3ae00005bae00006d
:1039a00014ae00003fae0000cdae0000a6af000098
:1039b00083b800001fb700009bb500001eb40000d4
:1039c000c6b20000a6b10000cbb000009cb0000061
:1039d00079b0000074b000007ab000007ab0000046
:1039e000edb90000f7b60000a9b300005db000001b
:1039f0006dad000029ab0000d3a90000fda90000b7
:103a00001eab000046ad000048b00000dcb3000073
:103a10003bb8000094b50000c8b2000024b000001c
:103a2000efad000064ac0000aaab00003eac0000ab
:103a300083ad00007baf0000f6b10000b0b4000021
:103a40002dc10000fac10000e8c10000dec0000086
:103a5000d1be0000bebb0000b7b7000043b30000fa
:103a600000ae000059a80000a8a200005a9d000066
:103a70007bbf000098c0000007c10000a5c0000087
:103a800053bf0000f9bc00008eb9000084b50000ef
:103a900065b000008eaa000055a400002e9e000014
:103aa000e5c0000070c0000015bf0000e4bc0000cd
:103ab000fbb900007cb6000096b20000e5ae000045
:103ac0000aab000060a7000023a4000090a1000042
:103ad00033bf00000dbf000034be0000acbc0000ce
:103ae0007dba0000b7b700006eb4000026b1000038
:103af0006fad000095a90000d1a5000064a20000f0
:103b00006da20000879c0000319800002a960000fa
:103b100012970000619b000057a300005eaf0000f9
:103b20009fbe0000bad00000f2e400005efa000080
:103b3000bba00000249b000051970000f1950000fd
:103b4000959700009c9c00002ea500009fb10000ee
:103b500004c10000efd200009fe6000032fb00002d
:103b600025a20000fc9a00005e9500003092000043
:103b70003c9200001f960000369e000000ab000043
:103b8000a8bb0000c0cf00006de6000095fe00005d
:103b900073a00000999900007d940000f891000046
:103ba000bf920000599700000ea0000041ad000038
:103bb0000dbe0000f6d100001be8000069ff000008
:103bc00065a90000ffa500009da30000b1a20000b0
:103bd000a0a30000b4a600001aac000046b4000088
:103be0008bbe0000d3ca0000cdd8000012e8000050
:103bf000b3a700009da40000bca2000079a20000b1
:103c000023a40000efa70000f2ad000087b600007b
:103c1000f0c0000008cd00007bda0000e6e80000fc
:103c20001da9000075a40000caa00000b89e0000f5
:103c3000ca9e000072a10000f9a60000e8af0000d3
:103c400094bb0000dac9000049da000048ec00002b
:103c50006ba7000012a30000e99f00007f9e0000f8
:103c60004d9f0000ada20000d1a8000029b20000c5
:103c7000f9bd00000fcc0000f6db00001ced0000d9
:103c80007a190000542b0000e53a00007b47000041
:103c900085500000975500007756000086530000bd
:103ca000564c0000644100003533000079220000ca
:103cb000c8170000f1290000043a00004347000043
:103cc00007510000d25600004f580000c8550000b0
:103cd000bb4e000099430000e33400004c23000079
:103ce00032190000c9290000123800008243000088
:103cf000ae4b00005450000057510000284f000008
:103d00005f4900006b400000b1340000af260000a6
:103d10008017000067280000313700004943000089
:103d2000314c00008f5100002e5300006a510000fa
:103d3000c44b0000a04200005e3600008327000054
:103d400072200000cd3400005146000003540000f2
:103d5000125d0000ea6000003b5f00006e5800004a
:103d6000424c00007d3b0000112700002c10000099
:103d7000c01e00006a33000070450000ca530000f6
:103d8000955d00002562000012610000b05a00003d
:103d9000a74e0000b23d0000be2800000011000048
:103da0002b200000423300007d430000095000003a
:103db0003c580000a75b00001a5a00001054000095
:103dc0004b490000843a00008c2800006314000076
:103dd000791e0000df3100009d420000d04f00003e
:103de000bf580000e25c0000f25b00005256000089
:103df000b04b0000b93c00003a2a00003615000024
:103e0000b2010000590f00009a1c00004f29000069
:103e1000543500008c400000db4a0000895400004b
:103e2000e05c0000de6300005b690000316d0000b3
:103e300000000000f60d0000ba1b0000162900006b
:103e4000d7350000c7410000b24c0000cb5600003f
:103e5000455f000013660000086b0000056e00005f
:103e60006a010000ce0d0000c719000055250000b2
:103e70007e3000004a3b0000ba4500002b50000095
:103e8000ea590000e5620000d66a00006771000090
:103e9000b8ff00006c0c0000e61800001c250000b4
:103ea00001310000853c0000924700006d52000087
:103eb0004f5c00001a650000846c00003b7200003b
:103ec000aa080000d218000006280000d63500001d
:103ed000e2410000e04b00009e53000071590000d9
:103ee000cc5c0000f85d0000365d0000e55a000083
:103ef000f80600006f170000252700009d35000020
:103f0000654200001a4d000076550000b35b0000ca
:103f1000315f00002d600000e35e0000b85b000030
:103f2000620800004717000033250000dc31000064
:103f30000c3d00009d4600007d4e00001355000022
:103f4000d5590000fe5c0000b25e00001b5f00005f
:103f5000b1060000e415000052240000a331000067
:103f60008e3d0000d8470000555000005557000016
:103f70003b5c0000345f00005f600000ef5f00000a
:103f80007a1900003a030000a2ec0000d1d600002c
:103f9000cdc200006eb1000057a300005099000090
:103fa000e49200001290000082900000ab930000a9
:103fb000c8170000d7010000c1eb000098d6000030
:103fc00050c30000a9b200002ea50000929b000083
:103fd00049950000489200002f9200007f94000055
:103fe00032190000af010000cee90000d7d2000076
:103ff000f7bd00002cac0000369e0000f3940000da
:10400000ed8f0000198f0000fd910000e297000085
:10401000801700004c000000eee800009fd2000076
:104020007abe000067ad00000ea0000034970000cb
:10403000529200004f910000ab930000b598000031
:1040400072200000b30c00000df8000059e30000de
:104050005bcf0000c2bc00001aac0000389e00001c
:10406000d09200002c8a00005d8400005f81000077
:10407000c01e0000500b00002cf7000020e30000e1
:10408000decf0000fcbd0000f2ad00007aa0000011
:1040900035950000618c00000a8600003382000024
:1040a0002b200000280b00003af500005fdf000025
:1040b00085ca00007fb70000f9a60000db99000068
:1040c000d98f000033890000d88500009585000055
:1040d000791e0000c509000059f4000026df000029
:1040e00008cb0000bab80000d1a800001c9c00005a
:1040f0003e920000688b0000868700006986000001
:10410000b20100003fe7000057ce0000a4b8000055
:104110009da70000649c0000ba970000539a00001d
:104120006ea300008db20000a7c6000064de000090
:1041300000000000dce5000076cd00006cb8000057
:104140001fa800009f9d000092990000959c000010
:10415000d3a50000c2b4000054c8000037df00003f
:104160006a010000b4e5000084cb0000abb400009d
:10417000c7a200002297000099920000f695000067
:1041800078a0000094b1000023c800009ae200006b
:10419000b8ff000052e40000a3ca000072b400009f
:1041a00049a300005d98000071940000379800005a
:1041b000dda20000c9b30000d0c900006ee300001a
:1041c000aa080000b8f00000c2d900002cc5000009
:1041d0002bb40000b7a700007da000003b9f0000ab
:1041e0005aa30000a6ac000082ba000017cc000061
:1041f000f806000055ef0000e1d80000f3c400000d
:10420000adb40000f2a8000055a200007da100009e
:10421000bfa50000dbae000030bc0000ebcc00000e
:10422000620800002def0000efd6000032c1000050
:1042300054af000075a200005d9b0000de9a0000f4
:1042400063a00000adab0000febb00004dd000003d
:10425000b1060000caed00000ed60000f9c0000053
:10426000d7af0000b0a30000349d00001f9d0000e8
:10427000c8a20000e2ad0000abbd000021d10000eb
:10428000bf7800000c7600000b710000f66900009a
:104290000f6100009a560000db4a00007c3e0000df
:1042a0002631000037230000eb1400007e060000da
:1042b0000d770000aa7400002a700000bd6900009c
:1042c00092610000d5570000b24c0000bd400000d4
:1042d0008b3300006c250000981600005207000088
:1042e0007878000082740000376e0000fc650000e2
:1042f000395c000057510000ba4500001e3a00002a
:104300002f2e00003e22000066160000b40a0000b6
:10431000c67600001f730000576d0000c3650000e3
:10432000bb5c000092520000924700005f3c00001e
:10433000943000007324000014180000880b000063
:10434000b77f0000857f0000767c00007d7600004e
:104350009d6d0000ed6100009e530000644300006d
:1043600012310000511d0000c608000031f40000a9
:10437000067e0000227e0000957b0000447600004f
:104380001f6e00002863000076550000a545000060
:1043900077330000861f0000730a000005f5000057
:1043a000707f0000fa7d0000a37900008372000096
:1043b000c7680000ab5c00007d4e0000063f0000b7
:1043c0001b2e0000571c0000410a000068f8000086
:1043d000be7d0000987c0000c27800004a72000098
:1043e00049690000e55d00005550000048410000ab
:1043f000803000008d1e0000ef0b00003bf9000034
:10440000f7600000115a0000c0520000c94b0000c4
:10441000de450000904100003e3f00007f3f00006d
:10442000b0410000b1450000104b000036510000c3
:10443000455f0000af580000df510000904b0000c6
:1044400061460000ca42000016410000c041000061
:1044500015440000e6470000bd4c00000a52000071
:10446000af60000087580000ec4f0000cf4700000d
:10447000084100004d3c00001e3a0000213b0000b6
:10448000b93e0000b84400008b4c00006c550000a1
:10449000fe5e0000245700000c4f0000964700000d
:1044a0008b410000883d0000f53b0000633d0000ab
:1044b0001e410000ed460000394e0000405600004d
:1044c000ef6700008a6300002b5e00005058000078
:1044d0006c520000e34c00000148000067440000fb
:1044e0009c410000cb3f0000eb3e0000ea3e000094
:1044f0003d660000276200004a5d0000175800007a
:10450000ef5200001e4e0000d9490000a8460000ee
:10451000014400000042000099400000bd3f00003f
:10452000a8670000ff610000585b000056540000bf
:10453000964d0000a0470000e14200000940000045
:10454000a53e0000d23e000067400000204300006e
:10455000f66500009d600000775a00001d540000c1
:10456000194e0000db480000b84400004b42000038
:104570000a4100000741000014420000f44300001b
:104580006da2000035a6000058aa000071ae000020
:104590002fb2000053b50000b7b70000aeb900005d
:1045a000a2ba0000c7ba000038ba00001fb9000064
:1045b000bba00000d3a4000077a9000038ae000023
:1045c000b1b200008eb600008eb90000efbb000053
:1045d00007bd0000fcbc0000e5bb0000f3b9000013
:1045e00025a20000aba4000084a7000077aa000069
:1045f00059ad000011b0000096b2000050b50000a7
:10460000acb70000cdb90000b3bb000055bd000041
:1046100073a0000048a30000a4a600003eaa00006a
:10462000dbad00004cb100006eb4000091b700009b
:1046300011ba000003bc000061bd000029be0000eb
:1046400065a90000aeaf0000c3b50000f8ba0000d5
:10465000bdbe0000a7c000007ac0000096be0000ea
:104660008eba0000e0b4000013ae0000d3a6000034
:10467000b3a700004bae0000e2b40000bfba0000d8
:104680003fbf0000e1c1000051c20000d7c00000e0
:10469000f3bc000015b70000c1af0000a6a70000e2
:1046a0001da9000023ae0000f0b20000feb600001d
:1046b000e6b9000064bb000059bb000038ba000036
:1046c00097b70000e7b300008faf000009ab000010
:1046d0006ba70000c1ac00000fb20000c5b600001f
:1046e00069ba00009fbc000031bd000079bc000029
:1046f000fcb900001cb600003cb10000ddab0000be
:10470000a48a00003a8a00000d8c0000449000004a
:10471000fe96000049a000001aac0000b1ba0000eb
:104720002dcb000041dd00005df00000d70300004c
:10473000f3880000d88800002c8b00000b9000004c
:104740008197000084a10000f2ad0000f2bc0000df
:1047500092cd000076df00000bf20000ab040000f9
:104760005d8a0000b0880000398900004a8c000092
:1047700028920000079b0000f9a6000053b6000035
:1047800036c8000048dc0000d9f100000d08000028
:10479000ab8800004d87000059880000118c000094
:1047a000ab920000419c0000d1a8000095b8000029
:1047b0009bca00007dde000086f30000e1080000d7
:1047c0009d910000b393000078970000cb9c0000ff
:1047d0008ca300009cab0000ddb4000099bf00007a
:1047e00018cb00005ad7000038e400008bf100001d
:1047f000eb8f00005092000097960000929c000002
:104800000fa40000d7ac0000b5b60000dac100006c
:104810007ecd000090d90000e6e500005ff20000c8
:104820005591000028920000a5940000d198000046
:10483000b69e00005aa60000bdaf00003bbb0000c2
:1048400022c8000061d60000b4e50000c1f50000f8
:10485000a38f0000c6900000c49300009898000049
:10486000399f000095a7000094b100007dbd0000b5
:1048700087ca000096d8000061e7000095f60000a6
:10488000b201000008190000c02e00009541000090
:10489000705000007f5a00003b5f0000d95e0000ae
:1048a000e4580000eb4d0000a13e0000f12b000099
:1048b00000000000a5170000e02d00005c41000092
:1048c000f3500000ba5b0000126100001b610000a1
:1048d000495b0000205000004e400000c52c000045
:1048e0006a0100007d170000ed2b00009b3d0000d9
:1048f0009a4b00003c5500001a5a00007b5a0000f9
:10490000ed550000f24c00001c4000002830000073
:10491000b8ff00001a1600000c2b0000623d0000da
:104920001d4c000077560000f25b0000bd5c0000eb
:1049300052580000274f0000ca410000fb30000021
:10494000aa080000802200002c3a00001c4e000043
:10495000fe5c0000d2650000fe670000c16300003d
:10496000d0580000054800007c320000a519000066
:10497000f80600001e2100004b390000e44d000045
:10498000815d00000d670000d5690000036600002e
:10499000355b00003a4a00002a340000791a000012
:1049a00062080000f620000059370000224a00008b
:1049b000285800008f600000dd620000635f000087
:1049c000d95500000c470000f8330000db1d000043
:1049d000b1060000931f000078360000ea4900008d
:1049e000ab580000ca610000b5640000a56100007a
:1049f0003e58000041490000a5350000af1e0000f0
:104a0000eae900000dfd00007610000068230000b8
:104a100040350000754500009e530000dc5f00003b
:104a20006e69000065700000c6740000aa76000080
:104a300038e80000aafb0000950f00002f230000bb
:104a4000c3350000af460000765500001e6200002e
:104a5000d36b00009a720000747600007d7700002e
:104a6000a2e9000082fb0000a20d00006e1f000002
:104a70006a300000324000007d4e00007f5b000085
:104a8000786600006c6f000042760000e07a00005b
:104a9000f0e700001ffa0000c20c0000361f000003
:104aa000ec3000006d41000055500000c05d00007a
:104ab000dd680000a1710000ef770000b47b00000a
:104ac000e2f0000085060000e11b0000ef2f00006f
:104ad000ce410000c8500000615c0000c4640000ca
:104ae0005a6900007f6a0000a16800005d64000050
:104af00030ef000023050000001b0000b72f00006e
:104b00005042000003520000395e000006670000ba
:104b1000bf6b0000b46c00004f6a000031650000fc
:104b20009af00000fb0400000e190000f62b0000b4
:104b3000f83c0000854b0000415700006760000012
:104b400063660000866900001d6a0000946800002a
:104b5000e8ee0000980300002d180000bd2b0000b7
:104b60007a3d0000c04c000018590000a862000007
:104b7000c8680000bb6b0000ca6b000067690000da
:104b8000b2010000eef000007de00000ebd000007c
:104b9000b9c2000057b600001aac0000a3a4000080
:104ba000729f00009a9c0000ed9b0000249d000075
:104bb000000000008bef00009cdf0000b2d000007e
:104bc0003cc3000091b70000f2ad0000e5a6000074
:104bd000d7a10000cf9e00009b9d0000f89d000023
:104be0006a01000063ef0000aadd0000f1cc0000c4
:104bf000e3bd000014b10000f9a6000046a00000cb
:104c00007b9c0000a19b0000699d00005aa1000050
:104c1000b8ff000000ee0000c9dc0000b8cc0000c6
:104c200065be00004fb20000d1a8000087a20000be
:104c3000e09e0000d69d0000169f00002ea20000fe
:104c4000aa08000066fa0000e8eb000072dd000030
:104c500047cf0000aac10000ddb400008ba900000e
:104c60005e9f0000b3960000c88f0000d88a000045
:104c7000f806000003f9000007eb000039dd000032
:104c8000cacf0000e4c20000b5b60000cdab000002
:104c9000c3a10000e998000076910000ab8b0000f2
:104ca00062080000dcf8000015e9000078d9000077
:104cb00071ca000067bc0000bdaf00002ea5000057
:104cc000679c0000ba950000449100000e8f000020
:104cd000b106000079f7000034e800003fd9000079
:104ce000f3ca0000a2bd000094b100006fa700004d
:104cf000cc9e0000ef970000f1920000e28f0000d0
:104d0000eae90000f3d4000032c20000beb20000a5
:104d100089a700004ca100007da00000a7a500000d
:104d2000fcaf000014bf000012d20000dce700005e
:104d300038e8000090d3000051c1000085b20000a7
:104d40000ba8000087a2000055a20000e8a7000001
:104d500061b2000049c10000c0d30000b0e800000b
:104d6000a2e9000068d300005fbf0000c4ae0000ed
:104d7000b2a200000a9c00005d9b000049a1000057
:104d800005ad00001bbe00008ed3000012ec000039
:104d9000f0e7000005d200007ebe00008bae0000f0
:104da00035a30000459d0000349d00008aa300004b
:104db0006aaf000050c000003bd50000e6ec0000e8
:104dc000e2f000006bde00009dcd000045bf00005a
:104dd00016b400009fac000040a900008faa00009c
:104de000e8af00002eb90000eec5000090d500002d
:104df00030ef000009dd0000bdcc00000dbf000059
:104e000099b40000daad000018ab0000d0ac00008f
:104e10004db2000063bb00009bc7000064d60000d9
:104e20009af00000e1dc0000caca00004bbb0000a1
:104e300040af00005da7000020a4000031a60000e4
:104e4000f1ac000035b8000069c70000c6d9000009
:104e5000e8ee00007edb0000e9c9000013bb0000a3
:104e6000c3af000098a80000f8a5000072a80000d9
:104e700056af00006aba000017c900009ada0000b5
:104e8000f7600000c0630000e66400000f640000eb
:104e9000fb600000825b00009e530000cf490000d1
:104ea000b43d0000be2f000056200000f60f0000a9
:104eb000455f00005d62000005640000d6630000ed
:104ec0007d610000bd5c000076550000104c0000c4
:104ed00019400000f331000003220000ca10000056
:104ee000af60000035620000136200001560000032
:104ef000255c0000405600007d4e0000714500001a
:104f0000bd3a0000c52e0000d12100002d14000084
:104f1000fe5e0000d360000032610000dd5f000033
:104f2000a75c00007a57000055500000b34700000e
:104f3000223d0000fa3000007f2300000015000031
:104f4000ef670000396d000051700000977000009d
:104f5000896d0000d5660000615c0000b74e00005e
:104f60009f3d0000d829000031140000aafd000078
:104f70003d660000d66b0000706f00005e700000a0
:104f80000b6e000010680000395e0000f850000051
:104f9000044000000d2c0000df1500007efe000024
:104fa000a8670000ae6b00007e6d00009d6c0000e5
:104fb000b26800009361000041570000594a0000a8
:104fc000a93a0000df280000ad150000e001000054
:104fd000f66500004b6a00009d6c0000646c0000e8
:104fe00035690000cd620000185900009b4c00009c
:104ff0000e3d0000142b00005a170000b402000000
:105000002f490000c54700009b460000e245000014
:10501000ca4500007846000001480000d24a00005e
:105020003e4e0000385200007b560000af5a000090
:105030007d47000062460000ba450000aa45000016
:105040004d460000b3470000d9490000144d000050
:10505000a35000006d54000029580000825b00003e
:10506000e74800003a460000c8430000e94100005c
:10507000f440000035410000e142000074460000a9
:10508000474b00003f510000f7570000e55e00006d
:1050900036470000d8440000e7420000b04100005d
:1050a0007741000070420000b8440000b64800009c
:1050b000ac4d000074530000a4590000b95f00001b
:1050c000275000003e510000065200006a520000c6
:1050d00058520000cb510000c4500000ba4f0000ed
:1050e0002a4e0000524c0000574a0000624800005f
:1050f000754e0000db4f00002551000031520000ca
:10510000db520000065300009c520000fc510000de
:105110008f500000874e0000044c0000364900000c
:10512000e04f0000b34f0000334f0000704e00000e
:10513000824d0000884c0000a44b00005c4b000036
:10514000334b0000594b0000d24b0000994c00003b
:105150002e4e0000504e0000524e0000374e000010
:10516000054e0000c34d00007c4d00009e4d000028
:10517000984d00008e4d0000804d00006c4d0000e9
:020000040000fa
:020000040001f9
:10518000000000000000000000000000000000001f
:10519000000000000000000000000000000000000f
:1051a0000000000000000000a0050000a0050000b5
:1051b000a0050000a0050000a0050000a00500005b
:1051c000a0050000a0050000a0050000a00500004b
:1051d000a0050000a0050000a0050000a00500003b
:1051e000a0050000a0050000a0050000a00500002b
:1051f000a0050000a0050000a0050000a00500001b
:10520000a0050000a0050000a0050000a00500000a
:10521000a0050000a0050000a0050000a0050000fa
:10522000a0050000a0050000a0050000a0050000ea
:10523000a0050000a0050000a0050000a0050000da
:10524000a0050000000000000000000000000000b9
:10525000000000000000000000000000000000004e
:10526000000000000000000000000000000000003e
:10527000000000000000000000000000000000002e
:10528000000000000000000000000000000000001e
:10529000000000000000000000000000000000000e
:1052a0000000000000000000e9040000fa04000013
:1052b00008050000130500001d050000260500007c
:1052c0002e050000340500003a05000040050000ee
:1052d00044050000490500004d0500005005000090
:1052e00054050000570500005a0500005c05000049
:1052f0005f05000061050000630500006505000012
:1053000067050000680500006a0500006c050000e4
:105310006d0500006e0500007005000071050000bd
:10532000720500007305000074050000750500009b
:10533000760500007705000078050000790500007b
:105340007a050000000000000000000000000000de
:10535000000000000000000000000000000000004d
:10536000000000000000000000000000000000003d
:10537000000000000000000000000000000000002d
:10538000000000000000000000000000000000001d
:10539000000000000000000000000000000000000d
:1053a0000000000000000000360400005604000069
:1053b00071040000880400009c040000ad0400009b
:1053c000bc040000c9040000d5040000e004000093
:1053d000e9040000f2040000fa04000001050000e6
:1053e000080500000e050000130500001805000068
:1053f0001d05000022050000260500002a0500000a
:105400002e050000310500003405000037050000be
:105410003a0500003d05000040050000420500007f
:105420004405000047050000490500004b05000049
:105430004d0500004f05000050050000520500001a
:105440005405000000000000000000000000000003
:10545000000000000000000000000000000000004c
:10546000000000000000000000000000000000003c
:10547000000000000000000000000000000000002c
:10548000000000000000000000000000000000001c
:10549000000000000000000000000000000000000c
:1054a00000000000000000008a030000b8030000b4
:1054b000df030000000400001d04000036040000ab
:1054c0004c0400006004000071040000810400002e
:1054d0008f0400009c040000a8040000b204000037
:1054e000bc040000c5040000cd040000d504000089
:1054f000dc040000e3040000e9040000ef04000005
:10550000f5040000fa040000ff0400000305000099
:10551000080500000c050000100500001305000040
:10552000170500001a0500001d05000020050000f9
:105530002305000026050000290500002b050000ba
:105540002e05000000000000000000000000000028
:10555000000000000000000000000000000000004b
:10556000000000000000000000000000000000003b
:10557000000000000000000000000000000000002b
:10558000000000000000000000000000000000001b
:10559000000000000000000000000000000000000b
:1055a00000000000a1020000e6020000210300004c
:1055b000520300007d030000a2030000c2030000ac
:1055c000df030000f80300000f04000024040000c3
:1055d0003604000047040000560400006404000084
:1055e000710400007d0400008804000092040000a3
:1055f0009c040000a5040000ad040000b5040000f8
:10560000bc040000c3040000c9040000cf04000073
:10561000d5040000db040000e0040000e504000005
:10562000e9040000ee040000f2040000f6040000ab
:10563000fa040000fd04000001050000040500005c
:10564000080500000000000000000000000000004d
:10565000000000000000000000000000000000004a
:10566000000000000000000000000000000000003a
:10567000000000000000000000000000000000002a
:10568000000000000000000000000000000000001a
:10569000000000000000000000000000000000000a
:1056a00000000000fe0100004e0200009202000017
:1056b000cc020000ff0200002b0300005203000098
:1056c0007503000094030000af030000c80300004e
:1056d000df030000f30300000604000018040000cc
:1056e00027040000360400004404000050040000b9
:1056f0005c04000067040000710400007b040000eb
:10570000840400008c040000940400009c04000049
:10571000a3040000aa040000b0040000b6040000c6
:10572000bc040000c2040000c7040000cc04000058
:10573000d1040000d5040000d9040000de040000fc
:10574000e204000000000000000000000000000073
:105750000000000000000000000000000000000049
:105760000000000000000000000000000000000039
:105770000000000000000000000000000000000029
:105780000000000000000000000000000000000019
:105790000000000000000000000000000000000009
:1057a000040100006a010000c10100000c020000b9
:1057b0004e02000087020000ba020000e60200006c
:1057c0000e03000032030000520300006f030000cc
:1057d0008a030000a2030000b8030000cc0300000d
:1057e000df030000f0030000000400000f040000cd
:1057f0001d0400002a0400003604000041040000db
:105800004c0400005604000060040000690400001d
:105810007104000079040000810400008804000085
:105820008f040000960400009c040000a204000005
:10583000a8040000ad040000b2040000b70400009a
:10584000bc04000000000000000000000000000098
:105850000000000000000000000000000000000048
:105860000000000000000000000000000000000038
:105870000000000000000000000000000000000028
:105880000000000000000000000000000000000018
:105890000000000000000000000000000000000008
:1058a0007a000000e40000004001000091010000c7
:1058b000d8010000160200004e0200007f02000026
:1058c000ac020000d4020000f8020000190300003e
:1058d00037030000520300006b0300008203000046
:1058e00098030000ab030000be030000cf030000dc
:1058f000df030000ee030000fc03000009040000c9
:1059000015040000210400002c04000036040000ef
:105910004004000049040000520400005a04000042
:10592000620400006a0400007104000078040000b2
:105930007f040000850400008b0400009104000037
:1059400096040000000000000000000000000000bd
:105950000000000000000000000000000000000047
:105960000000000000000000000000000000000037
:105970000000000000000000000000000000000027
:105980000000000000000000000000000000000017
:105990000000000000000000fcfe000086ff000088
:1059a000000000006c000000cb0000001f010000a0
:1059b0006a010000ad010000e80100001e020000c5
:1059c0004e0200007a020000a1020000c5020000a1
:1059d000e602000005030000210300003a03000076
:1059e00052030000680300007d03000090030000e4
:1059f000a2030000b2030000c2030000d1030000b4
:105a0000df030000ec030000f803000004040000c2
:105a10000f0400001a040000240400002d040000fc
:105a2000360400003f040000470400004f0400005b
:105a3000560400005d040000640400006b040000d4
:105a40000000000000000000000000000000000056
:105a50000000000000000000000000000000000046
:105a60000000000000000000000000000000000036
:105a70000000000000000000000000000000000026
:105a80000000000000000000000000000000000016
:105a90005ffd000002fe000096fe00001cff0000fb
:105aa00094ff00000000000060000000b70000004c
:105ab000040100004a01000088010000c10100004b
:105ac000f5010000230200004e02000075020000f4
:105ad00099020000ba020000d8020000f40200009f
:105ae0000e030000260300003d03000052030000e7
:105af00066030000780300008a0300009a03000098
:105b0000a9030000b8030000c6030000d30300008f
:105b1000df030000eb030000f603000000040000b8
:105b20000a040000140400001d0400002604000004
:105b30002e040000360400003e040000450400006e
:105b40000000000000000000000000000000000055
:105b50000000000000000000000000000000000045
:105b60000000000000000000000000000000000035
:105b70000000000000000000000000000000000025
:105b800060fa000017fb0000cafb000076fc000072
:105b90001afd0000b2fd00003ffe0000c0fe000044
:105ba00035ff0000a0ff00000000000057000000cb
:105bb000a6000000ee0000002f0100006a010000b6
:105bc000a0010000d1010000fe0100002802000039
:105bd0004e0200007102000092020000b0020000bc
:105be000cc020000e6020000ff02000016030000e5
:105bf0002b0300003f030000520300006403000079
:105c0000750300008503000094030000a203000058
:105c1000af030000bc030000c8030000d403000071
:105c2000df030000e9030000f3030000fd030000b0
:105c3000060400000f040000180400002004000007
:105c40000000000000000000000000000000000054
:105c50000000000000000000000000000000000044
:105c60000000000000000000000000000000000034
:105c70000000000000000000000000000000000024
:105c800060fa000006fb0000aafb000048fc0000d0
:105c9000dffc00006efd0000f4fd00006ffe000060
:105ca000e1fe000049ff0000a9ff00000000000025
:105cb0005000000098000000db0000001801000008
:105cc0005001000083010000b2010000de0100006d
:105cd000060200002b0200004e0200006e020000cf
:105ce0008c020000a8020000c2020000db020000db
:105cf000f2020000070300001c0300002f03000055
:105d00004103000052030000620300007203000020
:105d1000800300008e0300009b030000a803000026
:105d2000b4030000bf030000ca030000d503000055
:105d3000df030000e8030000f2030000fa030000a4
:105d40000000000000000000000000000000000053
:105d50000000000000000000000000000000000043
:105d60000000000000000000000000000000000033
:105d70000000000000000000000000000000000023
:105d800060fa0000f8fa00008ffb000021fc000020
:105d9000aefc000034fd0000b2fd000028fe000053
:105da00096fe0000fcfe00005aff0000b0ff00005d
:105db00000000000490000008d000000cb00000042
:105dc00004010000390100006a0100009701000091
:105dd000c1010000e80100000c0200002e020000da
:105de0004e0200006b02000087020000a1020000ca
:105df000ba020000d1020000e6020000fb0200002f
:105e00000e030000210300003203000042030000e3
:105e100052030000610300006f0300007d030000d7
:105e20008a03000096030000a2030000ad030000f7
:105e3000b8030000c2030000cc030000d60300003a
:105e40000000000000000000000000000000000052
:105e50000000000000000000000000000000000042
:105e60000000000000000000000000000000000032
:105e70000000000000000000000000000000000022
:105e800060fa0000edfa000078fb000000fc000062
:105e900083fc000001fd000079fd0000eafd000028
:105ea00053fe0000b6fe000012ff000068ff000075
:105eb000b7ff000000000000440000008300000065
:105ec000bd000000f30000002501000054010000a7
:105ed0007f010000a8010000cd010000f1010000d9
:105ee00012020000310200004e02000069020000b0
:105ef000830200009b020000b2020000c802000002
:105f0000dc020000f00200000203000014030000a5
:105f10002503000035030000440300005203000085
:105f2000600300006d0300007a0300008603000098
:105f3000910300009c030000a70300000000000084
:105f40000000000000000000000000000000000051
:105f50000000000000000000000000000000000041
:105f60000000000000000000000000000000000031
:105f70000000000000000000000000000000000021
:105f800060fa0000e3fa000064fb0000e3fb00009d
:105f90005efc0000d5fc000046fd0000b2fd0000e4
:105fa00018fe000078fe0000d1fe000025ff000072
:105fb00073ff0000bcff0000000000003f00000075
:105fc0007a000000b1000000e400000014010000ad
:105fd000400100006a01000091010000b5010000cd
:105fe000d8010000f8010000160200003302000092
:105ff0004e020000670200007f02000096020000cf
:10600000ac020000c0020000d4020000e602000062
:10601000f802000009030000190300002803000033
:106020003703000045030000520300005f03000037
:106030006b030000770300008203000000000000f3
:106040000000000000000000000000000000000050
:106050000000000000000000000000000000000040
:106060000000000000000000000000000000000030
:106070000000000000000000000000000000000020
:1060800060fa0000dafa000053fb0000cafb0000cf
:106090003efc0000aefc00001afd000081fd000087
:1060a000e2fd00003ffe000096fe0000e8fe00005a
:1060b00035ff00007dff0000c1ff00000000000070
:1060c0003b00000072000000a6000000d7000000a6
:1060d000040100002f010000570100007c010000b6
:1060e000a0010000c1010000e1010000fe0100006c
:1060f0001a020000350200004e0200006602000095
:106100007c02000092020000a6020000ba02000019
:10611000cc020000de020000ef020000ff020000df
:106120000e0300001d0300002b03000039030000d4
:1061300046030000520300005e0300000000000060
:10614000000000000000000000000000000000004f
:10615000000000000000000000000000000000003f
:10616000000000000000000000000000000000002f
:10617000000000000000000000000000000000001f
:1061800060fa0000d2fa000044fb0000b4fb0000fb
:1061900021fc00008bfc0000f2fc000054fd00001c
:1061a000b2fd00000bfe000060fe0000b0fe00002b
:1061b000fcfe000043ff000086ff0000c5ff00005a
:1061c00000000000380000006c0000009d0000008e
:1061d000cb000000f60000001f0100004601000097
:1061e0006a0100008c010000ad010000cb0100003d
:1061f000e8010000040200001e0200003602000058
:106200004e020000640200007a0200008e020000cc
:10621000a1020000b4020000c5020000d602000086
:10622000e6020000f6020000050300001303000070
:10623000210300002e030000000000000000000009
:10624000000000000000000000000000000000004e
:10625000000000000000000000000000000000003e
:10626000000000000000000000000000000000002e
:10627000000000000000000000000000000000001e
:1062800060fa0000ccfa000037fb0000a0fb000021
:1062900008fc00006cfc0000cefc00002cfd00009f
:1062a00086fd0000ddfd00002ffe00007dfe0000e9
:1062b000c7fe00000dff00004fff00008eff000032
:1062c000c8ff00000000000034000000660000006d
:1062d00094000000c0000000ea000000110100006e
:1062e00036010000590100007a0100009a01000007
:1062f000b8010000d4010000ef0100000802000016
:1063000021020000380200004e020000630200007b
:10631000770200008a0200009d020000ae02000029
:10632000bf020000cf020000df020000ee0200000a
:10633000fc0200000a030000000000000000000052
:10634000000000000000000000000000000000004d
:10635000000000000000000000000000000000003d
:10636000000000000000000000000000000000002d
:10637000000000000000000000000000000000001d
:1063800060fa0000c6fa00002bfb00008ffb000043
:10639000f1fb000051fc0000aefc000008fd000015
:1063a0005ffd0000b2fd000002fe00004efe000096
:1063b00096fe0000dbfe00001cff00005aff0000fc
:1063c00094ff0000ccff000000000000320000003d
:1063d000600000008d000000b7000000de0000003b
:1063e00004010000280100004a0100006a010000c9
:1063f00088010000a6010000c1010000db010000cf
:10640000f50100000c020000230200003902000028
:106410004e020000620200007502000087020000c8
:1064200099020000aa020000ba020000c90200009e
:10643000d8020000e602000000000000000000009a
:10644000000000000000000000000000000000004c
:10645000000000000000000000000000000000003c
:10646000000000000000000000000000000000002c
:10647000000000000000000000000000000000001c
:1064800060fa0000c0fa000020fb00007ffb000063
:10649000dcfb000038fc000091fc0000e7fc000081
:1064a0003bfd00008bfd0000d8fd000022fe000037
:1064b00069fe0000acfe0000ecfe000029ff0000b9
:1064c00063ff00009aff0000ceff00000000000004
:1064d0002f0000005c00000086000000ae000000fd
:1064e000d4000000f80000001b0100003c01000087
:1064f0005b0100007901000095010000b00100007f
:10650000ca010000e2010000fa01000010020000d0
:10651000260200003a0200004e0200006102000064
:10652000730200008402000095020000a502000032
:10653000b5020000000000000000000000000000a4
:10654000000000000000000000000000000000004b
:10655000000000000000000000000000000000003b
:10656000000000000000000000000000000000002b
:10657000000000000000000000000000000000001b
:1065800060fa0000bcfa000017fb000071fb00007d
:10659000cafb000021fc000076fc0000c9fc0000e2
:1065a0001afd000067fd0000b2fd0000fafd0000ca
:1065b0003ffe000081fe0000c0fe0000fcfe000067
:1065c00035ff00006cff0000a0ff0000d1ff0000bd
:1065d000000000002d0000005700000080000000b7
:1065e000a6000000cb000000ee0000000f0100003c
:1065f0002f0100004d0100006a010000850100002c
:10660000a0010000b9010000d1010000e801000074
:10661000fe01000013020000280200003b020000ff
:106620004e020000600200007102000082020000c1
:1066300092020000000000000000000000000000c6
:10664000000000000000000000000000000000004a
:10665000000000000000000000000000000000003a
:10666000000000000000000000000000000000002a
:10667000000000000000000000000000000000001a
:1066800060fa0000b7fa00000efb000064fb000097
:10669000b9fb00000dfc00005efc0000aefc000039
:1066a000fbfc000046fd00008ffd0000d5fd000052
:1066b00018fe000058fe000096fe0000d1fe00000b
:1066c0000aff000040ff000073ff0000a4ff00006d
:1066d000d3ff0000000000002b000000530000006a
:1066e0007a0000009f000000c2000000e4000000eb
:1066f0000401000023010000400100005c010000d3
:106700007701000091010000aa010000c101000012
:10671000d8010000ee010000020200001602000095
:106720002a0200003c0200004e0200005f0200004e
:106730000000000000000000000000000000000059
:106740000000000000000000000000000000000049
:106750000000000000000000000000000000000039
:106760000000000000000000000000000000000029
:106770000000000000000000000000000000000019
:1067800060fa0000b3fa000006fb000058fb0000ae
:10679000aafb0000fafb000048fc000095fc00008a
:1067a000dffc000028fd00006efd0000b2fd0000cf
:1067b000f4fd000033fe00006ffe0000a9fe0000a3
:1067c000e1fe000016ff000049ff00007aff000014
:1067d000a9ff0000d5ff0000000000002900000014
:1067e000500000007500000098000000ba00000092
:1067f000db000000fa000000180100003401000076
:10680000500100006a010000830100009b010000ac
:10681000b2010000c8010000de010000f20100002a
:1068200006020000190200002b0200003d020000d9
:106830000000000000000000000000000000000058
:106840000000000000000000000000000000000048
:106850000000000000000000000000000000000038
:106860000000000000000000000000000000000028
:106870000000000000000000000000000000000018
:1068800060fa0000b0fa0000fffa00004efb0000c2
:106890009cfb0000e8fb000034fc00007efc0000d4
:1068a000c6fc00000cfd000050fd000092fd000041
:1068b000d2fd00000ffe00004bfe000084fe000031
:1068c000bafe0000effe000022ff000052ff0000b1
:1068d00080ff0000adff0000d7ff000000000000b7
:1068e000270000004c000000700000009200000033
:1068f000b3000000d3000000f10000000e01000012
:1069000029010000440100005e0100007601000042
:106910008e010000a4010000ba010000cf010000b8
:10692000e3010000f7010000090200000000000080
:106930000000000000000000000000000000000057
:106940000000000000000000000000000000000047
:106950000000000000000000000000000000000037
:106960000000000000000000000000000000000027
:106970000000000000000000000000000000000017
:1069800060fa0000acfa0000f8fa000044fb0000d6
:106990008ffb0000d9fb000021fc000068fc000018
:1069a000aefc0000f2fc000034fd000074fd0000ad
:1069b000b2fd0000eefd000028fe000060fe0000b9
:1069c00096fe0000cafe0000fcfe00002cff000046
:1069d0005aff000086ff0000b0ff0000d9ff000052
:1069e0000000000025000000490000006c000000cd
:1069f0008d000000ac000000cb000000e8000000ab
:106a0000040100001f0100003901000052010000d4
:106a10006a0100008101000097010000ad01000043
:106a2000c1010000d5010000e801000000000000e5
:106a30000000000000000000000000000000000056
:106a40000000000000000000000000000000000046
:106a50000000000000000000000000000000000036
:106a60000000000000000000000000000000000026
:106a70000000000000000000000000000000000016
:106a800060fa0000a9fa0000f2fa00003bfb0000e7
:106a900083fb0000cafb000010fc000055fc000056
:106aa00098fc0000dafc00001afd000058fd000010
:106ab00095fd0000cffd000008fe00003ffe000035
:106ac00074fe0000a7fe0000d8fe000008ff0000d2
:106ad00035ff000061ff00008bff0000b4ff0000e5
:106ae000dbff000000000000240000004600000062
:106af0006800000088000000a6000000c40000003c
:106b0000e0000000fb000000160100002f01000063
:106b1000470100005f010000750100008b010000cb
:106b2000a0010000b401000000000000000000000f
:106b30000000000000000000000000000000000055
:106b40000000000000000000000000000000000045
:106b50000000000000000000000000000000000035
:106b60000000000000000000000000000000000025
:106b70000000000000000000000000000000000015
:106b800060fa0000a6fa0000edfa000033fb0000f6
:106b900078fb0000bcfb000000fc000042fc000091
:106ba00083fc0000c3fc000001fd00003efd00006e
:106bb00079fd0000b2fd0000eafd00001ffe0000ac
:106bc00053fe000086fe0000b6fe0000e5fe000059
:106bd00012ff00003eff000068ff000090ff000071
:106be000b7ff0000dcff00000000000023000000f1
:106bf000440000006400000083000000a0000000ca
:106c0000bd000000d9000000f30000000d010000ed
:106c1000250100003d010000540100006a01000050
:106c20007f0100009401000000000000000000004f
:106c30000000000000000000000000000000000054
:106c40000000000000000000000000000000000044
:106c50000000000000000000000000000000000034
:106c60000000000000000000000000000000000024
:106c70000000000000000000000000000000000014
:106c800060fa0000a4fa0000e8fa00002bfb000004
:106c90006efb0000b0fb0000f1fb000031fc0000c7
:106ca00070fc0000aefc0000eafc000025fd0000c6
:106cb0005ffd000097fd0000cdfd000002fe00001a
:106cc00035fe000066fe000096fe0000c4fe0000d7
:106cd000f1fe00001cff000046ff00006eff0000f8
:106ce00094ff0000baff0000ddff0000000000007c
:106cf0002100000041000000600000007e00000054
:106d00009b000000b7000000d1000000eb00000075
:106d1000040100001c010000330100004a010000d2
:106d20005f01000000000000000000000000000003
:106d30000000000000000000000000000000000053
:106d40000000000000000000000000000000000043
:106d50000000000000000000000000000000000033
:106d60000000000000000000000000000000000023
:106d70000000000000000000000000000000000013
:106d800060fa0000a1fa0000e3fa000024fb000012
:106d900064fb0000a4fb0000e3fb000021fc0000fa
:106da0005efc00009afc0000d5fc00000efd000017
:106db00046fd00007dfd0000b2fd0000e6fd000084
:106dc00018fe000048fe000078fe0000a5fe00004e
:106dd000d1fe0000fcfe000025ff00004dff00007a
:106de00073ff000098ff0000bcff0000dfff000001
:106df00000000000200000003f0000005d000000d7
:106e00007a00000096000000b1000000cb000000f6
:106e1000e4000000fc000000140100002a01000052
:106e20000000000000000000000000000000000062
:106e30000000000000000000000000000000000052
:106e40000000000000000000000000000000000042
:106e50000000000000000000000000000000000032
:106e60000000000000000000000000000000000022
:106e70000000000000000000000000000000000012
:106e800060fa00009ffa0000defa00001dfb00001f
:106e90005bfb000099fb0000d6fb000012fc000029
:106ea0004efc000088fc0000c1fc0000f9fc000062
:106eb0002ffd000065fd000099fd0000cbfd0000e6
:106ec000fcfd00002cfe00005afe000087fe0000c2
:106ed000b3fe0000ddfe000006ff00002dff0000f5
:106ee00054ff000078ff00009cff0000bfff00007f
:106ef000e0ff0000000000001f0000003d00000057
:106f00005a0000007600000091000000ab00000075
:106f1000c5000000dd000000f50000000c010000cd
:106f20000000000000000000000000000000000061
:106f30000000000000000000000000000000000051
:106f40000000000000000000000000000000000041
:106f50000000000000000000000000000000000031
:106f60000000000000000000000000000000000021
:106f70000000000000000000000000000000000011
:106f800060fa00009dfa0000dafa000017fb00002a
:106f900053fb00008ffb0000cafb000004fc000054
:106fa0003efc000076fc0000aefc0000e4fc0000ab
:106fb0001afd00004efd000081fd0000b2fd000042
:106fc000e2fd000011fe00003ffe00006bfe00002d
:106fd00096fe0000c0fe0000e8fe00000fff00006b
:106fe00035ff00005aff00007dff0000a0ff0000f9
:106ff000c1ff0000e1ff0000000000001e000000d3
:107000003b00000057000000720000008d000000ef
:10701000a6000000bf000000d70000000000000034
:107020000000000000000000000000000000000060
:107030000000000000000000000000000000000050
:107040000000000000000000000000000000000040
:107050000000000000000000000000000000000030
:107060000000000000000000000000000000000020
:107070000000000000000000000000000000000010
:1070800060fa00009bfa0000d6fa000011fb000035
:107090004bfb000085fb0000bffb0000f7fb00007e
:1070a0002ffc000066fc00009cfc0000d1fc0000ee
:1070b00005fd000038fd00006afd00009afd00009b
:1070c000cafd0000f8fd000025fe000050fe000093
:1070d0007bfe0000a4fe0000ccfe0000f2fe0000db
:1070e00018ff00003cff000060ff000082ff00006e
:1070f000a3ff0000c3ff0000e2ff0000000000004b
:107100001d00000039000000550000006f00000065
:1071100089000000a1000000000000000000000045
:10712000000000000000000000000000000000005f
:10713000000000000000000000000000000000004f
:10714000000000000000000000000000000000003f
:10715000000000000000000000000000000000002f
:10716000000000000000000000000000000000001f
:10717000000000000000000000000000000000000f
:1071800060fa000099fa0000d2fa00000bfb000040
:1071900044fb00007cfb0000b4fb0000ebfb0000a4
:1071a00021fc000057fc00008bfc0000bffc00002d
:1071b000f2fc000024fd000054fd000084fd0000ee
:1071c000b2fd0000dffd00000bfe000036fe0000f7
:1071d00060fe000089fe0000b0fe0000d7fe000047
:1071e000fcfe000020ff000043ff000065ff0000e0
:1071f00086ff0000a6ff0000c5ff0000e3ff0000bf
:10720000000000001c0000003800000052000000d8
:107210006c00000000000000000000000000000002
:10722000000000000000000000000000000000005e
:10723000000000000000000000000000000000004e
:10724000000000000000000000000000000000003e
:10725000000000000000000000000000000000002e
:10726000000000000000000000000000000000001e
:10727000000000000000000000000000000000000e
:1072800060fa000098fa0000cffa000006fb000048
:107290003dfb000074fb0000aafb0000dffb0000c8
:1072a00014fc000048fc00007bfc0000aefc000069
:1072b000dffc000010fd000040fd00006efd00003e
:1072c0009cfd0000c8fd0000f4fd00001efe000053
:1072d00047fe00006ffe000096fe0000bcfe0000ae
:1072e000e1fe000005ff000027ff000049ff00004d
:1072f0006aff00008aff0000a9ff0000c7ff00002e
:10730000e4ff0000000000001b0000003600000049
:10731000000000000000000000000000000000006d
:10732000000000000000000000000000000000005d
:10733000000000000000000000000000000000004d
:10734000000000000000000000000000000000003d
:10735000000000000000000000000000000000002d
:10736000000000000000000000000000000000001d
:10737000000000000000000000000000000000000d
:1073800060fa000096fa0000ccfa000001fb000051
:1073900037fb00006cfb0000a0fb0000d4fb0000ea
:1073a00008fc00003afc00006cfc00009efc0000a1
:1073b000cefc0000fefc00002cfd00005afd000089
:1073c00086fd0000b2fd0000ddfd000006fe0000ad
:1073d0002ffe000056fe00007dfe0000a2fe000011
:1073e000c7fe0000eafe00000dff00002fff0000b6
:1073f0004fff00006fff00008eff0000abff00009a
:10740000c8ff0000e5ff00000000000000000000d1
:10741000000000000000000000000000000000006c
:10742000000000000000000000000000000000005c
:10743000000000000000000000000000000000004c
:10744000000000000000000000000000000000003c
:10745000000000000000000000000000000000002c
:10746000000000000000000000000000000000001c
:10747000000000000000000000000000000000000c
:1074800060fa000094fa0000c9fa0000fdfa00005a
:1074900031fb000064fb000097fb0000cafb00000a
:1074a000fcfb00002dfc00005efc00008efc0000d8
:1074b000befc0000ecfc00001afd000046fd0000d0
:1074c00072fd00009dfd0000c7fd0000f0fd000002
:1074d00018fe00003ffe000065fe00008afe00006e
:1074e000aefe0000d1fe0000f3fe000015ff00001c
:1074f00035ff000055ff000073ff000091ff000002
:10750000aeff0000caff0000000000000000000005
:10751000000000000000000000000000000000006b
:10752000000000000000000000000000000000005b
:10753000000000000000000000000000000000004b
:10754000000000000000000000000000000000003b
:10755000000000000000000000000000000000002b
:10756000000000000000000000000000000000001b
:10757000000000000000000000000000000000000b
:1075800060fa000093fa0000c6fa0000f8fa000062
:107590002bfb00005dfb00008ffb0000c0fb000028
:1075a000f1fb000021fc000051fc000080fc000009
:1075b000aefc0000dbfc000008fd000034fd000014
:1075c0005ffd000089fd0000b2fd0000dafd000053
:1075d00002fe000028fe00004efe000072fe0000c9
:1075e00096fe0000b9fe0000dbfe0000fcfe00007d
:1075f0001cff00003bff00005aff000077ff000067
:1076000094ff0000000000000000000000000000e7
:10761000000000000000000000000000000000006a
:10762000000000000000000000000000000000005a
:10763000000000000000000000000000000000004a
:10764000000000000000000000000000000000003a
:10765000000000000000000000000000000000002a
:10766000000000000000000000000000000000001a
:10767000000000000000000000000000000000000a
:1076800060fa000092fa0000c3fa0000f4fa000069
:1076900025fb000056fb000087fb0000b7fb000045
:1076a000e6fb000015fc000044fc000072fc00003a
:1076b0009ffc0000cbfc0000f7fc000022fd000056
:1076c0004cfd000076fd00009efd0000c6fd0000a0
:1076d000edfd000012fe000038fe00005cfe000020
:1076e0007ffe0000a1fe0000c3fe0000e4fe0000db
:1076f00004ff000023ff000041ff00005fff0000c7
:107700000000000000000000000000000000000079
:107710000000000000000000000000000000000069
:107720000000000000000000000000000000000059
:107730000000000000000000000000000000000049
:107740000000000000000000000000000000000039
:107750000000000000000000000000000000000029
:107760000000000000000000000000000000000019
:107770000000000000000000000000000000000009
:1077800060fa000090fa0000c0fa0000f0fa000071
:1077900020fb000050fb00007ffb0000aefb000060
:1077a000dcfb00000afc000038fc000065fc000067
:1077b00091fc0000bcfc0000e7fc000011fd000093
:1077c0003bfd000063fd00008bfd0000b2fd0000ea
:1077d000d8fd0000fefd000022fe000046fe000075
:1077e00069fe00008bfe0000acfe0000cdfe000034
:1077f000ecfe00000bff000029ff0000000000006d
:107800000000000000000000000000000000000078
:107810000000000000000000000000000000000068
:107820000000000000000000000000000000000058
:107830000000000000000000000000000000000048
:107840000000000000000000000000000000000038
:107850000000000000000000000000000000000028
:107860000000000000000000000000000000000018
:107870000000000000000000000000000000000008
:1078800060fa00008ffa0000befa0000edfa000076
:107890001bfb00004afb000078fb0000a6fb000079
:1078a000d3fb000000fc00002cfc000058fc000092
:1078b00083fc0000aefc0000d8fc000001fd0000cd
:1078c0002afd000052fd000079fd00009ffd000030
:1078d000c5fd0000eafd00000efe000031fe0000c4
:1078e00053fe000075fe000096fe0000b6fe00008c
:1078f000d6fe0000f4fe00000000000000000000c2
:107900000000000000000000000000000000000077
:107910000000000000000000000000000000000067
:107920000000000000000000000000000000000057
:107930000000000000000000000000000000000047
:107940000000000000000000000000000000000037
:107950000000000000000000000000000000000027
:107960000000000000000000000000000000000017
:107970000000000000000000000000000000000007
:1079800060fa00008efa0000bcfa0000e9fa00007c
:1079900017fb000044fb000071fb00009efb000091
:1079a000cafb0000f6fb000021fc00004cfc0000bc
:1079b00076fc0000a0fc0000c9fc0000f2fc000006
:1079c0001afd000041fd000067fd00008dfd000074
:1079d000b2fd0000d6fd0000fafd00001dfe000013
:1079e0003ffe000060fe000081fe0000a1fe0000de
:1079f0000000000000000000000000000000000087
:107a00000000000000000000000000000000000076
:107a10000000000000000000000000000000000066
:107a20000000000000000000000000000000000056
:107a30000000000000000000000000000000000046
:107a40000000000000000000000000000000000036
:107a50000000000000000000000000000000000026
:107a60000000000000000000000000000000000016
:107a70000000000000000000000000000000000006
:107a800060fa00008dfa0000b9fa0000e6fa000082
:107a900012fb00003efb00006afb000096fb0000aa
:107aa000c1fb0000ecfb000017fc000041fc0000e3
:107ab0006afc000093fc0000bbfc0000e3fc00003b
:107ac0000afd000031fd000056fd00007cfd0000b5
:107ad000a0fd0000c4fd0000e7fd000009fe00005d
:107ae0002bfe00004cfe00006cfe000000000000b9
:107af0000000000000000000000000000000000086
:107b00000000000000000000000000000000000075
:107b10000000000000000000000000000000000065
:107b20000000000000000000000000000000000055
:107b30000000000000000000000000000000000045
:107b40000000000000000000000000000000000035
:107b50000000000000000000000000000000000025
:107b60000000000000000000000000000000000015
:107b70000000000000000000000000000000000005
:107b800060fa00008cfa0000b7fa0000e3fa000087
:107b90000efb000039fb000064fb00008ffb0000bf
:107ba000b9fb0000e3fb00000dfc000036fc000008
:107bb0005efc000086fc0000aefc0000d5fc00006e
:107bc000fbfc000021fd000046fd00006bfd0000f5
:107bd0008ffd0000b2fd0000d5fd0000f7fd0000a4
:107be00018fe00000000000000000000000000007f
:107bf0000000000000000000000000000000000085
:107c00000000000000000000000000000000000074
:107c10000000000000000000000000000000000064
:107c20000000000000000000000000000000000054
:107c30000000000000000000000000000000000044
:107c40000000000000000000000000000000000034
:107c50000000000000000000000000000000000024
:107c60000000000000000000000000000000000014
:107c70000000000000000000000000000000000004
:107c800060fa00008bfa0000b5fa0000e0fa00008c
:107c90000afb000034fb00005efb000088fb0000d4
:107ca000b1fb0000dafb000003fc00002bfc00002d
:107cb00053fc00007afc0000a1fc0000c7fc00009f
:107cc000edfc000012fd000037fd00005bfd000030
:107cd0007efd0000a1fd0000c3fd000000000000cb
:107ce0000000000000000000000000000000000094
:107cf0000000000000000000000000000000000084
:107d00000000000000000000000000000000000073
:107d10000000000000000000000000000000000063
:107d20000000000000000000000000000000000053
:107d30000000000000000000000000000000000043
:107d40000000000000000000000000000000000033
:107d50000000000000000000000000000000000023
:107d60000000000000000000000000000000000013
:107d70000000000000000000000000000000000003
:107d800060fa00008afa0000b3fa0000ddfa000091
:107d900006fb00002ffb000058fb000081fb0000e9
:107da000aafb0000d2fb0000fafb000021fc00004f
:107db00048fc00006ffc000095fc0000bafc0000cd
:107dc000dffc000004fd000028fd00004bfd00006a
:107dd0006efd000000000000000000000000000038
:107de0000000000000000000000000000000000093
:107df0000000000000000000000000000000000083
:107e00000000000000000000000000000000000072
:107e10000000000000000000000000000000000062
:107e20000000000000000000000000000000000052
:107e30000000000000000000000000000000000042
:107e40000000000000000000000000000000000032
:107e50000000000000000000000000000000000022
:107e60000000000000000000000000000000000012
:107e70000000000000000000000000000000000002
:107e800060fa000089fa0000b1fa0000dafa000096
:107e900003fb00002bfb000053fb00007bfb0000fa
:107ea000a3fb0000cafb0000f1fb000018fc00006f
:107eb0003efc000064fc000089fc0000aefc0000f9
:107ec000d2fc0000f6fc00001afd000000000000db
:107ed00000000000000000000000000000000000a2
:107ee0000000000000000000000000000000000092
:107ef0000000000000000000000000000000000082
:107f00000000000000000000000000000000000071
:107f10000000000000000000000000000000000061
:107f20000000000000000000000000000000000051
:107f30000000000000000000000000000000000041
:107f40000000000000000000000000000000000031
:107f50000000000000000000000000000000000021
:107f60000000000000000000000000000000000011
:107f70000000000000000000000000000000000001
:107f800060fa000088fa0000b0fa0000d7fa00009a
:107f9000fffa000027fb00004efb000075fb00000d
:107fa0009cfb0000c2fb0000e8fb00000efc000090
:107fb00034fc000059fc00007efc0000a2fc000024
:107fc00000000000000000000000000000000000b1
:107fd00000000000000000000000000000000000a1
:107fe0000000000000000000000000000000000091
:107ff0000000000000000000000000000000000081
:108000000000000000000000000000000000000070
:108010000000000000000000000000000000000060
:108020000000000000000000000000000000000050
:108030000000000000000000000000000000000040
:108040000000000000000000000000000000000030
:108050000000000000000000000000000000000020
:108060000000000000000000000000000000000010
:108070000000000000000000000000000000000000
:1080800060fa000087fa0000aefa0000d5fa00009e
:10809000fcfa000022fb000049fb00006ffb00001f
:1080a00095fb0000bbfb0000e0fb000006fc0000ad
:1080b0002afc00000000000000000000000000009a
:1080c00000000000000000000000000000000000b0
:1080d00000000000000000000000000000000000a0
:1080e0000000000000000000000000000000000090
:1080f0000000000000000000000000000000000080
:10810000000000000000000000000000000000006f
:10811000000000000000000000000000000000005f
:10812000000000000000000000000000000000004f
:10813000000000000000000000000000000000003f
:10814000000000000000000000000000000000002f
:10815000000000000000000000000000000000001f
:10816000000000000000000000000000000000000f
:1081700000000000000000000000000000000000ff
:1081800060fa000086fa0000acfa0000d2fa0000a3
:10819000f8fa00001efb000044fb00006afb000030
:1081a00000000000000000000000000000000000cf
:1081b00000000000000000000000000000000000bf
:1081c00000000000000000000000000000000000af
:1081d000000000000000000000000000000000009f
:1081e000000000000000000000000000000000008f
:1081f000000000000000000000000000000000007f
:10820000000000000000000000000000000000006e
:10821000000000000000000000000000000000005e
:10822000000000000000000000000000000000004e
:10823000000000000000000000000000000000003e
:10824000000000000000000000000000000000002e
:10825000000000000000000000000000000000001e
:10826000000000000000000000000000000000000e
:1082700000000000000000000000000000000000fe
:1082800000000000000000000000000000000000ee
:1082900000000000000000000000000000000000de
:1082a00000000000000000000000000000000000ce
:1082b00000000000000000000000000000000000be
:1082c00000000000000000000000000000000000ae
:1082d000000000000000000000000000000000009e
:1082e000000000000000000000000000000000008e
:1082f000000000000000000000000000000000007e
:10830000000000000000000000000000000000006d
:10831000000000000000000000000000000000005d
:10832000000000000000000000000000000000004d
:10833000000000000000000000000000000000003d
:10834000000000000000000000000000000000002d
:10835000000000000000000000000000000000001d
:10836000000000000000000000000000000000000d
:1083700000000000000000000000000000000000fd
:1083800000000000000000000000000000000000ed
:1083900000000000000000000000000000000000dd
:1083a00000000000000000000000000000000000cd
:1083b00000000000000000000000000000000000bd
:1083c00000000000000000000000000000000000ad
:1083d000000000000000000000000000000000009d
:1083e000000000000000000000000000000000008d
:1083f000000000000000000000000000000000007d
:10840000000000000000000000000000000000006c
:10841000000000000000000000000000000000005c
:10842000000000000000000000000000000000004c
:10843000000000000000000000000000000000003c
:10844000000000000000000000000000000000002c
:10845000000000000000000000000000000000001c
:10846000000000000000000000000000000000000c
:1084700000000000000000000000000000000000fc
:1084800000000000000000000000000000000000ec
:1084900000000000000000000000000000000000dc
:1084a00000000000000000000000000000000000cc
:1084b00000000000000000000000000000000000bc
:1084c00000000000000000000000000000000000ac
:1084d000000000000000000000000000000000009c
:1084e000000000000000000000000000000000008c
:1084f000000000000000000000000000000000007c
:10850000000000000000000000000000000000006b
:10851000000000000000000000000000000000005b
:10852000000000000000000000000000000000004b
:10853000000000000000000000000000000000003b
:10854000000000000000000000000000000000002b
:10855000000000000000000000000000000000001b
:10856000000000000000000000000000000000000b
:1085700000000000000000000000000000000000fb
:1085800000000000000000000000000000000000eb
:1085900000000000000000000000000000000000db
:1085a00000000000000000000000000000000000cb
:1085b00000000000000000000000000000000000bb
:1085c00000000000000000000000000000000000ab
:1085d000000000000000000000000000000000009b
:1085e000000000000000000000000000000000008b
:1085f000000000000000000000000000000000007b
:10860000000000000000000000000000000000006a
:10861000000000000000000000000000000000005a
:10862000000000000000000000000000000000004a
:10863000000000000000000000000000000000003a
:10864000000000000000000000000000000000002a
:10865000000000000000000000000000000000001a
:10866000000000000000000000000000000000000a
:1086700000000000000000000000000000000000fa
:1086800000000000000000000000000000000000ea
:1086900000000000000000000000000000000000da
:1086a00000000000000000000000000000000000ca
:1086b00000000000000000000000000000000000ba
:1086c00000000000000000000000000000000000aa
:1086d000000000000000000000000000000000009a
:1086e000000000000000000000000000000000008a
:1086f000000000000000000000000000000000007a
:108700000000000000000000000000000000000069
:108710000000000000000000000000000000000059
:108720000000000000000000000000000000000049
:108730000000000000000000000000000000000039
:108740000000000000000000000000000000000029
:108750000000000000000000000000000000000019
:108760000000000000000000000000000000000009
:1087700000000000000000000000000000000000f9
:1087800000000000000000000000000000000000e9
:1087900000000000000000000000000000000000d9
:1087a00000000000000000000000000000000000c9
:1087b00000000000000000000000000000000000b9
:1087c00000000000000000000000000000000000a9
:1087d0000000000000000000000000000000000099
:1087e0000000000000000000000000000000000089
:1087f0000000000000000000000000000000000079
:108800000000000000000000000000000000000068
:108810000000000000000000000000000000000058
:108820000000000000000000000000000000000048
:108830000000000000000000000000000000000038
:108840000000000000000000000000000000000028
:108850000000000000000000000000000000000018
:108860000000000000000000000000000000000008
:1088700000000000000000000000000000000000f8
:1088800000000000000000000000000000000000e8
:1088900000000000000000000000000000000000d8
:1088a00000000000000000000000000000000000c8
:1088b00000000000000000000000000000000000b8
:1088c00000000000000000000000000000000000a8
:1088d0000000000000000000000000000000000098
:1088e0000000000000000000000000000000000088
:1088f0000000000000000000000000000000000078
:108900000000000000000000000000000000000067
:108910000000000000000000000000000000000057
:108920000000000000000000000000000000000047
:108930000000000000000000000000000000000037
:108940000000000000000000000000000000000027
:108950000000000000000000000000000000000017
:108960000000000000000000000000000000000007
:1089700000000000000000000000000000000000f7
:1089800000000000000000000000000000000000e7
:1089900000000000000000000000000000000000d7
:1089a00000000000000000000000000000000000c7
:1089b00000000000000000000000000000000000b7
:1089c00000000000000000000000000000000000a7
:1089d0000000000000000000000000000000000097
:1089e0000000000000000000000000000000000087
:1089f0000000000000000000000000000000000077
:108a00000000000000000000000000000000000066
:108a10000000000000000000000000000000000056
:108a20000000000000000000000000000000000046
:108a30000000000000000000000000000000000036
:108a40000000000000000000000000000000000026
:108a50000000000000000000000000000000000016
:108a60000000000000000000000000000000000006
:108a700000000000000000000000000000000000f6
:108a800000000000000000000000000000000000e6
:108a900000000000000000000000000000000000d6
:108aa00000000000000000000000000000000000c6
:108ab00000000000000000000000000000000000b6
:108ac00000000000000000000000000000000000a6
:108ad0000000000000000000000000000000000096
:108ae0000000000000000000000000000000000086
:108af0000000000000000000000000000000000076
:108b00000000000000000000000000000000000065
:108b10000000000000000000000000000000000055
:108b20000000000000000000000000000000000045
:108b30000000000000000000000000000000000035
:108b40000000000000000000000000000000000025
:108b50000000000000000000000000000000000015
:108b60000000000000000000000000000000000005
:108b700000000000000000000000000000000000f5
:108b800000000000000000000000000000000000e5
:108b900000000000000000000000000000000000d5
:108ba00000000000000000000000000000000000c5
:108bb00000000000000000000000000000000000b5
:108bc00000000000000000000000000000000000a5
:108bd0000000000000000000000000000000000095
:108be0000000000000000000000000000000000085
:108bf0000000000000000000000000000000000075
:108c00000000000000000000000000000000000064
:108c10000000000000000000000000000000000054
:108c20000000000000000000000000000000000044
:108c30000000000000000000000000000000000034
:108c40000000000000000000000000000000000024
:108c50000000000000000000000000000000000014
:108c60000000000000000000000000000000000004
:108c700000000000000000000000000000000000f4
:108c800000000000000000000000000000000000e4
:108c900000000000000000000000000000000000d4
:108ca00000000000000000000000000000000000c4
:108cb00000000000000000000000000000000000b4
:108cc00000000000000000000000000000000000a4
:108cd0000000000000000000000000000000000094
:108ce0000000000000000000000000000000000084
:108cf0000000000000000000000000000000000074
:108d00000000000000000000000000000000000063
:108d10000000000000000000000000000000000053
:108d20000000000000000000000000000000000043
:108d30000000000000000000000000000000000033
:108d40000000000000000000000000000000000023
:108d50000000000000000000000000000000000013
:108d60000000000000000000000000000000000003
:108d700000000000000000000000000000000000f3
:108d800000000000000000000000000000000000e3
:108d900000000000000000000000000000000000d3
:108da00000000000000000000000000000000000c3
:108db00000000000000000000000000000000000b3
:108dc00000000000000000000000000000000000a3
:108dd0000000000000000000000000000000000093
:108de0000000000000000000000000000000000083
:108df0000000000000000000000000000000000073
:108e00000000000000000000000000000000000062
:108e10000000000000000000000000000000000052
:108e20000000000000000000000000000000000042
:108e30000000000000000000000000000000000032
:108e40000000000000000000000000000000000022
:108e50000000000000000000000000000000000012
:108e60000000000000000000000000000000000002
:108e700000000000000000000000000000000000f2
:108e800000000000000000000000000000000000e2
:108e900000000000000000000000000000000000d2
:108ea00000000000000000000000000000000000c2
:108eb00000000000000000000000000000000000b2
:108ec00000000000000000000000000000000000a2
:108ed0000000000000000000000000000000000092
:108ee0000000000000000000000000000000000082
:108ef0000000000000000000000000000000000072
:108f00000000000000000000000000000000000061
:108f10000000000000000000000000000000000051
:108f20000000000000000000000000000000000041
:108f30000000000000000000000000000000000031
:108f40000000000000000000000000000000000021
:108f50000000000000000000000000000000000011
:108f60000000000000000000000000000000000001
:108f700000000000000000000000000000000000f1
:108f800000000000000000000000000000000000e1
:108f900000000000000000000000000000000000d1
:108fa00000000000000000000000000000000000c1
:108fb00000000000000000000000000000000000b1
:108fc00000000000000000000000000000000000a1
:108fd0000000000000000000000000000000000091
:108fe0000000000000000000000000000000000081
:108ff0000000000000000000000000000000000071
:109000000000000000000000000000000000000060
:109010000000000000000000000000000000000050
:109020000000000000000000000000000000000040
:109030000000000000000000000000000000000030
:109040000000000000000000000000000000000020
:109050000000000000000000000000000000000010
:109060000000000000000000000000000000000000
:1090700000000000000000000000000000000000f0
:1090800000000000000000000000000000000000e0
:1090900000000000000000000000000000000000d0
:1090a00000000000000000000000000000000000c0
:1090b00000000000000000000000000000000000b0
:1090c00000000000000000000000000000000000a0
:1090d0000000000000000000000000000000000090
:1090e0000000000000000000000000000000000080
:1090f0000000000000000000000000000000000070
:10910000000000000000000000000000000000005f
:10911000000000000000000000000000000000004f
:10912000000000000000000000000000000000003f
:10913000000000000000000000000000000000002f
:10914000000000000000000000000000000000001f
:10915000000000000000000000000000000000000f
:1091600000000000000000000000000000000000ff
:1091700000000000000000000000000000000000ef
:020000040000fa
:020000040001f9
:109180008000eb007a014000010978007c0140007a
:10919000010978007e014000010978006202200088
:1091a0000001410001097800820220000001410015
:1091b00001097800a20220000001410001097800a5
:1091c0002203200000014100010978004203200031
:1091d0000001410001097800620320000001410004
:1091e0000109780072014000010978006011b8009f
:1091f000421898005318980000000600f8874700ae
:10920000889fbe008a9fbe008c9fbe008e1f780084
:109210000004780020102000080040001030a10059
:109220000000eb00a10f200088804000800878003b
:10923000810f2000888040008008780038a09000ce
:10924000cf80de00f30f5000e08f580005053e0090
:1092500000060100590037009e0037000105370065
:1092600079003700e7013700fe043700fd043700be
:10927000fc043700ae0337000b043700f904370055
:10928000f8043700d00237002f0337007e04370080
:109290002700370003003700f2043700f1043700dd
:1092a000770137001000200010b49800c00e200095
:1092b000080040000088eb002001200010ac98005e
:1092c000a000200060bc980002692c001310200050
:1092d0000000eb0068054400c90f200088844400aa
:1092e000270d2000888343008000d0009a80400032
:1092f000960180000202780004f0a4008382d2006c
:1093000005d0fe001402780006d0fe008408780024
:109310000000e80062014100e08149001902780084
:1093200097a2b900800f5200efff3c00cd04370038
:109330001000200010b49800c00e2000080040006b
:109340000088eb00b001200010ac980070002000f5
:1093500060bc980062512c00131020000000eb004c
:1093600068054400c90f200088844400270d2000b0
:10937000888343008000d0009a80400096018000de
:109380000202780004f0a4008382d20005d0fe001f
:109390001402780006d0fe00840878000000e8007f
:1093a00062014100e08149001902780097a2b900ea
:1093b000800f5200efff3c00aa043700100020008d
:1093c00010b4980030b49800c10e2000888040008e
:1093d0008008eb00411f2000011498002014980021
:1093e00010149800e2fd2500131020000000eb008f
:1093f000e80344008000d000978040009601800080
:109400000202780004f0a4008382d20005d0fe009e
:109410001402780006d0fe00840878000000e800fe
:1094200062014100e0814900f10f5000f1ff3a0074
:109430001001200010ac980020102000080040000f
:109440001030a000870437001000200010b49800ee
:1094500030b49800c10e2000888040008008eb00e6
:10946000411f200001149800201498001014980047
:10947000a28a2d00131020000000eb00e803440036
:109480008000d000978040009601800002027800a2
:1094900004f0a4008382d20005d0fe0014027800fc
:1094a00006d0fe00840878000000e8006201410058
:1094b000e0814900f50f5000f1ff3a005001200013
:1094c00010ac980020102000080040001030a000d0
:1094d00064043700d005200010ac980042ed2c0049
:1094e000131020000000eb00e8044400270d2000ca
:1094f000888343008000d00099804000960180005e
:109500000202780004f0a4008382d20005d0fe009d
:109510001402780006d0fe00840878000000e800fd
:1095200062014100e0814900970f1000f1ff3c000b
:109530002000200010b4980030b4980010002000e3
:1095400040b4980050b498007000200070b49800a7
:109550008000200000bc9800c000200020ac9800d3
:109560006aa12d001b102000e69f2d00171020007f
:1095700064a42d0015102000e0a22d001110200081
:109580000001eb0078074400f6014400f3b79f00a8
:10959000f4044400d9b79f0072064400bcb79f0092
:1095a000430d20008301440093b79f00e8af9f0064
:1095b0000004be000e067800fcaf9f006110b900e9
:1095c00000004000818048007fae97009c01400071
:1095d0009e018000080678000cf0a4008986d20065
:1095e0000dd0fe001c0678000ed0fe008c0978001d
:1095f0007fb697009c0140009e0180000406780021
:109600000cf0a4008586d2000dd0fe001c06780068
:109610000ed0fe008c0978005fb697009c014000d8
:109620009e018000060678000cf0a4008786d20018
:109630000dd0fe001c0678000ed0fe008c097800cc
:10964000bfb1970013004000910180000a06780026
:109650000cf0a4008b86d2000dd0fe001c06780012
:1096600001d0fe000c0878000201e800620444000a
:10967000e0844c0062024200e0824a006203430040
:10968000e0834b0062054500e0854d001fb6970062
:109690009c0f1100c9ff3c006fac97002001200017
:1096a00030ac98004a8d2d001b102000c6912d0073
:1096b00017102000848f2d001510200000942d001d
:1096c000111020000001eb006a074400ee01440085
:1096d000f3b79f00ec044400d9b79f007006440024
:1096e000bcb79f00630d20008301440093b79f0027
:1096f000e8af9f000004be000e067800fcaf9f009c
:109700006110b90000004000818048007fae9700e2
:109710009c0140009e018000080678000cf0a40027
:109720008986d2000dd0fe001c0678000ed0fe0007
:109730008c0978007fb697009c0140009e01800054
:10974000040678000cf0a4008586d2000dd0fe003f
:109750001c0678000ed0fe008c0978005fb69700da
:109760009c0140009e018000060678000cf0a400d9
:109770008786d2000dd0fe001c0678000ed0fe00b9
:109780008c097800bfb19700130040009101800060
:109790000a0678000cf0a4008b86d2000dd0fe00e3
:1097a0001c06780001d0fe000c0878000201e800d9
:1097b00062044400e0844c0062024200e0824a00fd
:1097c00062034300e0834b0062054500e0854d00e5
:1097d0001fb697009c0f1100c9ff3c006fac9700ab
:1097e0004006200050ac9800f00a200060ac9800c1
:1097f00020102000080040001010a100e00120000f
:1098000040ac980082832d00131020000000eb0074
:10981000fa044400870d2000888343008000d000b4
:1098200099804000960180000202780004f0a400b4
:109830008382d20005d0fe001402780006d0fe001c
:10984000840878000000e80062014100e0814900de
:10985000970f1000f1ff3c00c00e200008004000f0
:109860000008eb00401f20000014980010002000aa
:1098700020149800a00020001014980079033700ed
:10988000000c200010ac9800a2212c001310200026
:109890000000eb00e8044400270d2000888343000b
:1098a0008000d0009980400096018000020278007c
:1098b00004f0a4008382d20005d0fe0014027800d8
:1098c00006d0fe00840878000000e8006201410034
:1098d000e0814900970f1000f1ff3c00c00e20000e
:1098e000080040000008eb0020472000001498000a
:1098f00000842300201498002007200010149800f2
:109900001100200011b498002000200030b498000d
:1099100041b4980050b49800c003200040ac9800b7
:1099200022642d00131020000000eb00fa04440014
:10993000870d2000888343008000d000998040007c
:10994000960180000202780004f0a4008382d20015
:1099500005d0fe001402780006d0fe0084087800ce
:109960000000e80062014100e0814900970f10000b
:10997000f1ff3c00d0cc2400003c9800007e200089
:10998000302c9800402c980010042700202c9800c0
:109990000000eb00a10320008880400080087800d0
:1099a0006011b8000234980013349800721c27002c
:1099b000530420004234980053349800920620004b
:1099c000030020002234980033349800c1062000a0
:1099d000888040008008780021c72300411c98003f
:1099e000610320008880400080087800800020000b
:1099f000201c98008002200008004000e0fd0700c5
:109a000018033700000c200010ac9800a2212c0095
:109a1000131020000000eb00e8044400270d200094
:109a2000888343008000d000998040009601800028
:109a30000202780004f0a4008382d20005d0fe0068
:109a40001402780006d0fe00840878000000e800c8
:109a500062014100e0814900970f1000f1ff3c00d6
:109a60003000200010b49800c00e20000800400014
:109a70000008eb00401f2000001498001000200098
:109a800020149800101498002100200031b4980090
:109a900040b498008000200070b4980051b4980041
:109aa00020ac9800eaac2d001b102000e6ad2d0084
:109ab00017102000e4aa2d0015102000e0ab2d00a7
:109ac000111020000001be00f2b79f0083bf9f006d
:109ad000e0a82d00111020000001be00f2af9f0091
:109ae00083b79f00e0a92d00111020000001be00e7
:109af000d2b79f00e3b79f00e0a62d001110200011
:109b00000001be00b2b79f00c3b79f00e0a72d00c1
:109b1000111020000001be0092b79f00a3b79f0064
:109b20000000eb006a014400410d200088804000e5
:109b3000880678008001d000928141009c0180005d
:109b40001fb49700afb4970008f0a4008984d20036
:109b500009d0fe00180478000cd0fe0088097800b7
:109b600091017800030640000c06d0001206460062
:109b70009e0180003fb49700cfb4970008f0a40086
:109b80008984d20009d0fe00180478000ed0fe00af
:109b9000080e780091814100030640000c06d000b9
:109ba000120646009e0180005fb49700efb4970054
:109bb00008f0a4008984d20009d0fe0018047800bf
:109bc0000ed0fe00080e780091814100030640008f
:109bd0000c06d000120646009e0180007fac970064
:109be0008fb4970008f0a4008984d20009d0fe0049
:109bf000180478000ed0fe00080e78009181410014
:109c0000030640000c06d000120646009e018000ac
:109c10007fb497008fbc970008f0a4008984d2001d
:109c200009d0fe00180478000ed0fe00080e78005f
:109c300091814100030640000c06d0001206460048
:109c40009e0180000404780008f0a4008584d200fe
:109c500009d0fe00180478000ed0fe00080e78002f
:109c600091814100030640000c06d0001206460018
:109c70009e0180000604780008f0a4008784d200ca
:109c800009d0fe00180478000ed0fe00080e7800ff
:109c900091814100808141008301d0009281410087
:109ca0009c0180000a04780008f0a4008b84d20094
:109cb00009d0fe00180478000cd0fe008809780056
:109cc0000000e8001fb49700afb49700620444009e
:109cd000e0844c0098b79f00a9b79f003fb497005d
:109ce000cfb4970062044400e0844c00b8b79f00f2
:109cf000c9b79f005fb49700efb4970062044400b7
:109d0000e0844c00d8b79f00e9b79f007fac970074
:109d10008fb4970062044400e0844c00f8af9f00c9
:109d200089b79f007fb497008fbc970062044400fe
:109d3000e0844c00f8b79f0089bf9f006202420098
:109d4000e0824a0062034300e0834b006205450065
:109d5000e0854d00910f100076ff3c000d04780067
:109d60004000200070bc9800c003200040ac980068
:109d700022642d00131020000000eb00fa044400c0
:109d8000870d2000888343008000d0009980400028
:109d9000960180000202780004f0a4008382d200c1
:109da00005d0fe001402780006d0fe00840878007a
:109db0000000e80062014100e0814900970f1000b7
:109dc000f1ff3c00270237003007200010ac98005c
:109dd00082c32c00131020000000eb00e8044400b4
:109de000270d2000888343008000d0009980400028
:109df000960180000202780004f0a4008382d20061
:109e000005d0fe001402780006d0fe008408780019
:109e10000000e80062014100e0814900970f100056
:109e2000f1ff3c001000200010b49800c10e20008b
:109e3000888040008008eb00411f2000011498003a
:109e400020149800510020001114980021002000d7
:109e500031b4980040b4980050b4980050042000e9
:109e600040ac9800823b2d00131020000000eb0056
:109e7000fa044400870d2000888343008000d0004e
:109e800099804000960180000202780004f0a4004e
:109e90008382d20005d0fe001402780006d0fe00b6
:109ea000840878000000e80062014100e081490078
:109eb000970f1000f1ff3c0060662200003c980004
:109ec00020a82100302c9800402c9800f02b27006f
:109ed000202c98000000eb00a103200088804000a7
:109ee000800878006011b80002349800133498009c
:109ef000427b2700e300200042349800533498004e
:109f0000b21320000300200022349800333498005c
:109f1000c10620008880400080087800b1aa210096
:109f2000411c980061032000888040008008780070
:109f300080002000201c98008002200008004000c3
:109f40008ffc0700c70137003007200010ac9800d5
:109f500082c32c00131020000000eb00e804440032
:109f6000270d2000888343008000d00099804000a6
:109f7000960180000202780004f0a4008382d200df
:109f800005d0fe001402780006d0fe008408780098
:109f90000000e80062014100e0814900970f1000d5
:109fa000f1ff3c00f002200020ac9800700120007e
:109fb00020a49800c2792d00131020000000eb00af
:109fc000ea044400470d2000888343008000d0004d
:109fd00099804000960180000202780004f0a400fd
:109fe0008382d20005d0fe001402780006d0fe0065
:109ff000840878000000e80062014100e081490027
:10a00000970f1000f1ff3c001000200010b49800e2
:10a01000c10e2000888040008008eb00411f200016
:10a020000114980001082700211498002103200042
:10a030001114980030b498002100200041b4980019
:10a0400050b49800f001200040ac9800a27f2d0091
:10a05000131020000000eb00fa044400870d2000dc
:10a06000888343008000d0009980400096018000e2
:10a070000202780004f0a4008382d20005d0fe0022
:10a080001402780006d0fe00840878000000e80082
:10a0900062014100e0814900970f1000f1ff3c0090
:10a0a000006a2000302c9800402c9800f02b2700ec
:10a0b000202c98000000eb00a103200088804000c5
:10a0c000800878006011b8000234980013349800ba
:10a0d000427b2700e300200042349800533498006c
:10a0e000d209200003002000223498003334980065
:10a0f00061662200013c9800b1aa2100411c980031
:10a1000061032000888040008008780080002000e3
:10a11000201c9800800220000800400018fc070066
:10a1200020102000080040001030a1004d01370031
:10a13000a2092c00131020000000eb00e8044400ea
:10a14000070c20008000d00099804000960180001c
:10a150000202780004f0a4008382d20005d0fe0041
:10a160001402780006d0fe00840878000000e800a1
:10a1700062014100e0814900870f5000f1ff3a0081
:10a18000000c200010ac98001000200010b49800c3
:10a19000c10e2000888040008008eb00411f200095
:10a1a0000114980020149800510020001114980008
:10a1b00030b498004100200041b4980050b4980099
:10a1c00062172d00131020000000eb00fa04440079
:10a1d000970420008000d000998040009601800004
:10a1e0000202780004f0a4008382d20005d0fe00b1
:10a1f0001402780006d0fe00840878000000e80011
:10a2000062014100e0814900870f5000f1ff3a00f0
:10a210009004200040ac9800c0f52000003c98005d
:10a2200020a82100302c9800402c9800f02b27000b
:10a23000202c98000000eb00a10320008880400043
:10a24000800878006011b800023498001334980038
:10a25000125a210023012000423498005334980000
:10a26000e2072000030020002234980033349800d5
:10a27000c10620008880400080087800b1aa210033
:10a28000411c98006103200088804000800878000d
:10a2900080002000201c9800800220000800400060
:10a2a000b7fb0700ef003700000c200010ac98004f
:10a2b000a2092c00131020000000eb00e804440069
:10a2c000270d2000888343008000d0009980400043
:10a2d000960180000202780004f0a4008382d2007c
:10a2e00005d0fe001402780006d0fe008408780035
:10a2f0000000e80062014100e0814900970f100072
:10a30000f1ff3c00f002200020ac9800700120001a
:10a3100020a49800c2792d00131020000000eb004b
:10a32000ea044400470d2000888343008000d000e9
:10a3300099804000960180000202780004f0a40099
:10a340008382d20005d0fe001402780006d0fe0001
:10a35000840878000000e80062014100e0814900c3
:10a36000970f1000f1ff3c001000200010b498007f
:10a37000c10e2000888040008008eb00912320005f
:10a38000011498000108270021149800910320006f
:10a39000111498002100200041b4980050b4980096
:10a3a00062172d00131020000000eb00fa04440097
:10a3b000970420008000d000998040009601800022
:10a3c0000202780004f0a4008382d20005d0fe00cf
:10a3d0001402780006d0fe00840878000000e8002f
:10a3e00062014100e0814900870f5000f1ff3a000f
:10a3f0009004200040ac9800007e2000302c980093
:10a40000402c980010042700202c98000000eb003e
:10a41000a103200088804000800878006011b80007
:10a420000234980013349800428e2b00230220003f
:10a430004234980053349800920620000300200014
:10a440002234980033349800d1cc2000013c98008d
:10a4500051552300411c9800610320008880400072
:10a460008008780080002000201c980080022000d6
:10a470000800400042fb07002010200008004000b8
:10a480001030a10077003700a003200010ac980026
:10a49000a26b2d00131020000000eb00e804440024
:10a4a000270d2000888343008000d0009980400061
:10a4b000960180000202780004f0a4008382d2009a
:10a4c00005d0fe001402780006d0fe008408780053
:10a4d0000000e80062014100e0814900970f100090
:10a4e000f1ff3c00f002200020ac98007001200039
:10a4f00020a49800c2792d00131020000000eb006a
:10a50000ea044400470d2000888343008000d00007
:10a5100099804000960180000202780004f0a400b7
:10a520008382d20005d0fe001402780006d0fe001f
:10a53000840878000000e80062014100e0814900e1
:10a54000970f1000f1ff3c001000200010b498009d
:10a55000c10e2000888040008008eb0011da210045
:10a56000011498000187200021149800c1042000e4
:10a570001114980040b4980050b4980010042000c2
:10a5800040ac9800824c2d00131020000000eb001e
:10a59000fa044400870d2000888343008000d00027
:10a5a00099804000960180000202780004f0a40027
:10a5b0008382d20005d0fe001402780006d0fe008f
:10a5c000840878000000e80062014100e081490051
:10a5d000970f1000f1ff3c00006a2000302c98001b
:10a5e000402c9800f02b2700202c98000000eb0056
:10a5f000a103200088804000800878006011b80026
:10a60000023498001334980062962300330020002f
:10a610004234980053349800f216200003002000c2
:10a620002234980033349800d1cc2200013c9800a9
:10a6300051d52100411c9800610320008880400012
:10a640008008780080002000201c980080022000f4
:10a6500008004000cafa070020102000080040004f
:10a660001030a100080db000000ceb004f0778007f
:10a670004f06be004f05be004f04be008f01b10063
:10a680000000060000f0a7000000ea00910f100093
:10a6900012003d0011019000800f51000f003c009e
:10a6a000a10190006113b9004f9ade0006834100ba
:10a6b00087034a006102b900840f5300858f5b0055
:10a6c0000200340090009800020037000182e80088
:10a6d000028a41006a8140000009eb00800878008e
:10a6e0006a81400012007800c10190000009e80072
:10a6f000830f50000b0035000100780031019000fd
:10a7000050011100020878004240a90005003c00f9
:10a710000000eb000181e800000978006a81400038
:10a720000009780011009000000006000f03b0003f
:10a73000889fbe008a9fbe008c9fbe008e1f78003f
:10a7400000047800c1b79f0092b79f000000eb00a3
:10a75000e600410080087800f2004100800878009f
:10a76000fe00410080087800201020000800400012
:10a770001000a100cfb09700310090000000e00071
:10a78000080134000001eb00d2b79f0043fc2f000a
:10a790008381470083bf9f000380e8006101b80008
:10a7a000a2b79f00b3b79f00a10c20008880400093
:10a7b0001100e80080087800f1052000810f5000aa
:10a7c00003003400a00c2000080040000008eb004b
:10a7d00058a090000000d0009800900001004000b8
:10a7e000dfb197008300d0004fb297009480400003
:10a7f00011087800e10c2000888040001100e8007a
:10a8000080087800c8b09000810f5000b500350076
:10a81000e00c2000080040000008eb00c10c200004
:10a82000888040001100e80080087800c8a89000e7
:10a83000810f500003003500c00c200008004000cc
:10a840000008eb00010d2000888040001100e800a6
:10a8500080087800d8b090000001eb0082b79f001c
:10a86000810f500005003500000d20000800400059
:10a870000008eb001300200083b79f0078b8900019
:10a88000800040004240a900220034000005eb0097
:10a890008a047800ed0e2000888646004b0d2000cb
:10a8a00088854500ac0c2000080646008fb897004c
:10a8b0006108b800e0b79f00f1b79f00ee0f2000dd
:10a8c000080747008a01d000580190009c007800da
:10a8d000180090009d0278001b02780082814100e0
:10a8e00002062000b8ab0200010000008900d00081
:10a8f0006fb1970082804000800878001b054500fa
:10a900008904e8001e00780080004000898f500014
:10a91000ecff3c000000e0002f0034008000eb0062
:10a920008fb99700611eb8004afd2f000f05450042
:10a930008005eb0088037800610ab900422cdd0035
:10a94000ce24de00890474004224dd000c034400a0
:10a95000160378002fb19700020444001804780011
:10a9600088c4b90086b3b9000603440045b3de00cd
:10a970000402420085824a000402450085824d009f
:10a98000060a78006134b9000804440089844c0048
:10a990000280260013102000080441008984490029
:10a9a0009501800008f0a4008984d20009d0fe003f
:10a9b0001804780005d0fe00080a78008100e8003d
:10a9c000808f5000dcff3a00070478000200be00d0
:10a9d000e0af9f00f1af9f00afac9700e8a0900000
:10a9e0008100d0002800900000804000bfa89700a0
:10a9f000018854008fb097000100e000130032007e
:10aa000018b09000e20f50003e0034001fb19700d4
:10aa1000660541009a0578000b06d0001206460034
:10aa200048a99000e8a0900028009000d5ff2f00d2
:10aa300002027800d8099000b8ab020001000000c3
:10aa4000000e78000b0de8002e003700830d20006b
:10aa500088814100130278005fa89700c20c200093
:10aa600008014100920242008502d000e400440047
:10aa7000918242004fab9700800a530013024200bc
:10aa8000120142000201d000910041008088540070
:10aa9000140037009fb197006c804100728641001e
:10aaa0009c0678000d07d0001007470048a99000c9
:10aab00068a390008a00d000280090000080400029
:10aac000d5ff2f0002027800d80990008600780098
:10aad000b8ab020001000000000f78000d0ee80086
:10aae000140037005fb297000402e800d4b79f005b
:10aaf000cfb0970031009000840f50002aff3c0037
:10ab00002800370048ad9000dfad9700e8a0900026
:10ab1000810045008100d0002800900000804000a6
:10ab2000cfa897000b88500018b09000e10f50009c
:10ab3000d8ff3c00810d20008880400011054500b1
:10ab4000c00c200008004000100145000201d000a8
:10ab5000e4014400130141000b8954001fb2970027
:10ab600078014200fe044200990578000b06d000ef
:10ab70001206460011017800900078000a05d00006
:10ab800013004500d5ff2f0002027800d80990007d
:10ab9000b8ab020001000000000e78008b0ce8004a
:10aba000d0ff37004f0778004f06be004f05be00ac
:10abb0004f04be000f03b10000000600af02b0005a
:10abc000889fbe008a9fbe008c9fbe008e1f7800ab
:10abd000000478008105780082af9f000000eb0040
:10abe000e600410080087800ec004100d1a79f00fa
:10abf000f20041008008780020102000080040008a
:10ac00001000a1003b0090000000e000980134001b
:10ac10000005eb00a90c200088844400e20d200010
:10ac20000201440092b79f000e0e20000807470063
:10ac3000ed0c200088864600830e2000830144002e
:10ac400083b79f001900e800800c7800f105200010
:10ac5000810f500001003400800ceb009900780057
:10ac60001fb3970016805000000f780002003b00d1
:10ac700007062000070f40008100d0001800900058
:10ac8000808040000a00d0001b004000900878003f
:10ac90001d00e800800e78008fb09700910f5000e3
:10aca0006f013a00800eeb00c10c2000888040004c
:10acb0001100e80080087800110a2000810f500080
:10acc00003003400c00c2000080040000008eb0026
:10acd000e20e20000201440082bf9f00430d2000cd
:10ace00083014400f3b79f009900780008067800bc
:10acf0005c007800920278001302780098099000b6
:10ad000002062000b8ab020001000000d0b79f008f
:10ad1000990078001c0078000fbb9700960278001d
:10ad2000ffb3970017027800a809900002062000e0
:10ad3000b8ab020001000000a0b79f0099007800a6
:10ad40001c0078000fb9970092027800ffb19700bd
:10ad500013027800b809900002062000b8ab020088
:10ad600001000000e0b79f00990078001c00780007
:10ad70000fbb970096027800ffb397001702780088
:10ad8000c809900002062000b8ab020001000000d4
:10ad90000006780058a8900041062000810f50005e
:10ada0000d003200efb097008089b900b147210053
:10adb0000192b900c3a9de004f91de00028151006b
:10adc000e2b79f0080e0b9000181b900c398de00be
:10add0004f80de0000865000afb197008399b90024
:10ade0005fb3970086b0b900000041004580de00e7
:10adf0008ce2b900efb3970087b9b90002024200b4
:10ae000045a2de0068a190000201d000a8009000d9
:10ae100001014100cf80de00000040008180480039
:10ae200003802600b3b79f0016102000c6b79f000e
:10ae30003fb39700cfb397000000430081804b00e1
:10ae4000cfa2de000402420085824a00830378001c
:10ae5000b7af9f00cfb19700c3af9f003fb397003c
:10ae6000cfb397000402430085824b00930180001a
:10ae700000f0a4008180d20001d0fe001000780014
:10ae800003d0fe009101800004f0a4008582d2006e
:10ae900005d0fe001402780001d0fe000409500025
:10aea000010d2000888040001100e8008008780033
:10aeb000d8b09000810f500017003a008fab970078
:10aec000e6834300f7b79f001700780080bf9f001c
:10aed000800078000100d0000fa997001200400008
:10aee000d0af9f00e8a0900028009000d5ff2f0071
:10aef00048aa9000d8099000220a2000b8ab0200ae
:10af000001000000dfa99700800978008fbb97003f
:10af10007fb39700070be80018b09000e10f5000d6
:10af2000c8003400180091000018a3003e00320051
:10af3000000f200000004400a0af9f00610d200022
:10af40008100440091af9f009e00780008017800c6
:10af500052007800d2af9f00afa99700930278000b
:10af60001fab970016027800f8019000020620003f
:10af7000b8ab020001000000dfb3970007004000fb
:10af800080bf9f009e0078005fa9970012007800a4
:10af9000afa99700930278001fab970016027800c4
:10afa0008809900002062000b8ab020001000000f2
:10afb000afb3970007004000f0b79f009e007800f5
:10afc0005fa9970012007800afa99700930278005c
:10afd0001fab970016027800d801900002062000ef
:10afe000b8ab020001000000efb39700070040007b
:10aff000a0b79f009e0078005fa99700120078001c
:10b00000afa99700930278001fab97001602780053
:10b01000e801900002062000b8ab02000100000029
:10b020000c00400031003700070f20008703440068
:10b03000e7b79f00600d200000004400d0b79f00dc
:10b0400099007800080678005c0078009702780084
:10b050005fb1970012027800f8019000020620000c
:10b06000b8ab02000100000080bf9f00990078008b
:10b070001c007800efb19700930278005fb397004f
:10b08000160278008809900002062000b8ab020082
:10b0900001000000f0b79f00990078001c007800c4
:10b0a000efb39700970278005fb197001202780023
:10b0b000d801900002062000b8ab02000100000099
:10b0c000a0b79f00990078001c007800efb19700ae
:10b0d000930278005fb3970016027800e8019000b1
:10b0e00002062000b8ab02000100000068a9900031
:10b0f000afb3970082bab900b147210001a3b900ec
:10b10000c3b9de004fa2de00048251008281b90083
:10b110000190b900c388de004f91de00028150002b
:10b120007fb097008083b9008fb897008188b900fd
:10b13000000043004580de008291b90084a2b9007e
:10b140000402410045a2de0068a190000201d00087
:10b15000b800900001014100cf80de0000004000f7
:10b160008180480003802600e3af9f001610200076
:10b17000f6af9f006fab9700ffab97000000430056
:10b1800081804b00cfa2de000402420085824a008b
:10b1900083037800e7a79f00ffa99700f3a79f000c
:10b1a0006fab9700ffab97000402430085824b0012
:10b1b0009301800000f0a4008180d20001d0fe0045
:10b1c0001000780003d0fe009101800004f0a4007c
:10b1d0008582d20005d0fe001402780001d0fe0066
:10b1e0000409500088a8900058b09000808f50004b
:10b1f0001b003a00dfa39700668643001c0078001e
:10b2000080bf9f00800078000100d0001700400040
:10b21000f0b79f00e8a0900038009000d5ff2f0005
:10b2200048aa9000d8099000220a2000b8ab02007a
:10b23000010000007fb19700000978008fb99700e6
:10b24000030ee800d8b0900008a89000808f50004e
:10b2500003003a00000d2000080040000008eb0049
:10b260000a05e8003b0090008a0f500075fe3c0084
:10b270004f0778004f06be004f05be004f04be00ca
:10b28000af02b10000000600f0874700889fbe00b3
:10b290008a9fbe008c9fbe008e1f780080057800bc
:10b2a00001047800201020000b0040001000a100d5
:10b2b000380090008006eb000000e0007f003400c2
:10b2c0000d0078008d0478008a0c20000b054500e5
:10b2d0002e1020000b0747006c0e20000b064600c6
:10b2e000c10e200081804500d1b79f00220d2000b3
:10b2f00002814500a2b79f009a00e800010d780086
:10b30000f20b2000828f500001003400000deb0092
:10b310006149b90002014100838149009a00d000cf
:10b320009b804000180241009408780018014100f9
:10b33000f17f2000928f100001003a001e00a00053
:10b340000000e8009c0f100058003a006168b90046
:10b350000001400081814800f2b79f0083bf9f0039
:10b3600098014100e3b79f009a0078005fb0970012
:10b37000900278002fb1970012027800cb01900064
:10b38000020c20001b007800b8ab02000100000096
:10b39000efb1970080097800fc8045007fb19700ed
:10b3a0001800410010007800b6fc0700e0b79f00cd
:10b3b000ffb1970098814100f3b79f0080007800ab
:10b3c0004708de008000eb0000004000818048005c
:10b3d000627b2b00b2b79f0013102000c3b79f0001
:10b3e0003fb19700cfb19700000041008180490034
:10b3f0009201800000f0a4008180d20001d0fe0004
:10b400001000780002d0fe0080007800ffb19700a5
:10b4100013007800feaa020001000000ffb09700b0
:10b4200080087800005327006fb19700800f51000b
:10b430000e003400dfb197001300e80080097800a7
:10b44000fe80450011017800cf11de00028141002d
:10b450008288d100f00f500012003400000120005b
:10b46000dfb09700800878000e003700f0702200ef
:10b470006fb19700800f51000a003c00dfb19700c8
:10b480001300e90080097800fe8045001101780072
:10b4900082084100f00f400002003d0000ff2f0035
:10b4a000800978008d06e8000000eb008904e800c0
:10b4b000b8009000898f50008fff3c003d04980039
:10b4c0004f0778004f06be004f05be004f04be0078
:10b4d0000f01b10000000600ef0db000889fbe0014
:10b4e0008a9fbe008c9fbe008e1f7800800578006a
:10b4f00001047800000320003004980098037800cd
:10b500000000eb0061f12f008f804000610ab8005d
:10b51000060320008b0478006101b900020141009c
:10b520008381490084004100028143009208780031
:10b530000000e800860f5000f7ff3a00c4af9f00fc
:10b54000d5af9f0089057800201020000b00400037
:10b550001000a1001ba890000008a3000500320005
:10b560000080d100e0af9f008001e800f3af9f00b2
:10b57000030037000080d100f0af9f00e0af9f00d4
:10b58000380090000006eb000000e000ba00340034
:10b59000ecb79f00890c20008b8444002110200010
:10b5a00081804500b1af9f00ca0e20000b05450009
:10b5b0006881450092b79f00fc81450083b79f00da
:10b5c0001900e800800c7800f10b2000810f50007a
:10b5d00001003400800ceb00cfa89700010046006a
:10b5e000100078009900d0009b804000800878000f
:10b5f000f17f2000810f500002003a003fa9970020
:10b600001200a0006160b900000140008181480083
:10b61000f2b79f0083bf9f00980641009900780011
:10b620009a0278007faa97001fb0970090017800d7
:10b63000020c20001b00780076ab02000100000025
:10b64000800e7800ffb09700188040008fb0970000
:10b65000100078000bfc0700800678007fb197008f
:10b66000180741004768de008000eb000000400042
:10b6700081804800637b2b00c3b79f00121020001d
:10b68000d2b79f004fb19700dfb197000000410093
:10b69000818049009201800000f0a4008180d200e6
:10b6a00001d0fe001000780002d0fe00800078007b
:10b6b0001e007800feaa020001000000000f7800c2
:10b6c00000532700808f56000c0034001a00e80059
:10b6d000000d7800fe80450011017800cf11de00da
:10b6e000028141008288d100f00f50000f00340029
:10b6f00000012000000d78000c003700f0702200df
:10b70000808f560009003c001a00e900000d780007
:10b71000fe8045001101780082084100f00f4000d2
:10b7200002003d0000ff2f00000d78000c0778009c
:10b730000e00e800cf80de0000014000818148005b
:10b74000f2b79f0083bf9f00180641009900e800f0
:10b750009a0278006faa97001fb097009081e800c6
:10b76000020c20001b00780076ab020001000000f4
:10b77000000e7800ffb09700188040008fb097004f
:10b7800010007800bffb0700000678007fb197002b
:10b79000980641004760de008000eb00000040009a
:10b7a00081804800637b2b00a3b79f00121020000c
:10b7b000b2b79f002fb19700bfb1970000004100c2
:10b7c000818049009201800000f0a4008180d200b5
:10b7d00001d0fe001000780002d0fe00800078004a
:10b7e0001d007800feaa020001000000800e780013
:10b7f00000532700800f56000c0034001a00e800a8
:10b80000000d7800fe80450011017800cf11de00a8
:10b81000028141008288d100f00f50000f003400f7
:10b8200000012000000d78000c003700f0702200ad
:10b83000800f560009003c001a00e900000d780056
:10b84000fe8045001101780082084100f00f4000a1
:10b8500002003d0000ff2f00000d78000e86e8007a
:10b86000efb197008301e800e3b79f003800900034
:10b87000830f500052ff3c003c0498004f077800b3
:10b880004f06be004f05be004f04be00ef0db100d5
:10b8900000000600f2874700889fbe008a9fbe0016
:10b8a0008c9fbe008e1f78000004be0092b79f00e0
:10b8b000660041000008eb00390090000000e00045
:10b8c0008d0034000005eb008002200000004400e1
:10b8d000c0b79f00cc022000080646002e032000bf
:10b8e00008074700a105200081004400b1b79f0070
:10b8f0004205200002014400a2b79f004fb097000c
:10b900001ecd0200010000006150b900000240009d
:10b9100081824800f4b79f0085bf9f009c0078009b
:10b920001900420010007800feaa02000100000089
:10b93000800578009e007800ffb2970019804200d1
:10b9400010007800feaa02000100000080007800cc
:10b950000b007800feaa0200010000003fb3970030
:10b96000000b78002fb097000eab02000100000022
:10b9700001062000888040001102780091029000aa
:10b980004f83de000401400085014b008288be0029
:10b9900048329000d8329000840f5100858f5900b2
:10b9a00005003c0060021200e0821a00840f510082
:10b9b000858f590003003d006011b80002349800e3
:10b9c0001334980038319000883090008191b9008c
:10b9d00018329000a831900083a2b9000401410000
:10b9e000011ab80085024100c4a9de00d3b79f0048
:10b9f0004fabde00e6b79f008306780088389000e2
:10ba0000feaa020001000000a1032000888040007f
:10ba10008d084000e10c2000888040001100e80003
:10ba200080087800c8b09000810f50002e003500cb
:10ba3000e00c2000080040000008eb00c10c2000d2
:10ba4000888040001100e80080087800110a20007a
:10ba5000810f500003003400c00c2000080040009b
:10ba60000008eb0068a090000000d000a800900043
:10ba7000010040000b087800010d20008880400084
:10ba80001100e80080087800d8b09000810f5000c5
:10ba900015003500000d2000080040000008eb00f4
:10baa0001fb09700e60540009b0678000d00d0000f
:10bab0009fb0970011004000f0b79f00e8a09000f1
:10bac000280090008002eb0048aa9000d80990005e
:10bad000220a2000b8ab0200010000007fb19700ed
:10bae000000978008d0de8000a05e8003900900093
:10baf0008a0f500081ff3c004f0778004f06be00c0
:10bb00004f05be004f04be002f01b100000006002b
:10bb10004780de00c788de000000e0002600350018
:10bb2000f003b2000100e000110035004600dd0026
:10bb3000f103b20001004000cf80de0000004000b1
:10bb400081804800028c2a0003102000000141007f
:10bb5000818149009401800002f0a4008381d20019
:10bb600003d0fe001201780004d0fe003a00370036
:10bb70000101ea00f203b2004611dd0000014100bc
:10bb8000cf91de000201410083814900048c2a002c
:10bb9000051020000201420083814a0091018000cb
:10bba00002f0a4008381d20003d0fe0012017800cd
:10bbb00001d0fe00280037000000ea00f003b200c8
:10bbc0000100e00012003500f103b2004609dd007b
:10bbd00000014100cf91de00020141008381490054
:10bbe000008c2a00011020000200400083804800e1
:10bbf0009301800000f0a4008180d20001d0fe00fb
:10bc00001000780003d0fe00000178001200370019
:10bc10008100ea004600dd00f103b20001014000ae
:10bc2000cf91de000201410083814900008c2a008f
:10bc30000110200002004000838048009301800032
:10bc400000f0a4008180d20001d0fe001000780036
:10bc500003d0fe000001780002007800000006001a
:10bc6000f0874700889fbe008a9fbe008c9fbe0061
:10bc70008e1f780000047800010578002010200055
:10bc8000080040001000a1003a0090000000e00011
:10bc9000b80034008005eb008c0c2000080646003c
:10bca0002010200000004400a0b79f00290c2000b5
:10bcb00088844400c10e200081004400c1b79f0069
:10bcc000220d200002014400b2b79f001c00e800d2
:10bcd000000e7800f10b2000810f500001003400ad
:10bce000000eeb006158b90000024000818248005c
:10bcf000f4b79f0085bf9f001c00d00018004000d3
:10bd00009a00420011087800ffb297009a80420022
:10bd1000f07f2000910f100002003a002fb0970032
:10bd20001000a0000b08a3000c003200ffb0970029
:10bd30009a864000d8a09000180090008002eb0086
:10bd400028aa9000d801900002062000faab020059
:10bd500001000000800e7800820037001900e80022
:10bd6000800c780071022000810f50000100340027
:10bd7000800ceb00990678009c0078004fb197008a
:10bd800092027800bfb1970013027800c8019000ba
:10bd9000020c200018007800b8ab0200010000007f
:10bda0006169b9009203b0000380b0000201410054
:10bdb0008381490082064400800e7800fc00440024
:10bdc00019017800cf91de009203b0000380b0002b
:10bdd0000201410083814900020044001000780004
:10bde00028fa070080067800190178004768de000d
:10bdf0008000eb000000400081804800647b2b0045
:10be0000d4b79f0015102000e5b79f005fb29700e0
:10be1000efb297000000420081804a00cf91de001f
:10be20009203b0000380b000020141008381490009
:10be3000020744009201800000f0a4008180d2003b
:10be400001d0fe001000780002d0fe0080007800d3
:10be50001e007800feaa020001000000000f78001a
:10be600000532700808f56000d003400cfb297009a
:10be70001500e800800a7800fe00440011017800f7
:10be8000cf11de00028141008288d100f00f500006
:10be90001100340000012000800a78000e003700f5
:10bea000f0702200808f56000b003c00cfb097004e
:10beb0001100e90080087800fe00440011017800bc
:10bec00082084100f00f400003003d0000ff2f00fa
:10bed0004fb197000009780028a0900019001000c9
:10bee00001003b008002b000ffb197009a80410042
:10bef0006101b9009203b0000380b000020141006b
:10bf0000838149000200440090087800a10c2000c1
:10bf1000888040001100e80080087800f1052000ca
:10bf2000810f500003003400a00c200008004000e6
:10bf30000008eb0058a090000000d000980090008e
:10bf40000100400019017800cf91de009203b0009b
:10bf50000380b00002014100838149008200440057
:10bf6000110878008b05e8003a0090008b0f500014
:10bf700056ff3c004f0778004f06be004f05be003d
:10bf80004f04be000f01b10000000600fa87470011
:10bf9000889fbe008a9fbe008c9fbe008e1f7800c7
:10bfa0000004be00e2af9f00660041000008eb0005
:10bfb000390090000000e000c80034000005eb00ec
:10bfc000800220000000440090b79f002b03200057
:10bfd00088854500c102200081004400a1b79f0070
:10bfe000a20520000201440082b79f004305200003
:10bff00083014400f3af9f001fb097001ecd0200e5
:10c00000010000006152b900f4b79f0085bf9f0096
:10c010000400420085804a00d0b79f00e1b79f002e
:10c020009b0078005fb19700190041001000780074
:10c03000feaa020001000000000678007fb297000f
:10c040008fba970061004200e0804a000001400082
:10c0500081814800f2b79f0083bf9f00afb1970076
:10c060009300ea001900410010007800feaa0200c7
:10c0700001000000000656007fb2970099004200c0
:10c080001b00780091007800feaa02000100000069
:10c0900080067800afb297009500ea005fb3970082
:10c0a0001900430010007800feaa02000100000001
:10c0b0008d0640000c00be0095fe07008fb0970073
:10c0c000800878007fa897000eab020001000000f6
:10c0d0000106200088804000110278009102900043
:10c0e0004f83de000401400085014b008288be00c2
:10c0f00048329000d8329000840f5100858f59004b
:10c100000300340004349800153498000700370009
:10c1100060021200e0821a00840f5100858f5900de
:10c1200002003d0004349800153498003831900026
:10c13000883090008191b90018329000a8319000a9
:10c1400083a2b90004014100011ab8008502410030
:10c15000c4a8de00b1b79f004fa9de00c2b79f00a0
:10c160000107780088389000feaa02000100000054
:10c17000a1032000888040008e084000c10c2000f0
:10c18000888040001100e80080087800c8b0900066
:10c19000810f50004d003500c00c20000800400009
:10c1a0000008eb00e10c2000888040001100e8004e
:10c1b00080087800110a2000810f5000030034002d
:10c1c000e00c2000080040000008eb00e00c20001c
:10c1d000080040001001d000a8009000810041003c
:10c1e0008c0878009000d00038009000008040005b
:10c1f0000d087800010d2000888040001100e80043
:10c2000080087800d8b09000810f50002f003500d2
:10c21000000d2000080040000008eb00efa9970087
:10c22000e68641001d0778000e00d0001300400094
:10c23000d0af9f00840d200004024400d4b79f00bb
:10c24000fa024400f5b79f00ec0c200008064600f7
:10c250009c007800280090008002eb000403780026
:10c26000160278007fb1970092017800220a200020
:10c27000b8ab020001000000dfa997008009780038
:10c280000e07e8008e0e78000e00d0006faa97000f
:10c2900014004000d0af9f009c0078003800900050
:10c2a0008002eb005fb39700160278007fb1970021
:10c2b00092017800220a2000b8ab020001000000c1
:10c2c000dfa99700800978008e0ee8000a85e80053
:10c2d000390090008a0f500047ff3c004f0778005c
:10c2e0004f06be004f05be004f04be00af01b100b7
:10c2f000000006000f02b000889fbe008a9fbe00ab
:10c300008c9fbe008e1f78000004be00e2af9f002d
:10c3100048a890000008a300050032000080d1006a
:10c32000a0af9f000000e800b0af9f0004003700fe
:10c330000080d100b0af9f0080007800a1af9f00c7
:10c340006fa99700660041000008eb0039009000db
:10c350000000e000ee0034000005eb008302200046
:10c360008301440093b79f002b032000888545007c
:10c37000c402200004024400a4b79f00a5052000c9
:10c380008502440085b79f0046052000060344004f
:10c39000f6af9f001fb097001ecd02000100000005
:10c3a0006150b900f0b79f0081bf9f0000014000bd
:10c3b00081814800d2b79f00e3b79f009b007800bf
:10c3c0001900410010007800feaa020001000000e0
:10c3d000000678007fb297008fba97006100420094
:10c3e000e0804a000001400081814800f2b79f00d0
:10c3f00083bf9f00afb197009300ea00190041008e
:10c4000010007800feaa020001000000000656009d
:10c410007fb29700990042001b00780091007800dd
:10c42000feaa02000100000080067800afb297006b
:10c430009500ea005fb397001900430010007800f0
:10c44000feaa0200010000008d0640000c00be00a4
:10c45000affd07008fb09700800878007fa8970095
:10c460000eab0200010000000106200088804000a1
:10c4700011027800910290004f83de000401400019
:10c4800085014b008288be0048329000d83290006f
:10c49000840f5100858f5900030034000434980044
:10c4a000153498000700370060021200e0821a007d
:10c4b000840f5100858f590002003d00043498001c
:10c4c0001534980038319000883090008191b9007f
:10c4d00018329000a831900083a2b90004014100f5
:10c4e000011ab80085024100c4a8de00b1b79f0060
:10c4f0004fa9de00c2b79f0001077800883890007e
:10c50000feaa020001000000a10320008880400074
:10c510008e084000c10c2000888040001100e80017
:10c5200080087800c8b09000810f5000740035007a
:10c53000c00c2000080040000008eb00e10c2000c7
:10c54000888040001100e80080087800110a20006f
:10c55000810f500003003400e00c20000800400070
:10c560000008eb00e00c2000080040001001d000a3
:10c57000a8009000810041008c0878009000d00055
:10c5800038009000008040000d087800010d200068
:10c59000888040001100e80080087800d8b0900042
:10c5a000810f500056003500000d200008004000ab
:10c5b0000008eb00efa99700e68641001d02780015
:10c5c000d4b79f000400d00013004000d0af9f00fc
:10c5d0007a074400ec0c2000080646009c00780016
:10c5e000e4024400f5b79f00150078008002eb00dc
:10c5f0003faa97009e017800220a200076ab020035
:10c60000010000005fab9700000b78005fb097005f
:10c610000000e800d0b79f00800e7800dfb09700e0
:10c620000100d0006fa9970012004000c0af9f002a
:10c630009c007800e6014400d3af9f00130078000f
:10c640008002eb003faa97009e017800220a20009a
:10c6500076ab0200010000004faa9700000a7800a4
:10c66000dfb297008502e800d5b79f00850e7800fd
:10c670000500d0006fab970016004000c0af9f00d0
:10c680009c00e8007fb19700120078008002eb0068
:10c690002faa97009e81e800220a200076ab0200b4
:10c6a00001000000cfa99700800978005fb29700d1
:10c6b0000402e800d4b79f00840e78000400d00084
:10c6c000efaa970015004000f0b79f009c00e8001b
:10c6d0005fab9700160078008002eb002faa97004e
:10c6e0009e81e800220a200076ab020001000000d3
:10c6f000ffb09700800878005fb19700820ee800d5
:10c700000a85e800390090008a0f500021ff3c00a4
:10c710004f0778004f06be004f05be004f04be0015
:10c720000f02b10000000600ec874700889fbe00a2
:10c730008a9fbe008c9fbe008e1f78000004be0042
:10c7400020102000080040001000a1000800910007
:10c75000e10f500017003a000010200008004000d0
:10c760000008eb0058b890000000e00001003d0018
:10c77000670040004380de00810f20008880400079
:10c78000110010008008780003003b00800f20009b
:10c79000080040000008eb0068b89000c8b890009e
:10c7a000808f500003003500810f200088804000fa
:10c7b0008008e90098a8900048b890008088b900e7
:10c7c00080007800390090000000e0003a0034005a
:10c7d0008005eb008a0c2000080545002010200091
:10c7e00000004400c0b79f00c20e200002014400b8
:10c7f00082bf9f00230d200083014400f3b79f00f8
:10c800006108b9000001400081814800d2b79f0053
:10c81000e3b79f001a00e800000d7800f10b20003c
:10c82000810f500001003400000deb00615eb90083
:10c830000c0646008d864e001a00d00018004000fd
:10c84000990046001108780099004600f07f20000a
:10c85000910f100002003a00cfb197001300a00022
:10c8600019074600c80190009a0078000fb8970099
:10c87000900278007fb19700120278005fb09700b5
:10c8800080814100020c200018007800b8ab020043
:10c8900001000000000f7800fc004400190646006b
:10c8a0001c00780077f707008b05e800390090003e
:10c8b0008b0f5000d7ff3c004f0778004f06be009b
:10c8c0004f05be004f04be00cf00b10000000600bf
:10c8d000ec874700889fbe008a9fbe008c9fbe00e9
:10c8e0008e1f780000047800810578003b009000de
:10c8f0008000eb00c1b79f000000e000780034002a
:10c90000010578008e02200008074700cd022000b4
:10c9100088864600a405200004024400e4b79f0076
:10c920004505200085024400d5b79f000906200078
:10c93000888444000e0078001ecd02000100000033
:10c940009d0078000a00d0001b0040001000780015
:10c95000feaa020001000000efb0970080087800f6
:10c960005fb097000eab02000100000019027800d2
:10c9700099029000cf80de000401400085814800cc
:10c98000828cbe0048329000d8329000840f510053
:10c99000858f590002003400848cbe0006003700e9
:10c9a00060021200e0821a00840f5100858f590046
:10c9b00001003d00848cbe00383190009900780061
:10c9c0008191b90018329000a831900083a2b9007b
:10c9d00004014100011ab80085024100c4a8de002c
:10c9e000f1b79f00cfa8de0081bf9f007fb6970000
:10c9f00088389000feaa020001000000a103200078
:10ca0000888040008c084000e20c200008014100b2
:10ca10009200e8000109780048b19000828f500030
:10ca20002b003500e10c2000888040008008eb00de
:10ca3000c20c2000080141009200e80001097800c2
:10ca4000120a2000828f500003003400c10c200025
:10ca5000888040008008eb00e8a090008100d000b2
:10ca6000280190008280400080087800010d20009d
:10ca7000888040001100e80080087800d8b090005d
:10ca8000810f500012003500000d2000080040000a
:10ca90000008eb004fb297000406d0001b064600ca
:10caa000e8a0900028009000c5ff2f0048aa900041
:10cab000d8099000220a2000b8ab02000100000053
:10cac000000e7800cfb297008502e800c5b79f003e
:10cad0000a05e8003b0090008a0f500095ff3c00db
:10cae0004fb09700b00598004f0778004f06be0082
:10caf0004f05be004f04be00cf00b100000006008d
:10cb00001600fa00889fbe008a9fbe008c9fbe0060
:10cb10000005be000204be0084007800850678008f
:10cb200006067800400f20000a0040001060a000b8
:10cb30000e0078001a900200010000000a000900af
:10cb4000be1c78006901b1006e01b100b042200046
:10cb500000004400c1c0b30090cf100018003a009c
:10cb6000728044001010a00048409000805498004b
:10cb7000d84090009154980008007800d080e900d7
:10cb8000010878008980e8008008eb001000e000d0
:10cb90000b0034000000eb008980e8008881e80089
:10cba00000014400000044006040900040419800b3
:10cbb0001100e80080087800930f1000f8ff3c0097
:10cbc0008b0178000c01780088007800090078005b
:10cbd0007eae020001000000180090000a0bb000b9
:10cbe000cf80de001a1d40001a954800f6874700e6
:10cbf000768557000a000900391d78006a01b100e6
:10cc00006901b1000d007800f09102000100000000
:10cc1000c04220000004440018a0a1008a07780048
:10cc20004f06be004f05be004f04be000080fa0054
:10cc300000000600f0874700889fbe008a9fbe0064
:10cc40008c9fbe008e1f780080047800020478005c
:10cc50008305780085bf9f00060778008706780067
:10cc60006fad97005fae9700241091000000e000c8
:10cc7000400034002088a900840078007c805700a0
:10cc800096930200010000007c805700300178007c
:10cc9000b0017800028cbe00880078004100b0002e
:10cca000b0187800b0107800100178009001900062
:10ccb000a2009800b30098002088a800880078009f
:10ccc0000a00780044d9020000000000200f200074
:10ccd000090040001020a1001a0091000008a300e4
:10cce00004003200400f2000090040001010a00096
:10ccf00003003700400f2000090040001010a10081
:10cd0000200f2000090040001010a1000c01780045
:10cd1000880078000a0078004adc02000000000069
:10cd20000d0278008e0178000fb997008c00780012
:10cd30000b00780062370200010000001b309000f9
:10cd40000000e00003003a002b3090000000e000fb
:10cd500002003200290fb0001910a0002088a9009d
:10cd600058009000980078008c91020001000000ab
:10cd70002088a8004f0778004f06be004f05be0070
:10cd80004f04be000f01b10000000600f08747000d
:10cd9000889fbe008a9fbe008c9fbe008e1f7800b9
:10cda00000057800020478008305780085bf9f00a5
:10cdb0000607780087067800efac97005fae970013
:10cdc000241091000000e000490034002088a900f0
:10cdd000840078007c8057009693020001000000d8
:10cde0007c80570030017800b0017800028cbe00d2
:10cdf000880078004100b000b0187800b0107800ca
:10ce00001001780090019000a2009800b3009800f3
:10ce10002088a800880078000900780030de020031
:10ce200000000000200f20000a0040001020a10098
:10ce3000190091000008a30004003200400f2000f8
:10ce40000a0040001010a00003003700400f20002f
:10ce50000a0040001010a100200f20000a0040002e
:10ce60001010a100190091000038a3000600320044
:10ce70000c01780088007800090078007ae102004f
:10ce800000000000050037000c01780088007800e1
:10ce900009007800c6df0200000000000d027800e3
:10cea0008e0178000fb997008c0078000b00780095
:10ceb000c0390200010000001b3090000000e000bb
:10cec00003003a002b3090000000e0000200320026
:10ced0002a0fb0001a10a0002088a9005800900066
:10cee000980078008c910200010000002088a800c2
:10cef0004f0778004f06be004f05be004f04be002e
:10cf00000f01b100000006000800fa00889fbe0073
:10cf10008a9fbe00800478000105780082057800b1
:10cf2000e9a0900050a52a00808f50003d003a00f3
:10cf300015cea800c00c2000090040000008eb003e
:10cf40007080570092b30200010000000000eb0067
:10cf500000017800f0805700610ab80084004000aa
:10cf60001104e000010032000200a0000000e8000f
:10cf7000e80f5000f9ff3a000200e0000e003a000e
:10cf8000640045006103200050bc02000100000065
:10cf9000008dbe008b017800a20320008000eb0012
:10cfa0000a007800ecb4020001000000200f20000d
:10cfb000090040001070a0000000eb0000017800a4
:10cfc000640245008002eb00840040001104e00090
:10cfd000010032000200a0000000e800e80f50004d
:10cfe000f9ff3a000200e00033003a006400450017
:10cff0006103200050bc020001000000008dbe0053
:10d000008b017800a20320008000eb000a0078006a
:10d01000ecb4020001000000290fb0001970a0005c
:10d0200025003700640445000800780092b3020030
:10d0300001000000610320000800780050bc0200dd
:10d0400001000000008dbe008b017800a2032000cb
:10d050008000eb000a007800ecb402000100000040
:10d060000000e00010003a00158ea8002003200008
:10d0700001002000c8d5020001000000158ea900a3
:10d080002003200001002000c8d50200010000009c
:10d09000158ea8002003200001002000c8d5020042
:10d0a00001000000158ea90069289000f928900061
:10d0b00080a4980091a498004f05be004f04be00c4
:10d0c0000080fa00000006000800fa00889fbe00f9
:10d0d0008a1f78000004be0002057800e8a09000d6
:10d0e00050a52a00808f50003b003a00c00c200061
:10d0f000080040000008eb006e80570092b3020069
:10d10000010000000000eb0000017800ee805700f5
:10d11000610ab800840040001104e0000100320000
:10d120000200a0000000e800e80f5000f9ff3a00fc
:10d130000200e0000e003a00648044006103200019
:10d1400050bc020001000000808cbe008a01780003
:10d15000a20320008000eb0009007800ecb402007c
:10d1600001000000200f2000080040001070a00007
:10d170000000eb0000017800648244008002eb00b4
:10d18000840040001104e000010032000200a00011
:10d190000000e800e80f5000f9ff3a000200e0004c
:10d1a0000d003a00648044006103200050bc02007e
:10d1b00001000000808cbe008a017800a2032000dc
:10d1c0008000eb0009007800ecb4020001000000d0
:10d1d000280fb0001870a0004f0578004f04be0063
:10d1e0000080fa0000000600f4874700889fbe0018
:10d1f0008a9fbe008c9fbe008e1f7800800478003e
:10d20000e2b79f0083bf9f0005077800860678007d
:10d21000070678004fac9700bfad9700241091002f
:10d220000000e0005f0034002088a900840078003e
:10d2300000fe2f000f004000969302000100000046
:10d2400000fe2f000f00400030017800b001780090
:10d25000efb097008288be00efb097004100b000a9
:10d26000b0187800b010780010017800900190009c
:10d27000a2009800b30098002088a800efb09700a3
:10d280000800780044d902000000000068b0900057
:10d29000ea0f400004003500200f20000900400084
:10d2a0001020a10003003700200f200009004000db
:10d2b0001020a000180091000008a3000400320014
:10d2c000400f2000090040001010a00003003700ac
:10d2d000400f2000090040001010a1000b01780051
:10d2e000efb0970008007800ded5020000000000d3
:10d2f000200f2000090040001010a10079a8900024
:10d300000000e0001f0034000004eb002a0f2000a2
:10d3100009054500e90db000f9b79f00800720001e
:10d3200000c0b9008fb9970080844100c621200059
:10d3300006c3b9007641b900020147006c40b9004c
:10d34000808045000c027800868146000900780044
:10d350006237020001000000193090000000e00078
:10d3600003003a00293090000000e0000100320084
:10d370001a10a0000804e8007fb09700900f140076
:10d38000e6ff3c002088a900efb097005100900014
:10d3900001017800920078008c91020001000000e9
:10d3a0002088a8004f0778004f06be004f05be003a
:10d3b0004f04be004f01b10000000600f687470091
:10d3c000889fbe008a9fbe008c9fbe008e1f780083
:10d3d00080047800d2b79f0083bf9f00f5b79f00fd
:10d3e00006077800870678003fac97002fae9700bd
:10d3f000241091000000e0006d0034002088a90096
:10d4000084007800e0fd2f000f004000969302009a
:10d4100001000000e0fd2f000f0040003001780007
:10d42000b0017800dfb097008288be00dfb09700bf
:10d430004100b000b0187800b010780010017800fa
:10d4400090019000a2009800b30098002088a800e6
:10d45000dfb097000800780044d902000000000007
:10d4600068b09000ea0f400004003500200f200053
:10d47000090040001020a10003003700200f200009
:10d48000090040001020a000180091000008a3002f
:10d4900004003200400f2000090040001010a000de
:10d4a00003003700400f2000090040001010a100c9
:10d4b0000c017800dfb097000800780096d30200d6
:10d4c00000000000200f2000090040001010a10003
:10d4d00079a890000000e0002d0034000004eb006b
:10d4e0002b0f200089854500e90db000e9b79f00aa
:10d4f0007640b900ffb19700008541008007200009
:10d5000000c0b9000fb9970080044100c22120007b
:10d5100002c1b9006c40b900800046000d027800dd
:10d52000820147000a017800090078006237020092
:10d5300001000000193090000000e00003003a00f4
:10d54000293090000000e000010032001b10a00014
:10d550002a0090000000e00009003d00a07080005b
:10d560004d00de000080ea00610060004d00dd003b
:10d57000a170800001d0a10081007000a17088001e
:10d580000804e800efb19700930f1400d8ff3c00a7
:10d590002088a900dfb097005100900001017800b9
:10d5a000920078008c910200010000002088a80001
:10d5b0004f0778004f06be004f05be004f04be0067
:10d5c0006f01b10000000600f2874700889fbe008f
:10d5d0008a9fbe008c9fbe008e1f7800800478005a
:10d5e0000205780083bf9f00050778008606780053
:10d5f000070678005fac9700241091000000e0005f
:10d60000580034002088a900840078007e805700ec
:10d6100096930200010000007e80570030017800e0
:10d62000b0017800028dbe008a0078004100b00091
:10d63000b0187800b01078001001780090019000c8
:10d64000a2009800b30098002088a8008a00780003
:10d650000800780044d902000000000068b0900083
:10d66000ea0f400004003500200f200009004000b0
:10d670001020a10003003700200f20000900400007
:10d680001020a000180091000008a3000400320040
:10d69000400f2000090040001010a00003003700d8
:10d6a000400f2000090040001010a1008a007800ff
:10d6b0000800780068e4020000000000200f20004d
:10d6c000090040001010a10079a890000000e000bf
:10d6d0001e0034000004eb002b0f2000898545005c
:10d6e000e90db000f9b79f008007200000c0b90025
:10d6f0008fb9970080844100c021200000c0b9008c
:10d700007641b900020147000c0278008081460092
:10d710008a007800090078006237020001000000ea
:10d72000193090000000e00003003a00293090001a
:10d730000000e000010032001b10a0000804e80017
:10d740007fb09700900f1400e7ff3c002088a900ed
:10d750005a0090009a0078008c91020001000000ad
:10d760002088a8004f0778004f06be004f05be0076
:10d770004f04be002f01b10000000600f2874700f1
:10d78000889fbe008a9fbe008c9fbe008e1f7800bf
:10d7900080047800010478000205780083bf9f00b0
:10d7a00005077800860678000706780024109100a7
:10d7b0000000e000540034002088a90084007800b4
:10d7c0007e80570096930200010000007e80570083
:10d7d00030017800b0017800028dbe008a00780028
:10d7e0004100b000b0187800b01078001001780047
:10d7f00090019000a2009800b30098002088a80033
:10d800008a007800080078006cda0200000000004e
:10d8100068b09000ea0f400004003500200f20009f
:10d82000090040001020a10003003700200f200055
:10d83000090040001020a000180091000008a3007b
:10d8400004003200400f2000090040001010a0002a
:10d8500003003700400f2000090040001010a10015
:10d86000200f2000090040001010a10079a89000ae
:10d870000000e0001e0034000004eb002b0f20002d
:10d8800089854500e90db000f9b79f0080072000a9
:10d8900000c0b9008fb9970080844100c0212000ea
:10d8a00000c0b9007641b900020147000c027800bf
:10d8b000808146008a007800090078006237020003
:10d8c00001000000193090000000e00003003a0061
:10d8d000293090000000e000010032001b10a00081
:10d8e0000804e8007fb09700900f1400e7ff3c00a9
:10d8f0002088a9005a0090009a0078008c910200bc
:10d90000010000002088a8004f0778004f06be00e5
:10d910004f05be004f04be002f01b10000000600fd
:10d92000fc874700889fbe008a9fbe008c9fbe0078
:10d930008e1f780000057800d1b79f00820678001e
:10d940000306780085bf9f00f6b79f0007077800a1
:10d95000241091000000e0007c0034002088a90021
:10d960008400780080fd2f000f0040009693020095
:10d970000100000080fd2f000f0040003001780002
:10d98000b0017800828ebe008d0078004100b000aa
:10d99000b0187800b0107800100278009002900063
:10d9a000a4009800b50098002088a8008d00780099
:10d9b0005fb0970094e3020000000000dfb2970020
:10d9c000150091000008a30004003200400f200061
:10d9d0000a0040001010a00003003700400f200094
:10d9e0000a0040001010a100200f20000a00400093
:10d9f0001010a1007aa890000000e0004d00340053
:10da00000004eb002b0f20008a8545005fb09700d3
:10da10000010b000c0b79f00dfb09700a10fb000aa
:10da2000e1b79f00820e200002014500b2b79f00bf
:10da3000a30e200083014500a3b79f001b027800be
:10da400068006200060032008007200000c0b900b4
:10da5000000046006007b0001010a000050037006d
:10da60008007200000c0b900000046006007b00039
:10da70001010a1008007200000c0b90080044600fb
:10da8000c021200000c0b9007641b9008fba9700cc
:10da9000028142000e027800ffb2970080814200ae
:10daa0008d007800090078007c3e02000100000033
:10dab0001b10a100393890000028a3001900320083
:10dac00060072000090040001020a1001000200085
:10dad000cfb0970080087800993890004006200069
:10dae0000088b90029399000cf91de00720602004b
:10daf00000000000c3f92f006fb197000309400038
:10db0000d93490003fb29700090a7800dfb297003d
:10db100045b89000afb29700800a78009200780074
:10db200061b598000804e8007aa89000880f5000ba
:10db3000c2ff3c002088a9005d0090009d00780095
:10db40008c910200010000002088a8004f07780097
:10db50004f06be004f05be004f04be00cf01b1000e
:10db6000000006001600fa00889fbe008a9fbe00d3
:10db70008c1f7800000478000205be008404780041
:10db8000a20d2000080141001200e8000009780001
:10db900078a99000820f500003003900a00d2000ea
:10dba000080040000008eb0058a99000c0212000a8
:10dbb0000011b80082804000210892000000e000bf
:10dbc0005d01340000fe2f000f0040004c93020066
:10dbd0000100000000fe2f00008047000a0009003d
:10dbe000301d78006a01b10078a89000e20f500063
:10dbf000d8003a0058a890000000e000030032006e
:10dc0000e10f5000c2003a005f00370060b620000c
:10dc100000804400c1b420008100400012002000b8
:10dc2000910f11000a003a00c1b4200081004000a9
:10dc30008008eb0001b420008180440042b4200041
:10dc400002004000b0187800a010780005003700ee
:10dc500000b42000008044000200200013002000d7
:10dc60000288be00c0b42000008044000008eb0021
:10dc700040b6200000804400100078007000600072
:10dc800005003a000b0178008a007800090078004e
:10dc9000fa0802000100000080b420000080440067
:10dca0001000e0009a00340080b42000008044009e
:10dcb0000008eb000000eb006143b800d4682000ce
:10dcc000048244008002eb006101b900820043003d
:10dcd000040141001281fb000201d100824878005a
:10dce0000000e800e70f5000f7ff3a00400f200067
:10dcf0000800400010c0a000c0b420000080440014
:10dd000011002000010878004005200008004000b4
:10dd1000120020000300200010084100509049002c
:10dd2000a0b420000080440090007800400b200048
:10dd300008004000109840008001eb00109049005e
:10dd400020af20000080440090007800800b20006d
:10dd5000080040004f89de00109840001010490074
:10dd6000158ea800682a9000f82a9000c0092000ab
:10dd700008004000027d200003002000021842003d
:10dd800003904a0062003700c0b4200000804400c5
:10dd900013002000908f11000c003a00c0b4200046
:10dda000008044000008eb0061b620008180440040
:10ddb00000b420000080400041b420008180440075
:10ddc00031187800211078000700370061b6200074
:10ddd0008180440000b42000008040000200200048
:10dde000130020000288be006cb620000c864400a0
:10ddf000c0b42000000046000008eb0040b6200040
:10de000000004600100078007000600005003a0035
:10de10000b0178008a0078000c007800fa080200f4
:10de20000100000080b42000000046001000e00067
:10de3000370034000000eb006143b800d4682000d4
:10de4000040246008002eb006101b9008600410037
:10de5000040141001281fb000201d10082487800d8
:10de60000000e800e70f5000f7ff3a00400f2000e5
:10de70000800400010c0a00080b420000000460050
:10de80000008eb00c0b42000000046001100200094
:10de90000108780040052000080040001200200022
:10dea000030020001008410050904900a0b4200059
:10deb0000000460090007800400b20000800400061
:10dec000109840008001eb001090490020af200026
:10ded000000646009c007800800b200008004000ef
:10dee0004f89de001098400010104900158ea800e0
:10def000682a9000f82a9000c0092000080040001d
:10df0000027d2000030020000218420003904a0016
:10df1000200f2000080040001030a10000af2000ba
:10df2000008044001000e00006003c0061b62000c4
:10df30008180440000af2000008040001000e0001d
:10df400056003400200f2000080040001030a000d0
:10df500052003700e10f500050003a0000b420009a
:10df60000080440002002000130020000288be0050
:10df700040b620000080440010007800700060006f
:10df800005003a000b0178008a007800090078004b
:10df9000fa0802000100000080b420000080440064
:10dfa0001000e000330034000000eb006143b800d3
:10dfb000d4682000048244008002eb006101b900b3
:10dfc00086004100040141001281fb000201d100e2
:10dfd000824878000000e800e70f5000f7ff3a00a1
:10dfe000400f20000800400010c0a00080b42000b6
:10dff000008044000008eb004005200008004000bd
:10e000001200200003002000100841005090490039
:10e01000a0b420000080440090007800400b200055
:10e0200008004000109840008001eb00109049006b
:10e0300020af20000080440090007800800b20007a
:10e04000080040004f89de00109840001010490081
:10e05000158ea800682a9000f82a9000c0092000b8
:10e0600008004000027d200003002000021842004a
:10e0700003904a00200f2000080040001030a1004b
:10e0800000af2000008044001000e00003003400d6
:10e09000200f2000080040001030a00080b42000b5
:10e0a00000804400c3ff2f00908f11000c003a0045
:10e0b00080b42000008044000008eb0015aea800ea
:10e0c000682a9000f82a9000000a2000080040000a
:10e0d000027d2000030020000218420003904a0045
:10e0e00060b620008084440080b42000008044009a
:10e0f000c1ff2f00908f10000b003a0080b4200069
:10e1000080844400800ceb0015aea80068299000c4
:10e11000f8299000080ab000007d200001002000ce
:10e12000001c4100019449002a0890009a007800e0
:10e130005a910200010000004f0678004f05be0012
:10e140004f04be000080fa00000006001600fa002e
:10e15000889fbe008a9fbe008c1f78000004780054
:10e1600081057800830478000406780005057800ae
:10e17000a10d2000888040001100e8008008780090
:10e18000f8a89000810f500003003900a00d200076
:10e19000080040000008eb00d8a89000c021200033
:10e1a0000008b80000014100220892000000e000d1
:10e1b000660134008200780000fe2f000f0040004e
:10e1c0004c9302000100000000fe2f000080470079
:10e1d0000a000900b01c78006901b100d8a99000bc
:10e1e000c619dd00c90090008381450002012000ae
:10e1f000190078001e8302000100000078a890003a
:10e20000e20f5000d8003a0058a890000000e0004b
:10e2100003003200e10f5000c2003a005f003700f7
:10e220006bb620008b054500c0b42000008045007f
:10e2300011002000908f10000a003a00c0b42000a6
:10e24000008045000008eb0000b4200000004500fd
:10e2500041b42000818045003118780021107800f9
:10e260000500370000b42000000045000200200037
:10e27000130020000288be00c0b42000000045004a
:10e280000008eb0040b620000000450010007800b8
:10e290007000600005003a000c01780089007800e9
:10e2a0000a007800fa0802000100000080b4200093
:10e2b000000045001000e0009a0034000000eb0070
:10e2c0006143b800d4682000048245008002eb005e
:10e2d0006101b90086004100040141001281fb0088
:10e2e0000201d100824878000000e800e70f5000ea
:10e2f000f7ff3a00400f20000800400010c0a000c7
:10e3000080b42000000045000008eb00c0b42000ed
:10e3100000004500110020000108780040052000a1
:10e3200008004000120020000300200010084100f7
:10e3300050904900a0b420000000450090007800f3
:10e34000400b200008004000109840008001eb00c6
:10e350001090490020af2000000045009000780098
:10e36000800b2000080040004f89de00109840001c
:10e3700010104900158ea800682a9000f82a900015
:10e38000c009200008004000027d2000030020009a
:10e390000218420003904a0062003700c0b4200017
:10e3a0000000450013002000908f11000c003a007f
:10e3b000c0b42000000045000008eb0061b620005a
:10e3c0008100450000b420000080400041b42000de
:10e3d00081004500311878002110780007003700cf
:10e3e00061b620008100450000b42000008040009c
:10e3f00002002000130020000288be006bb620003f
:10e400008b054500c0b42000008045000008eb00eb
:10e4100040b62000008045001000780070006000c9
:10e4200005003a000c017800890078000b007800a4
:10e43000fa0802000100000080b4200000804500be
:10e440001000e000370034000000eb006143b8002a
:10e45000d4682000048245008002eb006101b9000d
:10e4600086004100040141001281fb000201d1003d
:10e47000824878000000e800e70f5000f7ff3a00fc
:10e48000400f20000800400010c0a00080b4200011
:10e49000008045000008eb00c0b42000008045006b
:10e4a000110020000108780040052000080040000d
:10e4b0001200200003002000100841005090490085
:10e4c000a0b420000080450090007800400b2000a0
:10e4d00008004000109840008001eb0010904900b7
:10e4e00020af2000808545009b007800800b200035
:10e4f000080040004f89de001098400010104900cd
:10e50000158ea800682a9000f82a9000c009200003
:10e5100008004000027d2000030020000218420095
:10e5200003904a00200f2000080040001030a10096
:10e5300000af2000000045001000e00006003c0095
:10e5400061b620008100450000af2000008040003f
:10e550001000e00056003400200f200008004000aa
:10e560001030a00052003700e10f500050003a0078
:10e5700000b420000000450002002000130020002d
:10e580000288be0040b62000000045001000780060
:10e590007000600005003a000c01780089007800e6
:10e5a0000a007800fa0802000100000080b4200090
:10e5b000000045001000e000330034000000eb00d4
:10e5c0006143b800d4682000040245008002eb00db
:10e5d0006101b90086004100040141001281fb0085
:10e5e0000201d100824878000000e800e70f5000e7
:10e5f000f7ff3a00400f20000800400010c0a000c4
:10e6000080b42000000045000008eb004005200019
:10e610000800400012002000030020001008410004
:10e6200050904900a0b42000000045009000780000
:10e63000400b200008004000109840008001eb00d3
:10e640001090490020af20000000450090007800a5
:10e65000800b2000080040004f89de001098400029
:10e6600010104900158ea800682a9000f82a900022
:10e67000c009200008004000027d200003002000a7
:10e680000218420003904a00200f200008004000ba
:10e690001030a10000af2000000045001000e00095
:10e6a00003003400200f2000080040001030a000bc
:10e6b00080b4200000004500c3ff2f00908f1100a0
:10e6c0000c003a0080b42000000045000008eb0078
:10e6d00015aea800682a9000f82a9000000a2000d1
:10e6e00008004000027d20000300200002184200c4
:10e6f00003904a0060b620000005450080b4200069
:10e7000000004500c1ff2f00908f10000b003a0061
:10e7100080b4200000054500000deb0015aea800f8
:10e7200068299000f8299000080ab000007d2000b8
:10e7300001002000001c41000194490029089000bc
:10e74000990078005a910200010000004f067800fd
:10e750004f05be004f04be000080fa000000060016
:10e760001600fa00889fbe008a9fbe008c9fbe00e4
:10e77000000478000106780003057800840678001c
:10e7800085047800a10d2000888040001100e80079
:10e7900080087800f8a89000810f5000030039002d
:10e7a000a00d2000080040000008eb00d8a8900051
:10e7b000c02120000008b80000014100220892009a
:10e7c0000000e000c300340082007800e0fd2f006c
:10e7d0000f0040004c93020001000000e0fd2f00fc
:10e7e000008047000a000900301d78006a01b1006e
:10e7f000ab0d2000888545009b017800c619dd001f
:10e80000ca00900083014600020120001a0078002f
:10e810001e8302000100000028a890009b0f5000fa
:10e820000b003a00411520000100b80000804400b0
:10e830007800400012002000030020001008410072
:10e8400050904900400d2000080040000088eb0077
:10e85000d8a89000401520000008b80000804400af
:10e860009028910001b8a30004003a0002002000a3
:10e87000130020000208980013089800ab0d200038
:10e88000888545001b0078004c1520000c00b8005e
:10e89000008044000d0178008a0078009653020041
:10e8a000010000001b0078000c06b8000c86440034
:10e8b0001c2891000088a3005e0032002c15b000d7
:10e8c0001c80a100a00d200008004000100178006d
:10e8d0004b1520000b11b80082804400f4804000ea
:10e8e000120020000300200091084100d19049004f
:10e8f000100178000b11b800828044002115b0008f
:10e9000011b0a100100678000b60b80080854400ab
:10e910001b28910000a8a30038003a000000eb007b
:10e920006143b800615ab8006101b9008600410036
:10e93000040141001281fb000201d10082487800ed
:10e940000000e800e70f5000f7ff3a00400f2000fa
:10e950000800400010c0a0002cac9800ab10900044
:10e96000400b200008004000109840008001eb00a0
:10e970001090490078a890000000e00018003400d2
:10e980000000eb00a60d2000080343004b152000fb
:10e9900047152000e30d2000888141009600780093
:10e9a000810f50000b0032000b82b900048144003b
:10e9b000070ab80084804400111290008002eb0026
:10e9c0000409980015099800211520008280400054
:10e9d00011b0a0000000e800930f1000efff3c0012
:10e9e000c0042000080040001200200003002000a6
:10e9f0001008410050904900050037002b15b00069
:10ea00001ba0a100400d2000080040000088eb0082
:10ea1000158ea800682a9000f82a9000c0092000ee
:10ea200008004000027d2000030020000218420080
:10ea300003904a001a0890000008a3001b0032004f
:10ea4000d8a89000401520000008b80000804400bd
:10ea50002011900041062000810f51001300360064
:10ea6000102891000098a30010003200000520003b
:10ea700008004000120020000300200010084100a0
:10ea80005090490015aea800158ea900682a900084
:10ea9000f82a9000000a200008004000027d2000b3
:10eaa000030020000218420003904a00d8a89000fa
:10eab000401520000008b800808444002915b000eb
:10eac0001990a1002a0890009a0078005a9102003b
:10ead000010000004f06be004f05be004f04be00ff
:10eae0000080fa0000000600889fbe008a9fbe00da
:10eaf0008c1f78000004be0002057800e1e12b00c5
:10eb000008007800287202000100000080057800eb
:10eb10000b00440031c3b300367402000100000052
:10eb20008b0540000b004400e1c2b30036740200c4
:10eb300001000000808545000b00440041c3b30084
:10eb40003674020001000000808545000b0044007f
:10eb500031c3b30036740200010000008085450017
:10eb60000b004400b1e22b002872020001000000fb
:10eb700080854500c94090000b00440036740200b7
:10eb80000100000080854500d94090000b00440042
:10eb9000367402000100000080854500e9409000c5
:10eba0000b0044003674020001000000808545001f
:10ebb000f94090000b004400367402000100000090
:10ebc00080854500894890000b004400367402009f
:10ebd0000100000080854500994890000b0044002a
:10ebe000367402000100000080854500a9489000ad
:10ebf0000b004400367402000100000080854500cf
:10ec0000b94890000b004400367402000100000077
:10ec1000808545000b00440081e32b002872020030
:10ec200001000000808545006a299000fa299000c3
:10ec30000b0044000e7402000100000080854500b6
:10ec40000b00440051e42b00287202000100000078
:10ec5000808545004aae90000c0078001eb002008e
:10ec6000010000006161b900c811dd000200200050
:10ec7000790a9000cfa2de00040171008581710045
:10ec8000cf80de00c000dd00000020000001710028
:10ec9000818171000b0044000e740200010000002d
:10eca000808545000b00440021e52b0028720200fe
:10ecb00001000000808545006a219000fa21900043
:10ecc0000b0044000e740200010000008085450026
:10ecd0000b004400f1e52b00287202000100000047
:10ece000808545002a299000ba2990000b00440035
:10ecf0000e74020001000000808545000b004400f6
:10ed0000c1e62b002872020001000000808545004a
:10ed10004a299000da2990000b0044000e7402008a
:10ed200001000000808545000b00440091e72b00a6
:10ed30002872020001000000808545004a219000f1
:10ed4000da2190000b0044000e7402000100000064
:10ed5000808545000b00440061e82b00287202000a
:10ed60000100000080854500b90890000b004400b8
:10ed70004672020001000000808445000900440042
:10ed800071e92b0028720200010000008084440019
:10ed90004a319000da319000090044000e740200fc
:10eda00001000000808444000900440041ea2b0077
:10edb0002872020001000000808444002ab1900003
:10edc000cf91de00090044000e7402000100000033
:10edd000008044004f0678004f05be004f04be007f
:10ede000000006002f02b000889fbe008a9fbe0070
:10edf0008c9fbe008e1f780000067800010478000a
:10ee000002057800f3b79f00e4b79f0085047800ff
:10ee100086057800d7b79f005fa09700c0b79f0016
:10ee20004ca890000000e0000300340008007800c7
:10ee300052b00200010000008a00780020fd2f007f
:10ee40000f0040001a9002000100000020fd2f007a
:10ee5000008047000a000900b01c78006901b10079
:10ee60007a074400f80644001d017800380a900033
:10ee70009e017800ffb0970009007800b0ac020056
:10ee800001000000f6874700768057000a0009005d
:10ee9000391878006901b1003fa89700f09102008d
:10eea000010000008a007800c0fb2f000f00400026
:10eeb0001a90020001000000c0fb2f0000804700f4
:10eec0000a000900b01c78006901b1001812900016
:10eed000e00c20000c0040009001e80003087800de
:10eee00064804500d0af9f0028519000ec004400a2
:10eef00004560200010000000b057800002d780088
:10ef00001e0278009d0178004fa997008b007800c1
:10ef1000090078003eac020001000000f6874700bf
:10ef2000768057000a000900391878006901b1009d
:10ef30000fa09700f09102000100000000012000e6
:10ef4000000d7800cf02b100748045000c017800fc
:10ef500088007800e4fe070070024000040d78008d
:10ef60008fb997000041eb00824078005fb09700b6
:10ef7000d086020001000000000deb001000200010
:10ef80009e0f100007003a000000eb00cfb0970082
:10ef90006117b00080087800cfb097002102b00060
:10efa000800878004f0778004f06be004f05be006e
:10efb0004f04be002f02b100000006000f02b00097
:10efc000889fbe008a9fbe008c9fbe008e1f780067
:10efd000000678008104780082057800f3b79f006e
:10efe0000404780005057800e6b79f00d7b79f00b6
:10eff0004ca890000000e0000300340009007800f5
:10f0000052b00200010000008b00780040fd2f008c
:10f010000f0040001a9002000100000040fd2f0088
:10f02000008047000a000900301c78006801b10028
:10f03000fa8644001d017800788744009e0078001d
:10f04000b909900008007800c4ad0200010000007a
:10f05000f6874700768057000a00090038187800c4
:10f060006801b1004fa89700f09102000100000074
:10f070008b007800e0fb2f000f0040001a90020088
:10f0800001000000e0fb2f00008047000a0009009b
:10f09000301c78006801b10019129000e00c2000cb
:10f0a0000c0040009001e80003087800640045006f
:10f0b000d0af9f0029519000ec804400045602001c
:10f0c000010000008a057800802d78000a00780091
:10f0d000409d0200010000009d0678005d0498003c
:10f0e0001e0778006e0498002fa9970098007800fa
:10f0f0000a0078009401020001000000400498001a
:10f100000101200066d002000100000030049800d8
:10f11000f6874700768057000a0009003818780003
:10f120006801b1001fa09700f091020001000000eb
:10f1300000012000800d7800cf02b100740045006e
:10f140000c0178008900780067fe0700700240001b
:10f15000840d78008fb997000041eb008240780061
:10f160006fb09700d086020001000000800deb0018
:10f170004f0778004f06be004f05be004f04be008b
:10f180000f02b10000000600889fbe008a9fbe00eb
:10f190008c1f780080047800010678000204780053
:10f1a00003057800790090000000e0005900340069
:10f1b00038b890000028a30056003a00e8854400c3
:10f1c0001b007800d27002000100000009007800e6
:10f1d000d676020001000000000d78001b007800c8
:10f1e000c6700200010000000a007800408402009e
:10f1f00001000000c042200000004500100078001f
:10f200006c006000430032009a00900038b090001b
:10f21000808f5000060034000a80e8000008eb00f0
:10f22000c0422000000545001a20a1003900370027
:10f2300068289000f8289000408498005184980035
:10f24000b042200000004500104078000004e000bb
:10f2500002003200ec4f500027003a000a0078000c
:10f26000409d020001000000080178008c00780039
:10f270000a007800d49f02000100000028b8900026
:10f280000028a3000b003a00880078000a007800ec
:10f29000849f02000100000028b890000028a3000d
:10f2a0000400320068299000f82990002294980008
:10f2b00033949800400f2000080040001050a00038
:10f2c000c0422000000545001aa0a00080042000d4
:10f2d0000800400012002000030020001008410038
:10f2e0005090490068289000f8289000609c980091
:10f2f000719c980007003700080178008c007800a6
:10f300000a0078002ea00200010000000a85e80033
:10f31000000deb004f0678004f05be004f04be0005
:10f3200000000600889fbe008a9fbe008c1f7800e8
:10f3300000047800010578008204780011eb2b00ae
:10f3400008007800287202000100000080057800a3
:10f350000b00440031c3b30036740200010000000a
:10f360008b0540000b004400e1c2b300367402007c
:10f3700001000000808545000b00440041c3b3003c
:10f380003674020001000000808545000b00440037
:10f3900031c3b300367402000100000080854500cf
:10f3a0000b00440061eb2b002872020001000000fa
:10f3b00080854500ca4090000b004400367402006e
:10f3c0000100000080854500da4090000b004400f9
:10f3d000367402000100000080854500ea4090007c
:10f3e0000b004400367402000100000080854500d7
:10f3f000fa4090000b004400367402000100000047
:10f40000808545008a4890000b0044003674020055
:10f4100001000000808545009a4890000b004400e0
:10f42000367402000100000080854500aa48900063
:10f430000b00440036740200010000008085450086
:10f44000ba4890000b00440036740200010000002e
:10f45000808545000b004400b1eb2b0028720200b0
:10f46000010000008085450069299000f92990007d
:10f470000b0044000e74020001000000808545006e
:10f480000b00440001ec2b00287202000100000078
:10f49000008645008b0d2000898545001b01780002
:10f4a000cf91de000c0044000e7402000100000049
:10f4b000000646000c00440051ec2b0028720200ac
:10f4c00001000000000646001b0078001eb002008c
:10f4d0000100000000017800cf91de000c00440024
:10f4e0000e74020001000000800546000b0044007d
:10f4f000a1ec2b002872020001000000808545006d
:10f500007a099000cf91de000b0044000e740200d7
:10f5100001000000808545000b004400f1ec2b0049
:10f5200028720200010000008085450069219000da
:10f53000f92190000b0044000e740200010000004d
:10f54000808545000b00440041ed2b00287202002d
:10f55000010000008085450029299000b92990000c
:10f560000b0044000e74020001000000808545007d
:10f570000b00440091ed2b002872020001000000f6
:10f580008085450049299000d92990000b0044004e
:10f590000e74020001000000808545000b0044004d
:10f5a000e1ed2b002872020001000000808545007b
:10f5b00049219000d92190000b0044000e740200f4
:10f5c00001000000808545000b00440031ee2b0057
:10f5d000287202000100000080854500ba089000f2
:10f5e0000b00440046720200010000000085450047
:10f5f0000a004400c1ee2b00287202000100000046
:10f600000005450049319000d93190000a004400be
:10f610000e74020001000000000545000a004400cd
:10f6200011ef2b00287202000100000000054500c8
:10f6300049919000d99190000a0044000e74020094
:10f6400001000000000545000a00440061ef2b00a6
:10f650002872020001000000000545006991900039
:10f66000f99190000a0044000e74020001000000ad
:10f67000000545000a004400b1ef2b00287202008b
:10f68000010000000005450029999000b9999000fb
:10f690000a0044000e74020001000000000545004d
:10f6a0000a00440001f02b00287202000100000053
:10f6b0000005450009999000999990000a004400be
:10f6c0000e74020001000000000545000a0044001d
:10f6d00051f02b00287202000100000000054500d7
:10f6e00049999000d99990000a0044000e740200d4
:10f6f00001000000000045004f0678004f05be00e5
:10f700004f04be00000006000001fa00889fbe0002
:10f710008a9fbe000004be000205780018b8900061
:10f7200000e8a30013003200200f20000800400072
:10f7300010e0a1006480440092b3020001000000c8
:10f74000080178008900780080ef2f000f0040004a
:10f75000e5fc07000002780083ef2f008f81410055
:10f760000041eb00e1c0b3000a007800d08602003f
:10f770000100000028b890000028a30023003200f8
:10f7800068289000f828900028919000b891900087
:10f79000820f5000838f58001c003900420a20005d
:10f7a0000801410004a62e000500200004194000b5
:10f7b000059148006480440092b3020001000000fb
:10f7c00080ef2f000f0040002455020001000000d0
:10f7d0008005780081ef2f008f8040000b80400073
:10f7e0000801780089007800cefe07000b02400077
:10f7f00083ef2f008f8141000041eb0082407800b1
:10f800000a007800d0860200010000004f05be000b
:10f810004f04be000080fa00000006004001900086
:10f8200032089800e1219000fa00400082884100ef
:10f83000fc0040008008eb007e0040001060a0004b
:10f84000000006007c014000920178000302d00015
:10f8500010024200140278008002eb000309e80065
:10f86000c204200001014100060120009201530062
:10f870008301e900030033000402420085824a004c
:10f88000fbff37008304200081814100931972003f
:10f8900093917200760040009001780070885100ca
:10f8a00012027800860142000309780010007800f7
:10f8b0000000e00002003d00c104b000808841006b
:10f8c00000000600fa874700889fbe008a9fbe009e
:10f8d0008c9fbe008e1f78000006be000205be0091
:10f8e0000407780085bf9f00660046000008eb0013
:10f8f0007a0890000038a300e8003a000068a300ee
:10f90000e30032006b209000f00f50000e003c002e
:10f910003a0890000000e0000e003400c804200007
:10f920000b044400f60445000a00be00c5ff0700b2
:10f9300000012000980f100003003c001900e000b7
:10f94000f9ff3c00030037003a0890000000e00097
:10f9500030003c001a0890000018a3000700320095
:10f9600024002000f0014500c2c0b3008040eb003d
:10f970000fb89700d0860200010000002a0890000e
:10f980009a0078005a910200010000002e089200af
:10f990000000e0001f0034007a0890000058a30027
:10f9a0001c003a008e007800a0fd2f000f004000e0
:10f9b0004c93020001000000a2fd2f0002814700cd
:10f9c0000a000900321d78006a01b1000a00be0079
:10f9d00092ff07006b209000f00f50000d003c00dc
:10f9e0003a0890000000e0000a003400c80420003b
:10f9f0000b044400f60445000a00be0091ff070016
:10fa000003012000988f110002003c001900e00063
:10fa1000f9ff3c005a0090008000eb00f40f50000a
:10fa2000e08f580083003e000006010067003700a9
:10fa3000540037007f0037005b0037004800370074
:10fa40007c0037007b0037007a0037003000370039
:10fa50001d0037007700370076003700230037009d
:10fa600010003700060037006100370069003700da
:10fa7000700037006f003700390037002d00370065
:10fa80007a04450098047800020920008c00780070
:10fa90000b0078001e28020001000000008c5400ba
:10faa000640037007a0445009804780002092000b9
:10fab0008c0078000b007800ec25020001000000ab
:10fac000008c54005b0037007a04450098047800ed
:10fad000020920008c0078000b007800502a0200f8
:10fae00001000000008c5400520037007a044500e9
:10faf00098047800020920008c0078000b00780040
:10fb00008c2c020001000000008c540049003700da
:10fb10007a04450098047800020920008c007800df
:10fb20000b007800ee2d020001000000008c540054
:10fb3000400037007e0045001050a0007a044500c8
:10fb400098047800020920008c0078000b007800ef
:10fb5000562f020001000000008c540035003700d1
:10fb60007a04450098047800020920008c0078008f
:10fb70000b0078005c30020001000000008c540093
:10fb80002c0037007a044500980478000209200010
:10fb90008c0078000b007800423102000100000068
:10fba000008c5400230037007a0445009804780044
:10fbb000020920008c0078000b007800d031020090
:10fbc00001000000008c54001a0037007a04450040
:10fbd00098047800020920008c0078000b0078005f
:10fbe0006032020001000000008c54001100370058
:10fbf0007a04450098047800020920008c007800ff
:10fc00000b007800f032020001000000008c54006c
:10fc1000080037007a0445009804780002092000a3
:10fc20008c0078000b007800c63302000100000051
:10fc3000008c540003092000023020009d00780051
:10fc40001c00780042ce0200010000005a0890001b
:10fc50000000e00025003c007e004500f1f92f0087
:10fc6000108860000000eb00f60045008008780076
:10fc700081002000510d98006011b800c225980045
:10fc8000d3259800cb04b000800d78001700370012
:10fc90007e0545001a00a00014003700020920006c
:10fca0008c0078000b007800de24020001000000c8
:10fcb00003092000023020009d0078001c0078001d
:10fcc00042ce0200010000007a0890000048a30024
:10fcd000060032007e0545001a0078000040a100b1
:10fce0000030a1000000a000000d78004f07780050
:10fcf0004f06be004f05be004f04be00af01b1006d
:10fd000000000600889fbe0080047800010478008f
:10fd100088007800d211200003002000800020001d
:10fd2000a6b1020001000000882c9800f80c990090
:10fd300068814400210020000000eb00d64302004f
:10fd400001000000620d2000090141004100200077
:10fd50000000eb00d643020001000000421a200020
:10fd60000901410010212000010020008c7e0200ca
:10fd700001000000201e2000090040001010a1001a
:10fd8000421e200009014100102120000100200036
:10fd90008c7e0200010000002022200009004000ab
:10fda0001010a10000af2000008044000008eb000c
:10fdb00080b5200000804400f13f20000108780059
:10fdc00040b6200080844400990078000160a100c2
:10fdd0000120a000f0f22f00808c60004f04be00d4
:10fde0000000060080007800f10eb2003000200014
:10fdf00032062000828f5000290032000200780075
:10fe0000808f500011003e0020002000ef8f500036
:10fe10002300320004003e0050002000e38f500019
:10fe20001e003a001e0037000000eb00f202200026
:10fe3000828f50001a00320010002000320420008f
:10fe4000828f500015003a00150037004000200056
:10fe500072082000828f50001100320002007800ea
:10fe6000808f500005003e0080002000f206200038
:10fe7000828f500009003a0009003700600020001e
:10fe8000f20a2000828f500005003200700020002e
:10fe9000320e2000828f500001003200f00f20004f
:10fea000000006001000fa00f080570042f72b0017
:10feb00007000900b2187800670060000000d00059
:10fec000700050006f0078000080fa00000006000b
:10fed0002000fa0001fe2f008180470042f52b0030
:10fee0000f000900b21878006f0060000000d00019
:10fef0000002b1006f0078000080fa0000000600e8
:10ff000081002000420c2000820f50003600320099
:10ff100082007800810f500016003e005100200042
:10ff2000e70f50003000320007003e003100200093
:10ff3000e10f50002c00320041002000e60f50007d
:10ff400028003a002800370021002000f00f500060
:10ff50002500320071002000320c2000820f50007a
:10ff60002100320061002000e80f50001d003a001f
:10ff70001d003700c1002000d20c2000820f50006d
:10ff80001900320082007800810f50000b003e0003
:10ff9000a1002000b20c2000820f5000120032009d
:10ffa000b100200010003e0091002000a20c2000b3
:10ffb000820f50000b003a000b003700e1002000d8
:10ffc000f20c2000820f500007003200d100200008
:10ffd00005003900f1002000020f2000820f5000c0
:10ffe000010032008000eb000100780000000600f4
:10fff00081c4b30021409800e1c5b30011409800ce
:020000040002f8
:1000000011cfb30001487800300020000000060046
:10001000d1c5b3002140980071c7b30011409800ca
:1000200001487800f1c7b30051409800f1cdb3000a
:100030004140980071c5b300314098006000200035
:10004000000006000001eb006102b8000198a30067
:1000500003003200840141001374a0000200370045
:10006000840141001374a1000201e800ea0f51006d
:100070000200320081804000f4ff370000000600db
:10008000000278008000eb000220200001007800d0
:100090008002eb00848140001304e00001003d0079
:1000a000020040008100e800ea8f500002003200a8
:1000b0000201d100f7ff370000000600889fbe0054
:1000c0008a1f78008c9fbe000001eb006106b8001b
:1000d0000accb300610cb80001ceb3006113b900c3
:1000e0008c014300134265008449780008034300f3
:1000f00096c24000f543b20084c972000201e800d4
:10010000e60f5100f5ff3a004f06be004f0578009c
:100110004f04be0000000600889fbe0081047800e6
:100120000001eb008000eb00f80320006112b90031
:100130000403420085834a00868144000002420095
:100140001482fb00080262000502200085094200bb
:100150000201e800e60f5100f4ff3a004f04be0030
:10016000000006006f416100c408dd000148710015
:10017000000006000080fb004400de0000000600d6
:100180006f00600000000600104178000274a100ba
:10019000024878008180fb000118a30002003200b1
:1001a0000274a00002487800504178000274a10057
:1001b000024878000108a300020032000274a00087
:1001c0000248780000000600b080fb000108b20081
:1001d000c688de001080fb004700de0001007000d2
:1001e000000006009041900001042000838160001f
:1001f000c499de0020419000028160004591de003c
:10020000030171009081fb0081816100c399de00d0
:10021000028171003040900080806000c688de005e
:1002200002807000000006000001eb006102b800cf
:100230000128a30003003200840141001364a000e0
:1002400002003700840141001364a1000201e800ac
:10025000e30f51000200320081804000f4ff3700bc
:10026000000006000001eb006102b8000138a300a5
:1002700003003200840141001364a0000200370033
:10028000840141001364a1000201e800e40f510061
:100290000200320081c04000f4ff37000000060079
:1002a0008180fb00628160004511dd009041780093
:1002b0000364a10002c87100e1806000c608dd008f
:1002c000504178000264a10001487100000006005e
:1002d000904190000104200083816000c599de00f8
:1002e00020419000028160004691de000301710010
:1002f0001080fb0081006000c488de000280700076
:1003000000000600104190000104200002816000fe
:100310004691de001080fb0081006000c588de0091
:100320000280700000000600f8874700889fbe002a
:100330008a9fbe008c9fbe008e1f7800000578004b
:10034000a1b79f008204780041b62000818044005c
:10035000110078000010a100800878000048a30078
:100360000300320040b62000008044001010a000be
:10037000c142200081004500000220001100600001
:1003800003003a0040b62000008044001010a00096
:10039000c1422000810045000008200011006000db
:1003a0000300320040b62000008044001010a0007e
:1003b000c1422000810045000010200011006000b3
:1003c0000300320040b62000008044001010a0005e
:1003d00010422000000045009080fb00f10eb200aa
:1003e000f0062000808f500003003a0040b6200045
:1003f000008044001010a000c14220008100450090
:10040000000420001100600009003200404220007a
:10041000000045001080fb00b9fe07000000e0006e
:1004200003003a0040b62000008044001010a000f5
:1004300041b62000818044000008200011006000c7
:1004400005003200c022200009004000f0fe070035
:100450000004780004003700c0222000090040009a
:10046000e3fe07000004780040b62000008044004e
:10047000900078000118a300360032000000eb0065
:100480000041eb000148a3000a0032009a059000e9
:1004900081b5200081804400918f55006d023e009f
:1004a00008804400c022b0000b4878000804e8002f
:1004b000ff0037008800400081804400c122b00066
:1004c000824878000000e800ed0f5000f9ff3a0084
:1004d0009a05900081b52000818044000000eb0067
:1004e000918f55005b023e006146b9000c00be00d2
:1004f000e022b0000180b000008044008b00780052
:10050000d0fe0700a0af2000008044000008eb00f0
:1005100040b62000008044001000780064006000b5
:1005200004003200a0af2000008044002100200021
:1005300001087800a0af20000080440090007800ff
:10054000cc22b0000d80b0000c8044000eff0700ec
:10055000d7003700a0af2000008044001200200028
:10056000020878000128a30004003200a0af200098
:100570000080440031002000010878006146b90085
:100580000c00be00c022b0000180b0008085440095
:10059000a0af200000804400900078000b0078009d
:1005a000f9fe070091412000810045000b00780012
:1005b000c2fe07000c00be002023b0000180b00086
:1005c0000087440031412000810045000e00780082
:1005d000bafe070000422000000045001081fb0029
:1005e000f0412000000045009080fb000c02be009e
:1005f0008423b0000580b00004804400d9fe0700c9
:10060000304220000000450010407800e14f5000cb
:100610006b003200040039008005eb00e34f50000e
:1006200097003a00280037009a059000f0855500a1
:1006300008804400c022b0001064a10040422000a5
:10064000000045001080fb002dfe070080007800b0
:100650000c01be00d222b0000380b0000280440032
:1006600000ff070050422000000045001004e00099
:1006700004003200088044001023b0001064a00081
:1006800003003700088044001023b0001064a1006c
:1006900070422000000045009080fb000e007800b2
:1006a000e1fe070080422000000045009080fb0032
:1006b0000c01be005223b0000380b0000280440051
:1006c000d9fe07006e0037002042200000004500e0
:1006d00031c0b30090cf100010003a009a0590008e
:1006e000f085550008804400c022b0001064a000ce
:1006f00040422000000045001080fb0000fe070083
:10070000800078000c01be00d222b0000380b0004f
:1007100002804400d3fe07000b0037009a059000ca
:10072000ef85550008804400c022b0001064a1008d
:100730000c00be00d022b0000180b0000080440058
:1007400011c0b300c7fe0700504220000000450062
:100750001004e00004003200088044001023b000c0
:100760001064a00003003700088044001023b0008c
:100770001064a10010422000000045001080fb0022
:1007800098fd0700800078000e007800a6fe0700a4
:1007900060422000000045001004e0000400320028
:1007a000088044005023b0001064a00034003700db
:1007b000088044005023b0001064a10030003700ce
:1007c0009a059000ef85550008804400c022b000d3
:1007d0001064a1000c00be00d022b0000180b00067
:1007e000008044008040eb009efe07005042200045
:1007f000000045001004e0000400320008804400be
:100800001023b0001064a0000300370008804400eb
:100810001023b0001064a1007042200000004500c9
:100820009080fb000e0078007ffe070060422000f1
:10083000000045001004e00004003200088044007d
:100840005023b0001064a00003003700088044006b
:100850005023b0001064a1001042200000004500a9
:100860009080fb00c208de00e3c060000c01be0007
:100870006223b0000380b0000280440088fe0700bd
:100880000000eb00f13f2000818f550071013e0018
:100890001a009000808f550005003e00ec22b00049
:1008a0000d80b0000c8044008b007800e5fd07004f
:1008b00040b6200000804400100078007000600006
:1008c00014003a00431e200089814100f0002000fe
:1008d000010020008089be0008864400cc22b000c0
:1008e000150020000502780082002000810720000a
:1008f0000c0078002e7f0200010000006881440097
:10090000d10020000c0078003e45020001000000ec
:100910006f0444000b00e0001101320040b62000db
:1009200000804400100078000048a3000800320056
:1009300060b520000080440010007800f0b79f00f0
:100940000006eb00ccb79f00dcb79f002500370006
:100950000028a3000f003200f10e20000b007800e9
:1009600066d0020001000000d0b79f0000017800af
:10097000110009008285d8000006780082e0b900e5
:1009800000805500c0b79f0000012000f0b79f0015
:1009900014003700710f20000b00780066d00200b1
:1009a00001000000d0b79f0000017800110009008d
:1009b0008285d8000006780082e0b90000805500ea
:1009c000c0b79f000c0078000c00e00001003d0063
:1009d000f003b0004680de000000e80000004000a8
:1009e000f0b79f00600d200000804400e0b79f003a
:1009f00000017800ffb097000000eb00d643020032
:100a00000100000040b62000008044001000780083
:100a10008005eb000018a30007003a00c242200046
:100a2000020145000104200092806000fb002000cc
:100a3000010032000b0120000048a30079003a00b9
:100a4000cfb097000100e000390034008c06e800c8
:100a50004369dd00b2b79f000007eb000c00e8001f
:100a600090b79f00411e20008180440081bf9f00fd
:100a70008cb79f002600370000814400c222b000de
:100a800081014500c3419000034978000000e8005f
:100a90008100e800840f5000f7ff3a000d06440083
:100aa0008d8545000100370008067800f000200021
:100ab000010020000fb997000089be00088444009f
:100ac000c822b000150020000502780082017800dd
:100ad00082002000bfb09700080078002e7f02003f
:100ae000010000006fb197008d00780008007800c9
:100af0003e450200010000007fb097000004460060
:100b00000e07e800cfb097008e8f5000070034002a
:100b10000d00e000e4ff34001fb19700080241001f
:100b20008b00780008007800d3ff37000fb69700dd
:100b30005fb09700cfb09700810f500034003400b1
:100b40004361dd00b2b79f00810678004e1e200091
:100b5000090747002700370000814400c222b00087
:100b600081014500c3419000034978000000e8007e
:100b70008100e800850f5000f7ff3a0008004200ae
:100b800080bf9f00848545000100370088bf9f001b
:100b9000f000200001002000008fbe000884440007
:100ba000c822b00015002000050278008e017800f0
:100bb00082002000bfb09700080078002e7f02005e
:100bc000010000006fb197008c00780008007800e9
:100bd0003e450200010000008fb897007fb19700ea
:100be000028440008d06e8005fb097008d0f500032
:100bf000070034000c00e000e4ff34000c02780031
:100c00008c0244008b00780008007800d2ff370087
:100c100040b6200000804400100078000048a30087
:100c200066003200f000200001002000a0b499000e
:100c3000b1b49900a0b520000080440010037800f2
:100c40000004eb000600e0004500340008067800d0
:100c500020b5200000804400f0b79f008a86e8009d
:100c6000411e20008180440081bf9f0060b52000ac
:100c700000804400d0b79f00a0b520000080440051
:100c8000c0b79f0086e3b9007fb19700920078005b
:100c90000100e0001a0034000000eb001500200005
:100ca0000042eb000c00e00004003a000000e0000d
:100cb00002003a0005047800050078009d8f550079
:100cc00008003d0008814400c222b0008b014500ad
:100cd000c3419000034978000804e8008b05e80050
:100ce0000400370008814400c222b00004497800a3
:100cf0000804e8000000e800808f5000e9ff3c0095
:100d000006834400ce22200006074700c308dd000a
:100d100015002000050278008fb99700820020009e
:100d20000e0078002e7f0200010000006fb19700d6
:100d30007fb09700900078000e0078003e450200da
:100d400001000000dfb09700110444000c06e80029
:100d50004fb19700120378008c0f5300c9ff3c007d
:100d600040b6200000804400100078000048a30036
:100d7000120032002fb09700f1842500011878008e
:100d8000a1512e0001087800a2b520000281440084
:100d90002fb09700e4004000c0222000090040006e
:100da0009201780008017800cabf0200010000002b
:100db0000880e8004300dd00260037000068a3003b
:100dc0001d0032009a00900064004500eebb020056
:100dd0000100000001b620008180440080087800f6
:100de00008017800c100200002854400ca22b0003a
:100df0000103de006f0363008003eb00e4a52d0018
:100e0000151020000603420087834a0093018000ea
:100e100006f0a4008783d20007d0fe00164d7800ac
:100e200003d0fe000201e800e4805000e48f40009f
:100e3000edff3a0064044400c02220000900400095
:100e40002fb19700880078003cc00200010000002c
:100e50004340dd004f0778004f06be004f05be003f
:100e60004f04be008f01b1000000060080417800f1
:100e7000410020000040eb0004ccb3000080fb00e8
:100e80004200de0063816100e10f51000600320084
:100e9000e30f5100060032000200e00005003a00b6
:100ea0000074a00003003700044070000100370008
:100eb0000064a0008100e900030032008381fb0090
:100ec000c219de00edff370000000600889fbe005b
:100ed0008a9fbe008c9fbe000004be00010120005e
:100ee0006033b800f0ff23004e39dd004233de00ee
:100ef00006037100c23bde00870260000602780034
:100f00000403be008001eb00630164000205be0023
:100f10001c0020000d0020008c0f51008d8f590007
:100f20000b0032008c0f55008d8f5d0006003900dc
:100f30003c0020000d0020008c0f55008d8f5d00bf
:100f400009003a000700370007f0a000060037004c
:100f50000a0020000b002c000a0373008b8373002f
:100f60000100370007e0a0008100e9000500320021
:100f7000ce4ddd004244de0008847500c24cde0028
:100f8000d9ff37000600be004f06be004f05be0069
:100f90004f04be00000006000400fa00889fbe0057
:100fa0008a9fbe008c9fbe00000478000000eb000a
:100fb000d2682000020144006112b80084bf9f0083
:100fc00095bf9f000cb120000c0644008006eb008a
:100fd0004a6920000a0544008005eb00c2b12000e8
:100fe00082004400610ab800880378000404be004f
:100ff0006101b90002024100838249008fb8970065
:10100000010341008c0042009140780001cb400078
:101010000a014100080242009440780001c94000e2
:101020000000e800e60f5000f1ff3a0007047800e6
:1010300080b22000000044001040780000404000d2
:10104000316920008100440080487800a1b220006e
:10105000810044009140780081c040000104a0005c
:10106000a2692000020144000149780062b020001a
:10107000020144001200e000090032003269200041
:10108000020144000074a00000497800a06920001b
:10109000000044000174a1000148780008003700f6
:1010a000a2692000020144000174a00001497800f7
:1010b00031692000810044000074a100804878005c
:1010c000306920000000440001c6b30010c8700061
:1010d000a06920000000440010c8700000b020008b
:1010e0000000440010007800e10f50000f003200b3
:1010f00020003900e30f50002e003a00c0b020005d
:10110000000044001000780066fb0700b169200071
:101110008100440042b02000020144001201780026
:101120004411dd008048710022003700b0692000c2
:1011300000004400c1b0200081004400110178008b
:101140004211dd0041b02000810044009100780090
:10115000c408dd00014171000204a00081b020003c
:101160008100440091007800c508dd00014871004d
:1011700010003700b16920008100440040b0200019
:1011800000004400100178004411dd00a0b02000f0
:101190000000440010407800004040000040710012
:1011a00082b0200002014400120178004511dd00e8
:1011b0008248700020b02000000044001000e000d1
:1011c00007003200e0b0200000004400100078006a
:1011d0003ffb0700c169200001044400004c780077
:1011e0004f06be004f05be004f04be000080fa004f
:1011f00000000600f0874700889fbe008a9fbe005f
:101200008c9fbe008e1f780000047800e1b79f001d
:10121000a2b79f0041b620008100440000052000d5
:10122000110060000c0032000000eb00410d2000b6
:101230008880400080087800211a200088804000c3
:1012400080087800e0b52000000044002100200064
:1012500001087800060037001000200020ac98003c
:1012600010949900e0b52000000044000008eb0055
:1012700041b62000810044000008200011006000f9
:1012800003003200e0b52000000044000008eb003d
:1012900080b42000000044000008eb00efb097008d
:1012a000310090000000e000410434000007eb0032
:1012b0000caf20000c064400cbb320008b0544008b
:1012c000421a200002014400b2b79f000e00d00075
:1012d000efb1970013004000900478000a0120004d
:1012e0004db620008d0644001c007800e20f50002f
:1012f0000402320005003c000000e000080032005b
:10130000e10f500023043a003a003700e30f500089
:10131000d0023200e60f50001e043a009703370057
:10132000180078009800900000004000818048007c
:10133000008cbe000900e00003003d000002be007a
:101340000400a000048cbe00898444000008200032
:101350001d0060000900320088007800f2f72d00bf
:1013600073d5250082a8be00420020000800780046
:101370007ed40200010000000800370088007800d9
:1013800082e42500130f200082a8be003200200056
:10139000080078007ed40200010000001d80a1003a
:1013a000e1b5200081004400910f5000f9033c009a
:1013b00010002000000e7800e1ae20008100440003
:1013c0000000eb0080087800800d780021af20003d
:1013d0008100440080087800c1b5200081004400ed
:1013e0008008780021b62000810044008008780041
:1013f000e8033700630044009040780081c040005b
:10140000014878000900e00003003d00630044004b
:101410000104a000014878001b00e800800d78005e
:1014200089844400e80f5000da033a00800deb0095
:101430001d0078000088a300200032000078a3007f
:1014400011003200e0ae200000004400f0b79f0021
:101450009002780085bf9f003840900083fe07000f
:10146000c2682000030020008fb89700028140006e
:10147000e081490002014400104198007fb19700cb
:101480000109e80018003700e0ae20000000440029
:1014900090007800c2682000030020000281400014
:1014a000e081490002014400b84190000201e800d7
:1014b00003c9ea000108e8000b003700e0ae200095
:1014c0000000440090007800c26820000300200063
:1014d00002814000e081490002014400b8419000cf
:1014e000134198000108e800e0ae2000000044002d
:1014f000f4002000900f1200a6033a00d0682000ec
:101500000000440080bf9f00680144008400780010
:10151000ca4b020001000000e1ae2000810044003f
:101520009188e9000000e0007101350021af200042
:101530008100440091084000001f200001002000ad
:10154000bfb29700808abe000501780081072000a5
:101550000fb897007c820200010000000fb89700ce
:1015600019fb0700f0b79f00c0af20000000440047
:10157000ffb0970001087800f068200000004400e8
:10158000bffa0700c1b22000810044008008780043
:101590007fb197000208a300b4003200d068200099
:1015a000000044001080fb004600de006100600087
:1015b000f0b79f00e0af200000004400ffb19700ab
:1015c00003087800e06820000000440005fb0700e5
:1015d000e1b0200081004400800878007fb29700cd
:1015e0000400e0001d00320000b0200000004400b4
:1015f000310020000108780020b0200000004400e5
:10160000110020000108780040b0200000004400d4
:1016100021692000810044009180fb00c608de00a3
:1016200061886000306920000000440028fb07004a
:10163000c1b02000810044008008780060b0200024
:101640000000440061692000810044009180fb009b
:10165000c608de0061886000610037000000e0001d
:1016600003003200e10f50003f003a002200370033
:1016700000b02000000044001100200001087800a4
:1016800020b02000000044000008eb0040b0200023
:101690000000440021692000810044009180fb008b
:1016a000c608de0061886000306920000000440048
:1016b00007fb070081b0200081004400800878000b
:1016c00070692000000044000efb0700c1b020003c
:1016d000810044008008780060b0200000004400d1
:1016e00061692000810044009180fb00c608de0093
:1016f000618860003a00370000b02000000044001c
:10170000310020000108780020b0200000004400d3
:101710000008eb0040b020000000440021692000d8
:10172000810044009180fb00c608de0061886000f3
:101730003069200000004400e5fa0700c1b0200035
:10174000810044008008780060b020000000440060
:1017500061692000810044009180fb00c608de0022
:10176000618860001e00370000b0200000004400c7
:101770000008eb0020b0200000004400150020000d
:101780000508780040b020000000440021692000d6
:10179000810044009180fb00c608de0005886000df
:1017a0003069200000004400c9fa070081b0200021
:1017b0008100440080087800606920000000440037
:1017c000c3fa0700a1b0200081004400800878001f
:1017d00060b02000000044001100200001087800e3
:1017e00001b12000810044000fb897004afa0700b9
:1017f000c1b1200081004400306920000000440095
:1018000045fa0700906920000000440081b22000e2
:10181000810044001080fb004401de00ef086100fd
:10182000a1b2200081004400ef08600020b0200039
:10183000000044001000e00005003200e0ae20008f
:101840000000440001012000010878000400370076
:10185000e0ae200000004400f10020000108780004
:1018600008007800ccfd0700060037007fb1970024
:101870000208a30003003a00e0ae2000000044008c
:101880000008eb00c0b22000000044001000780007
:101890000000e00061003200c1af20008100440080
:1018a00091007800e280600003003a000108200007
:1018b0009d80600020003200f10e200066d0020002
:1018c0000100000080027800e1b2200081004400a5
:1018d00085087800c1b2200081004400110378001f
:1018e000110009000583d8000001780003b320002f
:1018f000830144008209780023b32000830144005f
:101900008590b9008009530041b320008100440054
:101910000000eb0080087800a1b3200081004400a3
:101920008008780080b320000000440001012000fe
:101930000108780020003700710f200066d00200f7
:101940000100000080027800e1b220008100440024
:1019500085087800c1b220008100440011017800a0
:10196000110009000581d8008000fd0003b32000ac
:10197000830144008109780023b3200083014400df
:101980008588b9008009510042b32000020144005b
:101990000000eb0000097800a2b32000020144001f
:1019a0000009780082b32000020144004608de00ee
:1019b0000000e8000009400060b32000000044007f
:1019c0001100200001087800620d2000080141008c
:1019d00080b3200000004400900078000000eb007d
:1019e000d64302000100000020b3200000004400a4
:1019f0001000e0000600320020002000000e7800f9
:101a000000b32000000044001008e8006102370025
:101a100030002000000e78005e0237000004200035
:101a20001d0060000700320020af200000004400cd
:101a30001000e0000300340060002000000e780079
:101a400054023700000eeb00e0ae2000000044001e
:101a5000900078000fb89700eebb02000100000074
:101a60008000eb0042b42000020144000089be0067
:101a700002b4200002014400b20f5000a28f5800af
:101a800016003200c1b42000810044001000200084
:101a90008008780081b4200081004400800878002c
:101aa000e0ae200000004400f0b79f001002780074
:101ab0008fb997000041eb00824078002fb097006b
:101ac000d086020001000000a0b420000000440005
:101ad000ffb0970011087800010037001d30a0000a
:101ae000e0ae2000000044000008eb0029023700af
:101af000000eeb0080b42000000044000088eb00e2
:101b000024023700630044009040780081c0400008
:101b1000014878000900e00003003d006300440034
:101b20000104a000014878001b00e800800d780047
:101b300089844400e80f500016023a00800deb0043
:101b40001d0078000088a300200032000078a30068
:101b500011003200e0ae200000004400f0b79f000a
:101b60001001780082bf9f0038409000bffc070042
:101b7000c2682000030020000fba97000201420053
:101b8000e08149000201440010419800ffb2970033
:101b9000840ae80018003700e0ae2000000044008e
:101ba00090007800c26820000300200002814000fd
:101bb000e081490002014400b84190000201e800c0
:101bc00003c9ea000108e8000b003700e0ae20007e
:101bd0000000440090007800c2682000030020004c
:101be00002814000e081490002014400b8419000b8
:101bf000134198000108e800a0b320000000440051
:101c00009000e8000108780082b32000020144003f
:101c100000b32000000044001201780010004100d1
:101c2000808f5000db013a0060b3200000004400c8
:101c3000100178008001eb00e00c2000809ab900d0
:101c40000011b8008301420068014100e0814900b1
:101c500002014400e0ae20000000440010801000ab
:101c6000c46820000500200004024000e0824a0011
:101c7000040044000000e800ca4b0200010000001c
:101c80000000e0006d00350021af2000810044001d
:101c900091084000001f2000010020003fb2970083
:101ca000008abe0000b320000000440090007800cd
:101cb000c308dd00e0ae20000000440080bf9f00ac
:101cc000a0b3200000004400f0b79f008fba970037
:101cd000150178008002780015005100c2682000cc
:101ce0000300200002014000e0814900020144009d
:101cf0000200e800040178007c820200010000007c
:101d0000ffb197008009eb0080b320000000440081
:101d10000fba970014027800900052008fba970013
:101d2000810a780042b32000020144001200e8005a
:101d30000009780022b3200002014400920f5000f5
:101d400094013a00e2b2200002014400920f5000d8
:101d500034003a00000420001d006000070032003b
:101d600020af2000000044001000e0000300340019
:101d700060002000000e780086013700000eeb00a6
:101d8000d06820000000440080bf9f00eebb02002e
:101d9000010000008000eb0042b42000020144007a
:101da0000089be0002b4200002014400b20f5000be
:101db000a28f580016003200c1b4200081004400f8
:101dc000100020008008780081b4200081004400c9
:101dd00080087800e0ae200000004400f0b79f00cb
:101de000100278008fb997000041eb008240780024
:101df0002fb09700d086020001000000a0b42000a0
:101e000000004400ffb0970011087800010037007f
:101e10001d30a000e0ae2000000044000008eb00f0
:101e20005c01370030002000000e780000b3200075
:101e3000000044001008e90056013700000eeb00d6
:101e400080b4200000004400e1ff2f00010878006a
:101e500050013700630044009040780081c040008a
:101e6000014878000900e00003003d0063004400e1
:101e70000104a000014878001b00e800800d7800f4
:101e800089844400e80f500042013a00800deb00c5
:101e90001d0078000088a300200032000078a30015
:101ea00011003200e0ae200000004400f0b79f00b7
:101eb0001001780082bf9f0038409000ebfb0700c4
:101ec000c2682000030020000fba97000201420000
:101ed000e08149000201440010419800ffb29700e0
:101ee000840ae80018003700e0ae2000000044003b
:101ef00090007800c26820000300200002814000aa
:101f0000e081490002014400b84190000201e8006c
:101f100003c9ea000108e8000b003700e0ae20002a
:101f20000000440090007800c268200003002000f8
:101f300002814000e081490002014400b841900064
:101f4000134198000108e800a0b3200000004400fd
:101f50009000e8000108780082b3200002014400ec
:101f600000b320000000440012017800100041007e
:101f7000808f500007013a0060b320000000440049
:101f8000100178008001eb00e00c2000809ab9007d
:101f90000011b8008301420068014100e08149005e
:101fa00002014400e0ae2000000044001080100058
:101fb000c46820000500200004024000e0824a00be
:101fc000040044000000e800ca4b020001000000c9
:101fd0000000e0006300350021af200081004400d4
:101fe00091084000001f2000010020003fb2970030
:101ff000008abe0000b3200000004400900078007a
:10200000c308dd00e0ae20000000440080bf9f0058
:10201000a0b3200000004400f0b79f008fba9700e3
:10202000150178008002780015005100c268200078
:102030000300200002014000e08149000201440049
:102040000200e800040178007c8202000100000028
:10205000ffb197008009eb0080b32000000044002e
:102060000fba970014027800900052008fba9700c0
:10207000810a780042b32000020144001200e80007
:1020800000097800e2b2200002014400920f5000e3
:10209000c0003a00000420001d006000070032006c
:1020a00020af2000000044001000e00003003400d6
:1020b00060002000000e7800b6003700000eeb0034
:1020c000d06820000000440080bf9f00eebb0200eb
:1020d000010000008000eb0042b420000201440037
:1020e0000089be0002b4200002014400b20f50007b
:1020f000a28f580016003200c1b4200081004400b5
:10210000100020008008780081b420008100440085
:1021100080087800e0ae200000004400f0b79f0087
:10212000100278008fb997000041eb0082407800e0
:102130002fb09700d086020001000000a0b420005c
:1021400000004400ffb0970011087800010037003c
:102150001d30a000e0ae2000000044000008eb00ad
:102160008c003700000eeb0080b42000000044001b
:10217000d1ff2f000108780086003700630044007b
:102180009040780081c04000014878000900e000dc
:1021900003003d00630044000104a00001487800f2
:1021a0001b00e800800d780089844400e80f50008f
:1021b00078003a00800deb0021b620008100440039
:1021c000110078004400dd00800878009d00780050
:1021d0000188a300200032000178a3001100320022
:1021e000e0ae200000004400f0b79f00100178002e
:1021f00082bf9f00384090001cfb0700c26820008f
:10220000030020000fba970002014200e08149005c
:102210000201440010419800ffb29700840ae800d0
:1022200023003700e0ae200000004400900078005a
:10223000c26820000300200002814000e0814900c4
:1022400002014400b84190000201e80003c9ea001d
:102250000108e8001600370021b620008100440084
:1022600038419000f207b200cf91de000201410038
:102270008381490084a32c00c4b79f00151020005f
:10228000d5b79f004fb29700dfb29700020142001e
:1022900083814a009401800002f0a4008381d2006f
:1022a00003d0fe001201780004d0fe008008710007
:1022b000c1b52000810044001100e80080087800ca
:1022c000e40f500033003a00000eeb00d06820000d
:1022d0000000440080bf9f00e0ae200000004400ea
:1022e000900078000fb89700eebb020001000000dc
:1022f0006101b80041b42000810044008288be0022
:1023000001b4200081004400b10f5100a18f590099
:102310001f00320021b6200081004400910f5000c0
:1023200016003a00c1b420008100440010002000d3
:102330008008780081b42000810044008008780083
:10234000e0ae200000004400f0b79f0010027800cb
:102350008fb997000041eb00824078002fb09700c2
:10236000d086020001000000a0b42000000044005c
:10237000ffb29700150878000600370080b42000ef
:1023800000004400c1ff2f00010878000100370061
:102390001d30a0000a05e900d3fb3a000e07e80053
:1023a000efb09700310090008e0f5000c7fb3c004b
:1023b0004f0778004f06be004f05be004f04be0019
:0823c0000f01b100000006004e
:020000040000fa
:020000040002f8
:1023c800b5a60000b6a60000b8a60000bba600008f
:1023d800bfa60000c4a60000caa60000d1a600003f
:1023e800d9a60000e1a60000eba60000f5a60000b3
:1023f80001a700000da700001aa7000028a70000e9
:1024080036a7000046a7000056a7000067a70000ef
:1024180079a700008ca700009fa70000b2a70000c2
:10242800c5a70000d8a70000eaa70000fba7000086
:102438000ba800001aa8000027a8000032a8000076
:102448003ba8000042a8000047a8000049a80000d7
:1024580049a8000047a8000043a800003da80000c4
:1024680035a800002ba8000020a8000012a8000032
:1024780003a80000f2a70000e0a70000cda7000015
:10248800b8a70000a2a700008ba7000073a7000050
:102498005aa7000041a7000027a700000da70000c9
:1024a800f1a60000d5a60000b8a600009ba6000073
:1024b8007da600005fa6000040a6000022a600003e
:1024c80003a60000e6a50000c9a50000ada5000010
:1024d80093a500007aa5000063a500004ea50000a2
:1024e800c4a30000a4a300008aa3000076a30000f0
:1024f80069a3000062a3000062a3000069a30000b2
:1025080079a3000090a30000afa30000d6a30000a9
:1025180005a400003ca400007aa40000bfa40000a9
:102528000ba500005ea50000b6a5000012a60000dd
:1025380073a60000d8a600003fa70000a9a70000c6
:1025480015a8000081a80000eea800005ba9000003
:10255800c7a9000031aa000098aa0000fcaa000040
:102568005dab0000b9ab00000fac000060ac000030
:10257800abac0000efac00002cad000062ad000079
:102588008fad0000b5ad0000d1ad0000e5ad000095
:10259800efad0000efad0000e4ad0000d0ad0000ed
:1025a800b0ad000086ad000051ad000011ad0000d7
:1025b800c5ac00006eac00000cac00009eab000087
:1025c80024ab00009eaa00000daa000071a900001b
:1025d800c9a8000016a8000059a7000091a600008d
:1025e800c1a50000e7a4000005a400001ca300008a
:1025f8002da2000037a100003da00000409f000070
:10260800b89f0000c69e0000d29d0000dc9c000020
:10261800e59b0000ee9a0000f9990000059900007a
:102628001598000029970000429600006295000066
:1026380089940000ba930000f49200003a920000d6
:102648008c910000ec9000005b900000db8f000094
:102658006c8f00000f8f0000c68e0000928e000065
:10266800738e00006b8e00007a8e0000a08e000032
:10267800e08e00003a8f0000ad8f00003c90000013
:10268800e7900000ae91000093920000959300003f
:10269800b5940000f595000055970000d598000006
:1026a800759a0000379c0000199e00001da00000cc
:1026b80043a2000089a40000f2a600007ba9000044
:1026c80025ac0000f1ae0000dcb10000e7b400006a
:1026d80012b800005bbb0000c1be000045c200008c
:1026e800e4c500009dc900006fcd00005ad100006c
:1026f8005bd5000071d900009bdd0000d8e1000027
:1027080027e6000084ea0000f0ee000069f300000c
:10271800ecf7000078fc00000c010000a6050000a2
:10272800c79c0000b59b0000a59a0000979900007f
:102738008f9800008c970000909600009e950000ee
:10274800b5940000d7930000069300004292000061
:102758008d910000e890000054900000d18f000097
:10276800618f0000048f0000bb8e0000868e000081
:10277800668e00005b8e0000678e0000898e000068
:10278800c38e0000148f00007e8f000001900000af
:102798009c900000519100001f92000007930000d8
:1027a80009940000259500005b960000ac97000096
:1027b800179900009d9a00003e9c0000f99d0000ba
:1027c800cf9f0000c0a10000cba30000f0a500002f
:1027d8002ea8000085aa0000f6ac00007eaf00001d
:1027e8001eb20000d5b40000a2b7000085ba0000f0
:1027f8007cbd000088c00000a6c30000d6c600004b
:1028080016ca000066cd0000c4d000002fd4000016
:10281800a7d7000028db0000b4de000048e2000073
:10282800e4e5000086e900002ded0000d8f0000086
:1028380086f4000036f80000e7fb000098ff00006f
:10284800bd0b00006d1000001c150000c61900002b
:102858006a1e000006230000982700001d2c0000b7
:1028680093300000f734000049390000853d00002e
:10287800aa410000b5450000a5490000774d0000b9
:1028880029510000bb54000029580000725b000069
:10289800955e00009061000060640000056700001c
:1028a8007d690000c56b0000de6d0000c46f00008c
:1028b80078710000f8720000437400005875000039
:1028c80037760000df7600004e770000867700003c
:1028d800867700004f770000e07600003976000028
:1028e8005c75000048740000fe7200007f710000f3
:1028f800cc6f0000e66d0000ce6b0000846900001c
:102908000b670000636400008f6100008f5e0000a9
:10291800655b0000145800009c5400000051000042
:10292800404d00006049000060450000444100003f
:102938000d3d0000bd38000056340000dc2f0000bb
:102948004f2b0000b42600000b220000581d000089
:102958009e180000dd1300001a0f0000560a000040
:10296800cc0800005c0d0000ee110000811600008c
:10297800141b0000a41f000030240000b52800002c
:10298800332d0000a63100000d360000663a000025
:10299800ae3e0000e4420000054700000e4b000078
:1029a800fe4e0000d2520000885600001d5a00005a
:1029b8008f5d0000dc60000001640000fc66000020
:1029c800cc6900006f6c0000e26e0000247100000a
:1029d800347300000f750000b576000023780000fe
:1029e80059790000557a0000177b00009d7b000094
:1029f800e87b0000f67b0000c87b00005e7b0000df
:102a0800b67a0000d1790000b07800005277000053
:102a1800b8750000e2730000d2710000876f0000f3
:102a2800036d0000486a0000556700002c64000030
:102a3800d0600000415d0000805900009155000001
:102a480073510000294d0000b54800001a440000e9
:102a5800583f0000743a00006f3500004b3000000a
:102a68000d2b0000b525000048200000c81a000002
:102a7800381500009b0f0000f5090000480400000d
:102a8800c00400007e080000360c0000e70f0000bc
:102a98009113000031170000c71a0000511e0000f2
:102aa800cf2100003f250000a0280000f12b0000e6
:102ab800322f0000623200007f35000089380000a4
:102ac8007f3b0000613e00002e410000e54300000e
:102ad8008746000013490000884b0000e54d0000c0
:102ae8002b500000585200006d5400006a56000038
:102af8004d580000185a0000ca5b0000635d0000d2
:102b0800e35e00004b6000009a610000d2620000a2
:102b1800f3630000fd640000f1650000d166000069
:102b28009c67000053680000f86800008a6900008c
:102b38000c6a00007d6a0000df6a0000326b00004a
:102b4800786b0000b26b0000e06b0000036c0000c3
:102b58001d6c00002d6c0000366c0000386c000005
:102b6800336c0000286c0000176c0000036c000038
:102b7800ea6b0000cf6b0000b16b0000926b0000a5
:102b8800726b0000526b0000336b0000146b000086
:102b9800f76a0000dc6a0000c46a0000ae6a000040
:102ba800cf0100006c05000008090000a20c00001d
:102bb8003a100000ce1300005e170000ea1a000069
:102bc8006f1e0000ed21000064250000d2280000df
:102bd800372c0000902f0000df3200002036000064
:102be80054390000793c00008d3f000091420000fc
:102bf800814500005f480000284b0000dc4d0000c4
:102c08007a5000000253000072550000ca570000b5
:102c1800095a00002f5c00003b5e00002d60000098
:102c280005620000c263000063650000e9660000f9
:102c380054680000a5690000da6a0000f56b00001e
:102c4800f66c0000dd6d0000a96e00005d6f0000ed
:102c5800f76f000079700000e37000003571000024
:102c68007171000096710000a6710000a17100004a
:102c7800877100005a7100001b710000c9700000c4
:102c880065700000f16f00006c6f0000d86e0000e6
:102c9800366e0000866d0000ca6c0000026c0000f1
:102ca800306b0000546a00006f6900008368000000
:102cb800916700009a6600009e650000a06400000d
:102cc8000d07000060020000b7fd000014f90000c5
:102cd8007bf40000ebef000068eb0000f4e6000076
:102ce8008fe200003dde0000fdd90000d3d50000d2
:102cf800c0d10000c4cd0000e2c900001ac600001f
:102d08006fc20000e0be000070bb00001eb80000eb
:102d1800edb40000ddb10000edae000020ac000015
:102d280073a90000e9a6000081a400003aa20000ef
:102d380016a00000139e0000329c0000729a00004a
:102d4800d398000054970000f5950000b594000052
:102d58009593000093920000af910000e990000065
:102d680040900000b28f0000408f0000e78e000006
:102d7800a98e0000828e0000738e00007b8e0000fa
:102d8800988e0000c98e00000e8f0000658f00002d
:102d9800ce8f000046900000cd90000062910000a8
:102da80003920000af920000659300002394000096
:102db800e9940000b6950000879600005e97000031
:102dc8003898000015990000f3990000d39a000084
:102dd800b49b0000949c0000739d0000519e00006d
:102de8001c0400004eff000089fa0000d0f5000026
:102df80024f1000089ec000000e800008ce30000ea
:102e08002fdf0000ebda0000c1d60000b4d20000ca
:102e1800c4ce0000f3ca000042c70000b2c30000dd
:102e280044c00000f8bc0000cfb90000cab60000da
:102e3800e7b3000029b100008eae000017ac000017
:102e4800c3a9000093a7000085a500009ba300006c
:102e5800d2a100002aa00000a39e00003c9d000013
:102e6800f49b0000ca9a0000bd990000cc980000ad
:102e7800f69700003b970000989600000e96000019
:102e88009a9500003b950000f1940000ba94000068
:102e9800949400007e940000779400007e940000d3
:102ea80090940000ae940000d494000003950000b4
:102eb8003895000073950000b2950000f395000066
:102ec8003696000079960000ba960000f996000040
:102ed800359700006d970000a0970000ce9700007e
:102ee800f5970000169800003098000042980000fe
:102ef8004e980000519800004e980000439800003a
:102f08001000000070fa0000d1f4000035ef000056
:102f1800a1e9000016e4000097de000028d90000af
:102f2800ccd3000084ce000054c9000040c4000087
:102f380048bf000071ba0000bcb500002cb1000009
:102f4800c4ac000086a8000075a4000092a0000090
:102f5800e09c0000609900001596000000930000b6
:102f6800229000007c8d0000108b0000e08800009b
:102f7800eb86000033850000b98300007c820000e6
:102f88007f810000c08000004180000001800000b7
:102f98000180000041800000c180000081810000a4
:102fa80080820000bd83000039850000f2860000a1
:102fb800e8880000198b0000858d0000299000002a
:102fc80005930000189600005f990000d99c000046
:102fd80085a0000060a4000068a800009aac00006a
:102fe800f6b0000077b500001cba0000e2be000091
:102ff800c7c30000c8c80000e3cd000015d3000017
:103008005bd80000b3dd00001be300008fe8000080
:103018000dee000093f300001df90000aafe000069
:103028001ffd00005ef70000a3f10000f1eb0000b7
:103038004ae60000b3e000002fdb0000c1d5000025
:103048006cd0000032cb000018c6000020c1000080
:103058004cbc00009fb700001cb30000c4ae0000c9
:1030680099aa00009ea60000d4a200003d9f00007f
:10307800da9b0000ac980000b5950000f7920000bc
:1030880071900000268e0000158c0000408a000018
:10309800a78800004a8700002a86000047850000ac
:1030a800a084000037840000098400001884000010
:1030b80063840000e9840000aa850000a58600005a
:1030c800da87000047890000eb8a0000c58c000001
:1030d800d38e000015910000899300002c96000003
:1030e800fe980000fc9b0000259f000077a20000ce
:1030f800f0a500008da900004cad00002bb1000028
:1031080028b5000040b9000071bd0000b8c100003a
:1031180013c600007fca0000fbce000084d3000065
:1031280018d80000b4dc000057e10000fee50000fc
:10313800a7ea000050ef0000f7f300009bf800003a
:10314800156c0000176c00001a6c00001f6c000062
:10315800266c00002e6c0000366c0000406c0000ed
:10316800496c0000536c00005b6c0000636c00004d
:10317800696c00006c6c00006c6c0000696c0000ed
:10318800626c0000556c0000426c0000296c000065
:10319800096c0000e16b0000af6b0000736b00006e
:1031a8002b6b0000d66a0000746a0000046a0000f5
:1031b80083690000f26800004f680000986700000b
:1031c800cf660000f0650000fd640000f3630000b6
:1031d800d26200009b6100004c600000e55e0000c8
:1031e800665d0000cf5b00001e5a000055580000c5
:1031f8007256000076540000615200003250000000
:10320800eb4d00008b4b0000124900008146000086
:10321800d943000019410000423e0000553b000020
:10322800523800003a3500000d320000cc2e000064
:10323800792b0000142800009d24000018210000ac
:10324800841d0000e3190000361600007f120000fc
:10325800bf0e0000f70a00002b070000590300000a
:103268002469000005690000ed680000db680000c3
:10327800d0680000cb680000ce680000d868000065
:10328800e9680000016900001f6900004369000047
:103298006d6900009b690000cc690000016a0000ac
:1032a800366a00006d6a0000a26a0000d56a000054
:1032b800036b00002d6b00004f6b00006a6b000071
:1032c8007a6b0000806b0000796b0000646b000073
:1032d8003f6b0000096b0000c06a0000636a0000d1
:1032e800f069000067690000c56800000a6800000e
:1032f8003467000042660000356500000a6400007b
:10330800c062000058610000d05f0000275e000026
:103318005d5c0000725a00006558000035560000d8
:10332800e35300006f510000d84e00001f4c00000e
:10333800434900004646000027430000e63f0000de
:10334800853c00000339000062350000a23100000e
:10335800c52d0000cb290000b625000088210000fb
:10336800411d0000e418000072140000ee0f000078
:10337800590b0000b5060000050200004bfd0000d7
:1033880018650000276400003463000040620000f4
:103398004c61000058600000655f0000745e00002a
:1033a800865d00009a5c0000b25b0000cf5a000006
:1033b800f159000019590000465800007b570000d9
:1033c800b7560000fb550000475500009d5400000b
:1033d800fc53000064530000d65200005352000012
:1033e800d95100006951000004510000a9500000a3
:1033f8005850000012500000d54f0000a34f0000a5
:103408007b4f00005d4f0000494f00003e4f000019
:103418003e4f0000494f00005e4f00007d4f000006
:10342800a64f0000da4f0000185000005f5000005f
:10343800b15000000d51000072510000e151000030
:1034480058520000d952000063530000f5530000a1
:103458009054000032550000dc5500008d560000e5
:103468004557000002580000c45800008b5900005e
:10347800575a0000265b0000f95b0000cf5c000093
:10348800a75d0000815e00005d5f00003a600000fb
:1034980018610000f6610000d4620000b263000009
:1034a800276200001661000007600000fc5e000053
:1034b800f65d0000f65c0000fd5b00000d5b00009f
:1034c800265a00004959000076580000b0570000fd
:1034d800f556000047560000a65500001355000099
:1034e8008c54000013540000a753000048530000f8
:1034f800f6520000b0520000775200004a52000015
:10350800295200001352000009520000095200001d
:103518001452000029520000475200006e52000069
:103528009d520000d3520000115300005553000073
:10353800a0530000f153000046540000a1540000bd
:103548000055000063550000c955000032560000c0
:103558009d5600000957000076570000e457000008
:1035680051580000be580000295900009359000026
:10357800fa5900005f5a0000c15a00001e5b0000a3
:10358800775b0000cb5b0000195c0000615c000009
:10359800a35c0000dd5c0000115d00003e5d0000e2
:1035a800645d0000825d00009a5d0000a95d000076
:1035b800b25d0000b45d0000af5d0000a35d0000d7
:1035c800a6a0000090a1000076a2000055a300006c
:1035d8002ea4000000a50000cba500008ea60000c8
:1035e80048a70000faa70000a2a8000041a900000f
:1035f800d7a9000062aa0000e3aa00005aab0000a5
:10360800c8ab00002aac000083ac0000d2ac0000bc
:1036180017ad000052ad000083ad0000abad000057
:10362800c8ad0000dcad0000e6ad0000e6ad00006e
:10363800dead0000cbad0000b0ad00008cad0000e9
:1036480060ad00002bad0000eeac0000abac00009c
:1036580060ac00000fac0000baab00005fab00002c
:1036680000ab00009daa000037aa0000cea9000008
:1036780063a90000f7a800008aa800001ca80000a1
:10368800afa7000042a70000d7a600006da6000063
:1036980006a60000a1a500003fa50000e2a40000c6
:1036a80089a4000035a40000e7a300009fa3000040
:1036b8005da3000023a30000efa20000c2a2000047
:1036c8009ca200007ea2000066a2000057a2000093
:1036d8004ea200004ca2000051a200005da2000012
:1036e800b59d00007f9e0000489f000010a00000cc
:1036f800d8a000009ea1000063a2000026a300003d
:10370800e8a30000a8a4000066a5000022a6000007
:10371800dba6000091a7000043a80000f2a8000063
:103728009ca9000042aa0000e3aa00007dab0000ab
:1037380011ac00009eac000024ad0000a2ad00005a
:1037480018ae000086ae0000ebae000047af0000e8
:1037580099af0000e2af000022b0000057b00000af
:1037680081b00000a1b00000b7b00000c2b00000f6
:10377800c2b00000b7b00000a2b0000083b00000e3
:103788005ab0000026b00000e8af0000a1af00006a
:103798004faf0000f3ae00008eae00001fae000079
:1037a800a8ad000027ad00009dac00000bac0000e8
:1037b80070ab0000ceaa000024aa000073a9000084
:1037c800bba80000fea700003ca7000075a60000eb
:1037d800a9a50000daa4000007a4000031a3000096
:1037e80059a200007fa10000a3a00000c69f00000e
:1037f800e89e00000a9e00002c9d00004e9c0000e0
:10380800aa990000a19900009099000076990000fb
:10381800549900002b990000fa980000c298000003
:103828008498000041980000f9970000ae970000c6
:103838005f9700000f970000bd9600006c9600008f
:103848001d960000d1950000889500004595000060
:1038580009950000d5940000ab9400008b940000fb
:10386800769400006f940000769400008c94000019
:10387800b3940000eb940000379500009795000082
:103888000c960000979600003a970000f697000003
:10389800cc980000be990000cb9a0000f69b00006f
:1038a800409d0000a89e000030a00000d9a10000a3
:1038b800a3a300008ea500009ba70000cba90000d1
:1038c8001dac000091ae000028b10000e1b300007b
:1038d800bdb60000bab90000d9bc00001ac000008b
:1038e8007bc30000fdc600009eca00005ece00003b
:1038f8003bd2000035d600004ada000078de00002e
:10390800bfe200001ce700008eeb000012f0000090
:10391800a7f400004bf90000fbfd0000b502000011
:10392800b89600008f96000062960000319600005d
:10393800fe950000c8950000929500005b95000078
:1039480024950000f0940000bd9400008e940000bf
:10395800639400003d9400001d940000049400004e
:10396800f2930000e8930000e8930000f093000051
:1039780003940000219400004b94000082940000fe
:10398800c6940000199500007a950000ec95000097
:103998006e96000002970000a8970000619800004a
:1039a8002d9900000e9a0000039b00000d9c00005a
:1039b8002e9d0000659e0000b49f00001ba1000022
:1039c8009aa2000031a40000e2a50000aba7000005
:1039d8008ea900008aab00009fad0000ceaf0000aa
:1039e80015b2000075b40000eeb600007fb9000003
:1039f80027bc0000e7be0000bec10000abc4000049
:103a0800aec70000c6ca0000f3cd000034d10000e4
:103a180087d40000ecd7000063db0000e8de00007c
:103a28007ce200001de60000cae9000081ed00000c
:103a380041f1000009f50000d5f80000a7fc0000de
:103a4800ae050000480b0000d91000006016000009
:103a5800da1b00004321000099260000da2b000041
:103a68000231000010360000003b0000d13f00008a
:103a7800804400000a4900006e4d0000a951000072
:103a8800ba5500009f590000565d0000dd60000037
:103a98003364000056670000456a0000fe6c0000b1
:103aa800806f0000c9710000da730000b075000073
:103ab8004b770000aa780000cd790000b37a0000a7
:103ac8005c7b0000c77b0000f67b0000e87b000001
:103ad8009d7b0000177b0000567a00005b79000090
:103ae80026780000b9760000157500003b730000c9
:103af8002d710000eb6e0000776c0000d4690000a7
:103b08000267000004640000db600000895d0000bb
:103b1800105a000073560000b4520000d54e000041
:103b2800d84a0000c04600008f420000483e00000e
:103b3800ed39000081350000053100007c2c0000c3
:103b4800e82700004c230000a91e0000021a00000c
:103b580059150000b0100000090c000065070000ae
:103b6800bd02000036080000ac0d00001b13000069
:103b780083180000e01d00003123000072280000b7
:103b8800a22d0000be320000c4370000b23c000085
:103b98008441000039460000ce4a0000414f000031
:103ba8008f530000b7570000b55b0000885f000026
:103bb8002d630000a2660000e5690000f56c0000b6
:103bc800cf6f000073720000de74000010770000f1
:103bd80007790000c17a00003e7c00007d7d00006e
:103be8007d7e00003e7f0000bf7f0000ff7f000059
:103bf800ff7f0000bf7f00003f7f00007f7e000046
:103c0800807d0000437c0000c77a00000e79000028
:103c180018770000e77400007b720000d76f00007f
:103c2800fb6c0000e8690000a16600002763000043
:103c38007b5f0000a05b00009857000066530000ff
:103c48000a4f0000894a0000e44500001e410000b8
:103c5800393c0000383700001d320000eb2c000012
:103c6800a52700004d220000e51c00007117000088
:103c7800f31100006d0c0000e3060000560100007f
:103c8800b2fe000058030000f3070000810c00009a
:103c9800001100006d150000c81900000e1e00007c
:103ca8003e22000057260000572a00003d2e000043
:103cb80008320000b735000048390000bb3c00005e
:103cc80010400000454300005b46000050490000da
:103cd800254c0000d94e00006c510000de53000056
:103ce8002e5600005c580000695a0000555c000020
:103cf800205e0000ca5f000053610000bd62000042
:103d08000864000034650000426600003467000063
:103d18000a680000c568000068690000f2690000d0
:103d2800666a0000c56a00000f6b0000466b000061
:103d38006c6b0000826b0000896b0000826b0000d6
:103d4800706b0000526b00002c6b0000fd6a0000d5
:103d5800c86a00008d6a00004e6a00000d6a000003
:103d6800ca69000087690000466900000769000009
:103d7800cb680000936800006068000032680000ab
:103d88000b680000ea670000d0670000be6700000b
:103d9800b2670000af670000b2670000bd670000af
:103da800c0fb000047000000c60400003d090000f9
:103db800a90d00000b12000060160000a71a0000f1
:103dc800de1e0000062300001b2700001e2b00003b
:103dd8000c2f0000e5320000a8360000533a00001e
:103de800e53d00005d410000ba440000fb470000cb
:103df8001f4b0000254e00000c510000d553000059
:103e08007d560000065900006e5b0000b55d00009d
:103e1800dc5f0000e1610000c56300008865000008
:103e280029670000aa6800000b6a00004b6b0000bd
:103e38006b6c00006d6d0000516e0000176f000084
:103e4800c06f00004e700000c070000019710000c3
:103e5800577100007e7100008d71000085710000af
:103e68006871000037710000f27000009b7000005c
:103e780032700000ba6f0000336f00009e6e0000c1
:103e8800fd6d0000516d00009b6c0000dd6b0000b3
:103e9800176b00004a6a000079690000a2680000f8
:103ea800c8670000eb6600000d6600002d65000085
:103eb8004c6400006c6300008d620000af6100007c
:103ec800fe0000003afd000074f90000aef50000a5
:103ed800eaf1000028ee00006aea0000b1e60000fe
:103ee800ffe2000055df0000b5db00001fd800002e
:103ef80095d4000019d10000abcd00004dca0000d8
:103f080000c70000c5c300009dc0000089bd0000b7
:103f18008bba0000a3b70000d2b4000018b20000aa
:103f280076af0000edac00007daa000026a80000d6
:103f3800e8a50000c5a30000bba10000cc9f0000bd
:103f4800f79d00003d9c00009d9a00001799000015
:103f5800ac9700005b960000269500000b940000cb
:103f68000a9300002392000057910000a3900000dc
:103f780009900000878f00001d8f0000cb8e000085
:103f88008f8e00006a8e00005a8e00005f8e00003f
:103f9800798e0000a68e0000e58e0000378f0000a5
:103fa8009b8f00000f900000949000002891000063
:103fb800ca9100007a92000036930000fe93000038
:103fc800d0940000ac950000919600007d97000009
:103fd8006f98000066990000629a0000609b0000dc
:103fe8000dfe000029fa000047f600006af2000002
:103ff80093ee0000c5ea000002e700004ae3000073
:104008009fdf000004dc000079d8000000d5000024
:104018009ad1000048ce00000bcb0000e4c7000096
:10402800d5c40000dcc10000fcbe000034bc0000a8
:1040380085b90000efb6000072b400000fb20000ae
:10404800c6af000097ad000081ab000086a9000054
:10405800a4a70000dca500002da4000097a2000082
:1040680019a10000b39f0000659e00002e9d00006e
:104078000d9c0000039b00000f9a00002f99000080
:1040880064980000ad97000008970000769600003d
:10409800f49500008395000021950000ce9400005f
:1040a800889400004e94000020940000fd930000c6
:1040b800e3930000d3930000ca930000c893000064
:1040c800cd930000d8930000e9930000fd93000011
:1040d80016940000319400004f9400006e94000084
:1040e8008e940000ae940000cd940000ec94000083
:1040f80009950000249500003c95000052950000a9
:1041080002fa00004bf500008ef00000cfeb000033
:1041180010e7000052e2000098dd0000e5d800003a
:104128003bd400009dcf00000ccb00008bc60000e4
:104138001ec20000c6bd000085b900005fb50000c2
:1041480055b100006bad0000a2a90000fca500005d
:104158007da20000269f0000f99b0000f89800004f
:1041680025960000809300000d910000cb8e000082
:10417800be8c0000e58a000042890000d787000055
:10418800a3860000a9850000e9840000638400007c
:10419800188400000a84000038840000a28400000b
:1041a8004a8500002f86000050870000ae88000076
:1041b800488a00001e8c00002e8e000079900000b6
:1041c800fd920000b8950000ab980000d49b000059
:1041d800309f0000bfa2000080a600006faa000068
:1041e8008dae0000d7b200004bb70000e6bb000060
:1041f800a8c000008cc5000091ca0000b5cf00001f
:10420800f3d400004bda0000b8df000038e5000006
:10421800c8ea000065f000000bf60000b8fb0000db
:1042280010f7000039f2000061ed00008be8000093
:10423800b9e30000f0de000030da00007ed50000af
:10424800dbd000004bcc0000d0c700006cc30000de
:1042580022bf0000f4ba0000e5b60000f6b2000084
:104268002aaf000083ab000001a80000a8a400004a
:1042780077a10000729e00009a9b0000ef98000052
:10428800749600002a940000119200002b90000000
:10429800798e0000fc8c0000b48b0000a18a00001d
:1042a800c589000020890000b18800007a880000d4
:1042b8007a880000b188000020890000c7890000c2
:1042c800a48a0000b88b0000028d0000818e0000d7
:1042d800349000001a920000329400007c9600008e
:1042e800f59800009d9b0000719e000071a10000e0
:1042f8009ba40000eca7000064ab000000af000026
:10430800c0b20000a0b60000a0ba0000bcbe000009
:10431800f3c2000043c70000aacb000024d000006d
:10432800b1d400004cd90000f5dd0000a8e200007f
:1043380062e7000023ec0000e6f00000aaf50000a8
:1043480006660000f1660000d8670000b968000042
:10435800956900006a6a0000386b0000fd6b000078
:10436800b96c00006b6d0000136e0000af6e0000aa
:104378003e6f0000c16f0000367000009c700000a6
:10438800f3700000397100006f7100009471000033
:10439800a7710000a7710000937100006b71000005
:1043a8002e710000db70000071700000ef6f0000dc
:1043b800566f0000a36e0000d86d0000f36c00007b
:1043c800f36b0000d96a0000a4690000546800007b
:1043d800e966000063650000c26300000762000030
:1043e80031600000405e0000355c0000105a00009b
:1043f800d25700007b5500000a530000825000008d
:10440800e24d00002b4b00005e4800007b45000099
:1044180084420000783f00005a3c00002a3900001e
:10442800ea3500009a3200003c2f0000d12b000032
:1044380059280000d82400004c210000b81d0000b5
:104448001c1a00007a160000d3120000280f000082
:104458007a0b0000ca070000190400006800000079
:1044680015630000e0630000aa64000075650000a1
:104478003f66000008670000d067000095680000ec
:10448800596900001a6a0000d76a00008f6b0000a3
:10449800436c0000f06c0000966d0000336e000065
:1044a800c86e0000516f0000cf6f00003f70000021
:1044b800a1700000f3700000347100006271000008
:1044c8007e71000084710000757100004f7100005a
:1044d80011710000ba70000049700000bd6f000043
:1044e800156f0000506e00006d6d00006b6c0000d1
:1044f8004b6b00000b6a0000ab6800002b670000e4
:104508008b650000c9630000e7610000e35f0000fd
:10451800bd5d0000775b00000e5900008556000065
:10452800db5300000f510000244e0000194b00001f
:10453800ee470000a54400003f410000bb3d0000dd
:104548001c3a00006336000091320000a62e0000dd
:10455800a52a00008f26000065220000281e000002
:10456800d91900007c15000010110000970c0000fc
:104578001408000088030000f4fe00005afa000046
:104588000a5f0000025f0000f25e0000db5e0000d0
:10459800bb5e0000955e0000675e0000315e0000b3
:1045a800f55d0000b35d00006a5d00001b5d000062
:1045b800c75c00006e5c0000105c0000ae5b000091
:1045c800485b0000df5a0000745a0000075a0000d8
:1045d800995900002a590000bb5800004b580000a8
:1045e800dc5700006e570000005700009556000089
:1045f8002b560000c35500005f550000fd54000015
:104608009f54000046540000f0530000a0530000df
:104618005553000011530000d45200009e52000070
:10462800715200004b5200002f5200001b52000034
:1046380011520000115200001c52000030520000bc
:10464800505200007a520000af520000ef520000b2
:104658003b53000092530000f453000062540000e2
:10466800dc54000062550000f35500008f5600002e
:1046780037570000ea570000a75800006f5900009c
:104688003f5a0000195b0000fb5b0000e45c00007f
:10469800d35d0000c95e0000c35f0000c060000079
:1046a800185c0000f05b0000c55b0000965b000032
:1046b800655b0000325b0000fe5a0000ca5a000029
:1046c800955a0000615a00002e5a0000fc5900005b
:1046d800cb5900009c590000705900004559000052
:1046e8001d590000f7580000d4580000b3580000c6
:1046f80093580000765800005b58000042580000ac
:104708002c5800001758000005580000f557000005
:10471800e7570000da570000d0570000c8570000dc
:10472800c1570000bc570000b9570000b757000038
:10473800b7570000b9570000bd570000c357000025
:10474800cb570000d5570000e0570000ee57000097
:10475800fd5700000e580000205800003358000094
:10476800485800005e580000755800008d58000039
:10477800a6580000bf580000d9580000f3580000a0
:104788000f5900002b5900004859000065590000d6
:1047980083590000a1590000c0590000de590000eb
:1047a800fd5900001a5a0000375a0000535a0000f9
:1047b8006d5a0000865a00009d5a0000b25a000047
:020000040000fa
:020000040002f8
:1047c800889fbe00000478008004eb0000052000ec
:1047d8000800400009087800600520000800400033
:1047e8000908780008017800100020002101200045
:1047f8008c7e020001000000406a2000102c980006
:104808002006200008004000090878000006200063
:104818000800400009087800e00620000800400071
:1048280009087800f0ff2700202c98006000b800e5
:104838004024980051249800c0042000080040003b
:104848000908780078209000cf80de00f00f500033
:10485800e08f580055003e000006010010003700a8
:104868001b00370051003700100037004f00370099
:104878004e0037004d0037004c003700110037005c
:104888000d00370049003700480037004500370061
:10489800440037003e00370010003700260037007c
:1048a800703e2000102c980040003700401f200068
:1048b800102c98003d003700c05d2000102c980097
:1048c8003a003700c05d2000102c980037003700f0
:1048d800004e2000102c980034003700f0402000d3
:1048e800102c980082292d00131020000000eb00e6
:1048f8002804b000870420008000d0009880400081
:10490800960180000202780004f0a4008382d2009d
:1049180005d0fe001402780006d0fe008408780056
:104928000000e80062014100e0814900870f500063
:10493800f1ff3a001d003700f0812000102c98008c
:1049480042872d00131020000000eb002804b0005f
:104958008000d00098804000960180000202780014
:1049680004f0a4008382d20005d0fe00140278006f
:1049780006d0fe00840878000000e80062014100cb
:10498800e0814900fb0f5000f1ff3a0007003700b3
:10499800f0812000102c980090612600202c9800af
:1049a80002003700c05d2000102c98004f04be00a4
:1049b80000000600ea874700889fbe008a9fbe0065
:1049c8008c9fbe008e1f78000005780001077800d4
:1049d800e2b79f00660047000008eb000200e00015
:1049e8002d0034002b0520008a854500480420004e
:1049f8000a044400e6044700400520000000450082
:104a0800d0b79f001b017800cf91de001800780016
:104a1800980090000ca9020001000000008cbe0064
:104a2800110020000a007800e6830200010000005f
:104a38001906d0001e064600dfb0970091067800e0
:104a48000001eb0082bf9f00f30320009a81610000
:104a5800f3b79f007fb197008fb9970038004100e6
:104a6800a88049000002b1000180b1002aa9020013
:104a7800010000008d007800feaa0200010000007d
:104a8800000e78001900e800800c7800efb197005c
:104a9800808f5100dbff3c004f0778004f06be00b7
:104aa8004f05be004f04be00af00b1000000060075
:104ab80040219000d0219000e00f5100e08f590074
:104ac80008003d00d02890000118a3000c00320017
:104ad800a2052000000141000100a00001097800a2
:104ae80007003700d02890000118a30004003a00fe
:104af800a2052000000141000100a0000109780082
:104b0800d02890006128980000000600889fbe0009
:104b180040239000d0239000cf38de008100d000e1
:104b28000400200005002400878162000401780049
:104b3800e00f5100e08f5900010032000100a00091
:104b4800d02990000310a7000130a000602b90002e
:104b58000610a7000120a000610cb800080444005a
:104b680089844c00449a2d00151020000802420048
:104b780089824a009101800004f0a4008582d20055
:104b880005d0fe001402780001d0fe00a105200027
:104b98008080400083087200429c2d001310200082
:104ba80008014100898149009401800002f0a400b5
:104bb8008381d20003d0fe001201780004d0fe00e9
:104bc800c005b000060871004f04be0000000600d2
:104bd8000f02b000889fbe008a9fbe008c9fbe0057
:104be8008e1f78000004780081067800d2b79f00f5
:104bf800668046000008eb000000eb00a0af9f00b5
:104c0800dfb097000100e000030134006c072000ca
:104c1800080646006305200083014400f3b79f009f
:104c28008407200004024400c4af9f00a5072000a9
:104c380085024400b5af9f006606200006034400c5
:104c4800e6b79f001c00e000b4003a00ffb39700ed
:104c58001700e0003f003a00a905200088844400be
:104c680019007800800c4000c005200008004000b2
:104c7800900078000188400008007800a3ff070032
:104c88008004200008004000100278009002900084
:104c98004229dd00ce21de00830171004221dd00c2
:104ca8000288be00c0042000080040001088e90007
:104cb8002fa897000080e800a0af9f001900780097
:104cc8000058a300090032000080ea007f0060005d
:104cd800f200b900cfa8970080087800c00720002c
:104ce800080040001000a000070037007f006000a7
:104cf800f200b900cfa9970080097800c00720000a
:104d0800080040001000a100682890000058a30087
:104d1800090032000080ea007f006000f200b9005c
:104d28003faa9700000a7800c0072000080040004a
:104d38001010a000070037007f006000f200b900e3
:104d4800bfaa9700800a7800c0072000080040002a
:104d58001010a1007fb3970016007800cfab970022
:104d680017024000bfa89700910140000000e8002a
:104d7800000b7800f10f500001003400000beb002d
:104d8800efb29700950078002134980048309000e1
:104d980050349800683990000208a30014003200cb
:104da8008002eb000402420085824a00068c29003a
:104db800b6b79f0017102000c7b79f003fb39700f2
:104dc800cfb397000402430085824b009601800010
:104dd80004f0a4008582d20005d0fe0014027800f9
:104de80006d0fe00efb39700840bea0013003700eb
:104df8008002eb000402420085824a00068c2900ea
:104e080096b79f0017102000a7b79f001fb3970001
:104e1800afb397000402430085824b0096018000df
:104e280004f0a4008582d20005d0fe0014027800a8
:104e380006d0fe00efb39700840b78000218a30099
:104e4800150032006119b800020141008381490050
:104e5800048c2900f4af9f001510200085b79f002f
:104e68007fab97008fb397000201430083814b000b
:104e78009401800002f0a4008381d20003d0fe00d8
:104e88001201780004d0fe008306200088814100ca
:104e98008209ea00120037006119b80002014100d6
:104ea80083814900078c2900d7af9f001410200088
:104eb800e4af9f005fab9700efab970002014300a0
:104ec80083814b009401800002f0a4008381d2000a
:104ed80003d0fe001201780004d0fe00423498008e
:104ee800c206200008014100efb39700178910009f
:104ef8008000eb00e206200008014100010978006b
:104f0800c8319000020720000801410000895100c3
:104f18002007200008004000010878001c00e80075
:104f2800000e7800e30f500001003400000eeb0083
:104f380049042000888444001900780099009000f2
:104f4800c25d2000030020000ca90200010000003f
:104f5800808cbe00e68546001b07d0001d07470071
:104f680010aa02000100000080007800ea06200074
:104f7800080545001a0078004280de0028319000bc
:104f880002004000feaa0200010000008120250066
:104f9800feaa020001000000000f78001b07d000e5
:104fa8001d0747001e00780080bf9f001900780089
:104fb800990090002aa902000100000080007800f2
:104fc8002907200088844400190078004280de0008
:104fd8005831900002004000feaa020001000000c3
:104fe80081202500feaa0200010000008fb897006a
:104ff800010f4000683090001a0d400008389000fa
:10500800990c40001b00e800800d7800dfb1970084
:10501800808f51000bff3c002fa897004f077800a6
:105028004f06be004f05be004f04be000f02b10080
:10503800000006000f02b000889fbe008a9fbe00d5
:105048008c9fbe008e1f78000004780081067800cf
:10505800d2b79f00668046000008eb000000eb0016
:10506800a0af9f00dfb097000100e000030134000b
:105078006c072000080646006305200083014400f1
:10508800f3b79f008407200004024400c4af9f00c8
:10509800a507200085024400b5af9f0066062000e2
:1050a80006034400e6b79f001c00e000b4003a0085
:1050b800ffb397001700e0003f003a00a905200061
:1050c8008884440019007800800c4000c005200046
:1050d800080040009000780001884000080078002f
:1050e8008afe0700800420000800400010027800b3
:1050f800900290004229dd00ce21de00830171007c
:105108004221dd000288be00c004200008004000e3
:105118001088e9002fa897000080e800a0af9f0042
:10512800190078000098a300090032000080ea0006
:10513800f01fb200ec00b900cfa8970080087800f3
:10514800c0072000080040001000a000070037003a
:10515800f01fb200ec00b900cfa9970080097800d1
:10516800c0072000080040001000a1006828900037
:105178000098a300090032000080ea00f01fb20086
:10518800ec00b9003faa9700000a7800c007200089
:10519800080040001010a00007003700f01fb20000
:1051a800ec00b900bfaa9700800a7800c007200069
:1051b800080040001010a1007fb397001600780087
:1051c800cfab970017024000bfa89700910140009d
:1051d8000000e800000b7800eb0f500001003400dd
:1051e800000beb00efb2970095007800213498008f
:1051f8004830900050349800683990000208a300a5
:10520800140032008002eb000402420085824a004a
:10521800068c2700b6b79f0007102000c7b79f006d
:105228003fb39700cfb397000402430085824b0039
:105238009601800004f0a4008582d20005d0fe000b
:105248001402780006d0fe00efb39700840bea0042
:10525800130037008002eb000402420085824a00f6
:10526800068c270096b79f0007102000a7b79f005d
:105278001fb39700afb397000402430085824b0029
:105288009601800004f0a4008582d20005d0fe00bb
:105298001402780006d0fe00efb39700840b780064
:1052a8000218a300150032006119b800020141007c
:1052b80083814900048c2700f4af9f00051020006b
:1052c80085b79f007fab97008fb39700020143001b
:1052d80083814b009401800002f0a4008381d200f6
:1052e80003d0fe001201780004d0fe0083062000df
:1052f800888141008209ea00120037006119b8006c
:105308000201410083814900078c2700d7af9f0025
:1053180004102000e4af9f005fab9700efab97004d
:105328000201430083814b009401800002f0a40035
:105338008381d20003d0fe001201780004d0fe0061
:1053480042349800c206200008014100efb39700dc
:10535800178910008000eb00e206200008014100d8
:1053680001097800c83190000207200008014100b7
:10537800008951002007200008004000010878003b
:105388001c00e800000e7800e30f50000100340014
:10539800000eeb00490420008884440019007800be
:1053a8009900900022672000030020000ca9020049
:1053b80001000000808cbe00e68546001b07d00077
:1053c8001d07470010aa02000100000080007800b5
:1053d800ea062000080545001a0078004280de0031
:1053e8002831900002004000feaa020001000000df
:1053f80081202500feaa020001000000000f7800ad
:105408001b07d0001d0747001e00780080bf9f00c3
:1054180019007800990090002aa9020001000000f4
:10542800800078002907200088844400190078004b
:105438004280de005831900002004000feaa0200bf
:105448000100000081202500feaa020001000000e2
:105458008fb89700010f4000683090001a0d400087
:1054680008389000990c40001b00e800800d780077
:10547800dfb19700808f51000bff3c002fa89700e9
:105488004f0778004f06be004f05be004f04be0010
:105498000f02b100000006000f02b000889fbe0096
:1054a8008a9fbe008c9fbe008e1f78000004780083
:1054b80081067800d2b79f00668046000008eb009e
:1054c8000000eb00a0af9f00dfb097000100e000f4
:1054d800080134006c072000080646006305200018
:1054e80083014400f3b79f008407200004024400ae
:1054f800c4af9f00a507200085024400b5af9f00f8
:105508006606200006034400e6b79f001c00e00082
:10551800b9003a00ffb397001700e00043003a00d3
:10552800a90520008884440019007800800c4000f8
:10553800c005200008004000900078000188400065
:105548000800780071fd0700800420000800400072
:1055580010027800900290004229dd00ce21de0082
:10556800830171004221dd000288be00c0042000d2
:10557800080040001088e9002fa897000080e80084
:10558800a0af9f00990078000158a3000a003200dc
:105598008180ea00ff806000800420008088b900d4
:1055a800cfa8970080087800c007200008004000b6
:1055b8001000a00008003700ff8060008004200071
:1055c8008088b900cfa9970080097800c00720001b
:1055d800080040001000a100e82890000158a3002e
:1055e8000a0032008180ea00ff8060008004200009
:1055f8008088b9003faa9700000a7800c0072000f9
:10560800080040001010a00008003700ff8060006c
:10561800800420008088b900bfaa9700800a78001b
:10562800c0072000080040001010a1007fb39700b9
:1056380016007800cfab970017024000bfa897006c
:10564800910140000000e800000b78007104200080
:10565800810f500001003400000beb00efb29700ff
:105668009500780021349800483090005034980014
:10567800683990000208a300140032008002eb0091
:105688000402420085824a00461e2100b6b79f00e8
:1056980017102000c7b79f003fb39700cfb39700fc
:1056a8000402430085824b009601800004f0a400a8
:1056b8008582d20005d0fe001402780006d0fe00d4
:1056c800efb39700840bea00130037008002eb0069
:1056d8000402420085824a00461e210096b79f00b8
:1056e80017102000a7b79f001fb39700afb397000c
:1056f8000402430085824b009601800004f0a40058
:105708008582d20005d0fe001402780006d0fe0083
:10571800efb39700840b78000218a300150032003d
:105728006119b8000201410083814900441e21002b
:10573800f4af9f001510200085b79f007fab97003e
:105748008fb397000201430083814b0094018000ce
:1057580002f0a4008381d20003d0fe001201780079
:1057680004d0fe0083062000888141008209ea00f7
:10577800120037006119b800020141008381490015
:10578800471e2100d7af9f0014102000e4af9f00f0
:105798005fab9700efab97000201430083814b009a
:1057a8009401800002f0a4008381d20003d0fe009f
:1057b8001201780004d0fe0042349800c20620008e
:1057c80008014100efb39700178910008000eb0033
:1057d800e20620000801410001097800c831900064
:1057e800020720000801410000895100200720001d
:1057f80008004000010878001c00e800000e78004e
:10580800e30f500001003400000eeb0049042000b3
:10581800888444001900780099009000c25d200037
:10582800030020000ca9020001000000808cbe00cb
:10583800e68546001b07d0001d07470010aa020096
:105848000100000080007800ea06200008054500f5
:105858001a0078004280de002831900002004000e3
:10586800feaa02000100000081202500feaa020015
:1058780001000000000f78001b07d0001d0747003b
:105888001e00780080bf9f001900780099009000e2
:105898002aa90200010000008000780029072000e2
:1058a80088844400190078004280de005831900056
:1058b80002004000feaa020001000000812025002d
:1058c800feaa0200010000008fb89700010f4000f7
:1058d800683090001a0d400008389000990c40007c
:1058e8001b00e800800d7800dfb19700808f510021
:1058f80006ff3c002fa897004f0778004f06be0010
:105908004f05be004f04be000f02b10000000600a4
:10591800f4874700889fbe008a9fbe008c9fbe0008
:105928008e1f78000004780081067800e2b79f0097
:10593800668046000008eb000000eb0080b79f007f
:105948000200e0009c0034006b07200088854500b9
:105958006c052000080646008107200081004400ed
:1059680091b79f006206200002014400f2b79f0031
:10597800440620000402440084bf9f001b00e0008e
:1059880069003a001c00e0002a003a00a90520003e
:105998008884440019007800800c4000c00520006d
:1059a8000800400090007800018840000800780056
:1059b8003ffc070080042000080040001001780028
:1059c8009001900002014100838149000288be00d5
:1059d800c0042000080040001008e9008fb29700ba
:1059e8008502e80085b79f00190078000058a300d9
:1059f800090032000080ea007f006000f200b90070
:105a08009fb0970080087800c00720000800400079
:105a18001000a000070037007f006000f200b90006
:105a28001fb1970000097800c00720000800400057
:105a38001000a1001c0078001fb29700140140005c
:105a48000000e800000e7800f10f5000010034005b
:105a5800000eeb00ffb29700150078008fb8970092
:105a680080087800e83890000108a300140032008c
:105a78008001eb000201410083814900048c290068
:105a8800c4b79f0015102000d5b79f004fb29700ec
:105a9800dfb297000201420083814a009101800031
:105aa80002f0a4008381d20003d0fe001201780026
:105ab80001d0fe00ffb29700820aea001300370007
:105ac8008001eb000201410083814900018c29001b
:105ad800a1b79f0014102000b4b79f002fb2970001
:105ae800bfb297000201420083814a009101800001
:105af80002f0a4008381d20003d0fe0012017800d6
:105b080001d0fe00ffb29700820a7800c10620008b
:105b1800888040007fb1970092081000e0062000be
:105b2800080040000008eb001b00e800800d78002a
:105b3800e30f500001003400800deb004904200001
:105b4800888444001900780099009000c25d200004
:105b5800030020000ca9020001000000808cbe0098
:105b6800668546001a07d0001d0747002aa90200cb
:105b78000100000080007800e906200088844400c5
:105b8800190078004280de000fba97001400400028
:105b9800feaa020001000000000f780068309000a3
:105ba800990c40001a00e800000d7800efb2970049
:105bb800808f520071ff3c000fb097004f077800ac
:105bc8004f06be004f05be004f04be004f01b10096
:105bd80000000600f4874700889fbe008a9fbe0029
:105be8008c9fbe008e1f7800000478008106780024
:105bf800e2b79f00668046000008eb000000eb005b
:105c080080b79f000200e0009f0034006b0720006f
:105c1800888545006c05200008064600810720009d
:105c28008100440091b79f006206200002014400f1
:105c3800f2b79f00440620000402440084bf9f007e
:105c48001b00e0006c003a001c00e0002c003a0049
:105c5800a90520008884440019007800800c4000c1
:105c6800c00520000800400090007800018840002e
:105c7800080078008efb0700800420000800400020
:105c880010017800900190000201410083814900d1
:105c98000288be00c0042000080040001008e90087
:105ca8008fb297008502e80085b79f001900780039
:105cb8000058a3000a0032000080ea007f0060005c
:105cc800810420008180b9009fb097008008780087
:105cd800c0072000080040001000a000080037009e
:105ce8007f006000810420008180b9001fb1970007
:105cf80000097800c0072000080040001000a1003b
:105d08001c0078001fb29700140140000000e80052
:105d1800000e780071042000810f5000010034004b
:105d2800000eeb00ffb29700150078008fb89700bf
:105d380080087800e83890000108a30014003200b9
:105d48008001eb000201410083814900441e2100cb
:105d5800c4b79f0015102000d5b79f004fb2970019
:105d6800dfb297000201420083814a00910180005e
:105d780002f0a4008381d20003d0fe001201780053
:105d880001d0fe00ffb29700820aea001300370034
:105d98008001eb000201410083814900411e21007e
:105da800a1b79f0014102000b4b79f002fb297002e
:105db800bfb297000201420083814a00910180002e
:105dc80002f0a4008381d20003d0fe001201780003
:105dd80001d0fe00ffb29700820a7800c1062000b9
:105de800888040007fb1970092081000e0062000ec
:105df800080040000008eb001b00e800800d780058
:105e0800e30f500001003400800deb00490420002e
:105e1800888444001900780099009000c25d200031
:105e2800030020000ca9020001000000808cbe00c5
:105e3800668546001a07d0001d0747002aa90200f8
:105e48000100000080007800e906200088844400f2
:105e5800190078004280de000fba97001400400055
:105e6800feaa020001000000000f780068309000d0
:105e7800990c40001a00e800000d7800efb2970076
:105e8800808f52006eff3c000fb097004f077800dc
:105e98004f06be004f05be004f04be004f01b100c3
:105ea80000000600f2874700889fbe008a9fbe0058
:105eb8008c9fbe008e1f78000004be00a2b79f0012
:105ec800668044000008eb000000eb00b0b79f00bc
:105ed8000200e0006f0034006b0720008885450051
:105ee8008c04200008064600c104200081004400fc
:105ef80091b79f002d052000888646004a0420009f
:105f0800080545001b00e0000a003a001c00780064
:105f18009c0090000000400081804800008ebe0078
:105f28001fb197001209e900bfb197008301e8008b
:105f3800b3b79f001d017800cf91de001a007800ea
:105f48009a0090000ca9020001000000008dbe001c
:105f58001100200008007800e6830200010000001c
:105f6800f0032000010020000102780084bf9f0098
:105f780098026000f5b79f007fb197008fb997002e
:105f88003a004100aa8049000002b1000180b10036
:105f98001c0178009c019000e00f5100e08f59002f
:105fa80004003d0062052000080141001209e800d4
:105fb8000300370062052000080141001209e900ca
:105fc800382990000200e00004003c00620520002f
:105fd800080141000009eb0005003700e335200007
:105fe800830f510002003400f2352000322c980053
:105ff800390190000201d00019014100c2b79f0089
:1060080038299000cf91de000201410083814900c8
:10601800c47c2700d4b79f0015102000e5b79f0067
:106028005fb29700efb297000201420083814a00f5
:106038009401800002f0a4008381d20003d0fe0006
:106048001207780004d0fe002aa90200010000000f
:106058008e007800feaa020001000000cfb297006f
:10606800800a78001b00e800800d7800f1432100c9
:10607800810f500001003400800deb00e6804400e1
:106088001100e80080087800afb09700808f5000ba
:106098009cff3c003fb097004f0778004f06be00ba
:1060a8004f05be004f04be002f01b10000000600de
:1060b800f0874700889fbe008a9fbe008c9fbe0065
:1060c8008e1f78000006780001047800b2b79f00a0
:1060d800660044000008eb000000eb00c0b79f001a
:1060e8000200e0005e0034006a0520000c0545004f
:1060f800ab0520008c8545008e0420000c07470066
:10610800c104200081004600a1b79f004904200077
:106118008c8444001a0078000000e00012003a0065
:106128009b00780081804000810d78001e01780076
:106138009e0190000201410083814900028fbe0048
:10614800e00f5100e08f590002003d000100a0005f
:10615800810d78002fb197001209e900cfb197009f
:106168008301e800c3b79f004480de009b007800ed
:1061780067816000f211b900020140008001eb0064
:106188000201410083814900807f2c00f0b79f0005
:106198001110200081bf9f007fb097008fb8970033
:1061a80002014000838148009101800002f0a400b0
:1061b8008381d20003d0fe001201780001d0fe00d6
:1061c800cf91de0019007800990090000ca9020018
:1061d80001000000808cbe00110020000c00780037
:1061e800e683020001000000b80690008d06d0008a
:1061f80098864600f0032000010020000101780085
:10620800e2b79f009c016000d3b79f005fb1970081
:10621800efb1970039004100a98049000002b100a0
:106228000180b1002aa9020001000000800e780058
:106238001a00e800000d7800f1112000810f5000cd
:1062480001003400000deb00e60044001100e800f6
:1062580080087800bfb19700808f5100adff3c00e7
:106268004fb097004f0778004f06be004f05be009d
:106278004f04be000f01b10000000600e68747008a
:10628800889fbe008a9fbe008c9fbe008e1f78002c
:106298008106780082bf9f00e68046008008eb00f8
:1062a8000007eb008fb897000100e00033003400ce
:1062b800680520000004440089042000808444000c
:1062c800c104200081004000f1b79f004a0420006b
:1062d80000054500e68546001800e00008003a0081
:1062e8001900780099009000000040008180480063
:1062f800808cbe007fb097001008e9000e07e80008
:106308001900780099009000e00f5000e08f5800c5
:1063180003003d00024b200003002000020037006c
:1063280082892000030020001a0078009a0090005b
:106338000ca9020001000000008dbe001b06d00061
:106348001d0646002aa9020001000000000e780080
:106358001800e800000c780071042000810f50003c
:1063680001003400000ceb001b00e800800d7800f1
:106378008fb89700808f5000d7ff3c000e00780040
:106388004f0778004f06be004f05be004f04be0001
:106398006f00b10000000600889fbe008a9fbe0003
:1063a8008c9fbe008e1f7800e68140008009eb00bc
:1063b8008005eb000200e00039003400660520008b
:1063c80000034300aa052000000545008d042000b5
:1063d80080864600c004b0000b067800e6834000c3
:1063e80096017800f18f5100030034000c0b7800ff
:1063f8008c017800020037000300e0000f003a002b
:106408001a047800080744000e0d78001d0478006f
:106418009d0490000804440089844c00888ebe00c6
:10642800e00f5400e08f5c0002003d000e00a00069
:106438000e0d78001008e9008b05e8001707d0005a
:10644800110747001a02780067046200f244b90095
:10645800088441008004eb000804440089844c004f
:1064680084912c00151020000804420089844a00f9
:106478009301800008f0a4008984d20009d0fe00ae
:106488001804780003d0fe00080f7800160be80007
:106498009701e800830b7800830f5100d0ff3c0080
:1064a8000b0078004f0778004f06be004f05be006e
:1064b8004f04be0000000600889fbe008a9fbe00f1
:1064c8008c9fbe008e1f7800e68140008009eb009b
:1064d8008005eb000200e00039003400660520006a
:1064e80000034300aa052000000545008d04200094
:1064f80080864600c004b0000b067800e6834000a2
:1065080096017800e88f5100030034000c0b7800e6
:106518008c017800020037000300e0000f003a0009
:106528001a047800080744000e0d78001d0478004e
:106538009d0490000804440089844c00888ebe00a5
:10654800e00f5400e08f5c0002003d000e00a00048
:106558000e0d78001008e9008b05e8001707d00039
:10656800110747001a02780067046200e944b9007d
:10657800088441008004eb000804440089844c002e
:1065880084322d00151020000804420089844a0036
:106598009301800008f0a4008984d20009d0fe008d
:1065a8001804780003d0fe00080f7800160be800e6
:1065b8009701e800830b7800830f5100d0ff3c005f
:1065c8000b0078004f0778004f06be004f05be004d
:1065d8004f04be0000000600ee874700889fbe00fb
:1065e8008a9fbe008c9fbe008e1f78000006be00ea
:1065f800d2b79f00668046000008eb000000eb0061
:10660800e0b79f00dfb097000100e00056003400bb
:10661800280620000c0444000a0620000c0545004a
:106628008304200083014600c3b79f000b042000a9
:106638008c854500c404200004024600b4b79f00be
:1066480018007800f10f500002003400000ceb0035
:10665800020037000000e0002e003a001a00e800af
:10666800000d7800e80f500001003400000deb0029
:10667800cfb2970015017800950190004f18de0001
:10668800000040000201410083814900e00f5100f1
:10669800e08f590001003d000000a0000201410008
:1066a80083814900cfb097008288be001a01d000cc
:1066b8001b014100630060008000eb000000400007
:1066c8008180480043b22d00f3b79f0014102000ca
:1066d80084bf9f007fb297008fba970000004200e6
:1066e80081804a009301800000f0a4008180d200dc
:1066f80001d0fe001000780003d0fe0000097800e9
:10670800bfb29700958ae9006fb097000080e80053
:10671800e0b79f00e68446001907d0001d07470030
:1067280098017800c319dd001c2190009a007800b8
:106738001b00780005ff2f004400200082814100e3
:1067480092002000b8ab020001000000000f7800a2
:10675800180ce8001900e800800c7800dfb09700fa
:10676800808f5000b6ff3c006fb097004f0778004d
:106778004f06be004f05be004f04be00ef00b1003b
:1067880000000600ee874700889fbe008a9fbe0073
:106798008c9fbe008e1f78000006be00d2b79f00f7
:1067a800668046000008eb000000eb00e0b79f00a1
:1067b800dfb097000100e0005600340028062000f2
:1067c8000c0444000a0620000c0545008304200040
:1067d80083014600c3b79f000b0420008c85450049
:1067e800c404200004024600b4b79f0018007800d3
:1067f800e80f500002003400000ceb0002003700e4
:106808000000e0002e003a001a00e800000d7800b1
:10681800e80f500001003400000deb00cfb29700e4
:1068280015017800950190004f18de000000400027
:106838000201410083814900e00f5100e08f5900b7
:1068480001003d000000a0000201410083814900d1
:10685800cfb097008288be001a01d0001b0141000a
:10686800630060008000eb00000040008180480069
:1068780043b22d00f3b79f001410200084bf9f007f
:106888007fb297008fba97000000420081804a00cb
:106898009301800000f0a4008180d20001d0fe00a6
:1068a8001000780003d0fe0000097800bfb29700fe
:1068b800958ae9006fb097000080e800e0b79f0074
:1068c800e68446001907d0001d0747001801780024
:1068d8006611b9001c2390009a0078001b0078000c
:1068e80005ff2f00340020008201430092002000a1
:1068f800b8ab020001000000000f7800180ce80097
:106908001900e800800c7800dfb09700808f5000f5
:10691800b6ff3c006fb097004f0778004f06be00e7
:106928004f05be004f04be00ef00b1000000060096
:10693800020028000300200002189800131898008d
:106948006011b80042109800531098005021900030
:10695800cf91de004f1add00c112de008502720001
:106968004f12dd0024109800351098008582d10060
:106978000482d300420320000001410006002c00dd
:10698800f7ff2f000619420007914a000001eb00ab
:10699800c30420008081410082097800e3042000bc
:1069a800808141008209780003062000808141002f
:1069b800820978002306200080814100820978003e
:1069c800430620008081410082097800e306200008
:1069d80080814100820978000307200080814100fe
:1069e80082097800a306200080814100820978008e
:1069f800c3062000808141008209780063072000d7
:106a0800808141001340a1004200200042309800dc
:106a18006109b900f30f5100e08f5900b1003e0041
:106a2800020601009a0037006e0037007d0037002b
:106a3800890037000f003700aa003700a900370087
:106a4800a80037002d0037003a003700a5003700ae
:106a5800a4003700410037004e00370057003700c8
:106a68009c003700960037009e0037009d003700d5
:106a78001100370031002000212898004100200033
:106a88003128980081022000412898000105200043
:106a980051289800e1e7270061289800a105200007
:106aa80071289800110020003130980071002000f2
:106ab800413098008b0037003100200021289800d1
:106ac80041002000312898008102200041289800c8
:106ad800010520005128980051552500612898008b
:106ae800a10520007128980011002000313098007d
:106af80071002000413098007a0037001100200012
:106b080021289800220020003228980082022000c4
:106b18004228980002022000522898005255250069
:106b280062289800a2052000722898003130980049
:106b38006c0037000105200051289800c10520008d
:106b4800808040008008eb00a10520007128980093
:106b58002100200031309800620037001100200029
:106b680021289800220020003228980002052000e1
:106b78004228980002022000522898005255250009
:106b880062289800a20520007228980031309800e9
:106b9800540037000105200051289800c105200045
:106ba800808040008008eb00c10520007128980013
:106bb80021002000313098004a00370001052000ec
:106bc80051289800c1052000808040008008eb0013
:106bd80021062000712898002100200031309800fb
:106be80040003700210020002128980031002000b3
:106bf8003128980001052000412898005128980064
:106c08005155250061289800e1042000712898005a
:106c180011002000313098007100200041309800a8
:106c280030003700110020002128980022002000a1
:106c3800322898000205200042289800522898001f
:106c480052552500622898005205200072289800a5
:106c580031309800230037001100200021289800c7
:106c680022002000322898000214200042289800b0
:106c780002052000522898005255250062289800e5
:106c8800a2052000722898003130980015003700be
:106c980011002000212898003128980002052000c2
:106ca80042289800522898005255250062289800da
:106cb800f20520007228980031309800090037004a
:106cc800c10520007128980021002000313098006b
:106cd80004003700110620007128980021002000c8
:106ce80031309800e005b00090007800c708dd005a
:106cf800b24721000289b9004399de00cf88de003f
:106d08000108510000000600e00f5000e08f580015
:106d180002003d0060001000e0801800000006003e
:106d2800889fbe008a9fbe008c9fbe0080047800aa
:106d38006033b8006022b8008000eb00648644002d
:106d48008006eb00748544008005eb006109b900fa
:106d580002014100838149000c00410010047800c1
:106d68004fc0de0004024400850248000a014100c9
:106d7800120178004f90de000603410087034800a7
:106d88008100e800e88f5000f0ff3a00e00f530060
:106d9800e08f5b0002003d0067034300e0834b0087
:106da8004d39dd004330de0000007100c3b8de005d
:106db8000001be00e00f5200e08f5a0002003d00c3
:106dc80067024200e0824a004d2bdd004320de00ce
:106dd80000007300c3a8de00020050008380580042
:106de8004f0ade0000004200e08048008180d100a8
:106df8000080d300c906b000820c40004f06be00d8
:106e08004f05be004f04be00000006009020900011
:106e180080219000838f500006003400120020006b
:106e280020209000808f50000a003c000001eb00f9
:106e3800080037000001eb00838f500005003d007b
:106e48002020900022002000808f50000100350093
:106e58000001eb0002007800000006000000e000de
:106e680005003400100020000100e0000600340096
:106e78000000eb0004003700100020000100e000d3
:106e880001003c000000eb0000000600820f5000eb
:106e98000500340010002000810f510006003d005d
:106ea8000000eb000400370010002000810f5100a3
:106eb800010035000000eb00000006002600fa0083
:106ec800889fbe008a9fbe008c9fbe008004780009
:106ed80081067800620f9800430f9800340f9800dd
:106ee8003d0090000000e0001e0134008005eb002a
:106ef8004a0420000905450008032000090444004d
:106f08008c0220000906460040032000008044004f
:106f1800700f98004102200081804400510f9800b2
:106f2800281798000b00d0001d00400010007800c2
:106f3800000d78001c0278009c029000ae109000b2
:106f480031014200a1814a00028ebe007e0a9000f3
:106f5800b40f5100a48f59007a003400de0a900063
:106f6800351e510025965900b93890000108a30034
:106f780013003a0081032000898040001101780045
:106f88009101900002014100838149008288be007e
:106f9800e1032000898040009108e800e930900072
:106fa800810f5000180034008003200009004000c1
:106fb8000202be000400a0000488be0012003700d0
:106fc8008103200089804000110178009101900020
:106fd80002014100838149008288be00e10320004c
:106fe800898040009108e800e9309000810f500046
:106ff80005003d0080032000090040000202be0099
:107008000400a0000488be0079189000f00f50001a
:1070180033003a006e089000d00078000101d000db
:10702800ee0a900015014100c91990000309780083
:107038008100e8000108780025009000808f50004a
:1070480024003a00b1029800c408dd00c10298008b
:10705800293090000000e00003003c001930900047
:107068000000e000040034006e0a90007200420044
:107078001000a00003003700ee0a90007280420062
:107088001000a100f6874700768457006e0890002c
:107098000a000900301c78006801b1006001b100e5
:1070a8004e089000f091020001000000be08900018
:1070b8000e0078001a90020001000000ee0890000f
:1070c8000a000900be1878006101b1006e01b10024
:1070d80088077800e0032000090040000008eb0062
:1070e800692890008000eb0049199000d919900098
:1070f800800f5100818f590002003a0059299000f1
:10710800a234980021062000898040001100e9007f
:107118008008780003003b0020062000090040009a
:107128000008eb0041062000898040001100e900ba
:107138008008780003003b0040062000090040005a
:107148000008eb009a0078001920900043ff070020
:107158000000e0003c00320079299000cf91de0069
:107168009c0078008388b9005912900082a2b90067
:10717800040040000209b80083014000e00f5100fc
:10718800e08f590002003d00f207b0000380b00014
:10719800c91add004712de00048272000417980045
:1071a8004798de00101798000e1190009e1190006d
:1071b800028ebe00c92890004f08de000100400082
:1071c8000080d10019319000800f510002003d006d
:1071d800a9299000932c98006921900079209000ab
:1071e80000005100802c980003003b00020520009d
:1071f800090141000009ea000929900019289000b6
:10720800800f51000b003d000206200009014100db
:107218001200e8000009780049319000820f500000
:107228000700360091349800392a9000942c980071
:107238000300370000062000090040001008d100b4
:10724800e9229000f5249800393890000048a300fe
:107258002e00320009007800ecfe0700e10f500014
:1072680016003200e20f50002b003a000107200000
:10727800898040001100e80080087800e70f50007e
:107288000500340000072000090040000008eb005a
:1072980009007800a2fe070009389000cf80de00c0
:1072a8006a004000e08048000000400081804800fb
:1072b800008044001a08780017003700e106200013
:1072c800898040001100e80080087800e70f50002e
:1072d80005003400e0062000090040000008eb002b
:1072e800090078008efe070079309000cf80de001c
:1072f80062004000e08048000000400081804800b3
:10730800008044001a08780003003700c0062000f7
:10731800090040000008eb0020042000090040009c
:1073280090007800812498001a087800c104200091
:10733800898040001100e80080087800d92090007a
:10734800810f500003003500c004200009004000f0
:107358000008eb008b05e8003d0090008b0f500003
:10736800f0fe3c004f06be004f05be004f04be00b5
:107378000080fa00000006002a00fa00889fbe007c
:107388008a9fbe008c9fbe0080047800810578002b
:10739800720f9800430f9800340f98003b0090003c
:1073a8000000e000c60034000006eb00480420009e
:1073b800090444008d04200089864600000320004b
:1073c80000804400600f98008a02200009054500eb
:1073d8004103200081804400510f9800481798000d
:1073e8006160b90000014000818148001b01410033
:1073f800920178004e119000030978006100400066
:10740800e080480000004000818048001b004000e8
:1074180010017800820e78001a0278009a02900013
:107428006e0b900036004200a6804a00008dbe0018
:107438005e0a9000b40f5000a48f58007600340004
:1074480029129000b9129000041d500005955800ab
:10745800c00320000900400090007800c208dd0049
:10746800010878000300e00004003400c003200095
:10747800090040000110a000010878000200e000a7
:1074880003003400c0032000090040001000a000e1
:10749800691990006f0161008001eb000201410051
:1074a8008381490045962d00051798001610200085
:1074b800161798000e1090009e10900002014000d0
:1074c800838148009001800002f0a4008381d200eb
:1074d80003d0fe001201780000d0fe006113b9004d
:1074e80080032000090040001002780090029000fc
:1074f8004229dd00ce21de00830171004221dd003a
:1075080002017300838173000288be00692890001d
:107518008000eb00800f5100818f590002003a0073
:10752800d9289000a1349800e10320008980400008
:107538001180e80080087800ef0f50002e0034001a
:10754800e0032000090040000008eb007e089000de
:10755800d00078000102d000fe0a90001502420017
:10756800020a78008100e8000108780025009000f0
:10757800808f500020003a00b1029800c408dd0056
:10758800c1029800293090000000e000030032009a
:10759800728042001000a000030037007e0b9000ac
:1075a800720043001000a100f68747007684570058
:1075b8007e0890000a000900301c78006801b100bc
:1075c8006001b1004e089000f09102000100000037
:1075d800be0890000e0078001a900200010000001a
:1075e800fe0890000a000900be1878006101b10089
:1075f8006e01b100880778004106200089804000ac
:107608001100e9008008780003003b0040062000d4
:10761800090040000008eb004e11900012047800a9
:1076280019209000880078000cfe07000000e00098
:1076380005003a009d0078003920900007fe0700f9
:107648000000e0001700320079299000cf91de0099
:107658009a0078008388b9005912900082a2b90074
:10766800040040000209b80083014000e00f510007
:10767800e08f590002003d00f207b0000380b0001f
:10768800c91add004712de00048272002417980030
:10769800479bde00361798002e109000be10900011
:1076a800008dbe00982498009d007800b1249800b1
:1076b8000c86e8003b0090008c0f500048ff3c000f
:1076c8004f06be004f05be004f04be000080fa0002
:1076d800000006003a00fa00889fbe008a9fbe009c
:1076e8008c9fbe008004780081057800020678002f
:1076f800330f9800040478003b0090000000e0007d
:10770800760134000005eb008906780064804400a7
:107718006101b8002217980033179800481f980095
:10772800393890000008a300060032008a00d00013
:107738009b80400040042000090040001108ea0036
:10774800040037000a00d0001b0040001000780039
:10775800a02498000918900099189000c2022000ef
:107768000901410032024000a28248000400be0024
:107778000489be0029199000b9199000820f52009f
:10778800838f5a008c00340029129000b91290009f
:10779800c202200009014100041950000591580057
:1077a8008002eb00151f98001904d000081f9800ec
:1077b8000e1a90009e1a9000848cbe00292090001a
:1077c8000000e00012003d0002072000090141000e
:1077d8009200e80001097800e78f500003003400a8
:1077e80001072000898040008008eb0009399000db
:1077f800cf91de006a014100e081490002014100a9
:107808008381490082804400800878001400370092
:10781800e2062000090141009200e8000109780011
:10782800e78f500003003400e10620008980400003
:107838008008eb0079319000cf91de0062014100b1
:10784800e08149000201410083814900028144002e
:10785800000978000401be000200a000828cbe006e
:10786800190078009900900053552500830f5000a7
:10787800e08f580050003a00393890000018a300f3
:107888004d003a000000eb006022b8006033b800f9
:10789800f48046006109b800221f9800331f980041
:1078a8006101b90002014100838149002e14900052
:1078b80088004100910078004f8cde00068340006c
:1078c80087034c00ae189000010141009200780037
:1078d8004f89de0004824000850249000000e8006c
:1078e800e80f5000eeff3a00e00f5300e08f5b0016
:1078f80002003d0067034300e0834b004d38dd0084
:107908004334de0008047000480f9800c3b8de0056
:10791800510f98004e089000de089000e00f5200ca
:10792800e08f5a0002003d0067024200e0824a00f0
:10793800cd29dd004321de0002817100620f98002d
:1079480043acde00780f98006e099000fe099000a5
:1079580002005000838058004f0ade0000024200f7
:10796800e08248008582d1000482d300c20620004c
:1079780009014100ee09900003094200c3062000f6
:107988008389b9000300b800810041004206200045
:10799800030020007206020000000000d0349800a6
:1079a80069129000f9129000c4149800d514980038
:1079b800d92a9000a53498000918900099189000c9
:1079c800820220000901410032024000a2824800e0
:1079d8000400be000489be0029199000b91990005e
:1079e800820f5200838f5a009800340029129000a9
:1079f800b9129000820220000901410004195000c8
:107a080005915800410420008980400069309000a9
:107a18001100100080087800810320008980400050
:107a28001101780091019000431add00cd12de00ab
:107a3800850272004312dd00241f9800351f98004c
:107a48008488be00e103200089804000910278000c
:107a580063844200880878000000e0001f003500b9
:107a68006700b90059319000cf91de00720602001c
:107a78000000000063006000cf80de0000004000ce
:107a880081804800c2af2d004217980013102000d3
:107a9800531798004e129000de129000000042002a
:107aa80081804a009301800000f0a4008180d20008
:107ab80001d0fe001000780003d0fe006101b9007b
:107ac80081032000898040002e1a9000be1a900081
:107ad80084187100859071001f00370091ff2f00f6
:107ae8000180b90059319000cf91de007206020082
:107af8000000000063006000cf80de00000040004e
:107b08008180480045b02d0005179800121020000c
:107b1800121798000e1290009e129000000042006a
:107b280081804a009301800000f0a4008180d20087
:107b380001d0fe001000780003d0fe006101b900fa
:107b480081032000898040002e1a9000be1a900000
:107b58008418710085907100ef0f540033003400d1
:107b680070045400f81c98000c007800d0007800cd
:107b78000101d0001c014100491a9000d91a900057
:107b88000804e900030033008502d1000482d30011
:107b9800fbff3700040978008100e800010878003d
:107ba8002c009000808f500020003a003106980089
:107bb800c408dd0041069800193090000000e0007c
:107bc80003003c00293090000000e000030034006e
:107bd800720046001000a000020037007200460044
:107be8001000a100f6874700768457000a000900b4
:107bf8003c1c78006801b1006c01b1003e0890009f
:107c0800f091020001000000ce1890000e007800ec
:107c18001a900200010000000a0009003e1e7800c8
:107c28006c01b1006e01b1008807780041062000a0
:107c3800898040001100e9008008780003003b00bb
:107c480040062000090040000008eb0029249000ad
:107c5800192090000001eb00880078008bfc0700d9
:107c68000000e0001800320079299000cf91de0072
:107c7800e91090008388b9007912900082a2b900b7
:107c8800040040000209b80083014000e00f5100e1
:107c9800e08f590002003d00f207b0000380b000f9
:107ca8004918dd00c712de008502700065179800cc
:107cb800c798de00711798006e119000fe119000b1
:107cc800e2149800f3149800982498000a05e80034
:107cd8003b0090008a0f500091fe3c004f06be000a
:107ce8004f05be004f04be000080fa0000000600e9
:107cf8003600fa00889fbe008a9fbe008c9fbe0097
:107d0800800478008106780032179800430f9800a5
:107d1800340f98003d0090000000e0003d01340061
:107d28008005eb006007200000804400001f9800d9
:107d38004c042000090646000803200009044400fa
:107d4800ca02200009054500410320008180440043
:107d5800111f9800281f98000e1990001201780032
:107d680061006100040032000b00d0001d004000db
:107d7800100eea00030037000b00d0001d00400081
:107d8800100e78001a0278009a0290002e199000be
:107d980032004200a2804a00008dbe009e19900069
:107da800b30f5000a38f58006a00340029119000c7
:107db800b9119000021d5000039558001901780070
:107dc800990190000201410083814900828cbe0024
:107dd8001c0078000000e00012003d0002072000af
:107de800090141009200e80001097800e78f50007e
:107df8000300340001072000898040008008eb0060
:107e080009399000cf91de006a014100e081490004
:107e18000201410083814900028144000009780081
:107e280014003700e4062000090242009400e8002c
:107e3800010a7800e78f500003003400e1062000b3
:107e4800898040008008eb0079329000cfa2de00e4
:107e580062024200e0824a000402420085824a002f
:107e680004824400000a78000202be000400a00058
:107e7800848cbe008e1a90009502780062806200a1
:107e880034003a000000eb002017980099007800b1
:107e9800111798001e119000ae119000c4cc2c0050
:107ea800840f5100e08f590008003a00090078005b
:107eb8009bfb0700a03c9800a10620008980400099
:107ec800800840008e1a90001530a0000000eb00da
:107ed8000017980099007800710f98007e099000ab
:107ee8008e119000a4aa2a00840f5100e08f590037
:107ef80018003a001a0078009a009000c014980000
:107f0800d11498000900780085fb0700903c980080
:107f18000e19900012017800e80061000a00320092
:107f28008e199000820078000130a1000120a00085
:107f38008109780029399000a10620008980400035
:107f48008208400003003700a10620008980400015
:107f580080084000820220000901410012027800d6
:107f680092029000ae19900033004200a3804a00ac
:107f78000089be001e1a9000b40f5000a48f58004c
:107f88008100340029129000b9129000820220006a
:107f9800090141000419500005915800693090000a
:107fa8001c001000000e780081032000898040002a
:107fb8001101780091019000421add00ce12de0016
:107fc800850272004212dd008488be00e2032000b0
:107fd800090141009283e800070978000000e000e9
:107fe8001e003500e300b900593190001100090066
:107ff8000200d8008000fd000101780061016100e5
:10800800cf91de000201410083814900c0b02d00fc
:108018004017980011102000511798004e1090003a
:10802800de10900002014000838148009601800024
:1080380002f0a4008381d20003d0fe001201780070
:1080480006d0fe00cf91de0080032000090040002a
:1080580004187100059071001e003700d2ff2f0030
:108068008280b90059319000110009000200d8003f
:108078008000fd000101780061016100cf91de0000
:10808800020141008381490040b12d00500f980042
:1080980011102000610f98005e089000ee08900013
:1080a80002014000838148009001800002f0a40092
:1080b8008381d20003d0fe001201780000d0fe00b8
:1080c800cf91de00800320000900400004187100f1
:1080d80005907100ef8f53002b003400f08053009f
:1080e800f11c98003e109000500178008201d000e9
:1080f8003e12900094814100491a9000d91a9000cc
:108108008100e900030033008502d1000482d30016
:10811800fbff3700840978000201e80002087800b4
:10812800be12900025009000800f510016003a0002
:10813800b20298004411dd00c2029800f687470099
:10814800768457000a000900351c78006801b100e0
:108158006501b1004e089000f09102000100000096
:10816800be0890000e0078001a900200010000007e
:108178003e1090000a0009003e1878006001b10026
:108188006e01b100880778001c047800192090005f
:108198000001eb00880078003cfb07000000e000cd
:1081a8001700320079299000cf91de009a007800fc
:1081b8008388b9007912900082a2b90004004000b7
:1081c8000209b80083014000e00f5100e08f590018
:1081d80002003d00f207b0000380b000491add003c
:1081e800c710de008100720061179800c79ade0090
:1081f800751798006e109000fe109000008dbe005c
:10820800982498008b05e8003d0090008b0f5000e3
:10821800d1fe3c000000eb004106200089804000b0
:10822800800878002906b000800c78004f06be0050
:108238004f05be004f04be000080fa000000060093
:108248003a00fa00889fbe008a9fbe008c9fbe003d
:10825800800478008106780032179800430f980050
:10826800340f98003d0090000000e0004201340007
:108278008005eb006007200000804400201f980064
:108288004c042000090646000803200009044400a5
:10829800ca022000090545004103200081804400ee
:1082a800311f9800481f98002e199000120178007d
:1082b80061006100040032000b00d0001d00400086
:1082c800100eea00030037000b00d0001d0040002c
:1082d800100e78001a0278009a0290004e19900049
:1082e80032004200a2804a00008dbe00be199000f4
:1082f800b30f5000a38f58006a0034002911900072
:10830800b9119000021d500003955800190178001a
:10831800990190000201410083814900828cbe00ce
:108328001c0078000000e00012003d000207200059
:10833800090141009200e80001097800e78f500028
:108348000300340001072000898040008008eb000a
:1083580009399000cf91de006a014100e0814900af
:10836800020141008381490002814400000978002c
:1083780014003700e4062000090242009400e800d7
:10838800010a7800e78f500003003400e10620005e
:10839800898040008008eb0079329000cfa2de008f
:1083a80062024200e0824a000402420085824a00da
:1083b80004824400000a78000202be000400a00003
:1083c800848cbe00ae1a900095027800628062002c
:1083d80034003a000000eb0020179800990078005c
:1083e800111798001e119000ae119000c4cc2c00fb
:1083f800840f5100e08f590008003a000900780006
:1084080047fa0700a03c9800a10620008980400098
:1084180080084000ae1a90001530a0000000eb0064
:108428000017980099007800710f98007e09900055
:108438008e119000a4aa2a00840f5100e08f5900e1
:1084480018003a001a0078009a009000c0149800aa
:10845800d11498000900780031fa0700903c980080
:108468002e19900012017800e80061000a0032001d
:10847800ae199000820078000130a1000120a00010
:108488008109780029399000a106200089804000e0
:108498008208400003003700a106200089804000c0
:1084a8008008400082022000090141001202780081
:1084b80092029000ce19900033004200a3804a0037
:1084c8000089be003e1a9000b40f5000a48f5800d7
:1084d8008600340029129000b91290008202200010
:1084e80009014100041950000591580069309000b5
:1084f8001c001000000e78008103200089804000d5
:108508001101780091019000431add00cd12de00c0
:10851800850272004312dd006417980075179800f1
:108528008488be00e1032000898040009102780021
:1085380063844200880878000000e0001f003500ce
:108548006700b90059319000cf91de007206020031
:108558000000000063006000cf80de0000004000e3
:1085680081804800c2af2d004217980013102000e8
:10857800531798004e129000de129000000042003f
:1085880081804a009301800000f0a4008180d2001d
:1085980001d0fe001000780003d0fe006101b90090
:1085a80081032000898040006e129000fe12900026
:1085b80084187100859071001f00370091ff2f000b
:1085c8000180b90059319000cf91de007206020097
:1085d8000000000063006000cf80de000000400063
:1085e8008180480045b02d00550f980012102000da
:1085f800620f98005e0a9000ee0a900000004200a8
:1086080081804a009301800000f0a4008180d2009c
:1086180001d0fe001000780003d0fe006101b9000f
:1086280081032000898040006e129000fe129000a5
:108638008418710085907100ef0f54002b003400ee
:1086480070045400f81c98003e109000d000780088
:108658000101d000be12900015014100491a900096
:10866800d91a90000804e900030033008502d100fc
:108678000482d300fbff3700040978008100e8007a
:10868800010878003e11900022009000808f500071
:1086980016003a0031019800c408dd004101980035
:1086a800f6874700768457000a000900321c7800d4
:1086b8006801b1006201b1004e089000f09102001b
:1086c80001000000be0890000e0078001a90020019
:1086d80001000000be1190000a000900be197800d0
:1086e8006301b1006e01b100880778001c047800ae
:1086f800192090000001eb0088007800e3f90700da
:108708000000e0001700320079299000cf91de00c8
:108718009a0078008388b9007912900082a2b90083
:10872800040040000209b80083014000e00f510036
:10873800e08f590002003d00f207b0000380b0004e
:10874800c91add004712de0004827200041f980077
:108758004798de00101f98000e1990009e1990008f
:10876800028dbe00982498008b05e8003d0090001b
:108778008b0f5000ccfe3c000000eb0041062000af
:1087880089804000800878002906b000800c7800b5
:108798004f06be004f05be004f04be000080fa0021
:1087a800000006000400fa00889fbe008a9fbe00f1
:1087b8008c9fbe000006780081047800820578004e
:1087c8009c259800a9259800880420000b044400e3
:1087d800180078004eb1020001000000b025980092
:1087e800980078000c00780052b1020001000000e7
:1087f8008b0078008018780010002000800878002e
:1088080090bf9f00000446000c8644008c0f540063
:1088180014003d00290020008a0420000b054500b3
:10882800890678009a0078000800780052b10200a2
:108838000100000080bf9f000804e8001a027800c9
:108848008d01780070815700890078000b0078004e
:10885800dcb20200010000008904e8008c0f54001b
:10886800f0ff350010002000e0a598004f06be007c
:108878004f05be004f04be000080fa00000006004d
:108888000f05b000889fbe008a9fbe008c9fbe0067
:108898008e1f780080067800b1b79f000205780027
:1088a8002a2290000400e0000d0034000000eb00d4
:1088b80080017800420420000a014100810278000a
:1088c800850040008100d0008d804000830878003a
:1088d8000000e80012027800800f5200f8ff3c0008
:1088e8000402e8004240a9000d0034000000eb003b
:1088f80041fa2f008f804000610bb8006101b90078
:10890800020141008381490086004100028146003e
:10891800920878000000e800840f5000f7ff350047
:108928003fb197000200e0003a0034000007eb0076
:1089380043fa2f008381470083bf9f000380e9002b
:108948006101b800c2b79f00d3b79f002f96970068
:108958002a2090008000e800e18f50001e003400bb
:1089680018002000890420008a8444008fb99700e9
:108978006119b800e2b79f00f3b79f004b042000cd
:108988008a85450019017800080050000000d000d1
:108998000a004000900078000c0078006ab10200dc
:1089a800010000006141b9000201410083814900d2
:1089b8004fb29700840041006fb297000401410054
:1089c800920868000804e8001b0078008000e800ae
:1089d800888f5000ebff3c008000d0000e01400063
:1089e800cf91de0061014100e081490002014100b0
:1089f800838149000280460010017800c105b1005a
:108a080082b778000e07e800bfb197008e8f51003b
:108a1800ceff3c002a2090000000e0000f00340048
:108a2800bfb097000000eb0042fa2f000f01410091
:108a38006112b8004a04b0000101d0000d014100e4
:108a48008001d00084814100130978008100e8008a
:108a58000000e8009a0f1000f7ff3c004f0778006d
:108a68004f06be004f05be004f04be000f05b10003
:108a780000000600af02b000889fbe008a9fbe00bb
:108a88008c9fbe008e1f780080067800e1b79f009b
:108a9800020578002a2290000400e0000c0034004f
:108aa8000000eb008041eb00420420000a01410075
:108ab8006fb29700840040008180460083487800a8
:108ac8000000e80012027800800f5200f8ff3c0016
:108ad8000402e8004240a9000c0034000000eb004a
:108ae800a1fc2f008f804000610cb800616bb800ba
:108af8006101b900880041000601410092487800f0
:108b08000000e800840f5000f9ff35006fb19700ae
:108b18000200e0002f0034000007eb00a3fc2f0048
:108b28008f8141000300e9006101b800f2b79f009e
:108b380083bf9f00afcd97002a2090008000e800f7
:108b4800e18f50001a00340018002000890420002a
:108b58008a8444008b85fb004c0420000a064600ea
:108b680019017800080050000000d0000a004000f9
:108b7800900078000b0078006ab102000100000044
:108b88006141b9007fb2970084004100a4fc2f0026
:108b98000f02420002014200924868000804e800ff
:108ba8001c0078008000e800888f5000ecff3c0033
:108bb8008e00400081804600114190006003b100a2
:108bc800827778000e07e800efb197008e8f51008a
:108bd800d8ff3c002a2090000000e0000d0034007f
:108be800efb097000000eb00a2fc2f000f0141003e
:108bf8006112b8004a04b0000181460084014000b7
:108c0800134978008100e8000000e8009a0f10007e
:108c1800f9ff3c004f0778004f06be004f05be0025
:108c28004f04be00af02b10000000600af12b00052
:108c3800889fbe008a9fbe008c9fbe008e1f780052
:108c4800a0af9f00d1af9f00a2b79f002220900045
:108c58000000e0005b0034008006eb00a1ec2f0070
:108c68008f8040006108b80080b79f0091b79f00cf
:108c7800820478008904b0002204b000e2af9f00ab
:108c88005fa997000207e9000e0678008e017800b8
:108c9800b3b79f000d077800afae97006170b900b9
:108ca80000004000818048000fb197009fb19700f5
:108cb8000001410081814900f2b79f0083bf9f00f6
:108cc8000009eb0099007800efa99700130047000e
:108cd80052b1020001000000800578003fb2970001
:108ce800d4b79f00040078000000e0000f003200b5
:108cf8000004eb007fb59700190178000800d00048
:108d08000d004000100078001a0068008b00780001
:108d18006ab1020001000000000d78000804e800b4
:108d2800880f5600f4ff3e00020037008000eb0079
:108d3800d1b79f007fb097005fb197008200d00045
:108d48008d80400091007800108868000e07e800c8
:108d5800afb19700232290008e0f5200cfff3c0046
:108d68000400e000170034000000eb00aaf02f0018
:108d78000f0545008005eb0080007800a8f42f005f
:108d88000f0444008004eb00c6f82f000f034300d3
:108d98008003eb006101b9000201410083814900b1
:108da8008a024100810a780088024100810a78001d
:108db80006014100010978000000e800840f500016
:108dc800f4ff3a0010002000d0079f00e0279f0022
:108dd8002fb29700242090000000e0005f023c00c2
:108de800990037008fb097000100d0006013b100e0
:108df800ef0478000b00e000150034001800200094
:108e08002fb597008a04b0008c0678000106780018
:108e18001a017800080056000000d0006013b10065
:108e2800ef0078000800d000ffb197000300400071
:108e3800100078006ab102000100000080846c0014
:108e48000804e800888f5500f1ff3d000d06780002
:108e58008cb79f000fb29700e4af9f000900e000b5
:108e6800600032000b00e000250035000004eb0034
:108e78002fb597008a04b000a0f42f000f0040001f
:108e88006101b800d2b79f00e3b79f00c0f82f0078
:108e98000f0040006101b800b2b79f00c3b79f0040
:108ea8000b077800890678008a0478006145b900c4
:108eb8000a0545008b854d00ffb19700030045006a
:108ec80010067800190178005fb297000400450089
:108ed800900078000d0078006ab1020001000000df
:108ee800bfb09700010545000c0d68000804e800b4
:108ef8008e0f5400edff34008e0578008d04780045
:108f08002fb19700c22090000900780062b10200da
:108f18000100000000077800afb1970023209000ff
:108f2800e10f40002f0035000004eb0083047800b7
:108f38008904b000a0f42f000f0040006101b800c0
:108f4800d2b79f00e3b79f002fb597004a04b0003f
:108f58006146b9000c0646008d864e00190178005e
:108f6800ffb19700030046008e00780010007800db
:108f78006ab10200010000005fb2970004064600d3
:108f8800000e78000804e8001a007800cf00de0020
:108f9800008040000080d100880f5000ecff3d00a9
:108fa8000000e0000f0035008000eb00c6f82f003d
:108fb8000f0343008003eb003fac9700cfac970052
:108fc8006109b9000201410083814900080241009a
:108fd80006014100120a78008100e800808f5000e5
:108fe800f7ff34000b804500efa89700810f500071
:108ff80001003d008b8550002fb19700a221900001
:109008000300e0000a003400030078008000d0006c
:109018000000e9000001d000620bb1006f02790086
:10902800610bb10084b778000000e000f7ff3a0058
:109038000000eb00d0279f008fb097000106e800e2
:109048008c8f510067ff3d002fb09700a004b0003f
:109058000008eb005fa997000200e000540034000c
:109068008001eb00d3b79f00a4f02f0004824700d3
:10907800b4b79f00840078006108b800f0b79f007b
:1090880081bf9f002fb1970032269000dfa997007b
:10909800030656005fb2970004064600222090009f
:1090a8008006eb00e10f50002b0034008c047800a0
:1090b80018002000820578008b04b00002077800b1
:1090c8006e04b000020578004a04b0000800d00021
:1090d800ffb0970001004000100078000000e00099
:1090e800150032009b0078005ab102000100000010
:1090f800090040009e0278008581e900830f500036
:109108000900360061821200040040008502e9006f
:10911800010037000100780084004000018142000e
:10912800828f5100fbff39009b00780052b102008a
:109138000100000080866e000804e8008c8444006a
:109148001a007800cf00de00008040000080d100c7
:10915800880f5000ddff3d005f019700828f5600a9
:109168000d003a002fb09700a004b00090007800de
:109178006109b9006202b0000380b0000201410039
:10918800838149002fb2970002014200dfb19700a6
:10919800030978000108e8005fb297000402e800bc
:1091a800d4b79f005fa89700840f5000b5ff3c001c
:1091b800afb097005120900001017800a2209000e4
:1091c8004f09de00810041000181d100afb1970055
:1091d800e3a0900081005100810f500044013c0041
:1091e8000000e0004f013c00fa0037006148b90078
:1091f8000000400081804800aaf42f000f054500b8
:1092080000054500e08548001e20900000804400cd
:109218000000d0006013b1006f007800000d7800e6
:109228000900e00016003400180020008b0420001c
:109238008e8545002d0420008e8646001a0678008b
:109248001b0178008800d0007fb29700848040001e
:109258001d804400080050000000d0006013b100d9
:109268006f007800910078006ab1020001000000e8
:109278000c0d68000804e800890f5400efff340063
:109288008904e8005e209000890f5000d7ff3c0059
:109298000000e000cf0034000000eb00b0b79f00f2
:1092a800afb0970091af9f0001007800c004b000f4
:1092b8006101b800f2a79f0083af9f00a3f42f00bd
:1092c80083814700e3a79f003fb297006120b90060
:1092d8000001400081814800e2af9f00f3af9f008a
:1092e8007fa097008fa89700020040008380480065
:1092f80080b79f0091b79f001086ea00dfa897000b
:1093080001064600df2597002fb1970052209000f4
:10931800e10f5000390034008c0478001800200058
:10932800820678006d04b000020778008e04b00051
:10933800efa097006108b800f0b79f0081bf9f00b9
:10934800a204b000d2b79f001d0378008680e90010
:10935800898f50000a003100610213000481440023
:109368008602e9000100370000017800040041008e
:1093780080814200838f5000fbff390001003700d5
:10938800090178000602e90002005200810f50002e
:109398000800360061031300060040000100370092
:1093a800020078000601400082014200818f5100ce
:1093b800fbff3e001e0578008a00780052b10200cb
:1093c800010000008801d0007fb197008281410030
:1093d8000a01780080007800130078006ab1020062
:1093e8000100000080856d000804e8008c844400ba
:1093f800dfb19700930f1400d3ff3c002fb2970002
:1094080044249000880078000c00780052b10200d3
:109418000100000008017800800078000b00780047
:109428006ab1020001000000b0af9f00ef0697008c
:10943800afb0970021209000e50f50003f003400a6
:109448000c0646008c0478003800200001077800dc
:109458006e04b0008104b000f1b79f00a0f02f00a7
:109468000f0040006101b800d2b79f00e3b79f002a
:10947800afb597004b04b0001e0378008680e90062
:10948800898f50000a00310061021300090142006f
:109498008602e9000100370000017800040041005d
:1094a80080814200818f5100fbff3e0001003700a0
:1094b800090178000602e90002005200810f5000fd
:1094c8000800360061031300060040000100370061
:1094d800020078000601400082014200838f50009c
:1094e800fbff3900ffb19700130578008a00780068
:1094f80052b10200010000008801d0005fb297005d
:10950800848141000a017800800078001300780007
:109518006ab102000100000080866e000884e8003d
:109528008c8444001b007800cf00de0000804000df
:109538000080d100880f5000cfff3d002fb097006a
:10954800c02090000d0078005ab102000100000010
:109558002fb19700b22090008100e90000805000f0
:10956800808f500001003a000000eb002fb49700f4
:109578008804b0009800780052b102000100000091
:1095880018017800bfa897006ab102000100000026
:109598009fa997006faa970084804100e0809800f7
:1095a8000fb197009fb197009200d000afa9970024
:1095b80083804000910868003fb297000402e800e9
:1095c800b4b79f00afb0970051209000840f5000af
:1095d8003dff3c002fb19700222090000000e000e2
:1095e800460034008006eb00a1ec2f008f8040007d
:1095f8006108b800b0b79f00c1b79f008204780027
:109608008904b0002204b00082b79f005fa99700c8
:109618000207e9000e0678006168b9000000400002
:10962800818048003fb19700cfb197000001410009
:1096380081814900f2b79f0083bf9f000009eb00ba
:10964800990078008fb197001380460052b102004c
:109658000100000080057800deb79f000e00e000e2
:10966800120032000004eb007fb59700edaf9f00b9
:10967800afae9700190178000800d0000d00400037
:10968800100078001a0068008b0078006ab10200a8
:1096980001000000000d78000804e8008c0f540059
:1096a800f4ff3900efae9700020037000000eb002e
:1096b800d0b79f00dfb097000100d0002fa9970016
:1096c800020040007fb197008fb99700920178009f
:1096d800908f51000c003a008d06e8002fb29700d9
:1096e800242090008d0f5000cbff3c000300370072
:1096f800e0ff2f00afb09700d02098002fb197005f
:1097080052209000010037000080eb004f077800de
:109718004f06be004f05be004f04be00af12b10099
:1097280000000600afb19700132090000000d000a1
:109738006013b1006f007800d0279f008004eb0011
:10974800a0f02f000f0040006101b800f2b79f00a1
:1097580083bf9f002fb79700c9fe3700dfa496008c
:109768001300200083b79f008005eb00a0f02f00b6
:109778000f0040006101b800f2b79f0083bf9f004f
:10978800b2af9f00c3af9f00b2fd3700af12b00069
:10979800889fbe008a9fbe008c9fbe008e1f7800e7
:1097a800a0af9f00d1af9f00a2b79f0022209000da
:1097b8000000e000590034008006eb00a1ec2f0007
:1097c8008f8040006108b80080b79f0091b79f0064
:1097d800820478008904b0002204b000e2af9f0040
:1097e8005fa997000207e9000e0678008e0178004d
:1097f800b3b79f000d077800afae97006170b9004e
:1098080000004000818048000fb197009fb1970089
:109818000001410081814900f2b79f0083bf9f008a
:109828000009eb0099007800efa9970013004700a2
:1098380052b1020001000000800578003fb2970095
:10984800d4b79f00040078000000e0000e0032004a
:109858000004eb007fb597001901780008804600e6
:109868001080fb001a0068008b0078006ab10200c3
:1098780001000000000d78000804e800880f560079
:10988800f5ff3e00020037008000eb00d1b79f00d3
:109898007fb097005fb19700828046009180fb00ff
:1098a800108868000e07e800afb1970023229000e7
:1098b8008e0f5200d1ff3c000400e0001700340076
:1098c8000000eb00aaf02f000f0545008005eb0013
:1098d80080007800a8f42f000f0444008004eb00f7
:1098e800c6f82f000f0343008003eb006101b900a5
:1098f80002014100838149008a024100810a7800ff
:1099080088024100810a78000601410001097800b7
:109918000000e800840f5000f4ff3a001000200017
:10992800d0079f00e0279f002fb2970024209000c7
:109938000000e0005d023c00990037008fb09700fe
:109948000100d0006013b100ef0478000b00e000c4
:1099580015003400180020002fb597008a04b000c5
:109968008c067800010678001a0178000800560075
:109978000000d0006013b100ef0078000800d000ac
:10998800ffb1970003004000100078006ab10200a0
:109998000100000080846c000804e800888f5500ee
:1099a800f1ff3d000d0678008cb79f000fb29700bd
:1099b800e4af9f000900e000600032000b00e00007
:1099c800250035000004eb002fb597008a04b0008d
:1099d800a0f42f000f0040006101b800d2b79f002b
:1099e800e3b79f00c0f82f000f0040006101b800e6
:1099f800b2b79f00c3b79f000b07780089067800ad
:109a08008a0478006145b9000a0545008b854d0038
:109a1800ffb197000300450010067800190178008f
:109a28005fb2970004004500900078000d007800b0
:109a38006ab1020001000000bfb0970001054500af
:109a48000c0d68000804e8008e0f5400edff340088
:109a58008e0578008d0478002fb19700c220900001
:109a68000900780062b102000100000000077800d8
:109a7800afb1970023209000e10f40002f00350080
:109a88000004eb00830478008904b000a0f42f00e0
:109a98000f0040006101b800d2b79f00e3b79f00f4
:109aa8002fb597004a04b0006146b9000c0646007d
:109ab8008d864e0019017800ffb19700030046001b
:109ac8008e007800100078006ab1020001000000e2
:109ad8005fb2970004064600000e78000804e8000c
:109ae8001a007800cf00de00008040000080d1001e
:109af800880f5000ecff3d000000e0000f0035002b
:109b08008000eb00c6f82f000f0343008003eb0032
:109b18003fac9700cfac97006109b9000201410042
:109b2800838149000802410006014100120a7800b9
:109b38008100e800808f5000f7ff34000b8045005b
:109b4800efa89700810f500001003d008b85500061
:109b58002fb19700a22190000300e0000a00340012
:109b6800030078008000d0000000e9000001d00068
:109b7800620bb1006f027900610bb10084b7780005
:109b88000000e000f7ff3a000000eb00d0279f003c
:109b98008fb097000106e8008c8f510067ff3d00e9
:109ba8002fb09700a004b0000008eb005fa9970051
:109bb8000200e000540034008001eb00d3b79f009e
:109bc800a4f02f0004824700b4b79f0084007800f7
:109bd8006108b800f0b79f0081bf9f002fb19700c0
:109be80032269000dfa99700030656005fb297005f
:109bf80004064600222090008006eb00e10f50008a
:109c08002b0034008c0478001800200082057800ae
:109c18008b04b000020778006e04b00002057800db
:109c28004a04b0000800d000ffb0970001004000cf
:109c3800100078000000e000150032009b0078005a
:109c48005ab1020001000000090040009e0278009d
:109c58008581e900830f50000900360061821200f7
:109c6800040040008502e900010037000100780087
:109c78008400400001814200828f5100fbff3900bf
:109c88009b00780052b102000100000080866e003f
:109c98000804e8008c8444001a007800cf00de0035
:109ca800008040000080d100880f5000ddff3d009b
:109cb8005f019700828f56000d003a002fb0970081
:109cc800a004b000900078006109b9006202b000f9
:109cd8000380b00002014100838149002fb2970040
:109ce80002014200dfb19700030978000108e8008b
:109cf8005fb297000402e800d4b79f005fa89700fe
:109d0800840f5000b5ff3c00afb097005120900081
:109d180001017800a22090004f09de008100410077
:109d28000181d100afb19700e3a0900081005100fc
:109d3800810f500042013c000000e0004d013c0052
:109d4800fa0037006148b9000000400081804800ef
:109d5800aaf42f000f05450000054500e0854800de
:109d68001e209000008044000000d0006013b10065
:109d78006f007800000d78000900e000160034003c
:109d8800180020008b0420008e8545002d0420003b
:109d98008e8646001a0678001b0178008800d000dd
:109da8007fb29700848040001d8044000800500066
:109db8000000d0006013b1006f00780091007800b7
:109dc8006ab10200010000000c0d68000804e800f8
:109dd800890f5400efff34008904e8005e209000ea
:109de800890f5000d7ff3c000000e000cf0034008e
:109df8000000eb00b0b79f00afb0970091af9f0095
:109e080001007800c004b0006101b800f2a79f000b
:109e180083af9f00a3f42f0083814700e3a79f002f
:109e28003fb297006120b9000001400081814800dd
:109e380082b79f0093b79f007fa097008fa89700d5
:109e48000200400083804800e0af9f00f1af9f0010
:109e58001086ea00dfa8970001064600df25970074
:109e68002fb1970052209000e10f500039003400c4
:109e78008c04780018002000820678006d04b00079
:109e8800020778008e04b000efa097006108b800c0
:109e9800f0b79f0081bf9f00a204b000d2b79f0017
:109ea8001d0378008680e900898f50000a00310080
:109eb80061021300048144008602e90001003700b2
:109ec800000178000400410080814200818f510028
:109ed800fbff3e0001003700090178000602e90097
:109ee80002005200810f5000080036006103130081
:109ef800060040000100370002007800060140001b
:109f080082014200818f5100fbff3e001e05780050
:109f18008a00780052b10200010000008801d000d8
:109f28007fb19700828141000a01780080007800a3
:109f3800130078006ab102000100000080856d00fe
:109f48000804e8008c844400dfb19700930f1400e4
:109f5800d3ff3c002fb2970044249000880078007b
:109f68000c00780052b102000100000008017800de
:109f7800800078000b0078006ab102000100000040
:109f8800b0af9f00ef069700afb097002120900078
:109f9800e50f50003f0034000c0646008c047800a2
:109fa80038002000010778006e04b0008104b0007a
:109fb800f1b79f00a0f02f000f0040006101b8002a
:109fc800d2b79f00e3b79f00afb597004b04b0002e
:109fd8001e0378008680e900898f50000a0031004e
:109fe80061021300090142008602e90001003700fe
:109ff800000178000400410080814200838f5000f6
:10a00800fbff390001003700090178000602e9006a
:10a0180002005200810f500008003600610313004f
:10a0280006004000010037000200780006014000e9
:10a0380084014100818f5100fbff3e00ffb1970072
:10a04800130578008a00780052b102000100000070
:10a058008801d0005fb29700848141000a0178002e
:10a0680080007800130078006ab102000100000047
:10a0780080866e000884e8008c8444001b00780009
:10a08800cf00de00008040000080d100880f500023
:10a09800cfff3d002fb09700c02090000d00780042
:10a0a8005ab10200010000002fb19700b2209000c1
:10a0b8008100e90000805000808f500001003a00c4
:10a0c8000000eb002fb497008804b00098007800d7
:10a0d80052b102000100000018017800bfa89700e3
:10a0e8006ab10200010000009fa997000fb2970013
:10a0f80084804100e08098006fa99700ffa997002d
:10a1080092007800afa997008180410091486800cb
:10a118003fb297000402e800b4b79f00afb09700c1
:10a1280051209000840f50003dff3c002fb1970054
:10a13800222090000000e000440034008006eb007c
:10a14800a1ec2f008f8040006108b800b0b79f00d5
:10a15800c1b79f00820478008904b0002204b000cf
:10a1680082b79f005fa997000207e9000e067800f2
:10a178006168b90000004000818048003fb1970045
:10a18800cfb197000001410081814900f2b79f00db
:10a1980083bf9f000009eb00990078008fb19700fa
:10a1a8001380460052b102000100000080057800cb
:10a1b800deb79f000e00e000110032000004eb0043
:10a1c8007fb59700edaf9f00afae970019017800fb
:10a1d800088046001080fb001a0068008b00780099
:10a1e8006ab1020001000000000d78000804e800d0
:10a1f8008c0f5400f5ff3900efae970002003700ce
:10a208000000eb00d0b79f00afa897005fb19700a0
:10a21800028040001080fb007fb197008fb9970043
:10a22800920f10000c003a008d06e800afb19700bd
:10a23800232090008d0f5000cdff3c000300370015
:10a24800e0ff2f002fb2970050229800afb0970080
:10a2580051209000010037000080eb004f07780084
:10a268004f06be004f05be004f04be00af12b1003e
:10a27800000006002fb19700122090000000d000c7
:10a288006013b1006f007800d0279f008004eb00b6
:10a29800a0f02f000f0040006101b800f2b79f0046
:10a2a80083bf9f002fb79700cbfe3700dfa496002f
:10a2b8001300200083b79f008005eb00a0f02f005b
:10a2c8000f0040006101b800f2b79f0083bf9f00f4
:10a2d800b2af9f00c3af9f00b4fd37000000d000ad
:10a2e8000100400010007800000006008000eb002c
:10a2f8007c014000010978000202200000014100b1
:10a30800010978007e014000010978002015b0009d
:10a318001080a10000000600ea874700889fbe0061
:10a328008a9fbe008c9fbe008e1f7800d0b79f000a
:10a3380001077800020678000300e00004003400fa
:10a34800708011009c0078000008de00000e780084
:10a35800030478000200200003e027008004eb00db
:10a3680089057800090278008b05e8000900d0000b
:10a378000c004000900078008180400001087800bf
:10a38800e00f5100e08f590002003d000100a000dd
:10a39800010878000804e800ef0f540005003400b5
:10a3a8008904e8000900d0000c0040000408780087
:10a3b80004047800e88f55000300320002014100d0
:10a3c80083814900e8ff37000e00e80080bf9f0046
:10a3d8004240a900490034000005eb008a067800d5
:10a3e800dfb097006108b800e0b79f00f1b79f00a1
:10a3f8008d0f570006003400efb09700018046002b
:10a408001082fb008002eb0082002000060037006b
:10a418008e0078005fb09700eebb020001000000dc
:10a428006102b800020120008001eb000900d000a1
:10a438000c004000900078008180400001087800fe
:10a448008b05e800e50f55000e0032000408a30054
:10a45800070032000100a000010878000a05e800a2
:10a468000201e9008502d1000482d300060037000a
:10a478000201e9008502d1000482d30003057800b7
:10a4880001003700030578000804e800ef0f5400c6
:10a49800050034008904e8000900d0000c004000e1
:10a4a80003087800030478000200e000dfff3a00a8
:10a4b8008d06e8000fb89700808f5600ccff350056
:10a4c800e50f55000d003a008901d0008c8141004c
:10a4d80013027800840942008b05e8000804e800ac
:10a4e800ef0f5400050034008904e8000900d0008b
:10a4f8000c0040000008eb000004eb008200200084
:10a50800e0072000010020000003eb008901d000d3
:10a518008c8141001302780004024200e1026000cd
:10a52800850972008100d1000080d3000804e8008a
:10a53800ef0f5400050034008904e8008901d000b9
:10a548008c81410086097800060478000201e90040
:10a55800eeff3a00688045000800e000060034007d
:10a568008904d0000c864400700414009c00780014
:10a578008808dd00010e78004f0778004f06be00fe
:10a588004f05be004f04be00af00b100000006003a
:10a59800889fbe008a9fbe008c9fbe0090027800f4
:10a5a8000002eb000100e00003003400708210009c
:10a5b8008400e900812add008004eb000200e0004d
:10a5c8003600340009037800860378000604780012
:10a5d80086047800860078000c01200006057800c3
:10a5e8000400e000020032008582420005003700c6
:10a5f8000804e8000802d000000242009402780033
:10a608000c0278000500e0000f003d00898541003c
:10a618009b4678000d74a0008d4d78008703e800f4
:10a628000603e800e70f5300030034008904e8003c
:10a638000a037800140037008d86fb008d06d100d0
:10a648008d4d780010003700e48f53000d003c005a
:10a658000603e800e70f5300040034008904e8000b
:10a668000a0378008a0378000700370089834100cd
:10a678009785fb008b05d1008b4b78008a03780007
:10a68800010037008a0378008100e800828f5000bb
:10a69800020032000402e900d1ff37000900780007
:10a6a8004f06be004f05be004f04be000000060066
:10a6b800889fbe00b00090008003eb00070378007d
:10a6c8000100e0000d003c001300370010014200bb
:10a6d800920178000300a7000603e8000309d100ef
:10a6e8008100e800f08f5000f8ff3a008703e80087
:10a6f800998f130003003c00070037000004eb00ab
:10a70800e604400088007800613ab900040242007b
:10a7180085824a00edff3700060078004f04be002e
:10a7280000000600ea874700889fbe008a9fbe0097
:10a738008c9fbe008e1f7800000478000105780009
:10a74800f2b79f003a0090008005eb000000e0009f
:10a75800ad003c00b4003700615eb9000c0646004d
:10a768008d864e001a0046001000e0002c003d00c7
:10a778006002200008004000104178000274a00028
:10a788000248780001022000888040001100e8009b
:10a7980080087800fc0044009101e80083087800f4
:10a7a800e60f5000060034000000eb00fc004400f7
:10a7b80080087800fe004400800878008800370090
:10a7c800e78f5100120034007c0044000008eb00c1
:10a7d800fe0044001100780080014400f2619800f6
:10a7e8000000e80080087800b1122000810f5000b6
:10a7f8007b0034000000eb00fe0044008008780075
:10a80800010220008880400080087800740037002a
:10a818000281fb000201d1006264980070003700d9
:10a8280008109000e40f50001c003c00600220005b
:10a8380008004000104178000274a1000248780026
:10a84800fc0044001100e80080087800e70f500081
:10a858000e0034007c0044000008eb00fe004400b9
:10a868001100780080014400f26198000000e800bf
:10a8780080087800b1122000810f50005500340084
:10a888007e0044000008eb00520037000281fb0004
:10a898000201d100626498004e003700e50f5000b5
:10a8a8004c003200e60f500045003a00780890004e
:10a8b800e90f50003c003400e8089000e78f500092
:10a8c80039003a008080e900710c9800700220007d
:10a8d8000000440080bf9f0028bc02000100000067
:10a8e8000000e0002d003200780a900004004400c7
:10a8f800006990004811dd00040044007060900079
:10a908000080fb000201700012149800201520003e
:10a91800080040001080a0008001eb0008089000ab
:10a9280098089000800f5100818f5900170032005d
:10a938008fb997000041eb00824078007fb0970004
:10a94800d086020001000000201520000800400009
:10a9580010a0a10078099000221498000000eb00d4
:10a968006172b8005fb39700efb397006101b90057
:10a978008400410006014100924878000000e80088
:10a98800e70f5000f9ff3a000700370020152000b4
:10a998000800400010a0a000030037002015200088
:10a9a800080040001090a0000000eb00fe004400ea
:10a9b80080087800fc004400800878000500370013
:10a9c8000000eb00fe00440080087800fc00440012
:10a9d8008008780000022000080040000008eb0012
:10a9e8001a0646001c007800000e40008904e900a1
:10a9f80059ff3a008b05e8003a0090008b0f500091
:10aa080007003c00080037000807780070022000a3
:10aa1800080040006101b800d2b79f00e3b79f006b
:10aa2800090120004cff37004f0778004f06be0091
:10aa38004f05be004f04be00af00b1000000060085
:10aa480080007800a2cab3008258780062cab300b6
:10aa58008248780041c8b3002140980001c4b3007f
:10aa680031409800414098005140980002ceb30010
:10aa78006240980082cab30072409800c2c9b3000d
:10aa88000248980062c8b30012489800214898000c
:10aa9800314898004148980011c6b30051489800c1
:10aaa80031c0b3006148980001cfb30071489800e5
:10aab8000001200000000600e6874700889fbe00ce
:10aac8008a9fbe008c9fbe008e1f7800000678000b
:10aad8000404be000605be00030778000c007800d9
:10aae80023c9b3000358780083c8b300034878002b
:10aaf800a0c8b30020469800c0c9b30030469800eb
:10ab080080cab3004046980000c4b300504698007d
:10ab180000ceb30060469800730020000000eb00f0
:10ab28006163b800610ab800f4b79f0085bf9f0051
:10ab3800868241007fb2970084004000114278006d
:10ab4800844a42008301e8000000e800e60f500054
:10ab5800f7ff3a00024141001246b300524e9800f6
:10ab680030c0b300604e980000cfb300704e98001c
:10ab780070004600a1f02b002872020001000000be
:10ab8800f00640000d0046008e007800a073020019
:10ab980001000000808646000d00460021f12b00d0
:10aba8002872020001000000808646000d00460061
:10abb8000801be0066720200010000000084460021
:10abc8000800460051f22b00287202000100000024
:10abd80000044400080046000a01be006672020034
:10abe80001000000000044004f0778004f06be0037
:10abf8004f05be004f04be006f00b1000000060004
:10ac08000001fa00889fbe008a9fbe008c9fbe008c
:10ac180080047800030478000405780009007800af
:10ac280063c8b3000358780023cab3000348780008
:10ac380040c8b300a0449800a0c8b300b04498002e
:10ac4800c044980000cab300d0449800a0ceb30016
:10ac5800e0449800730020000000eb00614eb8004b
:10ac6800610bb8008c824100060240001442780053
:10ac7800844a42008301e8000000e800e60f500023
:10ac8800f8ff3a0002414100024078001046b30044
:10ac9800d04c980030c0b300e04c980000cfb3000f
:10aca800f04c98007080440081f32b002872020059
:10acb80001000000f00540000b8044008800780087
:10acc800a073020001000000808545000b8044004d
:10acd800a1f32b002872020001000000008045004b
:10ace8008001eb008300780005102000e2052000b9
:10acf8000400370083007800f105b100828f50000e
:10ad0800fdff3c0046ef2f000f0343000102430004
:10ad180006c2b30006ca40008301e800858f5100cf
:10ad280004003200828f5100f2ff3c00830078005b
:10ad3800f4ff37000a00e000120034008001eb0045
:10ad4800f20520000082410088007800820f54003c
:10ad580003003400f105b100828f5000fdff3c0074
:10ad680004824400c110b100efc07800014a7800a5
:10ad78008301e8000804e8008a8f5100f1ff3a00d7
:10ad88000a0040004f06be004f05be004f04be003b
:10ad98000080fa00000006001800fa00889fbe0034
:10ada8008a9fbe008c1f78000001780023c9b30079
:10adb8000359780083c8b30003497800a2c8b300d8
:10adc80022409800c2c9b3003240980082cab3003a
:10add8004240980002c4b3005240980002ceb3002b
:10ade8006240980072002000810378006105b80075
:10adf800658440008004eb006112b9000a03420038
:10ae0800080242009441780003cb41000201e800a7
:10ae1800ed0f5100f8ff3a006d01400013c6b30072
:10ae2800034978002152900004424200034972000d
:10ae380032c0b3006248980002cfb300724898004d
:10ae4800a2c3b3000250980012012000658353008a
:10ae58008003eb006112b900840140000602420041
:10ae6800944978000201e800f70f5100f9ff3a0011
:10ae780002c2b3007250980051099000cf91de00d1
:10ae8800f30f5100e08f5900e2003e000206010076
:10ae98007200370012003700de0037005c00370010
:10aea80022003700db003700da003700d90037000e
:10aeb8007d0037008d003700d6003700d5003700f9
:10aec800c10037009a003700ac003700280037006f
:10aed8003a003700cf003700ce00370013003700a4
:10aee80012c4b3000258980062c4b3001258980004
:10aef80032c5b30022589800b2c4b3003258980043
:10af080002c2b3004258980012c3b30052589800c6
:10af180022c3b3006258980002c3b3007258980065
:10af28000260980012022000c200370012c4b30069
:10af38000258980062c4b3001258980032c5b30092
:10af480022589800b2c4b3003258980002c2b30025
:10af58004258980032c3b3005258980002c3b30055
:10af6800625898007258980002022000b100370019
:10af780042c3b3000258980062c4b3001258980044
:10af880032c5b30022589800b2c4b30032589800b2
:10af980002c2b3004258980092c3b30052589800b6
:10afa80062c3b3006258980002c3b3007258980095
:10afb80002609800120220009e00370042c3b300ce
:10afc8000258980062c4b3001258980032c5b30002
:10afd80022589800b2c4b3003258980002c2b30095
:10afe8004258980012c3b3005258980092c3b30055
:10aff8006258980022c3b3007258980002c3b30085
:10b008000260980012609800220220008900370030
:10b0180072c4b3000258980062c4b3001258980072
:10b0280032c5b30022589800b2c4b3003258980011
:10b0380002c2b3004258980042c3b3005258980065
:10b0480082c3b3006258980002c3b30072589800d4
:10b0580002609800120220007600370072c4b30024
:10b068000258980062c4b3001258980032c5b30061
:10b0780022589800b2c4b3003258980002c2b300f4
:10b088004258980092c3b3005258980062c3b30064
:10b098006258980002c3b300725898000260980082
:10b0a800120220006300370022c4b300025898003f
:10b0b80002c5b3001258980032c5b3002258980050
:10b0c800b2c4b3003258980002c2b3004258980084
:10b0d80032c3b3005258980002c3b30062589800b4
:10b0e80072589800020220005200370012c5b300bf
:10b0f8000258980002c5b3001258980032c5b30030
:10b1080022589800b2c4b3003258980002c2b30063
:10b118004258980062c3b3005258980002c3b30063
:10b1280062589800725898000202200041003700c7
:10b1380012c5b3000258980002c5b300125898000f
:10b1480032c5b30022589800b2c4b30032589800f0
:10b1580002c2b3004258980022c3b3005258980064
:10b1680042c3b3006258980002c3b30072589800f3
:10b1780002609800120220002e00370012c5b300aa
:10b188000258980002c5b3001258980032c5b3009f
:10b1980022589800b2c4b3003258980002c2b300d3
:10b1a8004258980032c3b3005258980062c3b300a3
:10b1b8006258980002c3b300725898000260980061
:10b1c800120220001b00370022c4b3000258980066
:10b1d80002c5b3001258980032c5b300225898002f
:10b1e800b2c4b3003258980002c2b3004258980063
:10b1f80012c3b3005258980022c3b3006258980093
:10b2080002c3b3007258980002609800120220002e
:10b2180008003700f2c6b300025898001258980088
:10b2280002c7b3002258980032c7b30032589800ba
:10b23800c2012000c1099000e28f510050003a007d
:10b248008201400004c2b300844978008202e80009
:10b258000501400093c4b300034978008502e80063
:10b2680005014000c3c4b300034978008502e80023
:10b278000501400023c3b300034978008502e800b4
:10b288000501400003c5b300034978008502e800c2
:10b29800f108900032092000828f50000b003c001a
:10b2a80002092000828f500013003d003202200066
:10b2b800828f5000100032001e0035000104b100da
:10b2c800e18f50001b003e000b003700020b2000ee
:10b2d800828f50000800320004003c00010ab100cf
:10b2e800e38f500013003e0003003700120f2000c8
:10b2f800828f50000f003a0085004000b2c2b300b0
:10b30800824878008502e8000501400031c4b30096
:10b31800014978008502e8000501400023c5b30013
:10b32800034978008502e8000501400001497800da
:10b338008502e800e1fd2f0081804700c2f32b0061
:10b348000a000900b2187800b258780005017800a0
:10b358008000eb00e3fd2f008f814100611bb800e6
:10b368008201400006824000944978000201e8000a
:10b378008100e800f78f5000f9ff3a00778142001a
:10b38800020078004f0678004f05be004f04be004b
:08b398000080fa00000006002d
:020000040000fa
:020000040002f8
:10b3a00044c0b30002102000cc09de00c408dd0058
:10b3b000e9cf51000300360076c3b30086c24100d6
:10b3c0000200370006c3b30086c24100e20f5000fe
:10b3d00006003a009611800086016100fdff3200f0
:10b3e0008582fb00a511880005003700161180003a
:10b3f00086016100fdff32008582fb002511880077
:10b400000442e900e8ff3a00000006006f06b000c1
:10b41000889fbe008a9fbe008c9fbe008e1f780052
:10b42000004029002100200007802f003600240062
:10b43000048020000500200002c02a002300200014
:10b4400061398800008463005839880046398800d3
:10b450000600fc005805200078398800a80a200062
:10b460007839880029e7a8000000000000000000eb
:10b470002807e200feff35000000420081804a00fc
:10b48000820f5000838f5800edff3a000000eb0060
:10b49000809f9f00909f9f00a09f9f00b09f9f0054
:10b4a00005102000a48c20001d002000000578005d
:10b4b0007080220051002000d0b79f00e1b79f00ac
:10b4c0006011b80092af9f00a3af9f000a00780000
:10b4d0008a007800faaf9f008ab79f009ab79f0052
:10b4e0000a067800aab79f0008402900290020001a
:10b4f00083fb2f008381470083af9f000381e80017
:10b500006113b800e6a79f00f7a79f0007fb2f0075
:10b5100087834700d7a79f000781e800c2a79f0045
:10b520000060fe00970180000401780002f0a40092
:10b530008581d20003d0fe001241780007d0fe00c2
:10b540000283fb006101b900ea0f5100e08f59004e
:10b550001b013e00020601000a0037000e00370002
:10b56000230037003c0037005000370066003700ea
:10b570007c00370097003700aa003700c200370070
:10b58000ef00370015cea900a2032000820f530060
:10b590000b013a0009013700158ea90000fd2f00ac
:10b5a00006004000e90f50000d003600f0f92f00b2
:10b5b00006004000e50f500003003e0090fa2f0007
:10b5c0000600400006003700f0fb2f000600400098
:10b5d000e50f50003c023e0090fc2f0006004000aa
:10b5e0004400dd0080b79f0020002000f4003700f9
:10b5f00014eea90000fd2f0006004000e90f5000e6
:10b600000d003600f0f92f0006004000e50f500055
:10b6100003003e0090fa2f000600400006003700ad
:10b62000f0fb2f0006004000e50f50002c023e000a
:10b6300090fc2f00060040008fb19700830170003e
:10b6400083b79f001fb397000303430096b79f0083
:10b6500030002000da00370000fd2f000600400017
:10b66000e90f50000d003600f0f92f0006004000f1
:10b67000e50f500003003e0090fa2f000600400046
:10b6800006003700f0fb2f0006004000e50f5000d9
:10b6900019023e0090fc2f00060040004c00dd0027
:10b6a000a0b79f0040002000c500370000fd2f001c
:10b6b00006004000e90f50000d003600f0f92f00a1
:10b6c00006004000e50f500003003e0090fa2f00f6
:10b6d0000600400006003700f0fb2f000600400087
:10b6e000e50f50000a023e0090fc2f0006004000cb
:10b6f0004800dd00afb3970087037000a7b79f0035
:10b7000050002000ae00370000fd2f000600400072
:10b71000e90f50000d003600f0f92f000600400040
:10b72000e50f500003003e0090fa2f000600400095
:10b7300006003700f0fb2f0006004000e50f500028
:10b74000f9013e0090fc2f00060040004400dd009f
:10b750002fb1970002017000a2b79f006000200087
:10b760009700370000fd2f0006004000e90f500051
:10b770000d003600f0f92f0006004000e50f5000e4
:10b7800003003e0090fa2f0006004000060037003c
:10b79000f0fb2f0006004000e50f5000e8013e00de
:10b7a00090fc2f0006004000afb1970083017000ad
:10b7b000a3b79f004819de000380fb000000410092
:10b7c0001fb397000003430096b79f00700020004e
:10b7d0007b00370000fd2f0006004000e90f5000fd
:10b7e0000d003600f0f92f0006004000e50f500074
:10b7f00003003e0090fa2f000600400006003700cc
:10b80000f0fb2f0006004000e50f5000d2013e0083
:10b8100090fc2f00060040004406dd008000200060
:10b820006700370000fd2f0006004000e90f5000c0
:10b830000d003600f0f92f0006004000e50f500023
:10b8400003003e0090fa2f0006004000060037007b
:10b85000f0fb2f0006004000e50f5000c4013e0041
:10b8600090fc2f00060040000c0670009fb397006c
:10b870008c83430097b79f00900020000001eb00ed
:10b88000f2af9f004e003700ed0f53000200320070
:10b89000ea0f53000b003a0011002000afe19700bf
:10b8a0000304e000010032002100200015aea800d2
:10b8b00014eea800158ea80015cea8000000eb001d
:10b8c0003f003700ffab97000700d000e2f82f00e1
:10b8d0000f014100000041000008eb0000fd2f00b7
:10b8e00006004000e90f50000d003600f0f92f006f
:10b8f00006004000e50f500003003e0090fa2f00c4
:10b900000600400006003700f0fb2f000600400054
:10b91000e50f50009c013e0090fc2f000600400007
:10b92000ffa997000301d0004400dd000003780068
:10b930002207b10086377900a000200020003700e0
:10b9400000fd2f0006004000e90f50000d003600fa
:10b95000f0f92f0006004000e50f500003003e0004
:10b9600090fa2f000600400006003700f0fb2f0081
:10b9700006004000e50f500089013e0090fc2f00ba
:10b9800006004000ffab97000701d000e3f82f004e
:10b990008f8141000281410012007000000978008f
:10b9a0001fb397000003430096b79f008703e8008a
:10b9b000f7af9f009000200001003700100020002a
:10b9c000e18f500018013a00e10f5600af0032003d
:10b9d000050039001d0020008000eb00e40f560038
:10b9e00025013a00090137008fb197006119b800ad
:10b9f000f2b79f0083bf9f001d0020008000eb0076
:10ba0000e00f5100e08f59001b0132001fab97007f
:10ba1000afab9700c031dd0002002000afb397004c
:10ba200002834300e0834900b6af9f00c7af9f0089
:10ba30006033b800e2f82f000f0141006115b80033
:10ba4000dcaf9f0000077800ada79f003fa99700db
:10ba5000cfa99700b4af9f00c5af9f005fb297001a
:10ba6000efb2970084a79f0095a79f000fa69700ad
:10ba70009fa697008c0f51008d8f590062003600f1
:10ba800063024400e0824c00d4b79f00e5b79f00fa
:10ba9000fcbf2a002d0020008c0f52008d8f5a0011
:10baa00059003e00a40f2000a40288000002eb0011
:10bab0008f9e97000d0abb001f989700008abb005d
:10bac00024002000af9a9700050abb003f9e970014
:10bad0000c8abb00404ede000d0020008c02780076
:10bae0006c39880008027800583988001c0024004e
:10baf0004c3988000600fc005c0520007c39880079
:10bb0000ac0a20007c39880029e7a800000000006a
:10bb1000000000002fa097002807e200feff35007c
:10bb2000a0a79f00a50288009402ba00c59f9f00ad
:10bb30001486ba00dc9f9f008f9e97008d8f520065
:10bb400004003a001f989700800f560004003a0046
:10bb5000050037008002eb00a5a79f000200370018
:10bb60000006eb00aca79f0062044400e0844c0098
:10bb7000a90288000482e8009402ba00e59f9f00b1
:10bb80001482ba00f49f9f00af9e97008d8f5200e1
:10bb900004003a003f989700800f520004003a00da
:10bba000050037000002eb00a4a79f000200370049
:10bbb0008002eb00a5a79f008302d1000282d30080
:10bbc00005047800c8b79f00c8ff2f000404640074
:10bbd000b8b79f003fb49700cfb497000802440065
:10bbe00089824c0067064200e0864a008ca79f00cd
:10bbf0009da79f000006eb008c9f9f009c9f9f00cd
:10bc0000ac9f9f00bc9f9f008306d1000286d3009b
:10bc1000630666000208a3000b0032000c06d00089
:10bc20002c02b000edf82f008f8646000c864600ef
:10bc30008106d0008a8646009d067800c86edd0029
:10bc40001c8e7600060037000c06d0008106d0005e
:10bc50008a8646001d0078000c05b10080377e0002
:10bc600061034300e0834b008100e8007fb297004e
:10bc70008fba9700840f5300858f5b006f003100ef
:10bc800061014100e081490078ff37001d0020007c
:10bc90008000eb000a00e000770032000105780028
:10bca0008a007800f2bf2a0023002000820f54008f
:10bcb000838f5c0070003e00a10f2000a10288006d
:10bcc0008a0078000f9b97008608bb001f99970099
:10bcd0008288bb00210020002f9997008208bb00ba
:10bce0003f9997008288bb006939880058398800dd
:10bcf00011002400413988000600fc005105200095
:10bd000071398800a10a20007139880029e7a8004c
:10bd100000000000000000002807e200feff3500e0
:10bd20000801be008000eb001d0020008fab9700d3
:10bd3000613bb800f6b79f0087bf9f00dfa3970065
:10bd4000613bb800d6af9f00e7af9f0001077800c6
:10bd5000cfa39700613bb80086a79f0097a79f00dd
:10bd6000b8af9f00c9af9f00a4a79f00b5a79f00d1
:10bd7000a30288001204ba00610db800425bdd0026
:10bd8000ce53de00870373004253dd00ffb49700fb
:10bd900009024300080a78009282ba00efa49700d3
:10bda00009044300050c7800dfac97000904430048
:10bdb00014027800980f520005003a000fa2970075
:10bdc00004034300968f520003003a00030037003b
:10bdd0008e067800010037008e0678008100e800aa
:10bde00062014100e0814900e28f5000e0ff3a002b
:10bdf0003fac9700cfac97002fa29700bfa297004f
:10be00000005eb008a0078001b0037008f88970040
:10be1000610bb80096af9f00a7af9f001d002000e8
:10be20008000eb0014003700e28f50000f0032005a
:10be3000e38f500010003a000e0037000fa6970065
:10be40009fa69700dcb79f00edb79f00afa69700b5
:10be50005fae97000e0078003faa9700cfaa970028
:10be60001a0020008000eb00030037008000eb0088
:10be7000010037008000eb0061024200e0824a00ce
:10be800003102000d2c12300820f5200a4fd3a000b
:10be900003037800868f5200a1fd3a0015cea90059
:10bea000158ea90014eea90015aea9000d007800aa
:10beb0004f0778004f06be004f05be004f04be007e
:10bec0006f06b1000000060015aea80014eea80031
:10bed000158ea80015cea8003100200035003700cf
:10bee00015aea80014eea800158ea80015cea80067
:10bef000310020002f00370015aea80014eea80076
:10bf0000158ea80015cea8003100200029003700aa
:10bf100015aea80014eea800158ea80015cea80036
:10bf2000310020002300370015aea80014eea80051
:10bf3000158ea80015cea800310020001d00370086
:10bf400015aea80014eea800158ea80015cea80006
:10bf5000310020001700370015aea80014eea8002d
:10bf6000158ea80015cea800310020001100370062
:10bf700015aea80014eea800158ea80015cea800d6
:10bf8000310020000b00370015aea80014eea80009
:10bf9000158ea80015cea80031002000050037003e
:10bfa00015aea80014eea800158ea80015cea800a6
:0cbfb000210020000000eb009bff370088
:020000040000fa
:020000040002f8
:10bfbc009afe0000b7fd00009efd0000c1ff0000ce
:10bfcc00e7040000a10c000024150000d01b0000a9
:10bfdc00581e0000d01b000024150000a10c00000e
:10bfec00e7040000c1ff00009efd0000b7fd00004b
:04bffc009afe0000a9
:020000040000fa
:020000040002f8
:10c000000000000000000000000000000000000030
:10c010000000000000000000000000000000000020
:10c020000000000000000000000000000000000010
:10c030000000000000000000000000000000000000
:10c0400000000000000000000000000000000000f0
:10c0500000000000000000000000000000000000e0
:10c0600000000000000000000000000000000000d0
:10c0700000000000000000000000000000000000c0
:10c0800000000000000000000000000000000000b0
:10c0900000000000000000000000000000000000a0
:10c0a0000000000000000000000000000000000090
:10c0b0000000000000000000000000000000000080
:10c0c0000000000000000000000000000000000070
:10c0d0000000000000000000000000000000000060
:10c0e0000000000000000000000000000000000050
:10c0f0000000000000000000000000000000000040
:10c10000000000000000000000000000000000002f
:10c11000000000000000000000000000000000001f
:10c12000000000000000000000000000000000000f
:10c1300000000000000000000000000000000000ff
:10c1400000000000000000000000000000000000ef
:10c1500000000000000000000000000000000000df
:10c1600000000000000000000000000000000000cf
:10c1700000000000000000000000000000000000bf
:10c1800000000000000000000000000000000000af
:10c19000000000000000000000000000000000009f
:10c1a000000000000000000000000000000000008f
:10c1b000000000000000000000000000000000007f
:10c1c000000000000000000000000000000000006f
:10c1d000000000000000000000000000000000005f
:10c1e000000000000000000000000000000000004f
:10c1f000000000000000000000000000000000003f
:10c20000000000000000000000000000000000002e
:10c21000000000000000000000000000000000001e
:10c22000000000000000000000000000000000000e
:10c2300000000000000000000000000000000000fe
:10c2400000000000000000000000000000000000ee
:10c2500000000000000000000000000000000000de
:10c2600000000000000000000000000000000000ce
:10c2700000000000000000000000000000000000be
:10c2800000000000000000000000000000000000ae
:10c29000000000000000000000000000000000009e
:10c2a000000000000000000000000000000000008e
:10c2b000000000000000000000000000000000007e
:10c2c000000000000000000000000000000000006e
:10c2d000000000000000000000000000000000005e
:10c2e000000000000000000000000000000000004e
:10c2f000000000000000000000000000000000003e
:10c30000000000000000000000000000000000002d
:10c31000000000000000000000000000000000001d
:10c32000000000000000000000000000000000000d
:10c3300000000000000000000000000000000000fd
:10c3400000000000000000000000000000000000ed
:10c3500000000000000000000000000000000000dd
:10c3600000000000000000000000000000000000cd
:10c3700000000000000000000000000000000000bd
:10c3800000000000000000000000000000000000ad
:10c39000000000000000000000000000000000009d
:10c3a000000000000000000000000000000000008d
:10c3b000000000000000000000000000000000007d
:10c3c000000000000000000000000000000000006d
:10c3d000000000000000000000000000000000005d
:10c3e000000000000000000000000000000000004d
:10c3f000000000000000000000000000000000003d
:10c40000000000000000000000000000000000002c
:10c41000000000000000000000000000000000001c
:10c42000000000000000000000000000000000000c
:10c4300000000000000000000000000000000000fc
:10c4400000000000000000000000000000000000ec
:10c4500000000000000000000000000000000000dc
:10c4600000000000000000000000000000000000cc
:10c4700000000000000000000000000000000000bc
:10c4800000000000000000000000000000000000ac
:10c49000000000000000000000000000000000009c
:10c4a000000000000000000000000000000000008c
:10c4b000000000000000000000000000000000007c
:10c4c000000000000000000000000000000000006c
:10c4d000000000000000000000000000000000005c
:10c4e000000000000000000000000000000000004c
:10c4f000000000000000000000000000000000003c
:10c50000000000000000000000000000000000002b
:10c51000000000000000000000000000000000001b
:10c52000000000000000000000000000000000000b
:10c5300000000000000000000000000000000000fb
:10c5400000000000000000000000000000000000eb
:10c5500000000000000000000000000000000000db
:10c5600000000000000000000000000000000000cb
:10c5700000000000000000000000000000000000bb
:10c5800000000000000000000000000000000000ab
:10c59000000000000000000000000000000000009b
:10c5a000000000000000000000000000000000008b
:10c5b000000000000000000000000000000000007b
:10c5c000000000000000000000000000000000006b
:10c5d000000000000000000000000000000000005b
:10c5e000000000000000000000000000000000004b
:10c5f000000000000000000000000000000000003b
:10c60000000000000000000000000000000000002a
:10c61000000000000000000000000000000000001a
:10c62000000000000000000000000000000000000a
:10c6300000000000000000000000000000000000fa
:10c6400000000000000000000000000000000000ea
:10c6500000000000000000000000000000000000da
:10c6600000000000000000000000000000000000ca
:10c6700000000000000000000000000000000000ba
:10c6800000000000000000000000000000000000aa
:10c69000000000000000000000000000000000009a
:10c6a000000000000000000000000000000000008a
:10c6b000000000000000000000000000000000007a
:10c6c000000000000000000000000000000000006a
:10c6d000000000000000000000000000000000005a
:10c6e000000000000000000000000000000000004a
:10c6f000000000000000000000000000000000003a
:10c700000000000000000000000000000000000029
:10c710000000000000000000000000000000000019
:10c720000000000000000000000000000000000009
:10c7300000000000000000000000000000000000f9
:10c7400000000000000000000000000000000000e9
:10c7500000000000000000000000000000000000d9
:10c7600000000000000000000000000000000000c9
:10c7700000000000000000000000000000000000b9
:10c7800000000000000000000000000000000000a9
:10c790000000000000000000000000000000000099
:10c7a0000000000000000000000000000000000089
:10c7b0000000000000000000000000000000000079
:10c7c0000000000000000000000000000000000069
:10c7d0000000000000000000000000000000000059
:10c7e0000000000000000000000000000000000049
:10c7f0000000000000000000000000000000000039
:10c800000000000000000000000000000000000028
:10c810000000000000000000000000000000000018
:10c820000000000000000000000000000000000008
:10c8300000000000000000000000000000000000f8
:10c8400000000000000000000000000000000000e8
:10c8500000000000000000000000000000000000d8
:10c8600000000000000000000000000000000000c8
:10c8700000000000000000000000000000000000b8
:10c8800000000000000000000000000000000000a8
:10c890000000000000000000000000000000000098
:10c8a0000000000000000000000000000000000088
:10c8b0000000000000000000000000000000000078
:10c8c0000000000000000000000000000000000068
:10c8d0000000000000000000000000000000000058
:10c8e0000000000000000000000000000000000048
:10c8f0000000000000000000000000000000000038
:10c900000000000000000000000000000000000027
:10c910000000000000000000000000000000000017
:10c920000000000000000000000000000000000007
:10c9300000000000000000000000000000000000f7
:10c9400000000000000000000000000000000000e7
:10c9500000000000000000000000000000000000d7
:10c9600000000000000000000000000000000000c7
:10c9700000000000000000000000000000000000b7
:10c9800000000000000000000000000000000000a7
:10c990000000000000000000000000000000000097
:10c9a0000000000000000000000000000000000087
:10c9b0000000000000000000000000000000000077
:10c9c0000000000000000000000000000000000067
:10c9d0000000000000000000000000000000000057
:10c9e0000000000000000000000000000000000047
:10c9f0000000000000000000000000000000000037
:10ca00000000000000000000000000000000000026
:10ca10000000000000000000000000000000000016
:10ca20000000000000000000000000000000000006
:10ca300000000000000000000000000000000000f6
:10ca400000000000000000000000000000000000e6
:10ca500000000000000000000000000000000000d6
:10ca600000000000000000000000000000000000c6
:10ca700000000000000000000000000000000000b6
:10ca800000000000000000000000000000000000a6
:10ca90000000000000000000000000000000000096
:10caa0000000000000000000000000000000000086
:10cab0000000000000000000000000000000000076
:10cac0000000000000000000000000000000000066
:10cad0000000000000000000000000000000000056
:10cae0000000000000000000000000000000000046
:10caf0000000000000000000000000000000000036
:10cb00000000000000000000000000000000000025
:10cb10000000000000000000000000000000000015
:10cb20000000000000000000000000000000000005
:10cb300000000000000000000000000000000000f5
:10cb400000000000000000000000000000000000e5
:10cb500000000000000000000000000000000000d5
:10cb600000000000000000000000000000000000c5
:10cb700000000000000000000000000000000000b5
:10cb800000000000000000000000000000000000a5
:10cb90000000000000000000000000000000000095
:10cba0000000000000000000000000000000000085
:10cbb0000000000000000000000000000000000075
:10cbc0000000000000000000000000000000000065
:10cbd0000000000000000000000000000000000055
:10cbe0000000000000000000000000000000000045
:10cbf0000000000000000000000000000000000035
:10cc00000000000000000000000000000000000024
:10cc10000000000000000000000000000000000014
:10cc20000000000000000000000000000000000004
:10cc300000000000000000000000000000000000f4
:10cc400000000000000000000000000000000000e4
:10cc500000000000000000000000000000000000d4
:10cc600000000000000000000000000000000000c4
:10cc700000000000000000000000000000000000b4
:10cc800000000000000000000000000000000000a4
:10cc90000000000000000000000000000000000094
:10cca0000000000000000000000000000000000084
:10ccb0000000000000000000000000000000000074
:10ccc0000000000000000000000000000000000064
:10ccd0000000000000000000000000000000000054
:10cce0000000000000000000000000000000000044
:10ccf0000000000000000000000000000000000034
:10cd00000000000000000000000000000000000023
:10cd10000000000000000000000000000000000013
:10cd20000000000000000000000000000000000003
:10cd300000000000000000000000000000000000f3
:10cd400000000000000000000000000000000000e3
:10cd500000000000000000000000000000000000d3
:10cd600000000000000000000000000000000000c3
:10cd700000000000000000000000000000000000b3
:10cd800000000000000000000000000000000000a3
:10cd90000000000000000000000000000000000093
:10cda0000000000000000000000000000000000083
:10cdb0000000000000000000000000000000000073
:10cdc0000000000000000000000000000000000063
:10cdd0000000000000000000000000000000000053
:10cde0000000000000000000000000000000000043
:10cdf0000000000000000000000000000000000033
:10ce00000000000000000000000000000000000022
:10ce10000000000000000000000000000000000012
:10ce20000000000000000000000000000000000002
:10ce300000000000000000000000000000000000f2
:10ce400000000000000000000000000000000000e2
:10ce500000000000000000000000000000000000d2
:10ce600000000000000000000000000000000000c2
:10ce700000000000000000000000000000000000b2
:10ce800000000000000000000000000000000000a2
:10ce90000000000000000000000000000000000092
:10cea0000000000000000000000000000000000082
:10ceb0000000000000000000000000000000000072
:10cec0000000000000000000000000000000000062
:10ced0000000000000000000000000000000000052
:10cee0000000000000000000000000000000000042
:10cef0000000000000000000000000000000000032
:10cf00000000000000000000000000000000000021
:10cf10000000000000000000000000000000000011
:10cf20000000000000000000000000000000000001
:10cf300000000000000000000000000000000000f1
:10cf400000000000000000000000000000000000e1
:10cf500000000000000000000000000000000000d1
:10cf600000000000000000000000000000000000c1
:10cf700000000000000000000000000000000000b1
:10cf800000000000000000000000000000000000a1
:10cf90000000000000000000000000000000000091
:10cfa0000000000000000000000000000000000081
:10cfb0000000000000000000000000000000000071
:10cfc0000000000000000000000000000000000061
:10cfd0000000000000000000000000000000000051
:10cfe0000000000000000000000000000000000041
:10cff0000000000000000000000000000000000031
:020000040000fa
:020000040002f8
:10d0000000000000400000005b0000006f00000016
:10d01000800000008f0000009d000000a9000000bb
:10d02000b5000000c0000000ca000000d4000000ed
:10d03000de000000e7000000ef000000f800000044
:10d0400000010000080100001001000017010000ad
:10d050001e010000250100002c010000330100002a
:10d060003a01000040010000460100004d010000af
:10d0700053010000590100005f010000640100003d
:10d080006a01000070010000750100007b010000d2
:10d0900080010000850100008b010000900100006c
:10d0a000950100009a0100009f010000a40100000a
:10d0b000a9010000ad010000b2010000b7010000ad
:10d0c000bb010000c0010000c5010000c901000053
:10d0d000ce010000d2010000d6010000db010000fb
:10d0e000df010000e3010000e7010000ec010000a7
:10d0f000f0010000f4010000f8010000fc01000054
:10d100000002000004020000080200000c020000ff
:10d110001002000014020000170200001b020000b1
:10d120001f02000023020000270200002a02000064
:10d130002e02000032020000350200003902000019
:10d140003c020000400200004402000047020000d0
:10d150004b0200004e020000520200005502000087
:10d16000580200005c0200005f0200006302000041
:10d1700066020000690200006d02000070020000fb
:10d1800073020000760200007a0200007d020000b7
:10d190008002000083020000860200008a02000074
:10d1a0008d02000090020000930200009602000031
:10d1b000990200009c0200009f020000a2020000f1
:10d1c000a5020000a8020000ab020000ae020000b1
:10d1d000b1020000b4020000b7020000ba02000071
:10d1e000bd020000c0020000c3020000c602000031
:10d1f000c9020000cc020000ce020000d1020000f3
:10d20000d4020000d7020000da020000dd020000b4
:10d21000df020000e2020000e5020000e802000078
:10d22000ea020000ed020000f0020000f30200003c
:10d23000f5020000f8020000fb020000fd02000001
:10d2400000030000030300000503000008030000c2
:10d250000b0300000d030000100300001203000088
:10d2600015030000180300001a0300001d0300004e
:10d270001f03000022030000240300002703000016
:10d280002a0300002c0300002f03000031030000dc
:10d290003403000036030000390300003b030000a4
:10d2a0003e0300004003000042030000450300006d
:10d2b000470300004a0300004c0300004f03000036
:10d2c0005103000053030000560300005803000000
:10d2d0005b0300005d0300005f03000062030000c9
:10d2e0006403000066030000690300006b03000094
:10d2f0006e0300007003000072030000740300005e
:10d3000077030000790300007b0300007e03000028
:10d3100080030000820300008503000087030000f3
:10d32000890300008b0300008e03000090030000bf
:10d33000920300009403000097030000990300008b
:10d340009b0300009d0300009f030000a203000058
:10d35000a4030000a6030000a8030000aa03000025
:10d36000ad030000af030000b1030000b3030000f1
:10d37000b5030000b7030000ba030000bc030000bf
:10d38000be030000c0030000c2030000c40300008d
:10d39000c6030000c8030000cb030000cd0300005b
:10d3a000cf030000d1030000d3030000d503000029
:10d3b000d7030000d9030000db030000dd030000f9
:10d3c000df030000e2030000e4030000e6030000c6
:10d3d000e8030000ea030000ec030000ee03000095
:10d3e000f0030000f2030000f4030000f603000065
:10d3f000f8030000fa030000fc030000fe03000035
:10d400000004000002040000040400000604000000
:10d41000080400000a0400000c0400000e040000d0
:10d4200010040000120400001404000016040000a0
:10d43000180400001a0400001c0400001e04000070
:10d440002004000021040000230400002504000043
:10d4500027040000290400002b0400002d04000014
:10d460002f040000310400003304000035040000e4
:10d4700037040000380400003a0400003c040000b7
:10d480003e04000040040000420400004404000088
:10d490004604000048040000490400004b0400005a
:10d4a0004d0400004f04000051040000530400002c
:10d4b0005504000056040000580400005a040000ff
:10d4c0005c0400005e0400006004000061040000d1
:10d4d00063040000650400006704000069040000a4
:10d4e0006a0400006c0400006e0400007004000078
:10d4f000720400007304000075040000770400004b
:10d50000790400007b0400007c0400007e0400001d
:10d5100080040000820400008404000085040000f0
:10d5200087040000890400008b0400008c040000c4
:10d530008e04000090040000920400009304000098
:10d540009504000097040000990400009a0400006c
:10d550009c0400009e040000a0040000a104000040
:10d56000a3040000a5040000a6040000a804000015
:10d57000aa040000ac040000ad040000af040000e9
:10d58000b1040000b2040000b4040000b6040000be
:10d59000b8040000b9040000bb040000bd04000092
:10d5a000be040000c0040000c2040000c304000068
:10d5b000c5040000c7040000c8040000ca0400003d
:10d5c000cc040000cd040000cf040000d104000012
:10d5d000d2040000d4040000d6040000d7040000e8
:10d5e000d9040000db040000dc040000de040000bd
:10d5f000e0040000e1040000e3040000e504000092
:10d60000e6040000e8040000e9040000eb04000068
:10d61000ed040000ee040000f0040000f20400003d
:10d62000f3040000f5040000f6040000f804000014
:10d63000fa040000fb040000fd040000fe040000ea
:10d6400000050000020500000305000005050000bc
:10d6500006050000080500000a0500000b05000093
:10d660000d0500000e05000010050000110500006a
:10d670001305000015050000160500001805000040
:10d68000190500001b0500001c0500001e05000018
:10d6900020050000210500002305000024050000ee
:10d6a0002605000027050000290500002a050000c6
:10d6b0002c0500002e0500002f050000310500009c
:10d6c0003205000034050000350500003705000074
:10d6d000380500003a0500003b0500003d0500004c
:10d6e0003e05000040050000420500004305000023
:10d6f00045050000460500004805000049050000fa
:10d700004b0500004c0500004e0500004f050000d1
:10d7100051050000520500005405000055050000a9
:10d7200057050000580500005a0500005b05000081
:10d730005d0500005e050000600500006105000059
:10d740006305000064050000660500006705000031
:10d75000690500006a0500006b0500006d0500000a
:10d760006e050000700500007105000073050000e3
:10d7700074050000760500007705000079050000bb
:10d780007a0500007c0500007d0500007f05000093
:10d79000800500008105000083050000840500006d
:10d7a0008605000087050000890500008a05000045
:10d7b0008c0500008d0500008e050000900500001e
:10d7c00091050000930500009405000096050000f7
:10d7d00097050000990500009a0500009b050000d0
:10d7e0009d0500009e050000a0050000a1050000a9
:10d7f000a2050000a4050000a5050000a705000083
:10d80000a8050000aa050000ab050000ac0500005b
:10d81000ae050000af050000b1050000b205000034
:10d82000b3050000b5050000b6050000b80500000e
:10d83000b9050000ba050000bc050000bd050000e8
:10d84000bf050000c0050000c1050000c3050000c1
:10d85000c4050000c6050000c7050000c80500009b
:10d86000ca050000cb050000cc050000ce05000075
:10d87000cf050000d1050000d2050000d30500004f
:10d88000d5050000d6050000d7050000d905000029
:10d89000da050000dc050000dd050000de05000003
:10d8a000e0050000e1050000e2050000e4050000dd
:10d8b000e5050000e6050000e8050000e9050000b8
:10d8c000eb050000ec050000ed050000ef05000091
:10d8d000f0050000f1050000f3050000f40500006c
:10d8e000f5050000f7050000f8050000f905000047
:10d8f000fb050000fc050000fd050000ff05000021
:10d9000000060000010600000306000004060000f7
:10d9100005060000070600000806000009060000d2
:10d920000b0600000c0600000d0600000f060000ac
:10d930001006000011060000130600001406000087
:10d940001506000017060000180600001906000062
:10d950001a0600001c0600001d0600001e0600003e
:10d960002006000021060000220600002406000018
:10d9700025060000260600002706000029060000f4
:10d980002a0600002b0600002d0600002e060000cf
:10d990002f060000310600003206000033060000aa
:10d9a0003406000036060000370600003806000086
:10d9b0003a0600003b0600003c0600003d06000061
:10d9c0003f0600004006000041060000430600003c
:10d9d0004406000045060000460600004806000018
:10d9e000490600004a0600004b0600004d060000f4
:10d9f0004e0600004f0600005106000052060000cf
:10da000053060000540600005606000057060000aa
:10da100058060000590600005b0600005c06000086
:10da20005d0600005e060000600600006106000062
:10da3000620600006306000065060000660600003e
:10da400067060000680600006a0600006b0600001a
:10da50006c0600006d0600006f06000070060000f6
:10da600071060000720600007406000075060000d2
:10da70007606000077060000790600007a060000ae
:10da80007b0600007c0600007e0600007f0600008a
:10da90008006000081060000820600008406000067
:10daa0008506000086060000870600008906000043
:10dab0008a0600008b0600008c0600008d06000020
:10dac0008f060000900600009106000092060000fc
:10dad00094060000950600009606000097060000d8
:10dae000980600009a0600009b0600009c060000b5
:10daf0009d0600009e060000a0060000a106000092
:10db0000a2060000a3060000a5060000a60600006d
:10db1000a7060000a8060000a9060000ab0600004a
:10db2000ac060000ad060000ae060000af06000027
:10db3000b1060000b2060000b3060000b406000003
:10db4000b5060000b6060000b8060000b9060000e1
:10db5000ba060000bb060000bc060000be060000be
:10db6000bf060000c0060000c1060000c20600009b
:10db7000c4060000c5060000c6060000c706000077
:10db8000c8060000c9060000cb060000cc06000055
:10db9000cd060000ce060000cf060000d106000032
:10dba000d2060000d3060000d4060000d50600000f
:10dbb000d6060000d8060000d9060000da060000ec
:10dbc000db060000dc060000dd060000df060000ca
:10dbd000e0060000e1060000e2060000e3060000a7
:10dbe000e4060000e6060000e7060000e806000084
:10dbf000e9060000ea060000eb060000ec06000063
:10dc0000ee060000ef060000f0060000f10600003e
:10dc1000f2060000f3060000f5060000f60600001c
:10dc2000f7060000f8060000f9060000fa060000fa
:10dc3000fb060000fd060000fe060000ff060000d7
:10dc400000070000010700000207000003070000b2
:10dc5000050700000607000007070000080700008e
:10dc6000090700000a0700000b0700000d0700006d
:10dc70000e0700000f07000010070000110700004a
:10dc80001207000013070000140700001607000029
:10dc90001707000018070000190700001a07000006
:10dca0001b0700001c0700001d0700001f070000e5
:10dcb00020070000210700002207000023070000c2
:10dcc00024070000250700002607000028070000a1
:10dcd000290700002a0700002b0700002c0700007e
:10dce0002d0700002e0700002f070000300700005e
:10dcf000320700003307000034070000350700003a
:10dd00003607000037070000380700003907000019
:10dd10003a0700003c0700003d0700003e070000f6
:10dd20003f070000400700004107000042070000d5
:10dd300043070000440700004607000047070000b3
:10dd400048070000490700004a0700004b07000091
:10dd50004c0700004d0700004e0700004f07000071
:10dd6000500700005207000053070000540700004e
:10dd7000550700005607000057070000580700002d
:10dd8000590700005a0700005b0700005c0700000d
:10dd90005e0700005f0700006007000061070000e9
:10dda00062070000630700006407000065070000c9
:10ddb00066070000670700006807000069070000a9
:10ddc0006b0700006c0700006d0700006e07000085
:10ddd0006f07000070070000710700007207000065
:10dde0007307000074070000750700007607000045
:10ddf00077070000790700007a0700007b07000022
:10de00007c0700007d0700007e0700007f07000000
:10de100080070000810700008207000083070000e0
:10de200084070000850700008607000087070000c0
:10de3000890700008a0700008b0700008c0700009c
:10de40008d0700008e0700008f070000900700007c
:10de5000910700009207000093070000940700005c
:10de6000950700009607000097070000980700003c
:10de7000990700009a0700009c0700009d0700001a
:10de80009e0700009f070000a0070000a1070000f8
:10de9000a2070000a3070000a4070000a5070000d8
:10dea000a6070000a7070000a8070000a9070000b8
:10deb000aa070000ab070000ac070000ad07000098
:10dec000ae070000af070000b0070000b107000078
:10ded000b3070000b4070000b5070000b607000054
:10dee000b7070000b8070000b9070000ba07000034
:10def000bb070000bc070000bd070000be07000014
:10df0000bf070000c0070000c1070000c2070000f3
:10df1000c3070000c4070000c5070000c6070000d3
:10df2000c7070000c8070000c9070000ca070000b3
:10df3000cb070000cc070000cd070000ce07000093
:10df4000cf070000d0070000d1070000d207000073
:10df5000d4070000d5070000d6070000d70700004f
:10df6000d8070000d9070000da070000db0700002f
:10df7000dc070000dd070000de070000df0700000f
:10df8000e0070000e1070000e2070000e3070000ef
:10df9000e4070000e5070000e6070000e7070000cf
:10dfa000e8070000e9070000ea070000eb070000af
:10dfb000ec070000ed070000ee070000ef0700008f
:10dfc000f0070000f1070000f2070000f30700006f
:10dfd000f4070000f5070000f6070000f70700004f
:10dfe000f8070000f9070000fa070000fb0700002f
:10dff000fc070000fd070000fe070000ff0700000f
:020000040000fa
:020000040002f8
:10e00000889fbe008a1f78008c9fbe0000057800a4
:10e010000204be001a109000aa1090004219de00ff
:10e0200003002000800f5100818f5900130036003b
:10e030004409dd00cc01de00830171004401dd00f4
:10e040000800be0042d0020001000000610650003e
:10e05000e08658004409dd00cc01de008301710038
:10e060004401dd000800be0042d0020001000000b3
:10e070000003be008001eb00120037004209dd0002
:10e08000ce01de00830171004201dd000800be0008
:10e0900042d002000100000061065000e0865800f6
:10e0a0004209dd00ce01de00830171004201dd0086
:10e0b0000800be0042d00200010000000003be00c4
:10e0c00013002000c319dd0003f0a0008000eb0066
:10e0d0006c004500010878006a00450001087800de
:10e0e0006e004500010878007400450001087800c2
:10e0f00072004500010878007600450001087800ac
:10e10000820220000a014100120278000420a100ce
:10e110001615980027159800700045000108780032
:10e120007800450001087800040078003000b30052
:10e130000040a10000097800000220000a00400011
:10e14000010878007e004500010878004a00900030
:10e15000e20f500005003a00cc11880083118800be
:10e160000040200090118800040037004c11880006
:10e170000311880000402000101188004f06be00e7
:10e180004f0578004f04be0000000600e20f50006b
:10e1900002003a0023c8a800010037002168a80047
:10e1a00000000600e20f500002003a0023c8a90058
:10e1b000010037002168a90000000600889fbe000a
:10e1c0008a9fbe008c9fbe0042c0b3007602400012
:10e1d000fc024000f203400064054000780040006b
:10e1e0008005eb00cc09de00c408dd00e9cf51005a
:10e1f000020036007343b000010037000343b00053
:10e2000014037800950f53001d003d00170378009c
:10e210006134b900888fd2008984d20008f0a1004f
:10e220000806d000ba06d0000d0446004220a8001f
:10e23000aa844c004200a9004220ae004200a8007f
:10e240000884d300ac01800089067800ad01880005
:10e25000034c7800ac0188000603e800860b7800c8
:10e260009401e800030a7800908f51000100340007
:10e2700003087800950f530001003a008b0b7800db
:10e280000241e900d7ff3a004f06be004f05be002d
:10e290004f04be0000000600889fbe008a9fbe009b
:10e2a0008c9fbe0022c0b30076024000fc024000fa
:10e2b0007203400064044000780040008004eb00da
:10e2c0008181fb00c419de00c408dd00e9cf5100e4
:10e2d000020036007343b000010037000343b00072
:10e2e00094037800958f53001d003d00960378003d
:10e2f000613db9008a8fd2008b85d2000af0a1005f
:10e300000a06d000b806d0000d0546004220a8003d
:10e31000a8854d004200a9004220ae004200a8009e
:10e320000a85d300ac0180008b067800ad0188001f
:10e33000034d7800ac0188008703e800070b7800e4
:10e340009401e800030a7800908f51000100340026
:10e3500003087800958f530001003a00090b7800fc
:10e360000241e900d6ff3a004f06be004f05be004d
:10e370004f04be0000000600889fbe008a9fbe00ba
:10e380008c9fbe00914178000304e0002c00320015
:10e390000001eb0076024000fc024000f203400066
:10e3a000640540007800400082057800140378007e
:10e3b000950f53001d003d00170378006134b9002c
:10e3c000888fd2008984d20008f0a1000806d0000e
:10e3d000ba06d0000d0446004220a800aa844c00d2
:10e3e0004200a9004220ae004200a8000884d300e9
:10e3f000ac01800089067800ad018800034c7800ec
:10e40000ac0188000603e800860b78009401e80060
:10e41000030a7800908f510001003400030878004f
:10e42000950f530001003a008b0b78000201e800c1
:10e4300082814000934178000304e000dbff3a0052
:10e440004f06be004f05be004f04be000000060090
:10e45000914178000001eb000304e0000900320064
:10e460006022b80004024000034a78000201e8007c
:10e470006112b90084814000934178000304e000f8
:10e48000f8ff3a0002007800000006000001eb00ef
:10e490006103b800cc09de00c408dd00e9cf5100fb
:10e4a000020036007343b000010037000343b000a0
:10e4b00006024100034a78000201e800e40f51001f
:10e4c000f4ff3a004000200000000600e887470003
:10e4d000889fbe008a9fbe008c9fbe008e1f780062
:10e4e000e0b79f000205be000040eb0080f79f00f0
:10e4f000e00f5100e08f590007003d00d0c2b3008b
:10e50000efb097008048780060051100e0851900a1
:10e5100012c0b30082f79f0014002000f4b79f00e0
:10e5200008a02c00a9b92300ac0020000d00200099
:10e530000801be000a00be007206020000000000d2
:10e54000004778000e04e0002a003a000c01be00eb
:10e550000800be0072060200000000000004be00b9
:10e560007fb097000000e0000b003a000ff1970029
:10e570000280fb008000eb006fb2970000004200b9
:10e5800001c3b300014847000241e80082f79f0041
:10e590000001eb00f2b79f00e00f5400e08f5c0039
:10e5a000e3ff3c000ff097007fb297000400e0000b
:10e5b000080032000081fb008001eb006fb2970081
:10e5c0008200420002c3b300824878000040e800a5
:10e5d00080f79f008ff097000180fb004f077800c5
:10e5e0004f06be004f05be004f04be008f00b100b5
:10e5f000000006000e80fb008000eb0080c9b9001f
:10e600000800b800810041000005550081855d00cb
:10e610000c01be000800be007206020000000000ef
:10e620000004be00d1ff3700e4874700889fbe008a
:10e630008a9fbe008c9fbe008e1f780080bf9f0007
:10e64000010778000043eb000e00e00004003d00ed
:10e65000d2c2b300024878000e07ea0016c0b30029
:10e66000540020001a002000027122000006eb0076
:10e670007b662600edc2b300110009000207d80036
:10e68000800178000304e000010032000c057800ee
:10e690000b94b900c2cbde00cf92de00858253001e
:10e6a000e18f520006003a000684fb008004eb0074
:10e6b0000fb89700880340008d4b78000643e800b0
:10e6c0000a00e00007003a000684fb008004eb002b
:10e6d0008fb897008883400000c3b30080cb41000f
:10e6e0000643e8000402e900050032008381fb00d4
:10e6f0008299b9000207570005017800deff370054
:10e700000a00e000070032000681fb008001eb00f8
:10e710000fba97000200420002c3b300024878001b
:10e720000643e8000680fb004f0778004f06be0056
:10e730004f05be004f04be004f00b10000000600b0
:10e74000889fbe008a9fbe00800578000105780082
:10e750000042eb000a00e00004003d00d2c2b3001a
:10e76000824d78000a05ea0014c0b30015002000ad
:10e7700002712200766626008003eb00110009007a
:10e780000205d800800178000304e0001b003a0075
:10e790000694b90042ccde004f91de000201540025
:10e7a0000500e00007003a000484fb008004eb0051
:10e7b0008882450000c3b30080ca41000442e800db
:10e7c000870278000200e000ecff3c000500e0005a
:10e7d000060032000481fb008001eb00028045004e
:10e7e00002c3b300024878000442e8000480fb0042
:10e7f0004f05be004f04be00000006000384fb006e
:10e8000082c4b900080555000694b900c2cade00ea
:10e810004f91de0002815200e3ff37008000eb00e1
:10e820006103b8004c1ade00050020004418dd002a
:10e83000cc11de00830170004411dd00e94f52006d
:10e84000020036007443b000010037000443b000fa
:10e8500086824000844a78008100e800e88f5000fa
:10e86000f0ff3a0080002000000006000148780018
:10e870001000200000000600889fbe00b009900034
:10e8800060099000828f510024003d00f201400099
:10e89000130178006112b900848fd2008582d20002
:10e8a00004f0a10020039000b00390000604d00003
:10e8b0008404d000090244004220a80085824b0055
:10e8c0004200a9004220ae004200a8000482d3000a
:10e8d000a601800085037800a7018800014a78001e
:10e8e000a60188000201e80082097800f6014000d4
:10e8f0009300e80081097800c0099000838f5000e0
:10e900000100340041089800e0089000810f510098
:10e9100002003a00720040000008eb004f04be0005
:10e9200000000600889fbe0003ceb30083c14000f4
:10e93000e2c5b30082cf510001003600e1c2b3004e
:10e94000b009900060099000828f510024003d00c2
:10e95000f2014000130178006112b900848fd200e7
:10e960008582d20004f0a10020039000b003900043
:10e970000604d0008404d000090244004220a8000c
:10e9800085824b004200a9004220ae004200a80050
:10e990000482d300a601800085037800a7018800c7
:10e9a000014a7800a60188000201e8008209780087
:10e9b000f60140009300e80081097800c00990004a
:10e9c000838f50000100340041089800e008900057
:10e9d000810f510002003a00720040000008eb0075
:10e9e0004f04be0000000600e4874700889fbe0079
:10e9f0008a9fbe008c9fbe008e1f780033002000cf
:10ea000042062000d9cc2c0076024000fc024000d7
:10ea10007204400064074000f806400081bf9f0078
:10ea20008fb89700110009008280d8000083fb0096
:10ea300082b3b9008fbb97008683530087bf9f00c6
:10ea40000913b8004339de0094007800958f500018
:10ea50001f003d00180378006135b9008a8fd2008d
:10ea60008b85d2000af0a1008a03d000be00d0003e
:10ea7000018543004220a800ae854d004200a90058
:10ea80004220ae004200a8000a85d3000043b00037
:10ea9000a70180000b067800ac018800004d7800cb
:10eaa000a70188000603e800060c78001400e800bf
:10eab000000a78009d0f500001003400800e78009d
:10eac000950f530002003a008003eb00070c78001a
:10ead0008301e900d2ff3a004f0778004f06be00dd
:10eae0004f05be004f04be004f00b10000000600fd
:10eaf000ec874700889fbe008a9fbe008c9fbe00a7
:10eb00008e1f78000100e0002a003d00b00990004f
:10eb100060099000828f510025003d007201400085
:10eb200092017800611ab900848fd2008582d200e8
:10eb300004f0a10020039000b00390000604d00070
:10eb40008404d000090244004220a80085824b00c2
:10eb50004200a9004220ae004200a8000482d30077
:10eb6000a601800085037800a7018800d5c2b30004
:10eb7000054a7800a60188008301e80003097800af
:10eb8000760240001401e800020a7800400a900072
:10eb9000840f510001003400420898006009900081
:10eba000828f510002003a00720140000009eb0020
:10ebb0008100ea001800200002712200736626001e
:10ebc000760240007c0340008002eb0072054000aa
:10ebd000e4054000cbb79f0078074000f0b79f00e6
:10ebe00081bf9f000fb89700110009000200d800f4
:10ebf000000678000c04e0005c003a000390b900c5
:10ec0000d0b79f00e1b79f00c28bde004f91de00be
:10ec1000028153000800e00025003a000504780056
:10ec200094007800968f500021003d009a037800f0
:10ec3000613cb900888fd2008984d20008f0a1001d
:10ec4000cfb597000800d000bb00d0000104400001
:10ec50004220a800ab844c004200a9004220ae0034
:10ec60004200a8000884d3000c43b000ab01800030
:10ec700089067800ad0188000c4c7800ab01880053
:10ec80008703e800070d78001404e800080a7800fc
:10ec90009e0f540001003400080f7800050478002e
:10eca000968f530002003a00050d780005047800a5
:10ecb0000200e000cbff3c007fb097000800e000be
:10ecc0003400320030099000e0089000810f5100bc
:10ecd00030003d00f2004000110178006112b900df
:10ece000848fd2008582d20004f0a100200390001e
:10ecf000b00390008601d0000404d00008824100d7
:10ed00004220a80085824b004200a9004220ae00ac
:10ed10004200a8000482d300a3018000050378000c
:10ed2000a601880005c3b300054a7800a301880046
:10ed30000201e80082087800f60140009300e80034
:10ed400081097800c0099000838f500001003400d1
:10ed500041089800e0089000810f51000d003a0032
:10ed6000720040000008eb000a0037000c84fb0032
:10ed700082c4b9008fbc97008884540089bf9f006b
:10ed80000394b900c2cbde004f91de000281530034
:10ed9000a2ff37004f0778004f06be004f05be00a8
:10eda0004f04be00cf00b1000000060070019000cb
:10edb0008080eb000200e0001e0034006c02400086
:10edc00094017800611bb900868fd2008783d2003e
:10edd00006f0a1008600d000b002d00005834000fc
:10ede0004220a800a0834b004200a9004220ae00b0
:10edf0004200a8000683d3009501800087007800b8
:10ee000001d0fe009640780005d0fe008180fb0016
:10ee10008301e800030a78006e024000020ae9005c
:10ee200050099000828f5100020035006c004000b4
:10ee30000008eb000100780000000600889fbe007b
:10ee4000300990008080eb000200e00020003400d8
:10ee50007402400094017800611bb900868fd200d3
:10ee60008783d20006f0a10020049000b004900037
:10ee70008800d0008602d000058340004220a80010
:10ee800087834c004200a9004220ae004200a80047
:10ee90000683d300950180008700780001d0fe0032
:10eea0009640780005d0fe008180fb008301e800d9
:10eeb000030a780076024000020ae9006009900027
:10eec000828f510002003500740040000008eb0002
:10eed000010078004f04be0000000600889fbe00bd
:10eee0008a1f78008004780049009000e10f5000ec
:10eef0000c003200e20f500024003a001b003700e3
:10ef000009007800cdff0700121180008200640024
:10ef1000fdff3a000000e0000400350020118800e9
:10ef20000200370076854400082020001a00e00027
:10ef3000f3ff3c00011020001211800002806000ed
:10ef4000fdff32001100370009007800bbff070009
:10ef50009211800082006400fdff3a000000e00092
:10ef600004003500a01188000200370076854400b7
:10ef7000082020001a00e000f3ff3c0001102000f0
:10ef80001211800002806000fdff32004f05780002
:08ef90004f04be000000060062
:020000040000fa
:020000040002f8
:10ef980000000000050000000b0000001000000049
:10efa800160000001c0000002200000028000000dd
:10efb8002e000000350000003b0000004200000069
:10efc8004900000050000000570000005e000000eb
:10efd800650000006d000000740000007c00000067
:10efe800840000008c000000940000009c000000d9
:10eff800a4000000ad000000b6000000bf00000043
:10f00800c7000000d1000000da000000e3000000a3
:10f01800ed000000f6000000000100000a010000f9
:10f02800140100001e010000290100003301000046
:10f038003e01000048010000530100005e0100008d
:10f048006a01000075010000800100008c010000c9
:10f0580098010000a4010000b0010000bc010000fc
:10f06800c8010000d5010000e1010000ee01000028
:10f07800fb01000008020000150200002302000046
:10f08800300200003e0200004c0200005a0200005c
:10f09800680200007602000084020000930200006b
:10f0a800a2020000b0020000bf020000cf02000070
:10f0b800de020000ed020000fd0200000d0300006a
:10f0c8001d0300002d0300003d0300004d03000058
:10f0d8005e0300006e0300007f0300009003000041
:10f0e800a1030000b3030000c4030000d60300001e
:10f0f800e7030000f90300000b0400001d040000f2
:10f1080030040000420400005504000068040000b8
:10f118007b0400008e040000a1040000b504000078
:10f12800c8040000dc040000f0040000040500002e
:10f13800190500002d0500004205000056050000d5
:10f148006b0500008005000096050000ab05000077
:10f15800c1050000d6050000ec050000020600000d
:10f16800180600002f060000450600005c06000097
:10f17800730600008a060000a1060000b906000018
:10f18800d0060000e806000000070000180700008d
:10f1980030070000480700006107000079070000f9
:10f1a80092070000ab070000c5070000de0700005b
:10f1b800f7070000110800002b08000045080000b0
:10f1c8005f0800007a08000094080000af080000fb
:10f1d800ca080000e5080000000900001b0900003b
:10f1e80037090000530900006f0900008b0900006f
:10f1f800a7090000c3090000e0090000fd0900009c
:10f208001a0a0000370a0000540a0000720a0000b7
:10f218008f0a0000ad0a0000cb0a0000e90a0000ce
:10f22800070b0000260b0000450b0000630b0000d5
:10f23800820b0000a20b0000c10b0000e00b0000d5
:10f24800000c0000200c0000400c0000600c0000c6
:10f25800810c0000a10c0000c20c0000e30c0000af
:10f26800040d0000250d0000470d0000680d00008a
:10f278008a0d0000ac0d0000ce0d0000f00d00005e
:10f28800130e0000350e0000580e00007b0e000023
:10f298009e0e0000c20e0000e50e0000090f0000df
:10f2a8002d0f0000510f0000750f00009a0f00008d
:10f2b800be0f0000e30f0000081000002d10000032
:10f2c80052100000781000009d100000c3100000cc
:10f2d800e91000000f110000351100005c1100005a
:10f2e80082110000a9110000d0110000f7110000e0
:10f2f8001f120000461200006e1200009612000055
:10f30800be120000e61200000e13000037130000c2
:10f318005f13000088130000b1130000db13000026
:10f32800041400002d14000057140000811400007c
:10f33800ab140000d5140000001500002a150000c9
:10f348005515000080150000ab150000d61500000b
:10f35800021600002d160000591600008516000040
:10f36800b1160000dd16000009170000361700006e
:10f378006317000090170000bd170000ea1700008f
:10f38800171800004518000072180000a0180000a7
:10f39800ce180000fd1800002b19000059190000b4
:10f3a80088190000b7190000e6190000151a0000b6
:10f3b800441a0000741a0000a31a0000d31a0000af
:10f3c800031b0000331b0000631b0000941b00009c
:10f3d800c41b0000f51b0000261c0000571c000081
:10f3e800881c0000b91c0000eb1c00001c1d00005c
:10f3f8004e1d0000801d0000b21d0000e41d00002d
:10f40800161e0000491e00007b1e0000ae1e0000f4
:10f41800e11e0000141f0000471f00007b1f0000b2
:10f42800ae1f0000e21f0000162000004a20000066
:10f438007e200000b2200000e62000001b21000012
:10f448004f21000084210000b9210000ee210000b6
:10f4580023220000582200008e220000c322000050
:10f46800f92200002f230000652300009b230000e1
:10f47800d1230000072400003e240000742400006b
:10f48800ab240000e22400001925000050250000ec
:10f4980087250000be250000f62500002d26000067
:10f4a800652600009d260000d42600000c270000d9
:10f4b800452700007d270000b5270000ee27000043
:10f4c800262800005f28000098280000d1280000a6
:10f4d8000a290000432900007c290000b529000002
:10f4e800ef290000282a0000622a00009c2a000058
:10f4f800d62a00000f2b0000492b0000842b0000a7
:10f50800be2b0000f82b0000332c00006d2c0000ef
:10f51800a82c0000e22c00001d2d0000582d000032
:10f52800932d0000ce2d0000092e0000452e00006e
:10f53800802e0000bb2e0000f72e0000322f0000a6
:10f548006e2f0000aa2f0000e62f000021300000d7
:10f558005d30000099300000d63000001231000004
:10f568004e3100008a310000c7310000033200002c
:10f57800403200007c320000b9320000f632000050
:10f58800323300006f330000ac330000e933000071
:10f598002634000063340000a0340000de3400008c
:10f5a8001b3500005835000096350000d3350000a3
:10f5b800103600004e3600008c360000c9360000b8
:10f5c800073700004437000082370000c0370000ca
:10f5d800fe3700003c3800007a380000b8380000d8
:10f5e800f53800003339000072390000b0390000e6
:10f5f800ee3900002c3a00006a3a0000a83a0000f0
:10f60800e63a0000253b0000633b0000a13b0000f8
:10f61800e03b00001e3c00005c3c00009b3c0000fe
:10f62800d93c0000173d0000563d0000943d000005
:10f63800d33d0000113e0000503e00008e3e000009
:10f64800cd3e00000b3f00004a3f0000883f00000d
:10f65800c63f000005400000444000008240000012
:10f66800c0400000ff4000003d4100007c41000018
:10f67800ba410000f941000037420000764200001c
:10f68800b4420000f3420000314300006f43000021
:10f69800ae430000ec4300002a4400006944000027
:10f6a800a7440000e544000024450000624500002e
:10f6b800a0450000de4500001c4600005a46000038
:10f6c80098460000d7460000154700005247000042
:10f6d80090470000ce4700000c4800004a48000050
:10f6e80088480000c648000003490000414900005e
:10f6f8007e490000bc490000fa490000374a000072
:10f70800744a0000b24a0000ef4a00002c4b000087
:10f718006a4b0000a74b0000e44b0000214c00009e
:10f728005e4c00009b4c0000d84c0000144d0000bb
:10f73800514d00008e4d0000ca4d0000074e0000dc
:10f74800434e0000804e0000bc4e0000f84e000002
:10f75800344f0000714f0000ad4f0000e94f00002a
:10f7680024500000605000009c500000d850000059
:10f77800135100004f5100008a510000c55100008c
:10f78800015200003c52000077520000b2520000c3
:10f79800ed52000028530000625300009d53000002
:10f7a800d7530000125400004c5400008654000047
:10f7b800c1540000fb540000345500006e55000091
:10f7c800a8550000e25500001b56000055560000e1
:10f7d8008e560000c7560000005700003957000039
:10f7e80072570000ab570000e45700001c58000097
:10f7f800555800008d580000c5580000fe580000fc
:10f80800365900006d590000a5590000dd59000067
:10f81800145a00004c5a0000835a0000ba5a0000db
:10f82800f15a0000285b00005f5b0000965b000057
:10f83800cc5b0000035c0000395c00006f5c0000da
:10f84800a55c0000db5c0000115d0000475d000066
:10f858007c5d0000b25d0000e75d00001c5e0000fa
:10f86800515e0000865e0000bb5e0000ef5e000097
:10f87800245f0000585f00008c5f0000c05f00003c
:10f88800f45f0000286000005c6000008f600000ea
:10f89800c3600000f6600000296100005c610000a0
:10f8a8008f610000c1610000f46100002662000061
:10f8b800586200008a620000bc620000ee6200002c
:10f8c8001f6300005163000082630000b3630000ff
:10f8d800e4630000156400004664000076640000dc
:10f8e800a7640000d76400000765000037650000c2
:10f8f8006765000096650000c6650000f5650000b4
:10f90800246600005366000082660000b1660000ad
:10f91800df6600000d6700003c6700006a670000b2
:10f9280098670000c5670000f367000020680000c2
:10f938004d6800007a680000a7680000d4680000dd
:10f94800016900002d6900005969000085690000ff
:10f95800b1690000dd690000086a0000346a00002f
:10f968005f6a00008a6a0000b56a0000e06a000069
:10f978000a6b0000356b00005f6b0000896b0000ac
:10f98800b36b0000dd6b0000066c00002f6c0000fc
:10f99800596c0000826c0000ab6c0000d36c000056
:10f9a800fc6c0000246d00004c6d0000746d0000bc
:10f9b8009c6d0000c46d0000eb6d0000136e00002c
:10f9c8003a6e0000616e0000886e0000ae6e0000a6
:10f9d800d56e0000fb6e0000216f0000476f00002d
:10f9e8006d6f0000926f0000b86f0000dd6f0000bf
:10f9f80002700000277000004c700000707000005a
:10fa080095700000b9700000dd7000000171000001
:10fa180025710000487100006c7100008f710000b2
:10fa2800b2710000d5710000f77100001a72000071
:10fa38003c7200005e72000080720000a27200003a
:10fa4800c3720000e572000006730000277300000f
:10fa5800487300006973000089730000aa730000ee
:10fa6800ca730000ea7300000a7400002a740000d8
:10fa7800497400006874000088740000a7740000ce
:10fa8800c5740000e47400000375000021750000cf
:10fa98003f7500005d7500007b75000098750000db
:10faa800b6750000d3750000f07500000d760000f3
:10fab8002a76000047760000637600007f76000013
:10fac8009b760000b7760000d3760000ef76000042
:10fad8000a77000025770000407700005b77000078
:10fae8007677000090770000ab770000c5770000bc
:10faf800df770000f9770000137800002c78000009
:10fb0800457800005f780000787800009178000060
:10fb1800a9780000c2780000da780000f2780000c6
:10fb28000a790000227900003a7900005179000032
:10fb3800697900008079000097790000ae790000ab
:10fb4800c5790000db790000f2790000087a00002e
:10fb58001e7a0000347a0000497a00005f7a0000bb
:10fb6800747a00008a7a00009f7a0000b47a000054
:10fb7800c87a0000dd7a0000f17a0000067b0000f8
:10fb88001a7b00002e7b0000427b0000557b0000a2
:10fb9800697b00007c7b00008f7b0000a27b00005b
:10fba800b57b0000c87b0000da7b0000ed7b00001d
:10fbb800ff7b0000117c0000237c0000347c0000e7
:10fbc800467c0000577c0000697c00007a7c0000bd
:10fbd8008b7c00009c7c0000ac7c0000bd7c00009d
:10fbe800cd7c0000dd7c0000ed7c0000fd7c000089
:10fbf8000d7d00001d7d00002c7d00003b7d000078
:10fc08004b7d00005a7d0000687d0000777d000074
:10fc1800867d0000947d0000a27d0000b07d00007c
:10fc2800be7d0000cc7d0000da7d0000e77d00008d
:10fc3800f57d0000027e00000f7e00001c7e0000a3
:10fc4800297e0000357e0000427e00004e7e0000c6
:10fc58005a7e0000667e0000727e00007e7e0000f4
:10fc68008a7e0000957e0000a07e0000ac7e000029
:10fc7800b77e0000c27e0000cc7e0000d77e000068
:10fc8800e17e0000ec7e0000f67e0000007f0000b0
:10fc98000a7f0000147f00001d7f0000277f0000fe
:10fca800307f0000397f0000437f00004b7f000059
:10fcb800547f00005d7f0000667f00006e7f0000bb
:10fcc800767f00007e7f0000867f00008e7f000028
:10fcd800967f00009d7f0000a57f0000ac7f00009c
:10fce800b37f0000ba7f0000c17f0000c87f00001a
:10fcf800cf7f0000d57f0000dc7f0000e27f00009e
:10fd0800e87f0000ee7f0000f47f0000fa7f00002b
:020000040000fa
:020000040002f8
:10fd1800889fbe00200198003101980083032000cd
:10fd2800828141008009eb008001eb0086032000fe
:10fd3800020343000002be00830378008703e90042
:10fd4800030033008502d1000482d300fbff370093
:10fd58000408a30009003200160278006124b900e3
:10fd68006c044400e0844c000804440089844c007e
:10fd780088024100830a7800040be8008301e80048
:10fd8800f88f5100ebff3a00421890000000e9009c
:10fd9800cf80de006c004000e0804800000040009a
:10fda8008180480000004100100078001400200005
:10fdb800050020000403be00800078008100e900ef
:10fdc800030033000603430087834b00fbff370023
:10fdd8006601980077019800d20890000403be00dd
:10fde800810178008301e900030033000603430022
:10fdf80087834b00fbff3700060998001709980016
:10fe08004401980055019800a30320008281410015
:10fe180081095000c1032000828040008008eb0067
:10fe2800e1032000828040001100a00011002000a2
:10fe38000008dd00cf80de00200998003109980015
:10fe4800f0ff2f00010020000089be004f04be0013
:10fe5800000006006f02b000889fbe008a9fbe00a7
:10fe68008c9fbe008e1f780000057800b1b79f00f8
:10fe780082047800030478008405780095b79f0011
:10fe880000c8b30080df9f0080c0eb00e1cf9f0077
:10fe9800e78f540007003c00100020008900dd00b7
:10fea8008140e900e1cf9f008900e9008100dd0081
:10feb80081df9f00781890000008a30004003a0032
:10fec80028009000b80090000801780090ff070013
:10fed8001fb197000200e00004003200d81e900015
:10fee800bfb197008d86410001003700bfb697006b
:10fef8000b00e00004003200c003200008004000ae
:10ff08000008eb0002003700581a9000641c9800a3
:10ff18000000eb00800578000d00e000940034003c
:10ff2800b0af9f0080057800000378008003780058
:10ff3800800078006011b80092af9f00a3af9f00c7
:10ff4800e30320008301440083b79f006c02440050
:10ff5800f4af9f008fda97008582fb0085af9f0082
:10ff68006807440064014400e2af9f00cc0320000e
:10ff780008064600a303200083014400a3b79f009e
:10ff880070024400d4af9f008dbf9f00bfb297009e
:10ff9800818f5200180034008fb697009d067800b4
:10ffa8006281660007003200070145001282fb00eb
:10ffb8000482ea000fa9970002026200cfa2de00c5
:10ffc80005003700070145008fd9970012c261006c
:10ffd8000482fb008002eb00070145009241780093
:10ffe80003c941000603e800e00f5200e08f5a0001
:10fff8000d003a00110037001fb297000400e0001e
:020000040003f7
:100008000e003200180178009801900092af9f000e
:10001800a3af9f0013002000b3af9f000002eb00c6
:1000280094b79f00050037001801780098019000e8
:100038007faa9700341c710024947100180178007d
:10004800980190001e0278009e029000838662004c
:10005800fdb79f0082066200edb79f006fb2970060
:10006800ffb29700e00f5200e08f5a0005003200ff
:10007800efae97001d0278009d029000021c6a00f6
:1000880003946a001c017800afb19700930f5100e8
:100098001e0035008b8f5300030032000b01450012
:1000a8009241780003c94100dfae97001d02780035
:1000b8009d029000180178009801900085866100e3
:1000c800ddb79f0084066100cdb79f004fb1970050
:1000d800dfb19700e00f5100e08f590002003200b5
:1000e8000b0145001204a0000000e800890f500031
:1000f80007003a000b004500efc9970010c86100df
:100108008b05e8000000eb0001003700020ee80054
:10011800890f530002003a008703e8000003eb0050
:1001280018017800980190008301d1000281d30062
:10013800028cbe008100e8000fba9700848f50003f
:1001480092ff3a0084067800bfaa97000500e000f5
:10015800070032001fa99700afa99700028cbe00c4
:10016800c803b000bfb19700988041000d8c5000c3
:1001780089d9b900000041004f0778004f06be003a
:100188004f05be004f04be006f02b100000006001c
:100198004f02b000889fbe008a9fbe008c9fbe00a1
:1001a8008e1f780080047800b1b79f0002057800a0
:1001b800030478008405780095b79f00ef0f550079
:1001c80008003c00100020008a00dd008100e900e2
:1001d80081af9f008a00e9008100dd0081b79f00a0
:1001e800040037000000280080b79f008080eb00e3
:1001f80081af9f00781890000008a30004003a001f
:1002080028009000b800900008017800c0fe0700a0
:100218001fb197000200e00004003200d81e9000d1
:10022800bfb197008d86410001003700bfb6970027
:100238000b00e00004003200c0032000080040006a
:100248000008eb0002003700581a9000641c980060
:100258008005eb000b0078000d00e0009c003400e6
:10026800bbaf9f000b0378008b0378008b007800ee
:100278006011b80092af9f00a3af9f00e303200076
:1002880083014400f3af9f006c024400e4af9f0079
:1002980068074400e4024400d5af9f00cc03200067
:1002a80008064600a203200002014400a2b79f00ee
:1002b800f0014400c3af9f008dbf9f003fb297007d
:1002c800810f520019003400ffaa970095027800a8
:1002d80062816200070032000701d0000901410075
:1002e8001282ea008fb697000d0262008002eb00ce
:1002f800050037000701d000090141008fb19700c0
:10030800128261008002eb000701d0000901410060
:1003180092017800038941000603e800e00f5200cb
:10032800e08f5a000d003a00110037001fb2970005
:100338000400e0000e0032001801780098019000d7
:1003480092af9f00a3af9f0013002000b3af9f00a0
:100358000002eb0094b79f000500370018017800f1
:10036800980190006faa9700341c710024947100c2
:1003780018017800980190001e0278009e029000f3
:1003880083866200fdb79f0082066200edb79f007a
:100398006fb29700ffb29700e00f5200e08f5a004b
:1003a80005003200dfae97001d0278009d02900024
:1003b800021c6a0003946a001c017800afb1970020
:1003c800930f5100210035008b8f53000400320039
:1003d8000b01d00009014100920178000389410016
:1003e800cfae97001d0278009d029000180178009a
:1003f8009801900085866100ddb79f008406610042
:10040800cdb79f004fb19700dfb19700e00f5100c3
:10041800e08f5900030032000b01d00009014100b0
:100428001200a0000000e8008a0f500008003a00ff
:100438000b00d000090040008fa9970010886100c8
:100448008b05e8000000eb0001003700020ee80011
:100458008a0f530002003a008703e8000003eb000c
:1004680018017800980190008301d1000281d3001f
:10047800028cbe008100e8000fba9700848f5000fc
:100488008eff3a0084067800bfaa97000500e000b6
:10049800070032001fa99700afa99700028cbe0081
:1004a800c803b000bfb19700988041000d8c500080
:1004b8000000e000060034008b00d0008984400072
:1004c800f0001000190178008110dd00810c78001f
:1004d8008addb900000045004f0778004f06be00ce
:1004e8004f05be004f04be004f02b10000000600d9
:1004f800e8874700889fbe008a9fbe008c9fbe0089
:100508008e1f7800000578008104780002047800c6
:10051800781890000008a30004003a002800900012
:10052800b800900008017800f9fd07000900e00014
:100538003a0034008001eb00830078000301780062
:1005480064004400e0b79f00ee032000080747005e
:10055800e8054400030045001042780004484200c2
:100568000404e00005003d0018027800980290009d
:100578006fb39700361c6a0026946a009e037800c1
:10058800628263000d003200180278009802900021
:100598000482ea008582ea001b03900005036300d9
:1005a80086bf9f009b03780084836300f7b79f0092
:1005b8007fb297008fba9700070037001b037800b7
:1005c8009b039000180278009802900087866200ca
:1005d800060662000c02be00e00f5200e08f5a00cf
:1005e800010032001004a0008100e800e88f5000ec
:1005f80002003a008301e8008000eb00180278004e
:10060800980290008502d1000482d300048cbe00b9
:100618000201e800890f5100ceff3a004f07780029
:100628004f06be004f05be004f04be008f00b1004c
:1006380000000600ee874700889fbe008a9fbe0024
:100648008c9fbe008e1f7800800578000105780019
:100658008204780003047800ef8f540007003c0000
:10066800100020008900dd008100e900b1b79f007b
:100678000906e9000c06dd00030037000c0028001d
:100688000080eb00b0b79f00781890000008a30026
:1006980004003a0028009000b80090000801780093
:1006a8009bfd07000a00e000400034008001eb00d9
:1006b800830078000301780064024400c4b79f00f7
:1006c800ee03200008074700e80644000300d000b6
:1006d8000b00400010027800040842000c0262007f
:1006e8000500320018027800980290004fb3970076
:1006f800361c6a0026946a009e03780062826300b2
:100708000d00320018027800980290000482ea0076
:100718008582ea001d0390000503630086bf9f00e1
:100728009d03780084836300f7b79f007fb297002a
:100738008fba97000a0037001802780098029000d4
:100748001d03900006836200e6b79f009d037800b2
:1007580087036200d7b79f005fb29700efb2970098
:10076800e00f5200e08f5a00010032001000a00094
:100778008100e800898f500004003a00bfb097005c
:10078800108860008301e8008000eb001802780000
:10079800980290008502d1000482d300048cbe0028
:1007a8000201e8008a0f5100c8ff3a004f0778009d
:1007b8004f06be004f05be004f04be00ef00b1005b
:1007c80000000600889fbe008a9fbe008c9fbe0066
:1007d8000100e0001a00340060059000f005900068
:1007e80040069000d0069000800478003902780016
:1007f800b90278000003eb000c0478008d03780040
:100808000402750085827500858163000401640017
:10081800e00f5100e08f59000300320039066a00ea
:10082800a9866a000c02be008502d1000482d300aa
:100838000603e800810f5300f1ff3a000488be0068
:100848004f06be004f05be004f04be000000060064
:10085800c142200081004000110178000200a1007f
:100868000210a0000080e8000008eb00a0fe2f00a6
:100878008008610000000600c1422000810040009d
:1008880091007800e880600005003200c142200035
:10089800810040001130a1008080e8008008eb0052
:1008a800c14220008100400091007800e48060008f
:1008b800060032008080e8008008eb00c14220007a
:1008c80081004000b2fe2f0091086100900078007e
:1008d8000100e00090003500c24220000201400003
:1008e800120178006201610014003200020c20003d
:1008f800828f500006003a008080e8008008eb00f4
:10090800c1422000010040001040a10082003700d1
:10091800a242200002014000c489de006fc96100c4
:10092800b2422000020140006fc96000c1422000ad
:10093800010040001010a10077003700c2422000db
:100948000201400012417800614161002b00320031
:10095800c2422000020140001200a100c20d200086
:10096800828f500014003200d20d2000828f500078
:1009780069003a0080007800510178008201400047
:10098800b4cdb300c44198000201e80082087800a1
:10099800f1402000810f51005f0034008080e800a2
:1009a8008008eb00c1422000010040009000780060
:1009b8007288700058003700800078005101780074
:1009c8008201400004ccb300c44198000201e80051
:1009d80082087800f1402000810f51004e00340059
:1009e8008080e8008008eb00c14220000100400040
:1009f800900078007288700047003700020c2000d1
:100a0800828f500007003200b20d2000828f500004
:100a180031003a00c1422000010040001000a0004f
:100a28003d003700c14220008100400011017800dc
:100a38000200a1000210a00082087800b142200044
:100a480081004000914078000104e0000c00320071
:100a5800eacf50000a003200eccf50000800320004
:100a6800e9cf50000600320090009000e18f50005e
:100a780003003400c1422000810040001140a00062
:100a8800900090000100e00003003a00c1422000fd
:100a9800810040001140a000c142200081004000b8
:100aa80091007800f0806000070032008080e80044
:100ab8008008eb00c142200001004000b1fe2f0079
:100ac8001088600014003700c14220000100400077
:100ad8001020a0001000370000017800d201780033
:100ae80003024000414298008300e80001097800b1
:100af800f2402000828f5000070034008080e80018
:100b08008008eb00c14220000100400090007800fe
:100b18000100a1007288700000000600889fbe00d6
:100b28008a9fbe008c9fbe008e1f780080047800cc
:100b380001047800020678008305780001ccb30030
:100b4800090078003c74020001000000c440dd0088
:100b5800090078003c740200010000000045eb0029
:100b68000b00e000240034000004eb000d0c200012
:100b7800be0d20000800d0000c00400010007800d6
:100b88008040780000456d008d0f50000b0032004a
:100b98008e0f500012003a00b1cdb3000900780062
:100ba8003c74020001000000d1cdb30009007800b8
:100bb8003c740200010000000c003700b1cdb30006
:100bc800090078003c74020001000000c1cdb300a8
:100bd800090078003c74020001000000030037009f
:100be800090078003c740200010000000804e800d5
:100bf800888f5500dfff3c00491090000038a300a3
:100c0800040032008a407800090078003c74020031
:100c18000100000001ccb300090078003c74020018
:100c2800010000004f0778004f06be004f05be00c8
:100c38004f04be0000000600889fbe008a9fbe00c9
:100c48008c9fbe008e1f7800000578000104780094
:100c5800020778008306780001ccb3000a00780008
:100c68003c74020001000000c440dd000a00780066
:100c78003c740200010000000d00e0003d0034005b
:100c88000004eb000cccb300bbcdb3008804d0004b
:100c98008e84440099007800c808de008ccf50008c
:100ca8000b0032008bcf500012003a008b407800c6
:100cb8000a0078003c74020001000000d1cdb300a6
:100cc8000a0078003c740200010000000c003700a4
:100cd8008b4078000a0078003c7402000100000094
:100ce800c1cdb3000a0078003c7402000100000086
:100cf800030037000a0078003c740200010000007d
:100d0800994078008ccf50000b0032008bcf5000f8
:100d180012003a008b4078000a0078003c74020008
:100d280001000000d1cdb3000a0078003c74020035
:100d3800010000000c0037008b4078000a007800a2
:100d48003c74020001000000c1cdb3000a00780025
:100d58003c74020001000000030037000a0078001c
:100d68003c740200010000000804e800888f560067
:100d7800c6ff3c0001ccb3000a0078003c740200b6
:100d8800010000004f0778004f06be004f05be0067
:100d98004f04be00000006000400fa00889fbe0051
:100da8008a9fbe008c1f7800800478000145780077
:100db80002447800030678008405780001ccb3006b
:100dc800090078003c740200010000006f446400d0
:100dd800c450dd0088c07000090078003c7402002f
:100de800010000000045eb000b00e0002600340085
:100df8000004eb006160b80090bf9f00a1bf9f0096
:100e08000cccb3009fb897000100440090407800d4
:100e180001456d008ccf50000c003200b0cdb300fe
:100e280080cf500012003a00804078000900780016
:100e38003c74020001000000d1cdb3000900780025
:100e48003c740200010000000c003700b1cdb30073
:100e5800090078003c74020001000000c1cdb30015
:100e6800090078003c74020001000000030037000c
:100e7800090078003c740200010000000804e80042
:100e8800888f5500dfff3c00491090000038a30010
:100e9800040032008a407800090078003c7402009f
:100ea8000100000001ccb300090078003c74020086
:100eb800010000004f0678004f05be004f04be0039
:100ec8000080fa0000000600e6874700889fbe0001
:100ed8008a9fbe008c9fbe008e1f78000005be0052
:100ee8008206780000042000808f5600010034003c
:100ef800800678000d00e000440034000006eb0096
:100f08008c0478006158b800f0b79f0081bf9f003b
:100f1800090778006f8064001f003a0021fb2b004e
:100f28000a007800bc710200010000008c8f540098
:100f38000d0034000c0478000880450090407800cb
:100f48000a00780092740200010000000804e8001a
:100f5800890f5400f8ff35000c00e8000c86ea0001
:100f68000c0647000c06400051fb2b000a007800d5
:100f7800bc710200010000008e0078000a007800b1
:100f8800de7002000100000081fb2b000a007800df
:100f9800bc71020001000000ffb09700018044000e
:100fa800904078000a0078004c71020001000000af
:100fb800b1fb2b000a007800bc71020001000000a0
:100fc8008904e800898f5600d1ff3c006f806600d5
:100fd8000e00320021fb2b000a007800bc710200d1
:100fe800010000008c8f5600080034000c8045007a
:100ff800904078000a007800927402000100000016
:101008000c06e8008c8f5600f8ff3c004f0778006c
:101018004f06be004f05be004f04be006f00b10072
:1010280000000600889fbe008a9fbe008c9fbe00fd
:101038008e1f78000005be00820678000d00e000d3
:10104800430034000006eb008c04780009077800a0
:101058006f80640020003a0021fb2b000a00780012
:10106800bc710200010000008c8f54000e00340097
:101078000c0478000800d0000b00400090007800b5
:101088000a00780092740200010000000804e800d9
:10109800890f5400f7ff35000c00e8000c86ea00c1
:1010a8000c0647000c06400051fb2b000a00780094
:1010b800bc710200010000008e0078000a00780070
:1010c800de7002000100000081fb2b000a0078009e
:1010d800bc710200010000000900d0000b004000b4
:1010e800900078000a0078004c71020001000000ae
:1010f800b1fb2b000a007800bc710200010000005f
:101108008904e800898f5600d0ff3c006f80660094
:101118000f00320021fb2b000a007800bc7102008e
:10112800010000008c8f5600090034000c00d0002c
:101138000b004000900078000a00780092740200ca
:10114800010000000c06e8008c8f5600f7ff3c00f9
:101158004f0778004f06be004f05be004f04be0083
:1011680000000600889fbe008a9fbe008c9fbe00bc
:101178008e1f7800800478000106780082057800c8
:101188000b00e0001e0034000004eb005dfb2b00a8
:101198008efb2b00670064000c003a008d0078007d
:1011a80009007800bc710200010000008800780086
:1011b80009007800de700200010000008e0078004f
:1011c80009007800bc710200010000000800d0008e
:1011d8000c0040009000780009007800de700200e2
:1011e80001000000b1fb2b0009007800bc7102006f
:1011f800010000000804e800888f5500e5ff3c0066
:101208004f0778004f06be004f05be004f04be00d2
:1012180000000600889fbe008a9fbe008c9fbe000b
:101228008e1f780000057800010478000207780016
:101238008306780001ccb3000a0078003c740200f1
:1012480001000000c440dd000a0078003c74020080
:10125800010000000d00e0003d0034000004eb0038
:101268000b0c2000bc0d20008804d0008e844400a4
:1012780099007800c808de008b8f50000b00320000
:101288008c8f500012003a00b1cdb3000a007800ec
:101298003c74020001000000d1cdb3000a007800c0
:1012a8003c740200010000000c003700b1cdb3000f
:1012b8000a0078003c74020001000000c1cdb300b0
:1012c8000a0078003c7402000100000003003700a7
:1012d8000a0078003c740200010000009980fb00bd
:1012e8008b8f50000b0032008c8f500012003a0098
:1012f800b1cdb3000a0078003c7402000100000080
:10130800d1cdb3000a0078003c740200010000004f
:101318000c003700b1cdb3000a0078003c7402001d
:1013280001000000c1cdb3000a0078003c7402003f
:1013380001000000030037000a0078003c74020036
:10134800010000000804e800888f5600c6ff3c0032
:1013580001ccb3000a0078003c74020001000000d0
:101368004f0778004f06be004f05be004f04be0071
:04137800000006006b
:020000040000fa
:020000040003f7
:10137c00000000004c00000099000000e500000097
:10138c00310100007d010000c901000016020000bf
:10139c0062020000ae020000fa02000047030000e7
:1013ac0093030000df0300002b040000780400000e
:1013bc00c4040000100500005c050000a805000036
:1013cc00f4050000410600008d060000d90600005f
:1013dc002507000071070000bd0700000908000088
:1013ec0056080000a2080000ee0800003a090000b0
:1013fc0086090000d20900001e0a00006a0a0000db
:10140c00b60a0000020b00004e0b00009a0b000005
:10141c00e60b0000320c00007d0c0000c90c000033
:10142c00150d0000610d0000ad0d0000f90d000060
:10143c00450e0000900e0000dc0e0000280f00008e
:10144c00730f0000bf0f00000b10000056100000bf
:10145c00a2100000ee1000003911000085110000f0
:10146c00d01100001c12000067120000b312000023
:10147c00fe1200004a13000095130000e013000058
:10148c002c14000077140000c21400000d1500008d
:10149c0059150000a4150000ef1500003a160000c5
:1014ac0085160000d01600001b1700006617000000
:1014bc00b1170000fc17000047180000921800003c
:1014cc00dc1800002719000072190000bd1900007b
:1014dc00071a0000521a00009d1a0000e71a0000bb
:1014ec00321b00007c1b0000c71b0000111c0000fd
:1014fc005b1c0000a61c0000f01c00003a1d000044
:10150c00851d0000cf1d0000191e0000631e000089
:10151c00ad1e0000f71e0000411f00008b1f0000d5
:10152c00d51f00001f20000068200000b220000022
:10153c00fc200000462100008f210000d921000072
:10154c00222200006c220000b5220000fe220000c6
:10155c004823000091230000da230000232400001c
:10156c006d240000b6240000ff2400004825000074
:10157c0091250000d9250000222600006b260000d2
:10158c00b4260000fc260000452700008e27000032
:10159c00d62700001e28000067280000af28000096
:1015ac00f72800004029000088290000d0290000fd
:1015bc00182a0000602a0000a82a0000f02a000067
:1015cc00382b00007f2b0000c72b00000f2c0000d5
:1015dc00562c00009e2c0000e52c00002c2d000049
:1015ec00742d0000bb2d0000022e0000492e0000bf
:1015fc00902e0000d72e00001e2f0000652f00003b
:10160c00ac2f0000f32f00003930000080300000b8
:10161c00c73000000d310000533100009a3100003a
:10162c00e0310000263200006c320000b2320000c3
:10163c00f83200003e33000084330000ca3300004f
:10164c0010340000553400009b340000e0340000de
:10165c00263500006b350000b0350000f535000074
:10166c003a36000080360000c4360000093700000e
:10167c004e37000093370000d83700001c380000ac
:10168c0061380000a5380000e93800002e39000050
:10169c0072390000b6390000fa3900003e3a0000f9
:1016ac00823a0000c63a0000093b00004d3b0000a6
:1016bc00903b0000d43b0000173c00005a3c00005b
:1016cc009e3c0000e13c0000243d0000673d000012
:1016dc00aa3d0000ec3d00002f3e0000723e0000d1
:1016ec00b43e0000f73e0000393f00007b3f000095
:1016fc00bd3f0000ff3f0000414000008340000060
:10170c00c540000007410000494100008a4100002b
:10171c00cc4100000d4200004e4200008f42000000
:10172c00d0420000114300005243000093430000dc
:10173c00d4430000144400005544000095440000bc
:10174c00d6440000164500005645000096450000a2
:10175c00d64500001646000056460000954600008f
:10176c00d546000014470000544700009347000082
:10177c00d247000011480000504800008f4800007c
:10178c00ce4800000d4900004b4900008a4900007a
:10179c00c8490000064a0000444a0000824a000082
:1017ac00c04a0000fe4a00003c4b00007a4b00008f
:1017bc00b74b0000f54b0000324c00006f4c0000a2
:1017cc00ac4c0000e94c0000264d0000634d0000bd
:1017dc00a04d0000dc4d0000194e0000554e0000dd
:1017ec00914e0000cd4e0000094f0000454f000007
:1017fc00814f0000bd4f0000f84f00003450000036
:10180c006f500000ab500000e6500000215100006a
:10181c005c51000096510000d15100000c520000a8
:10182c004652000081520000bb520000f5520000ed
:10183c002f53000069530000a3530000dc53000039
:10184c00165400004f54000089540000c25400008c
:10185c00fb540000345500006d550000a5550000e8
:10186c00de550000165600004f560000875600004b
:10187c00bf560000f75600002f57000067570000b6
:10188c009f570000d65700000d5800004558000027
:10189c007c580000b3580000ea58000021590000a1
:1018ac00575900008e590000c4590000fb59000024
:1018bc00315a0000675a00009d5a0000d35a0000ac
:1018cc00085b00003e5b0000735b0000a85b00003f
:1018dc00de5b0000135c0000485c00007c5c0000d8
:1018ec00b15c0000e55c00001a5d00004e5d00007c
:1018fc00825d0000b65d0000ea5d00001e5e000027
:10190c00515e0000855e0000b85e0000ec5e0000d9
:10191c001f5f0000525f0000845f0000b75f000093
:10192c00ea5f00001c6000004e6000008160000057
:10193c00b3600000e4600000166100004861000024
:10194c0079610000ab610000dc6100000d620000f9
:10195c003e6200006f6200009f620000d0620000d7
:10196c0000630000316300006163000091630000bc
:10197c00c1630000f0630000206400004f640000ad
:10198c007f640000ae640000dd6400000c650000a4
:10199c003a6500006965000097650000c6650000a7
:1019ac00f465000022660000506600007e660000b0
:1019bc00ab660000d96600000667000033670000c4
:1019cc00606700008d670000ba670000e6670000e2
:1019dc00136800003f6800006b6800009768000007
:1019ec00c3680000ef6800001b6900004669000036
:1019fc00716900009c690000c8690000f269000070
:101a0c001d6a0000486a0000726a00009c6a0000af
:101a1c00c66a0000f06a00001a6b0000446b0000fc
:101a2c006d6b0000976b0000c06b0000e96b000051
:101a3c00126c00003b6c0000646c00008c6c0000ad
:101a4c00b46c0000dd6c0000056d00002c6d000016
:101a5c00546d00007c6d0000a36d0000ca6d000089
:101a6c00f26d0000196e00003f6e0000666e000003
:101a7c008c6e0000b36e0000d96e0000ff6e00008b
:101a8c00256f00004b6f0000706f0000966f000018
:101a9c00bb6f0000e06f0000057000002a700000b2
:101aac004f7000007370000097700000bc70000055
:101abc00e070000004710000277100004b71000001
:101acc006e71000091710000b5710000d8710000ba
:101adc00fa7100001d7200003f720000627200007b
:101aec0084720000a6720000c8720000e972000047
:101afc000b7300002c7300004d7300006e7300001c
:101b0c008f730000b0730000d0730000f1730000fd
:101b1c0011740000317400005174000071740000e5
:101b2c0090740000b0740000cf740000ee740000dc
:101b3c000d7500002c7500004a75000069750000d9
:101b4c0087750000a5750000c3750000e1750000e5
:101b5c00ff7500001c7600003976000057760000f7
:101b6c007476000090760000ad760000ca76000016
:101b7c00e6760000027700001e7700003a7700003e
:101b8c0055770000717700008c770000a777000074
:101b9c00c2770000dd770000f877000012780000b3
:101bac002d78000047780000617800007b780000f9
:101bbc0094780000ae780000c7780000e078000050
:101bcc00f9780000127900002b79000043790000ad
:101bdc005c790000747900008c790000a479000015
:101bec00bb790000d3790000ea790000017a00008b
:101bfc00187a00002f7a0000467a00005c7a000008
:101c0c00727a0000887a00009e7a0000b47a000094
:101c1c00ca7a0000df7a0000f57a00000a7b000027
:101c2c001f7b0000337b0000487b00005c7b0000c6
:101c3c00717b0000857b0000997b0000ac7b000071
:101c4c00c07b0000d37b0000e77b0000fa7b000028
:101c5c000c7c00001f7c0000327c0000447c0000e7
:101c6c00567c0000687c00007a7c00008c7c0000b4
:101c7c009d7c0000af7c0000c07c0000d17c00008b
:101c8c00e27c0000f27c0000037d0000137d00006c
:101c9c00237d0000337d0000437d0000527d000059
:101cac00627d0000717d0000807d00008f7d000052
:101cbc009e7d0000ac7d0000bb7d0000c97d000056
:101ccc00d77d0000e57d0000f27d0000007e000065
:101cdc000d7e00001a7e0000277e0000347e00007e
:101cec00417e00004d7e0000597e0000667e0000a3
:101cfc00727e00007d7e0000897e0000947e0000d4
:101d0c009f7e0000ab7e0000b57e0000c07e000010
:101d1c00cb7e0000d57e0000df7e0000e97e000057
:101d2c00f37e0000fd7e0000067f00000f7f0000a8
:101d3c00197f0000217f00002a7f0000337f000004
:101d4c003b7f0000437f00004b7f0000537f00006f
:101d5c005b7f0000637f00006a7f0000717f0000e2
:101d6c00787f00007f7f0000867f00008c7f000062
:101d7c00927f0000987f00009e7f0000a47f0000ef
:101d8c00aa7f0000af7f0000b47f0000b97f000085
:101d9c00be7f0000c37f0000c87f0000cc7f000026
:101dac00d07f0000d47f0000d87f0000dc7f0000d3
:101dbc00df7f0000e27f0000e57f0000e87f00008d
:101dcc00eb7f0000ee7f0000f07f0000f27f000050
:101ddc00f47f0000f67f0000f87f0000f97f000020
:101dec00fb7f0000fc7f0000fd7f0000fe7f0000f9
:101dfc00fe7f0000ff7f0000ff7f0000ff7f0000e0
:020000040000fa
:020000040003f7
:101e0c008002780005027800011a7800020a780036
:101e1c00a3029800f81ab900840f510007003d0086
:101e2c00110009000301d80000017800b2029800eb
:101e3c000200e00003003c000d003700810120008f
:101e4c00b1029800350190008000eb006c834200d9
:101e5c008003eb000082eb008101d0008681410001
:101e6c00840978008100e800810f5100faff3c00e2
:101e7c00c2029800f1ff2700d10298000000060072
:101e8c008002780005027800011a7800020a7800b6
:101e9c00a3029800f81ab900840f510007003d0006
:101eac00110009000301d80000017800b20298006b
:101ebc000200e00003003c000d003700810120000f
:101ecc00b1029800350190008000eb006c83420059
:101edc008003eb000082eb008101d0008681410081
:101eec00840978008100e800810f5100faff3c0062
:101efc00c2029800f1ff2700d102980000000600f2
:101f0c008002780005027800011a7800020a780035
:101f1c00a3029800f81ab900840f510007003d0085
:101f2c00110009000301d80000017800b2029800ea
:101f3c000200e00003003c000d003700810120008e
:101f4c00b1029800350190008000eb006c834200d8
:101f5c008003eb000082eb008101d0008681410000
:101f6c00840978008100e800810f5100faff3c00e1
:101f7c00c2029800f1ff2700d10298000000060071
:101f8c008000eb00022120000001410001097800d3
:101f9c00222120000001410001097800422120008b
:101fac00000141000109780062212000000141007c
:101fbc00010978008021b0000108780000000600bb
:101fcc008000eb00021220000001410001097800a2
:101fdc002212200000014100010978004212200069
:101fec0000014100010978006012b000010878007e
:101ffc00000006008000eb000212200000014100ee
:10200c00010978002212200000014100010978002a
:10201c004212200000014100010978006012b0005a
:10202c000108780000000600640140000089eb0004
:10203c000001eb00e601400082097800f20140004b
:10204c00130278000410a100e8024000820a780014
:10205c008082e800820a7800c2ff2f0082096200a9
:10206c00310290000400e000210034006101900076
:10207c00e10f41000a0032000001eb006c834000cc
:10208c008003eb00170037008201d00086814100ed
:10209c008082eb00938f120012003a00010037008f
:1020ac000001eb00a10190000382410082a2b90063
:1020bc00110242000408780023009800cf91de0042
:1020cc0066014100e0814900020141008381490021
:1020dc000281400004097800688140001209e9007f
:1020ec00030037000201e800820f5200e6ff3c00bb
:1020fc002108980041019000d1019000830f5100fc
:10210c0001003d00d2009800000006006401400070
:10211c000089eb000001eb00e60140008209780029
:10212c00e8014000820978008081e800820978008b
:10213c00310290000400e0002100340061019000a5
:10214c00e10f41000a0032000001eb006c834000fb
:10215c008003eb00170037008201d000868141001c
:10216c008082eb00938f120012003a0001003700be
:10217c000001eb00a10190000382410082a2b90092
:10218c00110242000408780023009800cf91de0071
:10219c0066014100e0814900020141008381490050
:1021ac000281400004097800688140001209e900ae
:1021bc00030037000201e800820f5200e6ff3c00ea
:1021cc005100980041019000d1019000830f510003
:1021dc0001003d00d20098000000060064014000a0
:1021ec000089eb000001eb00e60140008209780059
:1021fc00e8014000820978008081e80082097800bb
:10220c00310290000400e0002000340061019000d5
:10221c00e10f41000a0032000001eb006c8340002a
:10222c008003eb00160037008201d000868141004c
:10223c008082eb00938f120011003a0001003700ee
:10224c000001eb00210290008493b900910143003e
:10225c0003087800240098006112b900660242005d
:10226c00e0824a000402420085824a000481400058
:10227c0003097800688140001209e9000300370067
:10228c000201e800820f5200e7ff3c005100980069
:10229c0041019000d1019000830f510001003d00dd
:1022ac00d200980000000600881f7800b001900052
:1022bc000300e000130034000001eb006c0340004d
:1022cc008003eb000084eb00680040006112b90051
:1022dc000402420085824a000402430085824b00be
:1022ec00948f100004003a000100e000020032005c
:1022fc00080a78001008e8000201e800830f51007a
:10230c00f2ff35004f04780000000600881f7800ab
:10231c00b00190000300e000130034000001eb005a
:10232c006c0340008003eb000084eb00680040006d
:10233c006112b9000402420085824a000402430083
:10234c0085824b00948f100004003a000100e000dd
:10235c0002003200080a78001008e8000201e800c8
:10236c00830f5100f2ff35004f0478000000060087
:10237c00881f7800b00190000300e00013003400c7
:10238c000001eb006c0340008003eb000084eb00c9
:10239c00680040006112b9000402420085824a00c4
:1023ac000402430085824b00948f100004003a0015
:1023bc000100e00002003200080a78001008e80072
:1023cc000201e800830f5100f2ff35004f04780042
:1023dc00000006000000fa00a0089200f78f5000e1
:1023ec001a003c008100e80021089a003009920094
:1023fc00828f50000100340031089a000421200023
:10240c0000024200940078006109b9007611b8000e
:10241c0002014000fc8157000a00090033197800c2
:10242c006201b1008100e800010a7800f88f5000c9
:10243c0003003a0001212000808040008008eb005e
:10244c008021b000dfb09700108840000080fa00b7
:10245c0000000600ee8747008e1f78006e8757003d
:10246c00011f7800020f7800b3bf9f00c4bf9f000c
:10247c00d5bf9f00e6bf9f00a0109100f78f5000c2
:10248c0022003c008100e8002110990030119100dd
:10249c00828f50000100340031109900041220008a
:1024ac0000024200940278006129b9006c11b80056
:1024bc00020140006e8757003e037800be0378008f
:1024cc000689be00820078004100b000be1878007a
:1024dc00be1078001e0178009e019000a2009800aa
:1024ec00b30098008500e800010a7800f88f5000ce
:1024fc0003003a0001122000808040008008eb00ad
:10250c008012b000cfb89700108840004f077800b9
:10251c00ef00b10000000600ee8747008e1f780028
:10252c006e875700011f7800020f7800b3bf9f0021
:10253c00c4bf9f00d5bf9f00e6bf9f00a0109100b5
:10254c00f78f500022003c008100e8002110990018
:10255c0030119100828f500001003400311099002d
:10256c000412200000024200940278006129b90094
:10257c006c11b800020140006e8757003e037800d2
:10258c00be0378000689be00820078004100b000ce
:10259c00be187800be1078001e0178009e019000d5
:1025ac00a2009800b30098008500e800010a7800aa
:1025bc00f88f500003003a00011220008080400088
:1025cc008008eb008012b000cfb897001088400054
:1025dc004f077800ef00b10000000600889fbe0096
:1025ec00640140000089eb00a212200001014100af
:1025fc001200a000211291000400e0002100340020
:10260c002512200081824200150378006131b90047
:10261c006c11b8000281400032047800b2047800da
:10262c000888be00800178004300b000b219780021
:10263c00b21178001204780092049000a80198005e
:10264c00b90198000601e800820a7800f80f5100e1
:10265c0003003a0022122000010141000009eb00a6
:10266c0042122000010141000409e900a2122000dd
:10267c00010141001200a1008112b0003001900054
:10268c00910811004f04be0000000600881f78005e
:10269c00640140000089eb00a221200001014100ef
:1026ac001200a000210a92000400e0001a0034007d
:1026bc002521200081824200150378006131b90088
:1026cc007611b800028140000a0009003218780027
:1026dc006001b1006201b1000601e800820a7800d5
:1026ec00f80f510003003a002221200001014100a3
:1026fc000009eb0042212000010141000409e9001e
:10270c00a2212000010141001200a1008121b00092
:10271c0030019000910811004f0478000000060071
:10272c00889fbe00640140000089eb00a2122000cb
:10273c00010141001200a000211291000400e000f0
:10274c0021003400251220008182420015037800fc
:10275c006131b9006c11b80002814000320478007c
:10276c00b20478000888be00800178004300b000f5
:10277c00b2197800b211780012047800920490001b
:10278c00a8019800b90198000601e800820a7800b7
:10279c00f80f510003003a00221220000101410001
:1027ac000009eb0042122000010141000409e9007c
:1027bc00a2122000010141001200a1008112b00000
:1027cc0030019000910811004f04be00000006007b
:1027dc006203200000014100920278000580a100f4
:1027ec00f10320004110980043062000531098007c
:1027fc00a100200071109800e1c4b300414898007a
:10280c0091c3b3005148980061c3b300614898006c
:10281c0001c3b300714898000150980011c4b30073
:10282c001150980041c0b300215098008000eb007b
:10283c007e024000010a7800a423200004109800b6
:10284c00f4ef24000482620004e0a0000409780084
:10285c008203200000014100120278000400a10054
:10286c002503200015109800451f200025189800fe
:10287c00131898000303200080814100810978001f
:10288c004002b0000108780060ff2f0000096200d0
:10289c0000000600f00890000128a300040032009c
:1028ac00620320000001410012a0a00003003700c9
:1028bc00620320000001410012a0a1000138a30016
:1028cc0004003200620320000001410012b0a0009d
:1028dc0003003700620320000001410012b0a10088
:1028ec000188a30004003200820320000001410093
:1028fc001210a000030037008203200000014100e9
:10290c001210a100820320000001410033ff2f00b0
:10291c001289610001017800320fb200cf91de0004
:10292c00210f2000810f5100e08f59000f023e0053
:10293c00020601003201370022013700ff00370088
:10294c00ef00370009023700080237000702370092
:10295c000602370005023700040237000302370075
:10296c00020237000102370000023700ff01370076
:10297c00fe013700fd0137005a013700fb0137001b
:10298c00fa013700f9013700f8013700f701370079
:10299c00f6013700f5013700f4013700f301370079
:1029ac00f2013700f1013700f0013700ef01370079
:1029bc00ee013700ed013700ec01370080013700e4
:1029cc007f013700e9013700e8013700e7013700e4
:1029dc00e6013700e5013700e4013700e301370079
:1029ec00e2013700e1013700e0013700df01370079
:1029fc00de0137006201370049013700db01370087
:102a0c00da013700d9013700d8013700d701370078
:102a1c00d6013700d5013700d4013700d301370078
:102a2c00d2013700d1013700d0013700cf01370078
:102a3c00ce0137000701370018013700cb013700f2
:102a4c00ca013700c9013700c8013700c701370078
:102a5c00c6013700c5013700c4013700c301370078
:102a6c00c2013700c1013700c0013700bf01370078
:102a7c00be013700bd013700bc013700bb01370078
:102a8c00ba013700b9013700b8013700b701370078
:102a9c00b6013700b5013700b4013700b301370078
:102aac00b2013700b1013700b0013700af01370078
:102abc00ae013700ad013700ac013700ab01370078
:102acc00aa013700a9013700a8013700a701370078
:102adc00a6013700a5013700a4013700a301370078
:102aec00a2013700a1013700a00137009f01370078
:102afc009e0137009d0137009c0137009b01370078
:102b0c009a01370099013700980137009701370077
:102b1c009601370095013700940137009301370077
:102b2c009201370091013700900137008f01370077
:102b3c008e0137005601370065013700440137001c
:102b4c002f013700890137008801370087013700d2
:102b5c008601370085013700840137008301370077
:102b6c008201370081013700800137007f01370077
:102b7c007e01370002013700350137002001370094
:102b8c005f00370079013700780137007701370093
:102b9c007601370075013700740137007301370077
:102bac007201370071013700700137006f01370077
:102bbc006e013700360137006c01370044013700d5
:102bcc00c80037006901370068013700670137001a
:102bdc006601370065013700640137006301370077
:102bec006201370061013700600137005f01370077
:102bfc005e013700650037005c0137005b01370070
:102c0c005a01370059013700580137005701370076
:102c1c005601370055013700540137005301370076
:102c2c005201370051013700500137004f01370076
:102c3c004e0137004d0137004c0137004b01370076
:102c4c004a01370049013700480137004701370076
:102c5c004601370045013700440137004301370076
:102c6c004201370041013700400137003f01370076
:102c7c003e0137003d0137003c0137003b01370076
:102c8c003a01370039013700380137003701370076
:102c9c003601370035013700340137003301370076
:102cac003201370031013700300137002f01370076
:102cbc002e0137002d0137002c0137002b01370076
:102ccc002a01370029013700280137002701370076
:102cdc002601370025013700240137002301370076
:102cec002201370021013700200137001f01370076
:102cfc001e0137001d013700090137001c01370088
:102d0c002100200041089800024b20002208980066
:102d1c00620898001200200052089800220320003c
:102d2c0012109800421f2000221898004206200022
:102d3c0012189800617098000d01370011002000e6
:102d4c0041089800024b2000220898006208980065
:102d5c00510898002203200012109800421f2000f6
:102d6c0022189800420620001218980061709800f2
:102d7c0000119000a1232000810f5100fc003a00ab
:102d8c000002b0000008eb00f90037002100200021
:102d9c004108980002582200220898006208980006
:102dac007a0140000009eb00220320001210980069
:102dbc0043062000231898001218980061709800a0
:102dcc00eb00370021002000410898000258220037
:102ddc0022089800620898007a0140000009eb0074
:102dec002203200012109800421f20002218980085
:102dfc00420620001218980061709800dc00370021
:102e0c001100200041089800025822002208980066
:102e1c00620898007a0140000009eb0022032000b0
:102e2c0012109800421f2000221898004206200021
:102e3c00121898006170980000119000a1232000d6
:102e4c00810f5100ca003a000002b0000008eb00ec
:102e5c00c70037002100200041089800022c2100f7
:102e6c00220898000258220062089800f200200004
:102e7c0052089800220320001210980043062000ec
:102e8c0023189800121898008203200000014100ba
:102e9c001220a00061709800b500370021002000be
:102eac0041089800025822002208980002b0240021
:102ebc0062089800020120005208980022032000aa
:102ecc00121098004306200023189800121898003e
:102edc0082032000000141001220a00061709800c4
:102eec00a30037002100200041089800022c21008b
:102efc0022089800620898003200200052089800be
:102f0c002203200012109800421f20002218980063
:102f1c004206200012189800617098009400370047
:102f2c001100200041089800c212200022089800cd
:102f3c0062089800420020005208980022032000ea
:102f4c0012109800421f200022189800a20f200097
:102f5c001218980082032000000141001230a000da
:102f6c006170980000119000a1232000810f510086
:102f7c007f003a000002b0000008eb007c00370034
:102f8c002100200041089800c1122000210898005f
:102f9c00610898004100200051089800210320008e
:102fac0011109800411f200021189800a10f20003b
:102fbc001118980011c0b300617098006c003700b4
:102fcc002100200041089800c1122000210898001f
:102fdc00610898003101200051089800210320005d
:102fec0011109800411f200021189800a10f2000fb
:102ffc001118980011c0b300617098005c00370084
:10300c002100200041089800c112200021089800de
:10301c00812520006108980091002000510898003b
:10302c002103200011109800411f20002118980046
:10303c00a10f20001118980081032000808040000f
:10304c001130a00011c0b300617098004800370027
:10305c002100200041089800c1122000210898008e
:10306c00610898008100200051089800210320007d
:10307c0011109800411f200021189800a10f20006a
:10308c001118980011c0b300617098003800370017
:10309c002100200041089800014b200021089800d5
:1030ac0061089800c10020005108980021032000fd
:1030bc0011109800411f2000211898004106200093
:1030cc001118980011c0b3006170980028003700e7
:1030dc002100200041089800014b20002108980095
:1030ec000196200061089800d1002000510898003a
:1030fc002103200011109800411f20002118980076
:10310c0041062000111898008103200080804000a7
:10311c001130a00011c0b30061709800140037008a
:10312c00210020004108980082702000220898009d
:10313c0002e1200062089800e2002000520898008a
:10314c002203200012109800421f20002218980021
:10315c004206200012189800820320000001410052
:10316c001230a00061709800010037000000fe00d2
:04317c000000060049
:020000040000fa
:020000040003f7
:103180006ca9000075a9000080a9000083a90000b7
:1031900073a900004ba9000019a90000eca80000c9
:1031a000d2a80000d2a80000eca800001ba90000d3
:1031b00058a9000097a90000caa90000eea90000c4
:1031c00001aa000001aa000063aa0000eca9000007
:1031d0002fa900003ea8000036a7000040a600006e
:1031e0007da5000012a500001da50000ada50000f2
:1031f000bda6000039a80000fda90000d8ab000062
:1032000090ad0000f0ae0000c7af0000e7af0000d7
:10321000b2ae000048ad000013ab000024a80000cf
:10322000a0a40000cfa000001a9d0000ff9900009c
:1032300003980000a997000062990000909d00008b
:1032400077a400003aae0000d4ba00001fca000004
:10325000cfdb00006cef0000a9af0000bfad0000a5
:10326000c2aa0000dea6000064a20000c49d000007
:103270007e990000259600004f9400008494000081
:1032800033970000ad9c00001ca500007bb000003f
:1032900099be000021cf000095e1000053f5000029
:1032a000dc030000951900002f2f0000c44300002c
:1032b0006f5600005f660000ec720000957b000016
:1032c000ff7f0000ff7f0000947b0000ee72000093
:1032d0006c660000935600000b4400009d2f000018
:1032e000221a000070040000d30400000c1a000031
:1032f000de2e00007f4200003254000053630000c5
:10330000506f0000ba7700004a7c0000da7c0000b1
:10331000657900000c72000010670000d5580000ad
:10332000d14700009f340000e71f0000570a00004b
:1033300021090000681d0000c23000006542000045
:103340009c510000e35d0000ed660000a86c0000e9
:10335000316f0000d66e00000a6c00006367000049
:103360008b610000365b000015550000ce4f000059
:10337000ef4b0000dc490000180a0000df1d0000d0
:10338000713000001f410000604f0000d75a00005c
:1033900051630000cd6800007c6b0000b16b000041
:1033a000dc6900008066000030620000785d00008b
:1033b000da580000d0540000b5510000c24f0000a0
:1033c000d7ee000043db0000b1c900008cba00005a
:1033d00016ae00006aa400008e9d000063990000f4
:1033e000a997000003980000ff9900001c9d0000b1
:1033f000dca00000c5a400006ba8000081ab0000a9
:10340000d4ad000046af0000cfef0000b9db0000f4
:1034100060c9000047b90000d9ab00005fa10000ff
:10342000f299000088950000f4930000df940000fa
:10343000d09700003a9c000081a1000006a7000080
:1034400031ac000083b000009ab300002db500003d
:103450001df4000016df000044cb00002db9000071
:1034600043a90000ee9b00008f910000768a0000c7
:10347000da860000da860000758a0000919100006b
:10348000fb9b000068a9000074b90000b2cb0000eb
:10349000a2df0000b2f4000014f500008cdf000091
:1034a000f3ca0000e7b7000007a70000e398000098
:1034b000f38d00009b86000026830000b683000089
:1034c00046880000ae900000a09c0000a9ab000060
:1034d0003abd0000b4d0000068e5000098fa000092
:1034e00047490000634b0000604f0000cd540000ce
:1034f000125b00007e610000616700000b6c000041
:10350000d66e0000316f0000a76c0000ef6600006f
:10351000f05d0000c1510000ac42000030310000fd
:10352000f51d0000b60900003e4a0000da4b00001d
:103530000f4f000088530000d5580000735e000054
:10354000c563000031680000216b00000c6c0000b6
:10355000786a00000d660000945e000002540000ce
:103560007246000032360000ba2300009c0f0000b3
:103570008c4e0000364f0000f35000006e530000e8
:103580004056000002590000625b00001e5d000012
:10359000085e0000085e00001d5d0000645b000026
:1035a0000f59000064560000b5530000615100003f
:1035b000c24f0000214f0000844f0000ad4f0000bb
:1035c000a25000002852000003540000f6550000ed
:1035d000c657000044590000535a0000e35a000047
:1035e000ef5a0000815a0000b3590000a5580000ae
:1035f0007b57000063560000885500000855000006
:1036000053af00003baf000082ae000049ad0000a8
:10361000b4ab0000f0a9000037a80000bea600006f
:10362000ada500001da5000011a500007fa50000ac
:103630004da600005ba7000085a800009da9000022
:1036400078aa0000f8aa00004ab00000b1af00005c
:1036500031ae000003ac000077a90000e4a6000032
:103660009ba40000e3a20000f8a10000f8a1000064
:10367000e3a200009ca40000f1a600009ca90000a9
:103680004bac00009fae00003eb00000dfb0000079
:1036900098b400000db3000015b00000e9ab0000c5
:1036a000e1a6000074a10000389c0000d197000042
:1036b000df940000f493000088950000f399000067
:1036c0006ca10000feab00008eb90000cec9000066
:1036d00046dc000064f000008fb5000084b30000f9
:1036e000c4af0000a4aa0000a5a40000689e0000ca
:1036f0009c980000f69300002a910000cf900000f3
:10370000599300001199000010a200003fae000084
:1037100054bd0000d0ce00000be200004af60000cd
:10372000c20900005b1f0000313400008a4700001e
:10373000b0580000046700000a72000066790000bb
:10374000da7c00004a7c0000ba770000526f00006b
:103750006063000057540000c64200004c2f000078
:10376000981a000068050000b90a0000d21f000086
:10377000e03300004446000073560000f863000088
:103780006e6e00008c75000026790000267900001e
:103790008b7500006f6e00000564000098560000f5
:1037a0008c4600004e3400005e2000004e0b0000ee
:1037b000080f00002e230000c43500002a46000038
:1037c000de530000875e00000b660000796a00008f
:1037d0000c6c0000216b000030680000c663000024
:1037e0007f5e0000fa580000cf5300007d4f0000bc
:1037f000664c0000d34a0000ff0f0000a523000024
:1038000073350000e5440000a15100007c5b00001e
:103810006f6200009f66000057680000fd670000af
:1038200001660000e4620000245f00003b5b0000d2
:10383000955700007f5400002c520000ba50000041
:10384000bef4000008e10000b3ce000052be00004c
:1038500057b000000fa50000ac9c0000349700009a
:10386000849400004f94000024960000809900008a
:10387000d09d000088a2000026a7000030ab000009
:103880004bae00003eb00000b5f500007fe1000047
:1038900062ce00000dbd00001aae000003a20000c1
:1038a0000f9900005a930000cf9000002a91000069
:1038b000f69300009d980000759e0000caa40000c9
:1038c000ebaa000032b0000011b4000024b60000e2
:1038d00003fa0000dbe4000046d00000f2bc000068
:1038e00084ab0000939c0000ad900000478800006e
:1038f000b6830000268300009b860000f48d000044
:10390000f09800002ba700002fb8000061cb00004a
:1039100019e00000a9f50000fbfa000052e50000e4
:10392000f5cf0000adbb000048a90000879900005a
:10393000108d00006d8400000180000001800000f7
:103940006c840000128d0000949900006da90000a5
:10395000f5bb000063d00000dee5000090fb000036
:103960002e4f0000295100006254000093580000bf
:10397000535d0000236200007f660000dc690000e8
:10398000b16b00007c6b0000cd6800005363000049
:10399000e45a0000854f000067410000df3000005e
:1039a0006b1e0000ad0a0000255000009f51000072
:1039b000115400004d570000165b0000175f000017
:1039c000e262000002660000fd6700005768000028
:1039d0009e66000070620000895b0000c651000016
:1039e0002c450000e1350000312400009410000057
:1039f00073540000fc540000f555000033570000dc
:103a000081580000a7590000805a0000ef5a0000ba
:103a1000e35a0000535a000043590000c757000002
:103a2000035600002854000070520000105100009e
:103a300039500000195000006a550000725500000e
:103a4000a4550000ee550000445600009b560000af
:103a5000e3560000155700002e5700002e570000b7
:103a600014570000e5560000a856000069560000f3
:103a70003656000012560000ff550000ff550000aa
:020000040000fa
:020000040003f7
:103a80000c00fa00889fbe008a9fbe008c9fbe007b
:103a9000c1422000810040001150a0008000eb00d6
:103aa00080037800640140008001eb00c9422000df
:103ab00089044000070478000205be0082824000ad
:103ac0009582fb000508a300010032001950a100f7
:103ad0008100e800ed8f5000f6ff3a000a02be00b8
:103ae000905090008180fb000108a30003003a0081
:103af000c2422000020140001250a1002049900063
:103b00000281fb000306200003036100830f5300c2
:103b100003003200c3422000830140001350a10083
:103b20000306200003836000830f5300030032006c
:103b3000c3422000830140001350a10081006900ae
:103b40000178a30003003a00c14220008100400038
:103b50001150a100c24220000201400001022000d9
:103b600092806000b4003200a05090001242200009
:103b700002014000014978000181fb00534220000e
:103b8000830140007003610044b3de008649780081
:103b90000208a3000400320032422000020140006b
:103ba00063c960000c00370032422000020140006f
:103bb0000049eb0082422000020140008180fb00ae
:103bc0008101d10067c961007242200002014000fa
:103bd000c508de0001497800314220008100400024
:103be00091407800e1cf50000c003a007142200073
:103bf0008100400012422000020140001281fb00bf
:103c00004511de00824878002142200081004000fa
:103c1000c2cfb3008248780029003700224220003a
:103c200002014000c3cfb30003497800e3cf500046
:103c300023003a00114220008100400091407800aa
:103c40000144a10022422000020140000149780005
:103c500032c4b30082cf50001900320008003e0089
:103c6000efcf500016003200f2c2b30082cf5000f6
:103c700013003200e3cf50000e003a00100037006e
:103c800072c8b30082cf50000d00320004003e0025
:103c900032c6b30082cf500006003a000800370059
:103ca000f2cab30082cf500005003200fdcf4000c1
:103cb00003003200c1422000810040001150a100e9
:103cc00031422000810040001104e0000500320074
:103cd000214220008100400032c0b300914f11000a
:103ce00008003a004142200081004000b05190009d
:103cf00083487800c1422000810040001160a0008c
:103d00000600370041422000810040008048eb005f
:103d1000c1422000810040001160a100c14220008a
:103d2000810040001170a1008000eb009c41200048
:103d30000c0644008006eb006b0144006113b800e0
:103d400086bf9f0097bf9f003241200002044400bd
:103d50006141b800e2b79f00f3b79f0009ceb300fe
:103d6000f8c3b300ca4220000a054000ccb79f0048
:103d7000ddb79f000406be006109b9000c024100d6
:103d80009482fb008502d100cfb3970002824300ea
:103d9000054a78000fbb9700060241001483fb0020
:103da0000603d100864378006fb2970004014100fa
:103db0000649780085c2440088cf520001003600d1
:103dc0001a70a00089c3430088cf53000100360059
:103dd0001a70a0008100e800e68f5000e6ff3a006c
:103de000a0489000f2412000020140008181fb00c8
:103df0008301d1006fc9610002422000020140002e
:103e0000905190008381fb008301d1006fc9610054
:103e10000104e00005003d00614220000100400077
:103e200011c0b30001487800030037006142200050
:103e3000010040000048eb004f06be004f05be00e9
:103e40004f04be000080fa0000000600889fbe00fc
:103e5000010378000001eb0018002000670040001b
:103e60008000eb008003eb00820478006112b9004f
:103e7000800142009381fb008301d10006024200d1
:103e800094cf110001003200090478000201e8001b
:103e9000e60f5100f5ff3a00080078004f04be001d
:103ea00000000600889fbe008a9fbe0001047800c3
:103eb0000001eb001a0020006e0040008000eb00c3
:103ec0008004eb00820578006112b900040342000f
:103ed00085834a00800143009301d100080242001b
:103ee00094cf1100010032000b0578000201e800b8
:103ef000e60f5100f4ff3a000a0078004f05be00bb
:103f00004f04be0000000600ec874700889fbe00fb
:103f10008a1f78008e1f780001057800728757008d
:103f2000f2fd850003fe8500029fbe0012fe8500a3
:103f300023fe8500029fbe0061fc2b00114f78001c
:103f4000180020000001eb00f2815700611bb8004f
:103f5000750040008000eb00820478006112b90017
:103f600086014200000242009341780094cf510044
:103f700001003200090478000201e800e90f510055
:103f8000f6ff3a00e10f540002003a004a0fb00079
:103f90001a20a0004f0778004f0578004f04be009c
:103fa000cf00b10000000600889fbe008a1f780085
:103fb0000004be0002057800c142200081004400d8
:103fc0000002200011006000210032002042200089
:103fd0000000440031c0b30090cf10001c003a0034
:103fe00031412000810044006c80440062002000c8
:103ff000e0d00200010000000000e00014003a00e0
:10400000600320000900400010c0a0004a0fb0006b
:104010001a30a0000000eb006c8344008003eb002a
:1040200034412000040244008002eb006101b90029
:104030008600410004014100924878000000e80039
:10404000e60f5000f9ff3a00f2844400804ceb0088
:104050004f0578004f04be00000006008201780082
:10406000b2422000020140001282fb008002eb00fd
:1040700061025200e0825a00ed0f5200e08f5a00b8
:1040800096003e00040601000d00370012003700c4
:10409000170037001d003700900037007a00370006
:1040a0002400370048003700590037002d00370042
:1040b00054003700890037004600370026003700db
:1040c000e102b00011027800404190000281fb0043
:1040d00082087800860037008102b0001102780063
:1040e000404190000281fb00820878008000370088
:1040f000a102b0001102780040409000a2c0b300bd
:104100000440bc008208780079003700011a900052
:1041100040409000a2c0b3000440bc00609f20005b
:10412000800f5100010036000001780082189800cd
:104130006f003700404090000080fb00f0089800be
:10414000200f2000030040001070a000430fb000bb
:104150001340a0006a003700230fb00013a0a00096
:104160006700370040419000c240980050429000e4
:10417000d4409800e0429000e540980070419000e3
:10418000f2409800004a900084489800904a9000bd
:104190009548980020499000a2489800304a900025
:1041a000b448980010009000e80f500054003a0006
:1041b00050a52a00e0a19800430fb00093027800b8
:1041c000f88972004e003700230fb00013d0a00012
:1041d0004b0037004041900070c3b300804f510046
:1041e00047003a006103b00011d0a000200f20006a
:1041f000030040001090a000430fb0001340a00047
:104200003f003700230fb00013e0a0003c00370050
:10421000100190000200e00039003400404190009d
:1042200074cab300844f510005003200f04f4100c2
:104230000e0032000204e000040032002a003700c1
:10424000630fb0001300a0002d003700632890001a
:10425000f32890004309b0000082eb008082eb005d
:104260008419400085914800250037000102b00004
:104270001102780050409000c2c3b3000440bc005b
:10428000820878001a003700404190006f016100f9
:10429000a2109800ef0f51000d0032004040900036
:1042a0000048a30004003200200f2000030040005b
:1042b0001070a00003003700200f20000300400012
:1042c0001090a000430fb0001340a0000c00370076
:1042d0004102b0008008eb00090037000001eb004c
:1042e00002027800020037000001eb0002027800b1
:1042f000820f520002003200430fb0001330a000c2
:10430000000006004027ef00230f200080814100bd
:10431000930278000500a1006033b8006620980081
:10432000772098004620980057209800062898008b
:1043300017289800262898003728980046289800c3
:1043400057289800662898007728980006809800db
:104350001780980026809800378098004680980043
:10436000578098006638980077389800463898004b
:10437000573898004690980057909800669098009b
:1043800077909800069898001798980026989800bb
:1043900037989800420f2000000141001202780077
:1043a0000420a10026909800379098008000eb0030
:1043b000060d200000034300010b7800260d2000ad
:1043c00000034300010b7800260e20000003430089
:1043d000010b7800460e200000034300010b78001b
:1043e000e60c200000034300010b7800f13f2000a1
:1043f00031b098006033b8006698980077989800bc
:1044000006a0980017a09800a1472e00818962009d
:10441000a10026000109620046a0980057a098005c
:10442000600fb00091ff2f001088600000000600b0
:104430000a00fa00889fbe008a9fbe008c9fbe00c3
:104440008004780001067800020578008306780071
:104450008006200009004000120020000300200018
:10446000100841005090490009007800eeda02007f
:1044700001000000200f20000900400010f0a00003
:10448000f9a0900040062000808f50000300360005
:10449000200f20000900400010f0a10069289000c2
:1044a000f92890000982900099829000040250003f
:1044b0008582580002e82e0063032000820f52001c
:1044c000838f5a0003003600220f200009014100ab
:1044d00012f0a10029829000b982900004025000dd
:1044e0008582580002f8240023012000820f520028
:1044f000838f5a0003003600220f2000090141007b
:1045000012f0a10049829000d9829000040250006c
:104510008582580002e82e0063032000820f5200bb
:10452000838f5a0003003600220f2000090141004a
:1045300012f0a10002402a0093ad2700820f500024
:10454000838f58000b003600140eab0009003a00b0
:104550002d0892000000e00006003a0019b8900013
:104560000008a30003003a00200f200009004000cb
:1045700010f0a10029b890000008a3000a00320042
:1045800069299000f929900029889000b988900045
:10459000800f5100818f590003003900200f200047
:1045a0000900400010f0a10029b890000000e000d0
:1045b0000a003d0069299000f9299000498890007f
:1045c000d9889000800f5100818f59000300390075
:1045d000200f20000900400010f0a10019b8900041
:1045e0000000e00001003d000060fe008001eb00e3
:1045f000d3b79f008302780005027800e881440069
:10460000020120001100200076805700cc800200bb
:104610000100000008202000f605450006003700d4
:104620000a0078001e770200010000000000e00090
:10463000010035002011880014118000040064007e
:1046400002003a001b00e000f5ff3c004a10900019
:104650000058a30006003200800220000a0040003b
:104660001050a100200e2000090040001008e800b2
:1046700069299000f929900049a09000d9a09000e4
:10468000820f5000838f580003003e00200f20004f
:10469000090040001040a100f40f20000500200098
:1046a0004903900085007800040063004c129000dc
:1046b0008002eb00840f5000858f58000400360004
:1046c000200f2000090040001050a0000300370018
:1046d000200f2000090040001050a10019b89000e0
:1046e000e6006000e28f5000070032000038a300af
:1046f00005003a00c9a89000e38f50001000340074
:10470000128eab000e0032001c1a9000c107200070
:104710008980400002034200e08349008688be0091
:104720000008a30002003a00a2849800b384980015
:10473000200f2000090040001000a00013003700e7
:10474000693a9000f93a9000840f5100858f590022
:104750000e0039000008a30009003200c00a200042
:104760000900400030024100a08249000401be005f
:1047700029829000b98290000418510005905900d8
:10478000200f2000090040001000a10029b890006f
:1047900000c8a30024003200410f2000898040009f
:1047a0001100780000c0a1008008780000e8a30094
:1047b00004003200400f20000900400010e0a1007a
:1047c000190037000028a3001700320046fe8500bc
:1047d00057fe8500e6b79f00f7b79f0067fe85008c
:1047e00087bf9f0062002000f48057000900780016
:1047f000e0d00200010000000000e0000a003200ea
:10480000e9409000ef806000803e20008088b90081
:1048100080bc98000000e00003003200400f200040
:104820000900400010d0a00019b8900000a8a30013
:104830003c003200200f20000900400010a0a10021
:10484000640446000800780092b3020001000000f2
:104850009840780074805700367402000100000010
:1048600000047800dc40900074815700080041008b
:10487000367402000100000008044000ec40900083
:10488000f4815700088041003674020001000000e6
:1048900000044400fc40900074825700080042006d
:1048a0003674020001000000000444008c489000af
:1048b000f4825700088042003674020001000000b4
:1048c000000444009c489000748357000800430093
:1048d000367402000100000000044400ac4890005f
:1048e000f483570008804300367402000100000082
:1048f00000044400bc489000748157000800410047
:10490000367402000100000000024400f4815700e8
:104910000041eb00e1c0b3000a007800d08602003d
:104920000100000019b8900000c8a30020003a0060
:104930000c119000803e20000091b9006980900029
:10494000f98090000201400083814800699890003e
:10495000f9989000800f5100818f590014003100a8
:10496000692a9000f92a90000071220001002000bd
:104970000402400085824800f2ff2300030020006b
:1049800049039000830078000200630004004000a7
:1049900085804800808c9800918c9800e084980075
:1049a000f1849800200f20000900400010c0a000f2
:1049b000098990009989900069289000f928900051
:1049c000800f5100818f590018003e0019b89000e7
:1049d00000c8a30015003200200f2000090040008d
:1049e0009000780001c0a10001b0a000010878008b
:1049f0000c1090000000e00003003a00200f20009f
:104a00000900400010b0a10019b8900000b8a30040
:104a100006003200600f2000090040001020a000b6
:104a2000400f2000090040001040a00069289000bd
:104a3000f928900069899000f9899000820f500050
:104a4000838f580001003900158ea90029b9900004
:104a50000218a3000200320015aea8000b003700b8
:104a60004a1190000248a3000200320015aea800cf
:104a7000060037000991900099919000820f500034
:104a8000838f58000100390015aea9002d0892004f
:104a90000000e00003003c007a0090000000e0000d
:104aa0000200340014eea8000100370014eea90043
:104ab00019b890000008a30003003a0039b890002c
:104ac0000018a3000200320015cea8000100370034
:104ad00015cea90019a8900089a89000810f500058
:104ae0000100320080ac980079b4900049a8900091
:104af0001eb0020001000000800f540005003200cb
:104b0000200f2000090040001080a000490fb000d5
:104b10001940a0004f06be004f05be004f04be0066
:104b20000080fa0000000600e6874700889fbe006c
:104b30008a9fbe008c9fbe008e1f78009601800069
:104b40000002be0004f0a1006403b0000402d00023
:104b50004240af008502e8000500b0004220ae00f0
:104b60004200a8000482d3008501780003d0fe0033
:104b7000040178009202780006d0fe000500a00033
:104b8000a4018000a301880005097800a401880021
:104b90000001be0002f0a1000203b0000201d0003b
:104ba0004240af008301e8000300b0004220ae00a5
:104bb0004200a8000281d300a40180008302780093
:104bc000a50188008001eb0003097800a40188009a
:104bd0000001be0002f0a1002203b0000201d000db
:104be0004240af008301e8000300b0004220ae0065
:104bf0004200a8000281d300a40180008302780053
:104c0000a5018800833e200003097800a4018800e4
:104c1000940180000001be0002f0a1004203b00038
:104c20000201d0004240af008301e8000300b00061
:104c30004220ae004200a8000281d3008302780027
:104c400005d0fe001201780004d0fe000200e00052
:104c5000a00034000002be0004f0a1008401b000f6
:104c60000402d0004240af008502e8000500b00019
:104c70004220ae004200a8000482d3000003be0020
:104c800006f0a100c600b0000603d0004240af000d
:104c90008703e8000700b0004220ae004200a800f1
:104ca0000683d3000201e900cf91de0002f0a100eb
:104cb0006d014100e081490002014100838149000a
:104cc000828fd2008381d20002f0a1000005d000c3
:104cd0008205d0000b0445004220a80083844800d0
:104ce0004200a9004220ae004200a8000884d30080
:104cf000f8b79f0089bf9f000c0120000001be0093
:104d000002f0a1000203b0000201d0004240af0057
:104d10008301e8000300b0004220ae004200a8007a
:104d20000281d300030578008204780000f0a1001e
:104d30002003b0000000d0004240af008100e80036
:104d40000100b0004220ae004200a8000080d30065
:104d5000010478008005eb00a1018000a501880016
:104d60000c0a7800a10188009201800007d0fe00a3
:104d70009600780002d0fe000100e000100035002f
:104d80009301800005d0fe001401780003d0fe00de
:104d9000818040000201e9000100e000fcff3d00cd
:104da000a3018000a5018800020a7800a301880001
:104db000a2018000a7018800010b7800a2018800f1
:104dc0009301800005d0fe001401780003d0fe009e
:104dd0009d0180000ad0fe00990178000dd0fe00f0
:104de000830f510004003400a3018000aa01880051
:104df000820c7800a30188009d01800008d0fe008d
:104e0000900178000dd0fe00830f510004003d009a
:104e1000a3018000a801880002087800a30188008f
:104e2000700111008208de00a3018000a701880044
:104e3000010b7800a30188000401be0002f0a1006c
:104e40008201b1000201d0004240af008301e900bd
:104e50000300b0004220ae004200a8000281d3004f
:104e6000a101800083067800ad0188000b0978005d
:104e7000a101880004f0a1002400b0000402d000c9
:104e80004240af008502e8000500b0004220ae00bd
:104e90004200a8000482d30006f0a1002600b00062
:104ea0000603d0004240af008703e8000700b000cf
:104eb0004220ae004200a8000683d300ffb0970056
:104ec000810f5200a4ff3a000fb99700828f520061
:104ed000a1ff3a004f0778004f06be004f05be0005
:104ee0004f04be006f00b10000000600f4874700c9
:104ef000889fbe008a9fbe008c9fbe008e1f7800d8
:104f000080b79f0081bf9f00c2b79f000404be000e
:104f1000920180000400be0000f0a1006003b00018
:104f20000000d0004240af008100e8000100b00066
:104f30004220ae004200a8000080d300810178002a
:104f400003d0fe001000780002d0fe000008a3008d
:104f500002003a000400be00f3fe07008fb2970083
:104f6000150078004fb397000600e0008f003c006a
:104f70000000eb0087003700ffb397000b0028000c
:104f80008b846300efb097008100e800e1b79f00d9
:104f9000f08f50000300320087834300f7b79f0073
:104fa0000a0037001fb197000201e80092b79f0086
:104fb0008200d0008fb1970083804000910078007c
:104fc000f1b79f008002eb00e5b79f0092018000df
:104fd0000ed0fe009c00780002d0fe000100e00030
:104fe0005d0034002fb19700bfb197008002eb0045
:104ff0009801800003d0fe009203780008d0fe00e4
:105000008703d100a8018000a30188000709780068
:10501000a80188000900e00014003200910180001e
:105020000205be000af0a100ca00b0000a05d000c7
:105030004240af008b05e8000b00b0004220ae00fc
:105040004200a8000a85d3000b03780006d0fe00ba
:105050001a03780001d0fe0086836b00a101800056
:10506000a301880007097800a10188008d00d00005
:105070008fbb97008780400011047800080444002b
:10508000880878009a0180000203be0006f0a100a3
:105090004602b0000603d0004240af008703e8009c
:1050a0000700b0004220ae004200a8000683d300f3
:1050b000870578000bd0fe00160378000ad0fe00aa
:1050c0000600e000080032009701800003d0fe00d7
:1050d0001203780007d0fe00610363000600a200ff
:1050e00086087400060037009701800003d0fe0098
:1050f0001203780007d0fe00610363008608740085
:105100000000e8000402e800f00f520002003a003c
:105110008d06e8000002eb008502e80002f0a10025
:105120002200b0000201d0004240af008301e8003d
:105130000300b0004220ae004200a8000281d3006c
:10514000960180000ed0fe009c00780006d0fe0084
:10515000858f5000a6ff3c005fb197000201e80078
:10516000d2b79f00cfb19700830f510082ff3a0062
:105170000400e000070034008d00d0008fba9700d3
:105180008580400070021200110178000411dd00da
:10519000820878004f0778004f06be004f05be001a
:1051a0004f04be004f01b1000000060001002800be
:1051b0008100600000004000f0b79f000000eb009d
:1051c0000002780080067800d0b79f00160020000b
:1051d000e6b79f0090b79f000801be0002f0a10053
:1051e0004203b0000201d0004240af008301e8005a
:1051f0000300b0004220ae004200a8000281d300ac
:1052000003077800a8b79f00b9b79f008104780012
:10521000020678006dff37000200400083804800de
:10522000f217250013002000820f5000838f5800d2
:105230000700340004e82a00e5ff2f0000004200c8
:1052400081804a00820f5000838f5800fbff3c0092
:1052500000000600f217250013002000820f500006
:10526000838f58000700340004e82a00e5ff2f0070
:105270000000420081804a00820f5000838f580056
:10528000fbff3c00e00f5000e08f580005003d00a0
:105290000218250013002000000041008180490011
:1052a000fdff3300f2452500820f5000e08f5800cb
:1052b00012003c004b0add004501de0002017200d5
:1052c000c589de000200410083804900e29b28007e
:1052d00013102000000141008181490091018000ec
:1052e00002f0a4008381d20003d0fe0012017800f6
:1052f00001d0fe000200780048003700f28b2a003f
:10530000820f5000e08f580015003c00028c2a00ec
:105310000300200000005100818059004b0add008d
:105320004501de0002017200c589de000201410074
:1053300083814900e09b28001110200002004000fa
:10534000838048009301800000f0a4008180d20097
:1053500001d0fe001000780003d0fe002f003700bf
:10536000f2d12f00820f5000e08f580016003c0051
:1053700002742500f3ff2f000000410081804900e6
:105380004b0add004501de0002017200c589de0026
:105390000201410083814900e09b28001110200098
:1053a00002004000838048009301800000f0a400c8
:1053b0008180d20001d0fe001000780003d0fe00f2
:1053c0000000ea0015003700021825001300200035
:1053d00000005100818059004b0add004501de00cc
:1053e00002017200c589de0002014100838149008b
:1053f000e09b28001110200002004000838048003c
:105400009301800000f0a4008180d20001d0fe0052
:105410001000780003d0fe000000ea000000060043
:105420000246250003002000000041008180490061
:10543000f217250013002000820f5000838f5800c0
:105440000700340004e82a00e5ff2f0000004200b6
:1054500081804a00820f5000838f5800fbff3c0080
:10546000e00f5000e08f580005003d0002182500b5
:10547000130020000000410081804900fdff33003f
:10548000f2452500820f5000e08f580012003c00ca
:105490004b0add004501de0002017200c589de0015
:1054a0000200410083804900e29b28001310200085
:1054b00000014100818149009101800002f0a400b7
:1054c0008381d20003d0fe001201780001d0fe00db
:1054d0000200780048003700f28b2a00820f50004b
:1054e000e08f580015003c00028c2a0003002000c9
:1054f00000005100818059004b0add004501de00ab
:1055000002017200c589de00020141008381490069
:10551000e09b28001110200002004000838048001a
:105520009301800000f0a4008180d20001d0fe0031
:105530001000780003d0fe002f003700f2d12f00ba
:10554000820f5000e08f580016003c0002742500c6
:10555000f3ff2f0000004100818049004b0add006d
:105560004501de0002017200c589de000201410032
:1055700083814900e09b28001110200002004000b8
:10558000838048009301800000f0a4008180d20055
:1055900001d0fe001000780003d0fe000000ea00f9
:1055a00015003700021825001300200000005100ec
:1055b000818059004b0add004501de0002017200c6
:1055c000c589de000201410083814900e09b28007b
:1055d00011102000020040008380480093018000e9
:1055e00000f0a4008180d20001d0fe0010007800fd
:1055f00003d0fe000000ea00000006004400a900fd
:105600001201c30000027800810278001201c0007c
:105610000400cd0004007800000006004400a9004a
:10562000300190001201c300020278009002900045
:105630001201c00040039000a00390001201c600b8
:1056400050029000900278001201c0000400cd00ca
:105650008400780042009800510098000100780012
:1056600000000600889fbe008a1f78004400a90041
:10567000d00490006c0440001805780070014000d0
:10568000920178001201c30009027800a002900084
:105690001201c0000a037800b00390001201c60096
:1056a00070029000c00290001201c4000302780052
:1056b000900278001201c000100b9000900390003f
:1056c0001201c6000400cd00840078007a00980022
:1056d000090c78001308980001097800010078008f
:1056e0004f0578004f04be0000000600889fbe00f2
:1056f0008a9fbe008c9fbe008103780082057800df
:105700008306780004067800850478004400a80029
:105710008700d00000804000000478000d0578006c
:105720008c00780007017800ca05c3000201e90077
:1057300004003b008b017800028141008301d0000e
:1057400003044400ca05c0008100e900f7ff3a00e5
:10575000090378000600c8000100cd0001007800b0
:105760004f06be004f05be004f04be0000000600fd
:10577000889fbe008a9fbe008c9fbe008103780078
:105780008205780083067800040678008504780096
:105790004400a8008700d00000804000000478008a
:1057a0000d0578008c00780007017800c605c3005d
:1057b0000201e90004003b008b01780002814100f6
:1057c0008301d00003044400c605c0008100e90045
:1057d000f7ff3a00090378000600c8000100cd0079
:1057e000010078004f06be004f05be004f04be000a
:1057f00000000600889fbe008a9fbe008c9fbe00ee
:10580000810378008205780003067800850478001b
:105810000482d1004400a8008706d000808646009c
:105820000400e8000d0478000c0578008000780082
:10583000070178008a05c3000281e90004003b00eb
:105840008b017800028141008301d00003044400f1
:105850008a05c0008100e900f7ff3a0009037800db
:105860000600c8000100cd00010078004f06be0010
:105870004f05be004f04be0000000600889fbe001a
:105880008a1f78000004780002057800540498000c
:105890006304980011029000648040008001eb00d6
:1058a0001801780084007800905102000100000087
:1058b000e8044400800c78000101200066d002005a
:1058c0000100000030049800c400dd00810c780065
:1058d00015002000050278008a01780002012000ee
:1058e00018007800cc800200010000004f0578000d
:1058f0004f04be000000060001037800530098002a
:1059000062009800e60040008008eb008000eb0099
:105910000102780066014000330620008100d000bb
:1059200090804000840878009200e8000109780027
:10593000838f5000f9ff3400c408dd004100980057
:105940001500200005027800860178000201200081
:1059500010007800cc80020001000000000006006a
:10596000ea874700889fbe008a9fbe008c9fbe00ca
:105970008e1f7800d1b79f005300980062009800f6
:10598000a0009000810f5200010036000102780053
:105990000400e00001003a0014002000e60040008e
:1059a0008008eb008000eb00810478000284e900ad
:1059b000611bb8000c0120000d00200001077800d9
:1059c000535525003a0120000b002000e60240005c
:1059d00082bf9f00e10f5400210036008a0f530060
:1059e0008b8f5b0052003e0006060100130037005b
:1059f0001200370016003700100037000f00370084
:105a00004b0037004a003700490037000b003700d1
:105a10000a0037004600370045003700070037000e
:105a20000600370005003700040037000300370088
:105a30003f0037003e003700000037008100d000f3
:105a400090804000e2e727008208780038003700a5
:105a50008100d00090804000830878003400370037
:105a60008c0f53008d8f5b0031003e000606010055
:105a700018003700170037001a00370015003700ec
:105a8000140037002a0037002900370028003700ab
:105a9000080037000b0037002500370024003700ce
:105aa00004003700070037000600370011003700f8
:105ab000100037008100d000908040008e087800f0
:105ac0001b0037008100d000908040008e087800d5
:105ad000170037008100d0009080400083087800d4
:105ae000130037008100d0009080400083087800c8
:105af0000f003700e28f540005003c008100d00009
:105b000090804000727727008208780004003700f8
:105b10008100d00090804000f2f5250082087800d6
:105b20008904e800e58f5400010034008e047800f9
:105b30009500e800810a7800810f5200a5ff3e0021
:105b40000fb99700c408dd0041009800e10f510033
:105b500007003a001500200005027800dfb1970029
:105b60000201200010007800cc800200010000003b
:105b70004f0778004f06be004f05be004f04be0021
:105b8000af00b100000006000400fa00889fbe00cc
:105b90008a1f78005200980061009800a0009000d1
:105ba00083027800818f5200010036008102780064
:105bb0000500e00001003a0015002000e60040006a
:105bc0008008eb008000eb008001eb003601200034
:105bd00007002000faf5250059552500010478003a
:105be00066024000860f5100878f590028003e0052
:105bf000020601001b0037001a0037001d003700a5
:105c00001800370017003700210037002000370048
:105c10001f0037000f0037000a0037001c00370054
:105c20001b0037000b003700060037000500370067
:105c30001400370013003700150037001400370038
:105c4000080037008100d00090804000880878006c
:105c50000f0037008100d000908040008808780055
:105c60000b0037008100d000908040008908780048
:105c7000070037008100d00090804000890878003c
:105c8000030037008100d000908040008a0878002f
:105c90009400e800010a7800818f5200d1ff3e0095
:105ca000c408dd00410098004f0578004f04be0095
:105cb0000080fa0000000600ef805000e18f5000e5
:105cc0000d003e005100200066024000767727005c
:105cd000e8014000140178008202d0009082420066
:105ce000860a7800020ae80013017800f0094100f2
:105cf0008100e900f7ff3a0000000600889fbe001f
:105d00008a9fbe008c9fbe000004780001067800c8
:105d100082057800530890005004980043089000d2
:105d200060049800431890000028a300030032008c
:105d3000d308900008007800dfff0700e804440063
:105d400099067800660544009a00d00098804000cb
:105d50000b0178000c0078009401020001000000a3
:105d60000d004000800c78000101200066d0020088
:105d700001000000000d78004f06be004f05be0078
:105d80004f04be0000000600881f78001e2eef00a2
:105d90001a2eef001c2eef00142eef00d0ff2f0064
:105da00080708800142ea900400620000100200009
:105db00008d602000100000000302800120eb600d4
:105dc0000004eb000c003a00142ea800400620004e
:105dd0000100200008d60200010000000030280069
:105de000927080008200600018002000808f5000b8
:105df000010032000004eb00142eef00f0ef2f0042
:105e000080708800150ea9004006200001002000c7
:105e100008d602000100000000302000120eb6007b
:105e20000b003a00150ea8004006200001002000db
:105e300008d60200010000000030200092708000af
:105e400082006000808f500001003a000810a0001e
:105e5000142eef00f0ef2f0080708800150ea900bf
:105e6000400620000100200008d6020001000000ca
:105e700000302400120eb6000b003a00150ea800e8
:105e8000400620000100200008d6020001000000aa
:105e9000003024009270800082006000808f5000eb
:105ea00001003a000820a000142eef00f0ef2f00b0
:105eb00080708800150ea900400620000100200017
:105ec00008d602000100000000302100120eb600ca
:105ed0000b003a00150ea80040062000010020002b
:105ee00008d60200010000000030210092708000fe
:105ef00082006000808f500001003a000830a0004e
:105f0000e40f54000b00320005003c00e10f540088
:105f10000c003200e30f54000b003a000900370078
:105f2000e60f540003003200ea0f540006003a0066
:105f3000020037003800200003003700480020002e
:105f40000100370018002000080078004f04780096
:105f50000000060041a99000e10f51002400340028
:105f600071b190006f016100cf91de00020241002b
:105f70008382490042982d00131020000401410043
:105f8000858149009101800002f0a4008381d20044
:105f900003d0fe001201780001d0fe0072089800c4
:105fa000310f2000810f510023003a002011900092
:105fb0006f016100cf91de0002024100838249003f
:105fc00042982d00131020000401410085814900f2
:105fd0009101800002f0a4008381d20003d0fe0072
:105fe0001201780001d0fe007208980012003700fc
:105ff000f1b09000e28f50000a003200e38f5000b1
:106000000b003200e18f5000030032007e004000a0
:106010000008eb0008003700010b20007108980011
:1060200005003700210020007108980002003700a9
:10603000110f200071089800000006008000780011
:10604000907080004300de0061006000124eaf00df
:106050000010a000122eaf000020a000120ee200df
:1060600001003d000030a000e18f50000700320029
:1060700003003c000100e000080032000800370087
:10608000e48f500006003c0002003700630060000f
:10609000030037006f006000010037000000eb00d4
:1060a000000006000002fa000003780000e02f0064
:1060b00000804700e1d12b007f00090031187800f3
:1060c00002f02f0002814700e0c12b007f00090091
:1060d000301978002023ef002143a800f1cf2f00d2
:1060e0000232200012896000000e20002023b70039
:1060f0002083a9002223ef002423ef0025e3a8003a
:1061000000f021002423b7003223ef002623ef0004
:1061100011002000411988002e23ef003023ef00ea
:106120000e2ea80021e3a8002023a8002003ab0026
:10613000feff320001188000311398002023ef0089
:10614000ff8f500020003600c508de00f107b200c6
:106150006609900003e12000830f51000d00340018
:106160008100d0000120b100ef8078000182400062
:1061700003b02400110009008201d800000178005a
:10618000110009000282d8008000fd00310b980048
:106190001a0037008100d0000110b1006f82780032
:1061a000e322b90001e12000110009008200d800bb
:1061b00000017800110009000282d8008000fd0073
:1061c000310b98000d003700e6089000b24721001f
:1061d0000289b9004399de00cf88de00f6119000f5
:1061e000010151008391b9000200e00001003d006f
:1061f0006f0141004491de00320b9800b608900018
:106200000100e00002003c0011002000310b98006a
:10621000e608900026099000110009008200d800cd
:106220008000fd00e38f50000f003a00b60a900096
:1062300032002000110009008202d800010178001c
:106240000200e00008003200320020008502e80071
:10625000110009008202d800810178000300e000eb
:10626000faff3a00350b98000080fa0000000600a3
:1062700066014000920078008101d1000309780096
:106280000108a30004003200900090008100d100ba
:1062900066004000038868000000060020009000af
:1062a0000000060000804000680040001080fb00f5
:1062b0000000060000804000704092000080fb005b
:1062c00000000600008040007020b0001080fb003d
:1062d000000006000000e0001a0032000100e000ab
:1062e0001800320000004100704092000080fb0066
:1062f00081004100f14092008180fb0080804000dd
:10630000220390000682e900848f500009003600c5
:10631000e1021300858040000603e9000100370018
:10632000800078000580400080014300830f520008
:10633000fbff390081004100e88040001180fb0034
:10634000010037000000eb0000000600ea8747006c
:10635000889fbe008a9fbe008c9fbe008e1f780063
:1063600001057800000d780011002000210598003b
:10637000120598006102b900e00f5200e08f5a0048
:1063800009003400aa0090006011b800818040002c
:1063900061014100e0814900840f5100858f59005f
:1063a000faff350021059800100020003005980004
:1063b0002a0490000884e9006146b9000007eb0058
:1063c000e00f5600e08f5e001c00350061065600ad
:1063d000e0865e00e6054500690045006101b80001
:1063e000f2b79f0083bf9f000a007800a0ff07005c
:1063f0001b007800ffb197008300460080487800ba
:1064000080004500f8409a00e10f500005003a0076
:1064100061004600e0804e004240a90001003400c7
:106420000e07e80061065600e0865e000844e900b9
:1064300061004600e0804e00ebff3b000040eb00b7
:10644000711020008a804000804878007120200070
:106450008a804000804878002a0090008005eb0088
:106460001c0020000d002000e10f500015003c0032
:106470001f00370061044400e0844c000a017800ea
:10648000880078000c00780092ff0700e10f5000b0
:10649000f8ff3a00ffb097000180450008487800f7
:1064a00061064600e0864e008b05e8005fb197006c
:1064b000efb197008c0f51008d8f590009003c00ff
:1064c0000b003700812020008a8040006109b8005d
:1064d000f2b79f0083bf9f006101b900d2b79f0050
:1064e000e3b79f001800200009002000e3ff3700f9
:1064f0000e0078004f0778004f06be004f05be0023
:106500004f04be00af00b10000000600e687470060
:106510008e1f780066875700001f7800010f7800f3
:106520000080eb000100e000200032000000eb00e2
:10653000dfb897000100e0001c003200dfb99700cf
:1065400003004100704092000080fb00d0bf9f001c
:10655000668757005e004100704092000080fb009b
:10656000000f7800dfb8970000805000d0bf9f0078
:10657000dfb997000300e00008003d00a200900092
:10658000dfb99700038040000000e900d0bf9f0002
:106590005fb897000000e000f9ff3500dfb8970012
:1065a00001014100680141001280fb004f077800a3
:1065b0006f00b100000006000e00fa00889fbe00c8
:1065c0008a9fbe008c9fbe0020079800820478003e
:1065d00043079800840678000f0f78000100e90057
:1065e00003017800020040001007980000017800c5
:1065f0000200d0000080e800808747001e06780077
:106600000200e0000b0032000000eb006162b80005
:10661000800178000403be00820278000001d000ef
:1066200006014100030978000000e800808f520055
:10663000faff3e00310798000005eb000100e00082
:106640001a003a00200037008a05d0002e00900082
:1066500080854500690798008a0444000800d0003e
:10666000ee009000010040000d01780090007800dd
:106670001b00780017ff07008904d0008c844400b9
:10668000990c68000804e8005e019000820f540035
:10669000f1ff3900ee0490000a05e8003e0090008a
:1066a000800f55000300390007003700ce0090002e
:1066b000510798000004eb004e0190000200e0003a
:1066c000e1ff3a00f4ff37001e0090000000e000f8
:1066d0000d0032000000eb008006eb001e0290006f
:1066e000ae0290006101b8000201410083814900bf
:1066f000828042000c014100920878000000e8000e
:10670000800f5200f7ff3e001e0090009e077800a9
:106710004f06be004f05be004f04be000080fa00c9
:106720000000060011102000a102880001002600d0
:106730008180e8009101ba00c819de0000017800ec
:10674000035978009181ba00034978008180e800fc
:106750001101ba00224098001101ba004811de0070
:10676000324098001181ba00424098008180e800d0
:106770001101ba00524098001101ba004811de0020
:10678000624098009180ba007140980000000600b5
:10679000f10f2000a10288008000eb009100ba00f8
:1067a00001187800210020001108ba00000006003e
:1067b000889fbe008a1f780013102000a302880063
:1067c00005002600b6aa2a00060bb8008701d100f2
:1067d00003824100e31bb900868050008001eb007a
:1067e0001a00200039002000030478002700200050
:1067f00020003700e18f50000d0032000500390005
:10680000e28f500012003200e38f5000f9ff3a008f
:1068100016003700050342001603ba00830040004b
:10682000864878008301e8008a007800110037006c
:10683000050342001603ba00830040004833de001f
:10684000864878008301e800870078000900370057
:10685000050342001683ba00830040008648780092
:106860008301e80089007800020037000482e80014
:1068700088007800830f5100deff3e004f0578004e
:106880004f04be000000060011102000a102880085
:1068900001802f0006002600010363008000eb004a
:1068a00005802000068140001202ba008101d0005c
:1068b00080814100840978001281ba008101e800da
:1068c0008301d00080814100820978008180e80046
:1068d000858f5000f3ff3a000000060010102000e2
:1068e0006039880000802f000100260000816000d0
:1068f0005239880030002400403988000600fc002e
:106900005005200070398800a00a200070398800e6
:1069100029e7a80000000000000000002807e200ae
:10692000feff350000000600a20f2000a202880032
:10693000000178008001eb00b209bb009289bb0026
:1069400022002000a00190000309bb00300090004d
:106950000089bb001010200060398800000026006c
:10696000810040005139880010002400403988001f
:106970000600fc005005200070398800a00a2000a5
:106980007039880029e7a80000000000000000001e
:106990002807e200feff350000000600889fbe00c9
:1069a0008a1f7800800478000004eb000a80200031
:1069b0000800d0000900400088007800daff0700d6
:1069c000640444008a0f5400f9ff3a004f05780030
:1069d0004f04be0000000600e6874700889fbe0007
:1069e0008a9fbe008c9fbe008e1f780080047800b6
:1069f0008105780002047800030578000a00780019
:106a0000a1ff0700b0aa2a000058b8008100d100f9
:106a1000e308b900808555000000eb00fe0f200060
:106a2000270020003600200080027800140020009b
:106a300031003700e18f55001100320003003c00a7
:106a40000b00e000060032002b003700e28f5500fb
:106a500016003200e38f550027003a00240037006b
:106a60004209dd000a014100808144009381fb005e
:106a7000030978000000e800840578001e00370054
:106a80004209dd000a014100920167000309780014
:106a9000808544009b85fb00c85ddd00038975008f
:106aa0000000e80087057800130037006109b9008d
:106ab000f2b79f0083bf9f000206be004269dd005f
:106ac000ce61de00830171004261dd0062014100a0
:106ad000e081490002014500808144009381fb0070
:106ae000030978000000e8008605780002003700fe
:106af0008100e80085057800880f5000cdff39003f
:106b0000018020000a0078001abd02000100000088
:106b10000004be0071ff07000a0078009fff070015
:106b20000a00780058ff0700018020000a00780062
:106b30001abd02000100000000006c0081806c00a2
:106b40000080700000f0a7000000ea000000ea00ea
:106b50004f00de004f0778004f06be004f05be0015
:0c6b60004f04be006f00b10000000600f2
:020000040000fa
:020000040003f7
:106b6c0000000000e0fc000044fd00007efd000081
:106b7c00a8fd0000c8fd0000e2fd0000f9fd0000ca
:106b8c000cfe00001dfe00002cfe00003afe000072
:106b9c0046fe000052fe00005dfe000067fe000095
:106bac0070fe000079fe000081fe000089fe0000ee
:106bbc0090fe000097fe00009efe0000a4fe000068
:106bcc00aafe0000b0fe0000b6fe0000bbfe0000f6
:106bdc00c1fe0000c6fe0000cbfe0000cffe000090
:106bec00d4fe0000d8fe0000ddfe0000e1fe000037
:106bfc00e5fe0000e9fe0000edfe0000f1fe0000e5
:106c0c00f4fe0000f8fe0000fbfe0000fffe00009a
:106c1c0002ff000005ff000008ff00000bff000052
:106c2c000eff000011ff000014ff000017ff000012
:106c3c001aff00001dff00001fff000022ff0000d4
:106c4c0025ff000027ff00002aff00002cff00009a
:106c5c002fff000031ff000033ff000036ff000063
:106c6c0038ff00003aff00003cff00003fff00002f
:106c7c0041ff000043ff000045ff000047ff0000fc
:106c8c0049ff00004bff00004dff00004fff0000cc
:106c9c0051ff000053ff000055ff000056ff00009d
:106cac0058ff00005aff00005cff00005eff000070
:106cbc005fff000061ff000063ff000064ff000045
:106ccc0066ff000068ff000069ff00006bff00001a
:106cdc006cff00006eff00006fff000071ff0000f2
:106cec0072ff000074ff000075ff000077ff0000ca
:106cfc0078ff00007aff00007bff00007dff0000a2
:106d0c007eff00007fff000081ff000082ff00007b
:106d1c0083ff000085ff000086ff000087ff000056
:106d2c0089ff00008aff00008bff00008dff000030
:106d3c008eff00008fff000090ff000091ff00000d
:106d4c0093ff000094ff000095ff000096ff0000e9
:106d5c0097ff000099ff00009aff00009bff0000c6
:106d6c009cff00009dff00009eff00009fff0000a5
:106d7c00a0ff0000a2ff0000a3ff0000a4ff000082
:106d8c00a5ff0000a6ff0000a7ff0000a8ff000061
:106d9c00a9ff0000aaff0000abff0000acff000041
:106dac00adff0000aeff0000afff0000b0ff000021
:106dbc00b1ff0000b2ff0000b3ff0000b4ff000001
:106dcc00b5ff0000b6ff0000b7ff0000b8ff0000e1
:106ddc00b9ff0000b9ff0000baff0000bbff0000c4
:106dec00bcff0000bdff0000beff0000bfff0000a5
:106dfc00c0ff0000c1ff0000c2ff0000c2ff000086
:106e0c00c3ff0000c4ff0000c5ff0000c6ff000068
:106e1c00c7ff0000c7ff0000c8ff0000c9ff00004b
:106e2c00caff0000cbff0000ccff0000ccff00002d
:106e3c00cdff0000ceff0000cfff0000d0ff000010
:106e4c00d0ff0000d1ff0000d2ff0000d3ff0000f4
:106e5c00d3ff0000d4ff0000d5ff0000d6ff0000d8
:106e6c00d6ff0000d7ff0000d8ff0000d9ff0000bc
:106e7c00d9ff0000daff0000dbff0000dcff0000a0
:106e8c00dcff0000ddff0000deff0000dfff000084
:106e9c00dfff0000e0ff0000e1ff0000e1ff000069
:106eac00e2ff0000e3ff0000e3ff0000e4ff00004e
:106ebc00e5ff0000e5ff0000e6ff0000e7ff000033
:106ecc00e7ff0000e8ff0000e9ff0000e9ff000019
:106edc00eaff0000ebff0000ebff0000ecff0000fe
:106eec00edff0000edff0000eeff0000efff0000e3
:106efc00efff0000f0ff0000f1ff0000f1ff0000c9
:106f0c00f2ff0000f2ff0000f3ff0000f4ff0000ae
:106f1c00f4ff0000f5ff0000f5ff0000f6ff000095
:106f2c00f7ff0000f7ff0000f8ff0000f8ff00007b
:106f3c00f9ff0000faff0000faff0000fbff000061
:106f4c00fbff0000fcff0000fdff0000fdff000048
:106f5c00feff0000feff0000ffff0000ffff00002f
:020000040000fa
:020000040003f7
:106f6c00ff7f0000ff7f0000ff7f0000ff7f00001d
:106f7c00ff7f0000ff7f0000ff7f0000ff7f00000d
:106f8c00ff7f0000ff7f0000ff7f0000ff7f0000fd
:106f9c00ff7f0000ff7f0000ff7f0000ff7f0000ed
:106fac00ff7f0000ff7f0000ff7f0000ff7f0000dd
:106fbc00ff7f0000ff7f0000ff7f0000ff7f0000cd
:106fcc00ff7f0000ff7f0000ff7f0000ff7f0000bd
:106fdc00ff7f0000ff7f0000ff7f0000ff7f0000ad
:106fec00ff7f0000ff7f0000ff7f0000ff7f00009d
:106ffc00ff7f0000ff7f0000ff7f0000ff7f00008d
:10700c00ff7f0000ff7f0000ff7f0000ff7f00007c
:10701c00ff7f0000ff7f0000ff7f0000ff7f00006c
:10702c00ff7f0000ff7f0000ff7f0000ff7f00005c
:10703c00ff7f0000ff7f0000ff7f0000ff7f00004c
:10704c00ff7f0000ff7f0000ff7f0000ff7f00003c
:10705c00ff7f0000ff7f0000ff7f0000ff7f00002c
:10706c00fc7f0000047e00001b7c0000417a0000c5
:10707c0075780000b6760000047500005e730000a1
:10708c00c471000035700000b06e0000376d000058
:10709c00c76b0000606a000003690000af67000066
:1070ac006366000020650000e4630000b06200002d
:1070bc00836100005d6000003f5f0000265e000001
:1070cc00145d0000095c0000035b0000035a000023
:1070dc0008590000135800002357000039560000cf
:1070ec00535500007154000095530000bd52000030
:1070fc00e9510000195100004e500000864f00006d
:10710c00c24e0000024e0000464d00008d4c0000a7
:10711c00d84b0000264b0000774a0000cb490000fa
:10712c00224900007d480000da4700003a47000081
:10713c009d460000024600006a450000d544000050
:10714c0042440000b2430000244300009842000077
:10715c000e42000087410000024100007f40000009
:10716c00fe3f00007f3f0000023f0000873e000012
:10717c000e3e0000963d0000203d0000ad3c00009e
:10718c003a3c0000ca3b00005b3b0000ee3a0000ba
:10719c00823a0000183a0000af390000483900006c
:1071ac00e23800007d3800001a380000b9370000c2
:1071bc0058370000f93600009b3600003f360000bf
:1071cc00e33500008935000030350000d83400006c
:1071dc00823400002c340000d733000084330000cc
:1071ec0032330000e03200009032000040320000e8
:1071fc00f2310000a4310000583100000c310000c5
:10720c00c2300000783000002f300000e72f000063
:10721c009f2f0000592f0000132f0000ce2e0000ce
:10722c008a2e0000472e0000042e0000c32d000003
:10723c00812d0000412d0000012d0000c22c00000a
:10724c00842c0000472c00000a2c0000cd2b0000e1
:10725c00922b0000572b00001c2b0000e32a00008f
:10726c00a92a0000712a0000392a0000012a000016
:10727c00ca290000942900005e2900002929000079
:10728c00f4280000c02800008d2800005a280000b7
:10729c0027280000f5270000c327000092270000d4
:1072ac00612700003127000001270000d2260000d2
:1072bc00a3260000752600004726000019260000b2
:1072cc00ec250000bf250000932500006725000079
:1072dc003b25000010250000e5240000bb24000025
:1072ec0091240000682400003e24000015240000b6
:1072fc00ed230000c52300009d2300007523000032
:10730c004e2300002823000001230000db22000094
:10731c00b5220000902200006a22000046220000e4
:10732c0021220000fd210000d9210000b521000020
:10733c00922100006f2100004c2100002921000047
:10734c0007210000e5200000c4200000a22000005e
:10735c0081200000602000003f2000001f20000062
:020000040000fa
:020000040003f7
:10736c000000000024030000480600006a09000029
:10737c008c0c0000ab0f0000c8120000e2150000de
:10738c00f91800000b1c00001a1f0000232200003b
:10739c0028250000262800001f2b0000112e0000bd
:1073ac00fb300000df330000ba3600008c390000df
:1073bc00563c0000173f0000ce4100007a4400000c
:1073cc001c470000b44900003f4c0000bf4e0000b9
:1073dc00335100009b530000f5550000425800004b
:1073ec00825a0000b35c0000d75e0000eb60000026
:1073fc00f1620000e8640000cf660000a66800009f
:10740c006d6a0000236c0000c96d00005e6f000007
:10741c00e270000054720000b573000004750000a7
:10742c00417600006b7700008478000089790000b9
:10743c007c7a00005c7b0000297c0000e37c00006f
:10744c00897d00001d7e00009c7e0000097f0000ed
:10745c00617f0000a67f0000d87f0000f57f000050
:10746c00ff7f0000f57f0000d87f0000a67f0000a2
:10747c00617f0000097f00009c7e00001d7e0000e3
:10748c00897d0000e37c0000297c00005c7b00000f
:10749c007c7a000089790000847800006b7700000a
:1074ac004176000004750000b573000054720000b2
:1074bc00e27000005e6f0000c96d0000236c0000dc
:1074cc006d6a0000a6680000cf660000e86400004a
:1074dc00f1620000eb600000d75e0000b35c0000be
:1074ec00825a000042580000f55500009b530000e2
:1074fc0033510000bf4e00003f4c0000b449000067
:10750c001c4700007a440000ce410000173f0000e9
:10751c00563c00008c390000ba360000df33000006
:10752c00fb300000112e00001f2b0000262800004d
:10753c0028250000232200001a1f00000b1c00004d
:10754c00f9180000e2150000c8120000ab0f000093
:10755c008c0c00006a09000048060000240300009f
:10756c0000000000dcfc0000b8f9000096f60000fa
:10757c0074f3000055f0000038ed00001eea000026
:10758c0007e70000f5e30000e6e00000dddd0000a9
:10759c00d8da0000dad70000e1d40000efd1000007
:1075ac0005cf000021cc000046c9000074c60000c5
:1075bc00aac30000e9c0000032be000086bb000078
:1075cc00e4b800004cb60000c1b3000041b10000ab
:1075dc00cdae000065ac00000baa0000bea70000f9
:1075ec007ea500004da3000029a10000159f0000fe
:1075fc000f9d0000189b0000319900005a97000065
:10760c0093950000dd93000037920000a2900000db
:10761c001e8f0000ac8d00004b8c0000fc8a00001b
:10762c00bf890000958800007c87000077860000e9
:10763c0084850000a4840000d78300001d83000013
:10764c0077820000e381000064810000f780000075
:10765c009f8000005a800000288000000b800000f2
:10766c00018000000b800000288000005a80000080
:10767c009f800000f780000064810000e38100001f
:10768c00778200001d830000d7830000a4840000d3
:10769c0084850000778600007c87000095880000b8
:1076ac00bf890000fc8a00004b8c0000ac8d0000f0
:1076bc001e8f0000a290000037920000dd930000a6
:1076cc00939500005a97000031990000189b000018
:1076dc000f9d0000159f000029a100004da3000084
:1076ec007ea50000bea700000baa000065ac000040
:1076fc00cdae000041b10000c1b300004cb600009b
:10770c00e4b8000086bb000032be0000e9c00000f7
:10771c00aac3000074c6000046c9000021cc0000ba
:10772c0005cf0000efd10000e1d40000dad7000053
:10773c00d8da0000dddd0000e6e00000f5e3000033
:10774c0007e700001eea000038ed000055f00000cd
:10775c0074f3000096f60000b8f90000dcfc0000a1
:020000040000fa
:020000040003f7
:10776c00889fbe000081eb000100e0001500340092
:10777c000004eb0088047800874028008801d000c2
:10778c00808141001302780089017800e1026100d8
:10779c000201d10061036200850f53000100320029
:1077ac00070169008301e800e88f510002003200f4
:1077bc000402d100f5ff37000804e800810f5400e3
:1077cc00eeff3a000280ea004f04be000000060003
:1077dc00881f78008a9fbe000081eb000100e0004a
:1077ec00140034000004eb006105b8008000200098
:1077fc00874028008a0144001382fb008001780036
:10780c00e10261000201d10061036200850f5300a7
:10781c0001003200070169008301e9000200320017
:10782c000402d100f6ff37000804e800810f540071
:10783c00f0ff3a000280ea004f05be004f047800ca
:10784c0000000600889fbe000004be000800be00b9
:10785c00dfff07006149b900820044001182fb0080
:10786c0061014100e0814900020144009280fb006b
:10787c00c808dd00810072000100680000f0a7005c
:10788c000000ea000000e9004f00de004f04be00db
:10789c00000006000400fa00889fbe008a9fbe000c
:1078ac008c9fbe0000027800010678000080eb007f
:1078bc008080eb000c00e000230034000080eb0023
:1078cc008080eb008002eb006123b80086bf9f0034
:1078dc0097bf9f00850678000a3228008bdb2e00ac
:1078ec00050178008fbb9700870141001383fb00d3
:1078fc008003eb008d017800610460008100d100f1
:10790c000080d300cfc4de008002eb006102630074
:10791c00840f5400858f5c00020032000a0068005e
:10792c008b8068008301e800e88f5100030032006f
:10793c008703d1000683d300efff37000201e80074
:10794c008c0f5100e7ff3a000080ea008180ea00ca
:10795c004f06be004f05be004f04be000080fa006b
:10796c0000000600889fbe008a9fbe000004be0077
:10797c000800be00c7ff07006149b90002024400bd
:10798c001482fb008002eb0061034100e08349009c
:10799c00060344001683fb008003eb00483ddd002a
:1079ac00c835de008b0575004835dd0062034100eb
:1079bc00e0834900060344001683fb008003eb00c0
:1079cc00c033dd00060020000603750087837500b8
:1079dc00040373008583730063014100e081490057
:1079ec00020144001281fb008001eb00c812dd0093
:1079fc0004002000040173008581730002016800fb
:107a0c0083816800028171000200780000f0a700f9
:107a1c000000ea000000e9004f00de004f05be0048
:107a2c004f04be0000000600889fbe008a9fbe0067
:107a3c008c9fbe008e1f78000002780081067800b3
:107a4c000080eb008080eb000d00e0001e00340095
:107a5c000080eb008080eb000006eb000e012000a4
:107a6c000a3228008bdb2e008c02d000848242006c
:107a7c00150378008003eb008e027800610460002f
:107a8c008100d1000080d300cfc4de008001eb0068
:107a9c0061016300820f5400838f5c00020032008e
:107aac000a0068008b8068008502e9000300320040
:107abc008703d1000683d300f0ff37000c06e800e3
:107acc008d0f5600e8ff3a000080ea008180ea0042
:107adc004f0778004f06be004f05be004f04be0096
:107aec0000000600f6874700889fbe008a9fbe00f4
:107afc008c9fbe008e1f7800f2af9f0042012000c9
:107b0c00520098004200200062009800660140007c
:107b1c000009eb00730020000001eb007faa970026
:107b2c000400e00094003400820578000b0178001a
:107b3c00610eb8008cb79f009db79f000ecdb300af
:107b4c00e60240008b0378000b067800850678006f
:107b5c000fb2970084004600914078000ec540009b
:107b6c00e94f55000d003600f5cbb30005c24000bf
:107b7c00f94f520003003e0096ccb30006c54000fe
:107b8c0006003700f5c9b30005c24000f94f52009a
:107b9c0066003e0096cab30006c540000a04e00029
:107bac00500035000a04fb00cfc4de00e54ab900e2
:107bbc006544b80089044200e1f82c00c1b79f006d
:107bcc0014102000d4b79f004fb29700dfb297007b
:107bdc000404440085844c000a05fb00cfd5de006c
:107bec0061054500e0854d00e55ab9006555b800c2
:107bfc008b05420081027800a5b79f005fb3970008
:107c0c00b6b79f004fb29700dfb29700040545004e
:107c1c0085854d008cbf9f008d02780091018000fe
:107c2c00080678000cf0a4008986d200ecb79f00ff
:107c3c00fdb79f000dd0fe001c43780001d0fe0064
:107c4c000602fb004240a9001100340087007800b6
:107c5c000fbe9700020141000200a0008301e80062
:107c6c00ef8f510006003400950178008306d00098
:107c7c0090864600820e7800830ae800870178001f
:107c8c008100e800848f5000f2ff35008cbf9f000c
:107c9c000604e0000a003400020141008301e80000
:107cac00ef8f510006003400950078008101d00060
:107cbc009081410082097800810ae80087017800f0
:107ccc0061044400e0844c008a0f5400d3ff3a0056
:107cdc008b8f5400d1ff3a000fbe970085067800b9
:107cec001200370001c2b300814f55000f003a005b
:107cfc00410020008d027800020141008301e80060
:107d0c00ef8f510006003400950178000302d0007b
:107d1c0010024200020a7800830ae800870178000a
:107d2c008100e900f4ff3a0085067800310020005c
:107d3c008d027800020141008301e800ef8f5100b1
:107d4c0006003400950178000302d00010024200b6
:107d5c00020a7800830ae800870178008100e900b4
:107d6c00f4ff3a00850678000c06e8007faa97001d
:107d7c00840f560076ff3a00410020006602400056
:107d8c000003eb00020141008301e800ef8f51007a
:107d9c0006003400940178008302d00090824200e7
:107dac00820a7800030ae800860178008100e90065
:107dbc00f4ff3a000300e0000c003400ef8f510098
:107dcc0004003c00020141008301e800f08f5100e7
:107ddc00fcff3a00e6004000910178000302d0005d
:107dec0010024200020a78008308e800b0009000fc
:107dfc00c408dd00410098004f0778004f06be0014
:107e0c004f05be004f04be006f01b100000006001c
:107e1c00f0874700889fbe008a9fbe008c9fbe00e3
:107e2c008e1f7800028651008002eb00e5b79f00a0
:107e3c0016002000850578008b0278008b037800f3
:107e4c000b0578000304ea00b8b79f00a3b79f00a6
:107e5c008501d00080814100130478008004eb0080
:107e6c008502e800848f5200010035000a03780077
:107e7c000200e000380034008c815300f2b79f0000
:107e8c008cbf9f00c8b79f00d9b79f0082067800af
:107e9c000700e00003003a000b04d000010444008a
:107eac000a0c78000fbc9700870f540013003500a4
:107ebc00080678004fb49700dfb497008b01d00010
:107ecc0081814100870656008d06e90003003300ce
:107edc000804440089844c00fbff370093097400ac
:107eec00828343008b06e800edb79f00afb197008b
:107efc00878f510021003400170037000b07d0008a
:107f0c00010747004fb49700dfb4970003067800d1
:107f1c000c06e900030033008904d1000884d30067
:107f2c00fbff37001e0f74003fb49700870344001b
:107f3c00878646008b05e8000b04d0000104440042
:107f4c000a0c78003fb697008c8141000d00e000d0
:107f5c00cfff3c000fbe97000600e000bcff3a00cc
:107f6c006fb097004f0778004f06be004f05be005c
:107f7c004f04be000f01b10000000600efb59700e2
:107f8c008a037800f4ff3700889fbe008a9fbe00ea
:107f9c008c1f7800839ab900cf24de000482440041
:107fac008484d1004240a900080034000002eb0098
:107fbc00040378008402d00081824200860a780093
:107fcc000402e800890f5200faff3a000200e000b8
:107fdc00210034008002eb000504780005027800d3
:107fec00050378006105b800050078008a8342001b
:107ffc009783fb000608a30007003a004f36de000b
:10800c00060346000600a10001034300c83bdd0047
:10801c00168b7300050037004f36de000603460052
:10802c000600a10001034300168b73000402e80054
:10803c00830f520002003a000804e80000027800a6
:10804c008502e800828f52000300320083a3b9003e
:10805c0008034300e5ff3700090078004f0678005d
:10806c004f05be004f04be00000006000002eb00ee
:10807c000100e00014003400840178006103b800b2
:10808c000308a300070032008402d0008282420061
:10809c00068041001080fb00950a70000402e80085
:1080ac00060037000400d000020040008682410028
:1080bc009582fb00c82add00050878008301e800e2
:1080cc00818f5100eeff3a000100a7000402e80086
:1080dc0004007800000006008001eb000100e000c5
:1080ec000f00340003027800840178008302d00072
:1080fc00808242000403410095439000074b7800b6
:10810c000403410095427800154398000482e8006e
:10811c008301e800818f5100f4ff3a008101d00007
:08812c000300780000000600ca
:020000040000fa
:020000040003f7
:10813400ffff0000feff000000000000050000003b
:108144000a0000000c00000007000000fcff000013
:10815400f1ff0000e9ff0000ebff0000f7ff000063
:1081640009000000190000001f00000018000000b2
:1081740006000000f3ff0000e7ff0000e7ff000037
:10818400f2ff0000ffff00000600000004000000f2
:10819400fcff0000f9ff00000200000016000000d0
:1081a4002c000000330000001e000000f0ff00005f
:1081b400bbff000099ff0000a2ff0000d9ff0000f0
:1081c400290000006f000000880000006600000025
:1081d4001a000000c8ff000097ff00009aff00008b
:1081e400c7ff0000fcff0000180000000e000000a4
:1081f400f1ff0000e5ff0000060000005100000050
:108204009e000000b40000006a000000caff0000e5
:1082140013ff0000a4fe0000c5fe00007eff000066
:10822400880000006b010000b90100004a01000051
:10823400530000004cff0000b1fe0000bbfe000034
:1082440049ff0000f2ff00004b0000002d00000079
:10825400d0ff0000a7ff0000120000000c01000086
:1082640013020000650200007001000040ff0000de
:10827400a7fc0000f3fa000049fb0000fcfd00002d
:10828400340200002c060000f20700005d06000026
:10829400be010000ddfb000048f7000028f60000e6
:1082a40037f9000050ff0000e60500001e0a000038
:1082b4001e0a0000e605000050ff000037f9000028
:1082c40028f6000048f70000ddfb0000be010000b6
:1082d4005d060000f20700002c06000034020000d6
:1082e400fcfd000049fb0000f3fa0000a7fc0000bd
:1082f40040ff00007001000065020000130200004e
:108304000c01000012000000a7ff0000d0ff0000d5
:108314002d0000004b000000f2ff000049ff0000a8
:10832400bbfe0000b1fe00004cff00005300000043
:108334004a010000b90100006b0100008800000040
:108344007eff0000c5fe0000a4fe000013ff000035
:10835400caff00006a000000b40000009e00000094
:108364005100000006000000e5ff0000f1ff0000de
:108374000e00000018000000fcff0000c7ff000012
:108384009aff000097ff0000c8ff00001a000000d9
:1083940066000000880000006f0000002900000053
:1083a400d9ff0000a2ff000099ff0000bbff0000fe
:1083b400f0ff00001e000000330000002c0000004d
:1083c4001600000002000000f9ff0000fcff00009e
:1083d4000400000006000000ffff0000f2ff0000a0
:1083e400e7ff0000e7ff0000f3ff000006000000c5
:1083f400180000001f000000190000000900000020
:10840400f7ff0000ebff0000e9ff0000f1ff0000b0
:10841400fcff0000070000000c0000000a00000040
:108424000500000000000000feff0000ffff000048
:020000040000fa
:020000040003f7
:10843400feff000009000000110000001000000011
:1084440006000000f8ff0000edff0000ecff000054
:10845400f5ff0000050000001400000018000000f3
:108464000f000000feff0000efff0000e8ff000027
:10847400efff0000feff00000c00000011000000f0
:108484000c00000003000000fdff0000feff0000e0
:108494000300000004000000fcff0000ecff0000eb
:1084a400e2ff0000e9ff0000050000002c000000ce
:1084b400450000003a00000006000000c0ff000074
:1084c4008fff000098ff0000e0ff0000470000005d
:1084d400950000009900000047000000c5ff00005f
:1084e40059ff000042ff000091ff00001f00000040
:1084f4009d000000c600000086000000040000008b
:108504008cff00005eff00008aff0000e7ff000010
:10851400370000004c0000002d00000006000000a1
:108524000700000034000000610000004c0000005f
:10853400daff000038ff0000d2fe000012ff000046
:10854400090000004f01000024020000e0010000c7
:10855400680000005efe0000e1fc0000f2fc000088
:10856400cbfe0000a0010000f00300005304000053
:1085740052020000cbfe000094fb000083fa0000ce
:1085840063fc000064000000760400005a0600004a
:10859400e6040000ba000000fefb00003ff9000002
:1085a4000bfa000008fe0000210300009e060000f4
:1085b4009e0600002103000008fe00000bfa0000e4
:1085c4003ff90000fefb0000ba000000e6040000d2
:1085d4005a060000760400006400000063fc0000fa
:1085e40083fa000094fb0000cbfe0000520200005e
:1085f40053040000f0030000a0010000cbfe0000c3
:10860400f2fc0000e1fc00005efe000068000000d7
:10861400e0010000240200004f01000009000000f6
:1086240012ff0000d2fe000038ff0000daff000055
:108634004c0000006100000034000000070000004e
:10864400060000002d0000004c0000003700000070
:10865400e7ff00008aff00005eff00008cff0000bf
:108664000400000086000000c60000009d00000019
:108674001f00000091ff000042ff000059ff0000ae
:10868400c5ff0000470000009900000095000000ad
:1086940047000000e0ff000098ff00008fff00008b
:1086a400c0ff0000060000003a0000004500000082
:1086b4002c00000005000000e9ff0000e2ff0000bc
:1086c400ecff0000fcff00000400000003000000b9
:1086d400feff0000fdff0000030000000c0000008e
:1086e400110000000c000000feff0000efff00007e
:1086f400e8ff0000efff0000feff00000f00000095
:10870400180000001400000005000000f5ff000040
:10871400ecff0000edff0000f8ff00000600000081
:10872400100000001100000009000000feff00001e
:020000040000fa
:020000040003f7
:10873400c64f00000002000082000000000001009b
:10874400000100000200010000020000020003001a
:108754000001000002000200000300000200030008
:1087640000030000040001000002000002000300f6
:1087740000020000030003000004000002000300e4
:1087840000030000040003000004000004000500ce
:1087940000010000020002000003000002000300c8
:1087a40000030000040002000003000003000400b2
:1087b40000030000040004000005000002000300a0
:1087c400000300000400030000040000040005008e
:1087d400000300000400040000050000040005007c
:1087e4000005000006000100000200000200030072
:1087f4000002000003000300000400000200030064
:10880400000300000400030000040000040005004d
:108814000002000003000300000400000300040041
:10882400000400000500030000040000040005002b
:10883400000400000500050000060000020003001b
:10884400000300000400030000040000040005000d
:1088540000030000040004000005000004000500fb
:1088640000050000060003000004000004000500e9
:1088740000040000050005000006000004000500d7
:1088840000050000060005000006000006000700c1
:1088940000010000020002000003000002000300c7
:1088a40000030000040002000003000003000400b1
:1088b400000300000400040000050000020003009f
:1088c400000300000400030000040000040005008d
:1088d400000300000400040000050000040005007b
:1088e400000500000600020000030000030004006d
:1088f400000300000400040000050000030004005d
:108904000004000005000400000500000500060046
:10891400000300000400040000050000040005003a
:108924000005000006000400000500000500060024
:108934000005000006000600000700000200030016
:10894400000300000400030000040000040005000c
:1089540000030000040004000005000004000500fa
:1089640000050000060003000004000004000500e8
:1089740000040000050005000006000004000500d6
:1089840000050000060005000006000006000700c0
:1089940000030000040004000005000004000500ba
:1089a40000050000060004000005000005000600a4
:1089b4000005000006000600000700000400050092
:1089c4000005000006000500000600000600070080
:1089d400000500000600060000070000060007006e
:1089e4000007000008000000da140000ec3a000060
:1089f40080000000cc8700003408000080000000e4
:108a0400808300004c04000080000000001000007f
:108a1400da040000800000001a770000e608000075
:088a24008000000000000000ca
:020000040000fa
:020000040003f7
:108a2c003d0000004d0000004a0000000000000066
:108a3c0043ff00002efe000054fd0000a2fd0000cc
:108a4c0000000000c8040000630b00004c12000082
:108a5c008e170000851900008e1700004c120000c4
:108a6c00630b0000c804000000000000a2fd000021
:108a7c0054fd00002efe000043ff0000000000002b
:108a8c004a0000004d0000003d00000053000000b3
:108a9c00560000006d000000390000006fff000060
:108aac0012fe0000c1fc00009cfc0000cdfe00008a
:108abc00de030000360b0000151300002519000022
:108acc006d1b00002519000015130000360b00006b
:108adc00de030000cdfe00009cfc0000c1fc000089
:108aec0012fe00006fff0000390000006d00000056
:108afc0056000000530000006b00000061000000f5
:108b0c0092000000780000009eff0000f4fd0000c1
:108b1c0023fc000081fb000081fd0000e10200004d
:108b2c00070b0000ef130000de1a00007d1d000093
:108b3c00de1a0000ef130000070b0000e10200003a
:108b4c0081fd000081fb000023fc0000f4fd00000f
:108b5c009eff000078000000920000006100000001
:108b6c006b000000820000006b000000b7000000ea
:108b7c00b4000000ccff0000d7fd00008afb000011
:108b8c006efa00003efc0000eb010000d80a000069
:108b9c00c31400008b1c00007d1f00008b1c000008
:108bac00c3140000d80a0000eb0100003efc0000da
:108bbc006efa00008afb0000d7fd0000ccff00001d
:108bcc00b4000000b70000006b0000008200000041
:108bdc009800000074000000d9000000ec000000b8
:108bec00f7ff0000bbfd0000fafa00006cf9000072
:108bfc0010fb000005010000ac0a00008915000004
:108c0c001d1e00005e2100001d1e000089150000c5
:108c1c00ac0a00000501000010fb00006cf900001c
:108c2c00fafa0000bbfd0000f7ff0000ec000000aa
:108c3c00d90000007400000098000000b60000008d
:108c4c0081000000090100003b010000330000001e
:108c5c0095fd000031fa000006f800006bf90000e9
:108c6c00c4ff0000700a00009e1600004c2000009b
:108c7c00fc2300004c2000009e160000700a00002f
:108c8c00c4ff00006bf9000006f8000031fa000088
:108c9c0095fd0000330000003b01000009010000bd
:108cac0081000000b6000000d20000008d00000022
:108cbc0035010000820100006900000072fd000017
:108ccc007cf90000c2f60000eef70000a2fe0000e6
:108cdc00390a0000981700004522000059260000b0
:108cec004522000098170000390a0000a2fe00007f
:108cfc00eef70000c2f600007cf9000072fd0000e7
:108d0c006900000082010000350100008d000000a8
:048d1c00d200000081
:020000040000fa
:020000040003f7
:108d2000610000006d000000ceff0000ccfd0000df
:108d300001fc0000cbfe000061090000e01800000b
:108d40008c2400008c240000e01800006109000061
:108d5000cbfe000001fc0000ccfd0000ceff0000b7
:108d60006d00000061000000710000008f00000035
:108d700016000000c2fd000015fb000038fd0000d9
:108d8000600800009d190000dd260000dd260000bf
:108d90009d1900006008000038fd000015fb000070
:108da000c2fd0000160000008f00000071000000ee
:108db00083000000b20000005e000000b8fd00006b
:108dc00026fa0000a1fb00005c0700005e1a00000c
:108dd00035290000352900005e1a00005c070000fc
:108de000a1fb000026fa0000b8fd00005e000000b4
:108df000b20000008300000098000000dd000000c9
:108e0000b8000000abfd0000fff80000a9f9000069
:108e10001b0600004b1b00001a2c00001a2c00003f
:108e20004b1b00001b060000a9f90000fff8000022
:108e3000abfd0000b8000000dd000000980000005d
:108e4000a90000000001000001010000a1fd0000d8
:108e50000ff800000ff80000160500000d1c0000c0
:108e6000752e0000752e00000d1c00001605000078
:108e70000ff800000ff80000a1fd00000101000044
:108e800000010000a9000000bf0000002d0100004b
:108e90005e01000093fd0000dcf6000003f6000018
:108ea000c7030000041d0000783100007831000085
:108eb000041d0000c703000003f60000dcf60000fc
:108ec00093fd00005e0100002d010000bf000000c6
:108ed000d50000005a010000bd01000086fd000021
:108ee000a5f50000eff3000074020000ff1d000074
:108ef0008634000086340000ff1d0000740200006c
:108f0000eff30000a5f5000086fd0000bd010000a4
:108f10005a010000d5000000ec00000089010000ab
:108f20001e02000078fd000066f40000cff1000092
:108f30001a010000ff1e0000a6370000a63700003f
:108f4000ff1e00001a010000cff1000066f40000cf
:108f500078fd00001e02000089010000ec00000006
:108f600008010000c10100009402000067fd00003c
:108f7000e1f2000037ef000072ff0000392000002e
:108f8000793b0000793b00003920000072ff0000af
:108f900037ef0000e1f2000067fd000094020000de
:108fa000c10100000801000023010000f8010000d9
:108fb0000703000057fd000068f10000b2ec00005c
:108fc000d7fd0000692100002d3f00002d3f00006b
:108fd00069210000d7fd0000b2ec000068f100003c
:108fe00057fd000007030000f80100002301000006
:020000040000fa
:020000040003f7
:108ff0004006000040060000400600004006000059
:109000004006000040060000400600004006000048
:109010004006000040060000400600004006000038
:109020004006000040060000400600004006000028
:109030004006000040060000400600004006000018
:109040004006000040060000400600004006000008
:1090500040060000410600004106000042060000f4
:109060004406000046060000490600004e060000c7
:10907000550600005d060000680600007506000049
:109080008406000093060000a4060000b506000058
:10909000c4060000d3060000e0060000ea06000057
:1090a000f2060000f8060000fb060000fc060000c7
:1090b000fb060000f8060000f2060000ea060000c9
:1090c000e0060000d30600008406000093060000be
:1090d000a4060000b5060000c5060000d306000087
:1090e000e0060000eb060000f3060000fa060000b0
:1090f000ff0600000207000004070000060700004a
:109100000707000007070000080700000807000025
:10911000c4060000b5060000a40600009306000087
:109120008306000075060000680600005d0600006a
:10913000550600004e0600004906000046060000e5
:1091400044060000420600004106000041060000ff
:109150004006000040060000c4060000b5060000fe
:10916000a4060000930600008406000075060000b7
:10917000680600005e06000056060000500600006b
:109180004d0600004c0600004d0600005006000091
:10919000560600005e060000680600007506000026
:1091a0000807000008070000080700000807000083
:1091b0000807000008070000080700000707000074
:1091c0000707000006070000040700000207000070
:1091d000ff060000fa060000f3060000eb060000a0
:1091e000e0060000d30600000807000008070000a2
:1091f0000807000008070000080700000807000033
:109200000807000008070000080700000807000022
:109210000807000008070000080700000807000012
:109220000807000008070000080700000807000002
:020000040000fa
:020000040003f7
:109230000280000001800000018000000180000029
:10924000018000000180000001800000018000001a
:10925000018000000180000001800000018000000a
:1092600001800000018000000180000001800000fa
:1092700001800000018000000280000001800000e9
:1092800001800000018000000280000006800000d4
:109290000e8000002380000052800000b680000095
:1092a0007f810000f982000096850000eb890000b4
:1092b000aa900000889a000011a8000081b900005f
:1092c00097ce000083e60000000000007d1900003a
:1092d000683100007a460000e15700005665000042
:1092e000056f000060750000ec7800000f7a000048
:1092f000ec78000060750000056f00005665000006
:10930000e15700007a46000097ce000083e6000097
:10931000000000007d1900006a3100007f46000057
:10932000ef57000078650000566f000015760000ca
:109330006a7a0000077d0000817e00004a7f0000fd
:10934000ae7f0000dd7f0000f27f0000fa7f0000aa
:10935000693100007d1900000000000083e6000074
:1093600096ce000081b9000011a80000889a000084
:10937000aa900000eb89000096850000f9820000a9
:109380007f810000b6800000528000002380000032
:109390000e80000006800000693100007d19000089
:1093a0000000000083e6000098ce000086b90000af
:1093b0001fa80000aa9a0000fb900000a08a0000ed
:1093c00014870000f185000014870000a08a0000c7
:1093d000fb900000aa9a00001fa8000086b90000b8
:1093e000fe7f0000ff7f0000ff7f0000ff7f000086
:1093f000fe7f0000fa7f0000f27f0000dd7f0000aa
:10940000ae7f00004a7f0000817e0000077d0000e3
:109410006a7a000015760000566f0000786500003b
:10942000ef5700007f460000fe7f0000ff7f000036
:10943000ff7f0000ff7f0000ff7f0000ff7f000034
:10944000ff7f0000ff7f0000ff7f0000ff7f000024
:10945000ff7f0000ff7f0000ff7f0000ff7f000014
:10946000ff7f0000ff7f0000ff7f0000ff7f000004
:020000040000fa
:020000040003f7
:1094700000000000000000000000000003000000e9
:1094800000000000050000000e00000007000000c2
:1094900000000000090000000e0000000b000000aa
:1094a0000e0000000d0000000e0000000e00000085
:1094b00000000000030000000300000003000000a3
:1094c000040000000d000000060000000300000082
:1094d000080000000d0000000a000000030000006a
:1094e0000d0000000d0000000e0000000d00000047
:1094f0000000000005000000020000000b0000005a
:109500000500000005000000060000000500000046
:10951000080000000b0000000b0000000b00000022
:109520000c000000050000000e0000000b00000011
:109530000800000001000000060000000300000019
:109540000600000005000000060000000600000004
:109550000800000008000000080000000b000000e8
:10956000080000000d000000060000000f000000d1
:1095700000000000090000000200000007000000d9
:1095800004000000070000000700000007000000c2
:1095900009000000090000000a00000009000000a6
:1095a0000c000000090000000e0000000700000091
:1095b00004000000010000000a0000000300000099
:1095c0000400000004000000040000000700000088
:1095d0000a000000090000000a0000000a00000064
:1095e000040000000d0000000a0000000f00000051
:1095f0000200000001000000020000000200000064
:109600000c00000005000000020000000700000040
:109610000c00000009000000020000000b00000028
:109620000c0000000c0000000c0000000f00000007
:109630000100000001000000020000000100000025
:109640000400000001000000060000000f00000000
:1096500008000000010000000a0000000f000000e8
:109660000c0000000f0000000f0000000f000000c1
:020000040000fa
:020000040003f7
:1096700000000000010000000100000001000000e7
:1096800001000000010000000100000001000000d6
:1096900001000000010000000100000001000000c6
:1096a00001000000010000000000000001000000b7
:1096b00001000000010000000100000000000000a7
:1096c0000100000001000000010000000100000096
:1096d0000100000001000000010000000100000086
:1096e0000100000000000000010000000100000077
:1096f0000100000001000000010000000100000066
:109700000100000000000000010000000100000056
:109710000100000001000000010000000000000046
:109720000100000001000000010000000100000035
:109730000100000001000000010000000100000025
:109740000100000001000000000000000100000016
:109750000000000001000000010000000100000006
:1097600001000000010000000100000001000000f5
:1097700001000000010000000100000001000000e5
:1097800001000000010000000100000000000000d6
:1097900001000000000000000100000001000000c6
:1097a00001000000010000000100000001000000b5
:1097b00001000000010000000100000001000000a5
:1097c0000000000001000000010000000100000096
:1097d0000100000001000000000000000100000086
:1097e0000100000001000000010000000100000075
:1097f0000100000001000000000000000100000066
:109800000100000001000000010000000100000054
:109810000100000001000000010000000100000044
:109820000000000001000000010000000100000035
:109830000100000000000000010000000100000025
:109840000100000001000000010000000100000014
:109850000100000001000000010000000100000004
:1098600001000000010000000100000000000000f5
:020000040000fa
:020000040003f7
:10987000f3ff0000fbff00000200000005000000f5
:1098800001000000f8ff0000e9ff0000daff00001f
:10989000d0ff0000cdff0000d5ff0000e5ff000075
:1098a000f7ff000002000000feff0000e6ff0000de
:1098b000bdff00008fff000069ff00005cff00009b
:1098c0006dff000099ff0000d0ff0000f9ff0000cd
:1098d000fdff0000ceff000072ff000001ff00004e
:1098e000a0fe000074fe000094fe0000fbfe0000dd
:1098f00086ff0000000000002f000000eeff0000c7
:1099000040ff000051fe00006ffd0000f2fc00006f
:1099100018fd0000eafd000031ff00007d0000009e
:10992000460100001f010000deff0000bdfd000039
:1099300059fb00008df9000039f90000fcfa000025
:10994000f7fe0000b8040000420b00004b110000bd
:109950008b150000131700008b1500004b11000041
:10996000420b0000b8040000f7fe0000fcfa000003
:1099700039f900008df9000059fb0000bdfd000021
:10998000deff00001f010000460100007d00000016
:1099900031ff0000eafd000018fd0000f2fc0000ad
:1099a0006ffd000051fe000040ff0000eeff0000d0
:1099b0002f0000000000000086ff0000fbfe0000fa
:1099c00094fe000074fe0000a0fe000001ff0000f5
:1099d00072ff0000ceff0000fdff0000f9ff000055
:1099e000d0ff000099ff00006dff00005cff000049
:1099f00069ff00008fff0000bdff0000e6ff0000d0
:109a0000feff000002000000f7ff0000e5ff00007d
:109a1000d5ff0000cdff0000d0ff0000daff0000fe
:109a2000e9ff0000f8ff0000010000000500000051
:0c9a300002000000fbff0000f3ff00003c
:020000040000fa
:020000040003f7
:109a3c00889fbe008a9fbe00100c9000800890008a
:109a4c0001044400100178009001900002044400cd
:109a5c00e08449000888be00e10f4400e08f5c0000
:109a6c000f0034000801be0006002000f7ff2f0095
:109a7c00f4ff2f00050020000201430083814b00fe
:109a8c00840f5100858f5900fbff3c00e18454008a
:109a9c006011b8008901ea000218440003904c00e0
:109aac001004780090049000e00f5400e08f5c00ec
:109abc0011003d000801be0004002000150020002c
:109acc000201420083814a00fdff33006001440023
:109adc00e1814c000884ea008984ea00404cde00f5
:109aec0009002000c044dd000800200002044400ee
:109afc0083844c000888be000a0024000b00200060
:109b0c000805450089854d003a0098004b009800e7
:109b1c00e10f4500e08f5d00150034000a01be0026
:109b2c0006002000f7ff2f00f4ff2f000500200097
:109b3c000201430083814b00840f5100858f590033
:109b4c00fbff3c00e185550004002400f5ff2f00cd
:109b5c000802420089824a006011b8008501ea00bf
:109b6c000a0541008b8549003a0098004b0098008b
:109b7c00c848dd004841de0002817000c8c9de0023
:109b8c000202410083824900629b2b0013102000cb
:109b9c0004024100858249009101800004f0a40078
:109bac008582d20005d0fe001402780001d0fe00a0
:109bbc0024009800c858dd004852de000482700072
:109bcc00c8dade000402420085824a00040141002a
:109bdc00858149009101800002f0a4008381d200ac
:109bec0003d0fe001201780001d0fe005200980054
:109bfc004f05be004f04be000000060000037800b5
:109c0c00007020004628b700102bef006590200054
:109c1c00e558880025002000955888000402e900ca
:109c2c00f4588800162bef001a2bef00a65888006a
:109c3c00c1588800202bef0040902000605988000c
:109c4c001559880074598800262bef002a2bef0039
:109c5c0022598800435988000308a9002308a90049
:109c6c0020002a00005988008058880001c8a900eb
:109c7c0021c8a80000000600889fbe008a1f78003b
:109c8c000284d1002400200015002000840f510014
:109c9c00040034008502e80004024200840f5100e5
:109cac00fcff3c0042a1de00f284120043a2de0065
:109cbc00020154004295de000300e0000f00320068
:109ccc000001eb00040545006113b90006034300d5
:109cdc0087834b00060240009402780089aade00bc
:109cec0085024500050a540006834000088b42009b
:109cfc000201e800828f5100f3ff3e004f0578000f
:109d0c004f04be0000000600889fbe000004be0089
:109d1c000029ef000229ef0000c021000029b70044
:109d2c000629ef0013002000080178004190200064
:109d3c0060902000d0ff070000fe2f000209b60043
:109d4c00c000b300104888000900e00002003a008f
:109d5c000389a900010037000389a80070002000c6
:109d6c000029b7000621ef001021ef000804e900dc
:109d7c006808880011a1a80010c1a9001021a90031
:109d8c00f0fc2f001021b60011e1a80000e8a9009a
:0c9d9c0020e8a9004f04be0000000600f3
:020000040000fa
:020000040003f7
:109da800f0ff0000d3ff0000b6ff0000a3ff000093
:109db8009fff0000acff0000c6ff0000e7ff0000a7
:109dc800030000000d00000000000000dcff0000a0
:109dd800acff000080ff00006fff00008aff00005a
:109de800d9ff000055000000e800000073010000e2
:109df800d0010000e6010000a901000026010000d2
:109e080080000000e9ff000090ff000096ff0000be
:109e180000000000ad0000005c010000bc01000073
:109e28008001000076000000a1fe00003bfc00005d
:109e3800b5f90000a1f7000093f60000fcf6000059
:109e480008f9000093fc000020010000f50500005f
:109e5800390a0000270d0000310e0000270d000010
:109e6800390a0000f50500002001000093fc0000fd
:109e780008f90000fcf6000093f60000a1f70000c6
:109e8800b5f900003bfc0000a1fe000076000000d0
:109e980080010000bc0100005c010000ad00000072
:109ea8000000000096ff000090ff0000e9ff00009e
:109eb8008000000026010000a9010000e601000062
:109ec800d001000073010000e80000005500000008
:109ed800d9ff00008aff00006fff000080ff00002c
:109ee800acff0000dcff0000000000000d000000d7
:109ef80003000000e7ff0000c6ff0000acff000001
:109f08009fff0000a3ff0000b6ff0000d3ff000082
:049f1800f0ff000056
:020000040000fa
:020000040003f7
:109f1c00030300000303000003010000030300001f
:109f2c000303000001010000030300000301000013
:109f3c000101000003030000010100000101000009
:109f4c0003010000010100000101000003030000f7
:109f5c0003030000010300000303000001010000e3
:109f6c0003030000010100000103000001010000d7
:109f7c0001010000010300000000000000030000cc
:109f8c0001010000010000000301000003010000ba
:109f9c0000030000010100000000000001000000af
:109fac00000000000001000001030000010000009f
:109fbc00030300000100000000010000010100008b
:109fcc000100000001010000000000000001000081
:109fdc000303000003000000030100000300000065
:109fec000001000003010000010000000303000059
:109ffc000000000000030000010000000000000051
:10a00c000303000003000000000100000303000034
:10a01c000100000003030000010300000001000028
:10a02c00030100000000000001010000010000001d
:10a03c00000300000000000000000000010100000f
:10a04c0003000000000100000101000003000000fb
:10a05c0001030000030000000003000001010000e8
:10a06c0003000000030100000303000000030000d4
:08a07c000301000001000000d7
:020000040000fa
:020000040003f7
:10a084000202be0000004000818048006011b80058
:10a094006033b800f8070200000000000008a300c5
:10a0a4000400320062004000e08048006001490082
:10a0b400e08149008301d1000281d3008180d30073
:10a0c4000080d300000006008002780001037800bd
:10a0d400110009008602d800000178008692b900b8
:10a0e400848f5200010034000201e800020078006d
:10a0f40000000600800278000103780011000900c6
:10a104008602d800000178008692b900848f52003c
:10a11400010034000201e80002007800000006009b
:10a124000080fb008000eb004240a9000e003400d8
:10a134006101b9000201410083814900605b2b0089
:10a14400111020000200400083804800920180002a
:10a1540000f0a4008180d20001d0fe00100078003d
:10a1640002d0fe00800078000100780000000600a4
:10a17400889fbe00480620008884b900cfc4de0052
:10a184004788de00e6ff0700cf80de0008044000b9
:10a1940089844800a125200081c9b9000140b80084
:10a1a40081004100420620000300200072060200e4
:10a1b400000000004f04be0000000600889fbe009f
:10a1c4008a9fbe00170020000200e0000e00340049
:10a1d4008001eb006105b800610cb8000300780051
:10a1e400611ab9000a0342000802420016437800cb
:10a1f400944f530001003200800378008301e8008b
:10a20400828f5100f6ff3a00070078004f05be0028
:10a214004f04be00000006000001eb000100e00056
:10a224000c00340003c2b30090cf110009003200c7
:10a234006103b8000342780003003700860141003f
:10a24400934f1200030032000201e800828f500095
:10a25400faff3c0002007800000006000002eb0058
:10a264000100e0000b003400040178006103b80031
:10a2740005cdb3008601410093c14200e9cf5100ee
:10a2840001003e000402e8000201e800810f5100d1
:10a29400f8ff3a000400780000000600889fbe0022
:10a2a4000002eb000100e0000c003400040178001f
:10a2b4006104b800f6cdb300e5c5b30088014100e0
:10a2c4009341430085cf510001003e000402e800a1
:10a2d4000201e800810f5100f8ff3a000400780001
:08a2e4004f04be00000006005b
:020000040000fa
:020000040003f7
:10a2ec00200000001600000007000000f5ff000031
:10a2fc00e3ff0000d5ff0000ccff0000ccff000006
:10a30c00d6ff0000e9ff0000020000001e00000064
:10a31c00380000004b00000050000000430000001b
:10a32c0022000000eeff0000a9ff00005cff00000f
:10a33c0011ff0000d3fe0000b1fe0000b8fe0000cb
:10a34c00f4fe00006eff0000280000002201000057
:10a35c0053020000ad0300001f0500009106000031
:10a36c00eb07000016090000fd0900008f0a000031
:10a37c00c10a00008f0a0000fd0900001609000048
:10a38c00eb070000910600001f050000ad03000064
:10a39c005302000022010000280000006eff0000a4
:10a3ac00f4fe0000b8fe0000b1fe0000d3fe000079
:10a3bc0011ff00005cff0000a9ff0000eeff000091
:10a3cc002200000043000000500000004b00000081
:10a3dc00380000001e00000002000000e9ff000031
:10a3ec00d6ff0000ccff0000ccff0000d5ff000022
:10a3fc00e3ff0000f5ff000007000000160000005e
:04a40c00200000002c
:020000040000fa
:020000040003f7
:10a410000000000036000000ad1100003600000012
:10a420000000000065000000981100001b00000003
:10a4300000000000b3000000581100000d000000f3
:10a44000000000002e010000e510000006000000e2
:10a4500000000000e00100003610000002000000d3
:10a4600000000000d5020000430f000001000000c2
:10a470000000000011040000080e000000000000b1
:10a48000000000008e0500008a0c000000000000a3
:10a49000000000003f070000d90a00000000000093
:10a4a000000000000c0900000c0900000000000082
:10a4b00000000000d90a00003f0700000000000073
:10a4c000000000008a0c00008e0500000000000063
:10a4d00000000000080e0000110400000000000051
:10a4e00001000000430f0000d50200000000000042
:10a4f0000200000036100000e00100000000000033
:10a5000006000000e51000002e0100000000000021
:10a510000d00000058110000b30000000000000012
:10a520001b00000098110000650000000000000002
:020000040000fa
:020000040003f7
:10a530000000000001000000682900000100000088
:10a54000000000002e00000049290000f3ff000079
:10a550000000000097000000e0280000f3ff00006a
:10a56000000000006301000010280000f7ff000059
:10a5700000000000c0020000b0260000faff00004a
:10a5800000000000d804000095240000fdff00003a
:10a5900000000000c5070000a6210000ffff00002a
:10a5a00000000000850b0000e61d0000ffff00001a
:10a5b00000000000ed0f00007d1900000000000009
:10a5c00000000000b5140000b514000000000000f9
:10a5d000000000007d190000ed0f000000000000e9
:10a5e000ffff0000e61d0000850b000000000000da
:10a5f000ffff0000a6210000c507000000000000ca
:10a60000fdff000095240000d804000000000000b9
:10a61000faff0000b0260000c002000000000000a9
:10a62000f7ff000010280000630100000000000098
:10a63000f3ff0000e0280000970000000000000089
:10a64000f3ff0000492900002e0000000000000078
:020000040000fa
:020000040003f7
:10a6500001800000018000000180000001800000f6
:10a6600001800000018000000180000001800000e6
:10a6700001800000018000000280000006800000d0
:10a6800020800000aa800000d68200009e89000081
:10a69000119a000009b900004fe60000b01900004f
:10a6a000f2460000d0650000b9750000557a000040
:10a6b000b9750000d0650000f24600004fe60000ca
:10a6c000b1190000f7460000ef6500006276000057
:10a6d0002a7d0000567f0000e07f0000fa7f000026
:10a6e000b11900004fe6000009b90000119a0000fe
:10a6f0009e890000d6820000aa8000002080000011
:10a7000006800000b119000050e600000eb90000fc
:10a71000309a0000478a0000ab850000478a00009d
:10a72000309a00000eb90000ff7f0000fe7f00009d
:10a73000fa7f0000e07f0000567f00002a7d0000c5
:10a7400062760000ef650000f7460000ff7f000022
:10a75000ff7f0000ff7f0000ff7f0000ff7f000001
:10a76000ff7f0000ff7f0000ff7f0000ff7f0000f1
:020000040000fa
:020000040003f7
:10a7700001000000050000000b00000010000000b8
:10a780001000000007000000f5ff0000e1ff0000de
:10a79000d2ff0000cbff0000d1ff0000e2ff00006d
:10a7a000feff00001f0000003d0000004f00000001
:10a7b0004e0000003400000002000000beff000058
:10a7c00074ff000034ff000015ff00002cff0000a4
:10a7d0008bff00003f0000004c010000a8020000b9
:10a7e00042040000fb050000b00700003a09000029
:10a7f000730a00003d0b0000820b00003d0b0000bf
:10a80000730a00003a090000b0070000fb050000d1
:10a8100042040000a80200004c0100003f000000bc
:10a820008bff00002cff000015ff000034ff00002c
:10a8300074ff0000beff00000200000034000000b2
:10a840004e0000004f0000003d0000001f0000000f
:10a85000feff0000e2ff0000d1ff0000cbff000080
:10a86000d2ff0000e1ff0000f5ff0000070000003c
:10a8700010000000100000000b00000005000000a8
:04a8800001000000d3
:020000040000fa
:020000040003f7
:10a88400889fbe000003eb000200e00017003400c4
:10a894008601780003037800f80f200067fc240089
:10a8a400611ab9000402420085824a00848440008f
:10a8b400040240009904780014826c00880262004b
:10a8c4008502d000878242004822de000402d000c4
:10a8d40007024200950278001482420004034300f8
:10a8e4008301e800828f5100edff3a0006007800f2
:10a8f4004f04be0000000600889fbe008a1f780037
:10a904000003eb000200e00011003400860178002f
:10a9140003037800610cb8008000eb0067fc24009e
:10a92400611ab90008054200000242001a45780085
:10a9340014426d000482fb000402d00007024200ae
:10a94400140343008301e800828f5100f4ff3a00ae
:10a95400060078004f0578004f04be000000060092
:10a9640000017800f20fb2000201d00061fc240063
:10a97400010141004800de000000d00081004000d9
:0ca98400120178001100410000000600e4
:020000040000fa
:020000040003f7
:10a990008a000000b1000000a50000006100000076
:10a9a000ebff00005cff0000d6fe000081fe00000f
:10a9b00080fe0000e8fe0000b7ff0000d4000000a9
:10a9c0000a02000014030000aa0300008a0300002a
:10a9d00090020000be00000046fe000089fb00005f
:10a9e0000cf9000067f700002ef70000d5f8000012
:10a9f0009bfc000078020000140a0000d212000044
:10aa0000da1b00003a240000042b0000702f000025
:10aa1000f9300000702f0000042b00003a240000e1
:10aa2000da1b0000d2120000140a000078020000b5
:10aa30009bfc0000d5f800002ef7000067f700002f
:10aa40000cf9000089fb000046fe0000be0000007b
:10aa5000900200008a030000aa0300001403000013
:10aa60000a020000d4000000b7ff0000e8fe00006a
:10aa700080fe000081fe0000d6fe00005cff0000aa
:10aa8000ebff000061000000a5000000b100000025
:04aa90008a00000038
:020000040000fa
:020000040003f7
:10aa9400c028ef004427ef0061042000313a880009
:10aaa400e40f500010003a0000aeef00e0b32800bd
:10aab40080708800042eef0000042000a07088003d
:10aac40010002000707088001e2eef000c2eef0086
:10aad400e0812800e07088000001200050708800a8
:10aae4001a2eef000f00370000aeef00e0b228008e
:10aaf40080708800042eef0000052000a0708800fc
:10ab040010002000707088001e2eef000c2eef0045
:10ab1400e0802800e0708800000120005070880068
:10ab24001a2eef0000fc2f00223480008200600007
:10ab34000100a000213488000234800082006000fb
:10ab44003100b3000134880001f82f002236800060
:10ab5400828060005102b300213688008806b60066
:10ab64000040a00040348800f08f2f004e08b6004b
:10ab74000080a00070428800f0ff28004408b6005e
:10ab840000c0a0002042880000000600889fbe008c
:10ab94000004be00e00f5000e08f5800190032009e
:10aba4001e21ef002021ef001821ef001421ef00f7
:10abb400823e20000300200000002800413f2000c6
:10abc40042d00200010000008889b90080cab9009f
:10abd400040141000800b80081004100d008880049
:10abe400e10888000388a9001e61a8001fe1a800ed
:10abf400010021001240800002806000fdff32004d
:10ac04001e21ef004f04be0000000600889fbe0016
:10ac14000004be001e21ef002021ef001621ef00ea
:10ac24001421ef0002242400f30020000000280077
:10ac3400413f200042d00200010000008889b90091
:10ac440080cab900040141000800b8008100410035
:10ac5400d0088800e10888000388a9001e61a800c4
:10ac64001fe1a80001002100124080000280600062
:10ac7400fdff32001e21ef004f04be00000006005d
:020000040000fa
:020000040003f7
:10ac8400fdff0000f7ff0000efff0000e5ff0000fc
:10ac9400d8ff0000c8ff0000b6ff0000a3ff0000bb
:10aca40090ff000080ff000077ff000078ff0000a5
:10acb40087ff0000a8ff0000ddff0000290000005e
:10acc4008f0000000e010000a501000051020000e9
:10acd4000f030000d9030000a9040000760500005a
:10ace4003a060000eb06000084070000fc070000a1
:10acf400500800007b0800007b080000500800009a
:10ad0400fc07000084070000eb0600003a06000080
:10ad140076050000a9040000d90300000f03000019
:10ad240051020000a50100000e0100008f00000088
:10ad340029000000ddff0000a8ff000087ff0000dd
:10ad440078ff000077ff000080ff000090ff000004
:10ad5400a3ff0000b6ff0000c8ff0000d8ff0000fa
:10ad6400e5ff0000efff0000f7ff0000fdff00001b
:020000040000fa
:020000040003f7
:10ad7400deff0000caff0000b9ff0000b2ff0000c0
:10ad8400bbff0000d4ff0000f3ff0000010000003f
:10ad9400e4ff00008bff0000fffe00006afe0000dd
:10ada4000bfe00001efe0000b4fe00009fff00002a
:10adb40071000000a1000000c7ff0000defd0000dc
:10adc40065fb00004ff90000bff800009efa000088
:10add40030ff0000e1050000520d0000b91300002f
:10ade4006b1700006b170000b9130000520d000030
:10adf400e105000030ff00009efa0000bff80000eb
:10ae04004ff9000065fb0000defd0000c7ff0000f5
:10ae1400a1000000710000009fff0000b4fe0000cc
:10ae24001efe00000bfe00006afe0000fffe000094
:10ae34008bff0000e4ff000001000000f3ff0000ae
:10ae4400d4ff0000bbff0000b2ff0000b9ff000008
:08ae5400caff0000deff000050
:020000040000fa
:020000040003f7
:10ae5c002023ef0021a3a8002183a8002143a800f0
:10ae6c00f0cf2f002003b6000080a000001988004e
:10ae7c00f0f12f002003b6000070a000001988002c
:10ae8c002083a9002043a8002223ef002423ef00f5
:10ae9c0025e3a80000f021002423b7003223ef00a3
:10aeac003303a8002623ef002823ef002e23ef0006
:10aebc003023ef000e0ea80021e3a80000000600ce
:10aecc00002bef002023ef000000060083ff2f0073
:10aedc0014428000848161006300b3001342880037
:10aeec00002bef000330200063588800d3002000b3
:10aefc00135888000201e90072588800062bef00f5
:10af0c00205888000a2bef00415888000088a900bf
:10af1c002088a800c0ff2f00000bb6000010a00076
:0caf2c000058880001eba800000006009f
:020000040000fa
:020000040003f7
:10af3800faff000000000000c7ff0000000000004a
:10af480056ff00000000000098fe0000000000000e
:10af58007cfd000000000000e9fb0000000000008c
:10af6800b8f90000000000009df600000000000095
:10af7800f4f100000000000014ea000000000000e6
:10af8800ced80000000000004a8600000000000043
:10af9800b679000000000000322700000000000021
:10afa800ec150000000000000c0e0000000000007e
:10afb80063090000000000004806000000000000cf
:10afc80017040000000000008402000000000000d8
:10afd8006801000000000000aa0000000000000056
:0cafe8003900000000000000060000001e
:020000040000fa
:020000040003f7
:10aff40078000000c1ff0000fcfe0000f3fe00002a
:10b00400f5ff000057010000b70100000e0000002a
:10b01400e5fc0000cffa00006bfd000054070000bf
:10b0240015180000812b0000203b00001d4100008a
:10b03400203b0000812b000015180000540700007d
:10b044006bfd0000cffa0000e5fc00000e000000dc
:10b05400b701000057010000f5ff0000f3fe0000f7
:0cb06400fcfe0000c1ff000078000000ae
:020000040000fa
:020000040003f7
:10b070001f00000041000000640000006a000000a2
:10b080001f0000005cff00003bfe00003cfd0000d4
:10b090002bfd0000ddfe0000c20200008f08000052
:10b0a0002c0f0000fb140000611800006118000064
:10b0b000fb1400002c0f00008f080000c2020000eb
:10b0c000ddfe00002bfd00003cfd00003bfe00000b
:10b0d0005cff00001f0000006a0000006400000028
:08b0e000410000001f00000008
:020000040000fa
:020000040003f7
:10b0e800000000007f1900004a0f0000fdff00006b
:10b0f80013220000b8060000f3ff00001627000026
:10b10800c0010000d6ff000004290000efff000086
:10b11800b0ff000068290000b0ff0000efff00004a
:10b1280004290000d6ff0000c00100001627000017
:10b13800f3ff0000b806000013220000fdff000026
:0cb148004a0f00007f190000000000000a
:020000040000fa
:020000040003f7
:10b1540042010000b0010000a5020000cc03000081
:10b16400140500006b060000b6070000dc080000b0
:10b17400c3090000570a0000890a0000570a0000aa
:10b18400c3090000dc080000b60700006b060000dd
:10b1940014050000cc030000a5020000b00100006b
:04b1a4004201000064
:020000040000fa
:020000040003f7
:10b1a80010270000f220000082100000e7fa0000db
:10b1b800e4e60000bfda000045da00009ce5000084
:10b1c80038f90000f30e00000020000006270000f8
:10b1d800d42100000912000098fc000038e80000a3
:08b1e8004bdb0000ddd9000083
:020000040000fa
:020000040003f7
:10b1f00000000000fd14000067230000ba260000d4
:10b20000ec1d0000bf0b0000e4f5000033e300007c
:10b2100088d90000e9db000098e900004cfe00003e
:10b2200088130000a6220000ea260000fe1e00008f
:08b230005c0d00008cf700002a
:020000040000fa
:020000040003f7
:10b2380010270000c8170000e4f50000e9db000053
:10b248002cde0000e7fa00009f1b0000ba26000071
:10b25800881300000df1000045da000002e100004b
:10b2680000000000fe1e0000bb250000f30e0000d9
:08b2780078ec000046d900004b
:020000040000fa
:020000040003f7
:10b2800000000000fe1e0000bb250000f30e0000c1
:10b2900078ec000046d9000061e4000019050000c8
:10b2a000d4210000172400001c0a000038e8000028
:10b2b000f0d8000038e800001c0a00001724000045
:08b2c000d42100001905000073
:020000040000fa
:020000040003f7
:10b2c8000300000001000000020000000000000070
:10b2d8000200000003000000000000000100000060
:10b2e8000100000000000000030000000200000050
:10b2f8000000000002000000010000000300000040
:020000040000fa
:020000040003f7
:10b308000000000041000000b00000004000000004
:10b31800a3000000f10000000200000093000000fc
:10b328009100000092000000a0000000a2000000b0
:10b33800310000002200000023000000f30000009c
:020000040000fa
:020000040003f7
:10b3480001000000010000000000000000000000f3
:10b3580001000000000000000100000000000000e3
:10b3680000000000010000000000000001000000d3
:10b3780000000000000000000100000001000000c3
:020000040000fa
:020000040003f7
:10b3880001000000000000000100000000000000b3
:10b3980000000000000000000100000001000000a3
:10b3a8000100000001000000000000000000000093
:10b3b8000000000001000000000000000100000083
:020000040000fa
:020000040003f7
:10b3c8001821ef002021ef000000e900e0088800c4
:10b3d80021a1a80020c1a9002021a900f0fc2f006c
:10b3e8002021b60021e1a8000388a9002388a9002c
:04b3f800000006004b
:020000040000fa
:020000040003f7
:10b3fc0010270000ec1d0000c806000078ec0000cf
:10b40c004bdb00004bdb000078ec0000c8060000b2
:10b41c00ec1d000010270000ec1d0000c806000009
:020000040000fa
:020000040003f7
:10b42c00000000001c19000078260000d421000048
:10b43c005c0d0000a4f200002cde000088d9000096
:10b44c00e4e60000000000001c1900007826000053
:020000040000fa
:020000040003f7
:10b45c00102700009f1b00000000000061e40000aa
:10b46c00f0d8000061e40000000000009f1b000009
:10b47c00102700009f1b00000000000061e400008a
:020000040000fa
:020000040003f7
:10b48c00000000009f1b0000102700009f1b000005
:10b49c000000000061e40000f0d8000061e400004e
:10b4ac00000000009f1b0000102700009f1b0000e5
:020000040000fa
:020000040003f7
:10b4bc0000710000621300005425000036470000a4
:10b4cc00384900005a2b00006c1d00000e7f000054
:020000040000fa
:020000040003f7
:10b4dc0000000000267e0000ba2a000053900000f5
:10b4ec0073af000065540000226d000092d0000084
:020000040000fa
:020000040003f7
:10b4fc00ff7f0000ad1500005887000075c10000eb
:10b50c00796300003c6000001fbd00001e89000034
:020000040000fa
:020000040003f7
:10b51c0000000000e67f00000b0a0000e480000041
:10b52c00faeb0000897d0000e11d0000cf840000d3
:020000040000fa
:020000040003f7
:10b53c00ff7f00000605000066800000f5f00000ab
:10b54c006c7e0000f91800008a83000042dd0000c8
:020000040000fa
:020000040003f7
:10b55c0000000000d47e000035220000668a000046
:10b56c0014be0000d2630000d85c000038b50000a7
:020000040000fa
:020000040003f7
:10b57c00ff7f000043110000a984000079cd00007a
:10b58c00b76d00001e500000e5a700001f980000da
:020000040000fa
:020000040003f7
:10b59c0000000000ff7f00001e010000048000007e
:10b5ac00c4fd0000f77f00005a030000108000006b
:020000040000fa
:020000040003f7
:10b5bc00ff7f00008f0000000280000053fe00009f
:10b5cc00fa7f0000cb0200000c80000017fc00008a
:020000040000fa
:020000040003f7
:10b5dc002108a90000319000903190006228980059
:0cb5ec00732898002108a8000000060049
:020000040000fa
:020000040003f7
:10b5f800040000000500000006000000070000002d
:020000040000fa
:020000040003f7
:10b60800030000000200000001000000000000002c
:020000040000fa
:020000040003f7
:10b618000000000001000000000000000000000021
:020000040000fa
:020000040003f7
:10b62800020000000300000000000000000000000d
:020000040000fa
:020000040003f7
:10b6380007000000070000000000000000000000f4
:020000040000fa
:020000040003f7
:10b648000100000003000000ffff0000fdff0000f4
:020000040000fa
:020000040005f5
:102800002f08b000889fbe008a9fbe008c9fbe002c
:102810008e1f7800c3e8a9002168a9002188a900bb
:102820000168a9000188a900c028ef004427ef0033
:1028300060042000303a880000aeef00e0b22800cb
:1028400080708800042eef0000052000a070880032
:1028500010002000707088001e2eef000c2eef007c
:102860001c2eef000a2eef001a2eef0000fc2f00a6
:1028700022348000820060000100a0002134880022
:1028800001f82f0023368000838060005102b300de
:102890002136880004348000840060003100b300d9
:1028a000013488008806b6000040a000403488004b
:1028b0000a2ea8001a2ea8002022ef00f0112000f6
:1028c000401188008000280000118800005120007d
:1028d00010118800800409000000000015aea80057
:1028e00014eea800158ea80015cea8000000220046
:1028f0000100200002002300030020000008eb007c
:1029000062004000e0804800820f5000838f580032
:10291000faff3a006033b800e6a79f00f7a79f00d0
:1029200014002000949f9f000004eb00a89f9f00cc
:102930006055b800baa79f00cba79f00fa979f00e9
:102940008b9f9f0088057800dba79f006011b8006f
:102950008b027800c59f9f00b59f9f00d59f9f0069
:10296000f59f9f00e59f9f006000b8000c002200cb
:102970008ca79f00cdf92f008d864700ed979f0013
:102980000d83e8006134b800b8979f00c9979f0095
:1029900049f92f0089844700d9979f000985e800ed
:1029a000aa979f00060037006fa69700ffa6970022
:1029b00061064600e0864e00eca79f00fda79f0041
:1029c0000400e0001200320006242400f70020007a
:1029d0006fa49700ffa49700860f5400878f5c00b8
:1029e0000b003a00071020000004be001a118000fe
:1029f0008a806300fdff32000800be00b60420009c
:102a0000261188006066b800eca79f00fda79f0014
:102a10000060fe002202ab00e3ff320034118000b0
:102a200026052000860f520002003a000000fe003a
:102a30001300370066052000860f520010003a0090
:102a400006102000850378000002be000700780011
:102a50001d1180008d006300fdff3200000378002f
:102a60000400be008602780044062000241188007d
:102a700015cea9000002eb00d4a79f006a01370021
:102a80005fa497006143b900ea0f5300e08f5b0039
:102a900065013e00060601000a0037004c003700c1
:102aa000620037007c00370091003700a800370033
:102ab000bf003700db003700f00037000b013700a4
:102ac0003a01370015cea900a6032000860f520058
:102ad00055013a009f9c97000900e0003400320045
:102ae0002c27ef002a27ef0030002400403988000f
:102af0000600fc005005200070398800a00a200064
:102b00007039880029e7a8000000000000000000dc
:102b10002807e200feff35000005eb00da8f9f007a
:102b2000a00f2000a002880001402900010dbb0079
:102b3000200020008a0078008088bb000008bb00cd
:102b40000188bb002c27ef002a27ef00100024008b
:102b5000403988000600fc005005200070398800cc
:102b6000a00a20007039880029e7a80000000000b2
:102b7000000000002807e200feff35000000eb0027
:102b8000a08f9f00b08f9f00c08f9f00909f9f00dd
:102b9000fc0020000d002000bca79f00cda79f00d7
:102ba00002802000030020004000200001002000df
:102bb000dfa697008d06e800dda79f008002eb00ee
:102bc000c59f9f00b59f9f00d59f9f00480337007a
:102bd000158ea90006fd2f0004034300e90f5300e2
:102be0000d003600f6f92f0004034300e50f5300f3
:102bf00003003e0096fa2f0004034300060037004e
:102c0000f6fb2f0004034300e50f530053033e007f
:102c100096fc2f00040343004433dd00b69f9f0061
:102c200024002000d4a79f00ff00370014eea90065
:102c300006fd2f0004034300e90f53000d0036008a
:102c4000f6f92f0004034300e50f530003003e0094
:102c500096fa2f000403430006003700f6fb2f000e
:102c600004034300e50f530044033e0096fc2f008d
:102c700004034300bf9b970087037300b79f9f0027
:102c80005f9c970007044400d89f9f0039002000f4
:102c9000d9a79f00e400370006fd2f00040343007e
:102ca000e90f53000d003600f6f92f00040343002e
:102cb000e50f530003003e0096fa2f000403430083
:102cc00006003700f6fb2f0004034300e50f530016
:102cd00032033e0096fc2f00040343004c33dd001a
:102ce000e69f9f004a002000daa79f00ce00370031
:102cf00006fd2f0004034300e90f53000d003600ca
:102d0000f6f92f0004034300e50f530003003e00d3
:102d100096fa2f000403430006003700f6fb2f004d
:102d200004034300e50f530024033e0096fc2f00ec
:102d3000040343004833dd00ef9d97008b057300cb
:102d4000eb9f9f005c002000dca79f00b6003700cf
:102d500006fd2f0004034300e90f53000d00360069
:102d6000f6f92f0004034300e50f530003003e0073
:102d700096fa2f000403430006003700f6fb2f00ed
:102d800004034300e50f530014033e0096fc2f009c
:102d9000040343004433dd00ef9e97008d0673006b
:102da000ed9f9f0064002000d4a79f009e00370085
:102db00006fd2f0004034300e90f53000d00360009
:102dc000f6f92f0004034300e50f530003003e0013
:102dd00096fa2f000403430006003700f6fb2f008d
:102de00004034300e50f530004033e0096fc2f004c
:102df00004034300ef9b970087037300e79f9f0046
:102e0000483bde000782fb00040243005f9c970002
:102e100004044400d89f9f0079002000d9a79f0098
:102e20008100370006fd2f0004034300e90f530023
:102e30000d003600f6f92f0004034300e50f5300a0
:102e400003003e0096fa2f000403430006003700fb
:102e5000f6fb2f0004034300e50f5300ef023e0092
:102e600096fc2f00040343004433dd00f69f9f00cf
:102e70008a002000daa79f006b00370006fd2f00b4
:102e800004034300e90f53000d003600f6f92f004c
:102e900004034300e50f530003003e0096fa2f00a1
:102ea0000403430006003700f6fb2f000403430031
:102eb000e50f5300e1023e0096fc2f00040343009f
:102ec000ff9d97008b057300fb9f9f005f9e9700ff
:102ed0000b064600dc9f9f009d002000dda79f00a1
:102ee0000002eb00c49f9f004f003700ed0f52001f
:102ef00002003200ea0f52000c003a0015002000d8
:102f00002f7b97000604e00001003200250020001e
:102f100015aea80014eea800158ea80015cea800c6
:102f20008003eb00d7a79f003f0037004f9c97001e
:102f30000803d00029f72f008f8444000683440043
:102f4000000beb0006fd2f0004034300e90f5300c4
:102f50000d003600f6f92f0004034300e50f53007f
:102f600003003e0096fa2f000403430006003700da
:102f7000f6fb2f0004034300e50f5300b7023e00a9
:102f800096fc2f00040343004f9d97000a02d000d7
:102f90004433dd0086057800e408b1008b377a0001
:102fa000ac002000dca79f001f00370006fd2f00ab
:102fb00004034300e90f53000d003600f6f92f001b
:102fc00004034300e50f530003003e0096fa2f0070
:102fd0000403430006003700f6fb2f000403430000
:102fe000e50f5300a5023e0096fc2f0004034300aa
:102ff000cf9e97000d02d00027f72f008f8343004c
:103000000482430014037300060a78005f9c970053
:1030100006044400d89f9f008d06e800cd9f9f00c6
:1030200099002000d9a79f00e18f520030023a009a
:103030007f9d9700e10f5500ec003200030039003e
:10304000e40f55000f023a0009023700bf9e9700b7
:10305000616eb800acb79f00bdb79f00e00f56008f
:10306000e08f5e000c0232007f9397008f9b9700e9
:10307000c032dd0004002000ef9b97000482430073
:10308000e0824a000004eb006033b8001900200021
:10309000c9af9f002bf72f008f854500615db800f9
:1030a0008ab79f009bb79f003fa69700cfa69700c7
:1030b0008c0f52008d8f5a0080003600630540004f
:1030c000e0854800eaaf9f00fbaf9f00fc3f29006e
:1030d0002d0020008c0f55008d8f5d0077003e0085
:1030e000820f5000838f58001d0039000a802f0086
:1030f00039002400e6af9f00f7af9f000403be0035
:1031000063398800820665005d3988004939880086
:103110000600fc005505200075398800a50a20002e
:103120007539880029e7a8000000000000000000b1
:103130002807e200feff3500048020000500200083
:103140000201420083814a00800f5100818f5900a3
:10315000ebff36000602be006fab9700ffab970097
:10316000a90f2000a90288008004eb002f8d970092
:103170008a0cbb00bf8d97008b8cbb002900200000
:103180004f8e97008c0cbb00df8e97008d8cbb00a0
:10319000400dde000b0020000a0778006a39880025
:1031a00080047800503988001a0024004a398800c9
:1031b0000600fc005a0520007a398800aa0a20007f
:1031c0007a39880029e7a80000000000000000000c
:1031d0002807e200feff3500ae0288001905ba009c
:1031e000ea8f9f009985ba00fb8f9f002f8e970072
:1031f0008c0f550004003a00bf8e97008b8f56004d
:1032000004003a00050037000005eb00caaf9f003c
:10321000020037008005eb00cbaf9f00620040004a
:10322000e0804800a10288008984e8001900ba0003
:1032300080979f009984ba0099979f004f8e9700be
:103240008c0f500004003a00df8e97008d8f5400e1
:1032500004003a00050037000000eb00c0af9f00fb
:10326000020037008000eb00c1af9f008500d10055
:103270000480d30081047800a9a79f00c9ff2f0014
:103280008084640099a79f001fa09700afa09700bb
:10329000000540008185480067064500e0864d0036
:1032a000bca79f00cda79f008004eb00a98f9f00c3
:1032b000b98f9f00c98f9f00d98f9f00fdff20000d
:1032c0008d0f5200e08f5a00190036008505d1009d
:1032d0000485d300e30465000408a3000c00320059
:1032e0008904d0002902b0002af72f000f054500fd
:1032f000890445000805d0008fb597000b054500ef
:103300001a0578004855dd00990c75002a00370031
:103310008904d0000805d0000fb697000c054500c1
:103320009a067800c906b1008db77c0022003700ec
:103330008505d1000485d300e30465000408a300db
:10334000110032000807d0000fb697000c074700a5
:103350001e0778004877dd008904d0002902b000fc
:103360002df72f008f86460089844600990c770040
:103370000a0545008b854d008fa497000a854400ff
:103380001a0d77000c0037000807d0000fb6970021
:103390000c0747001e0778008904d000c906b10059
:1033a0008eb77c000a0545008b854d008fa49700e1
:1033b0000a8544000e0d780061034300e0834b0052
:1033c0000804e80061024200e0824a002fb597003d
:1033d000bfb59700860f5500878f5d0032ff3e0016
:1033e0001b002000ab9f9f00280137001b0020001e
:1033f0002f9e97000c00e0006e0032008006eb006c
:10340000ad9f9f00f43f290025002000840f50004d
:10341000858f580067003e00820f5000838f580050
:103420001700390005802f00380024000680200096
:103430000700200063398800028262005439880046
:10344000483988000600fc005405200074398800c3
:10345000a40a20007439880029e7a80000000000b1
:10346000000000002807e200feff350002014300d3
:1034700083814b00820f5000838f5800edff310095
:10348000a20f2000a20288000001eb00af8a970083
:103490000509bb00bf8997000389bb0022002000fb
:1034a000cf8997000309bb00df8997000389bb0020
:1034b00061398800503988001200240042398800a0
:1034c0000600fc005205200072398800a20a200084
:1034d0007239880029e7a800000000000000000001
:1034e0002807e200feff35000003eb001b00200070
:1034f000ef939700613eb800df949700614cb800ed
:1035000088b79f0099b79f0006047800af91970095
:103510006119b800e2af9f00f3af9f00ccaf9f00ee
:10352000ddaf9f00a10288009003ba006136b800a9
:10353000acb79f00bdb79f004269dd00ce61de00e1
:10354000830171004261dd00cfae97008d02410022
:10355000870a78001082ba00bf949700890341005f
:10356000840b78000fb597008a034100950278001c
:10357000978f520005003a006fae97000c01410092
:10358000920f520003003a000300370088057800cc
:1035900001003700880578000603e800620040005b
:1035a000e0804800e20f5300deff3a008006eb00a7
:1035b000ad9f9f002c27ef002a27ef00300024004a
:1035c000403988000600fc00500520007039880052
:1035d000a00a20007039880029e7a8000000000038
:1035e000000000002807e200feff35002200200056
:1035f000030020000002eb006000b8008fa29700db
:10360000e5af9f00050378008682e800612cb800d2
:10361000c8af9f00d9af9f00e4024300612eb800fd
:10362000acaf9f00bdaf9f00e6024300612bb80026
:1036300086af9f0097af9f00ebb79f00a50f2000bc
:10364000a50288006123b800433cdd00cd34de00d4
:10365000890474004334dd00a8b79f00b9b79f0008
:103660006fae97000805be0008044600e0844c00d9
:103670008002eb00980abb004fab9700dfab9700ce
:103680000a0343008b834b00c6b79f00d7b79f0048
:10369000968abb002fae9700bfae97000a03460084
:1036a0008b834e002d002000960ebb000fae9700be
:1036b0009fae97000a0546008b854e008ab79f0093
:1036c0009bb79f002d0020009a8ebb00400ede00ad
:1036d0000d0020008c0278006c398800000578000d
:1036e000503988001e0024004e3988000600fc0076
:1036f0005e0520007e398800ae0a20007e398800f1
:1037000029e7a8000000000000000000efb59700c6
:10371000f2b79f0083bf9f004fb69700dfb69700b8
:10372000a6b79f00b7b79f002807e200feff35004d
:10373000ebb79f007fb197008fb99700ccb79f0080
:10374000ddb79f002fb39700bfb39700a502880095
:103750009a02ba00e58f9f001a85ba00fa8f9f007f
:10376000988f520004003a004fb697009c0f550006
:1037700004003a00050037000004eb00e8b79f00a2
:10378000020037008004eb00e9b79f00a302880025
:103790009202ba0085979f001284ba0098979f0002
:1037a000968f520004003a008fb29700950f540094
:1037b00004003a00050037000005eb00eab79f005f
:1037c000020037008005eb00ebb79f00640040006b
:1037d000e08048000402e80064014100e081490003
:1037e0000c8020008c0f5000e08f580093ff3a00af
:1037f000efb59700020021008fa697008286460051
:103800008da79f0002102000e18f55000f003a00a5
:10381000820178000002be001011800080806100eb
:10382000fdff3200a20520002211880003102000b5
:103830001211800082806100fdff32000400be0092
:103840000000fe006011b800130037000002be0047
:103850001311800083006100fdff32000400be00f0
:1038600062042000221188006011b80015003700a2
:103870002f3a97006123b800f6979f00879f9f001b
:103880000500370017002000c7af9f004fac97001e
:10389000e10f54000b003a00051020000003be00a9
:1038a0001911800089806200fdff32000600be0011
:1038b000b4042000241188000002eb008402780088
:1038c00039fc3700051020000003be001a118000eb
:1038d0008a806200fdff32000600be006404200002
:1038e000241188000002eb00840278002efc3700cf
:1038f000e28f52000b003a00051020000003be00ca
:103900001b1180008b806200fdff32000600be00ac
:10391000e4042000241188000002eb0084027800f7
:1039200021fc37000002eb00e38f52001efc3a003e
:10393000051020000003be001c1180008c80620076
:10394000fdff32000600be0084052000241188001f
:103950000002eb008402780013fc370015aea800cb
:1039600014eea800158ea80015cea8008006eb0066
:10397000dda79f0035002000ddff370015aea80051
:1039800014eea800158ea80015cea8000002eb00ca
:10399000d4a79f0035002000d5ff370015aea80042
:1039a00014eea800158ea80015cea8008002eb002a
:1039b000d5a79f0035002000cdff370015aea80029
:1039c00014eea800158ea80015cea8000003eb0089
:1039d000d6a79f0035002000c5ff370015aea80010
:1039e00014eea800158ea80015cea8008003eb00e9
:1039f000d7a79f0035002000bdff370015aea800f7
:103a000014eea800158ea80015cea8000004eb0047
:103a1000d8a79f0035002000b5ff370015aea800dd
:103a200014eea800158ea80015cea8008004eb00a7
:103a3000d9a79f0035002000adff370015aea800c4
:103a400014eea800158ea80015cea8000005eb0006
:103a5000daa79f0035002000a5ff370015aea800ab
:103a600014eea800158ea80015cea8008005eb0066
:103a7000dba79f00350020009dff370015aea80092
:103a800014eea800158ea80015cea8000006eb00c5
:103a9000dca79f002500200095ff370000000000f4
:103aa0000000000000000000000000000000000016
:103ab0000000000000000000000000000000000006
:103ac00000000000000000000000000000000000f6
:103ad00000000000000000000000000000000000e6
:103ae00000000000000000000000000000000000d6
:103af00000000000000000000000000000000000c6
:103b000000000000000000000000000000000000b5
:103b100000000000000000000000000000000000a5
:103b20000000000000000000000000000000000095
:103b30000000000000000000000000000000000085
:103b40000000000000000000000000000000000075
:103b50000000000000000000000000000000000065
:103b60000000000000000000000000000000000055
:103b70000000000000000000000000000000000045
:103b80000000000000000000000000000000000035
:103b90000000000000000000000000000000000025
:103ba0000000000000000000000000000000000015
:103bb0000000000000000000000000000000000005
:103bc00000000000000000000000000000000000f5
:103bd00000000000000000000000000000000000e5
:103be00000000000000000000000000000000000d5
:103bf00000000000000000000000000000000000c5
:103c000000000000000000000000000000000000b4
:103c100000000000000000000000000000000000a4
:103c20000000000000000000000000000000000094
:103c30000000000000000000000000000000000084
:103c40000000000000000000000000000000000074
:103c50000000000000000000000000000000000064
:103c60000000000000000000000000000000000054
:103c70000000000000000000000000000000000044
:103c80000000000000000000000000000000000034
:103c90000000000000000000000000000000000024
:103ca0000000000000000000000000000000000014
:103cb0000000000000000000000000000000000004
:103cc00000000000000000000000000000000000f4
:103cd00000000000000000000000000000000000e4
:103ce00000000000000000000000000000000000d4
:103cf00000000000000000000000000000000000c4
:103d000000000000000000000000000000000000b3
:103d100000000000000000000000000000000000a3
:103d20000000000000000000000000000000000093
:103d30000000000000000000000000000000000083
:103d40000000000000000000000000000000000073
:103d50000000000000000000000000000000000063
:103d60000000000000000000000000000000000053
:103d70000000000000000000000000000000000043
:103d80000000000000000000000000000000000033
:103d90000000000000000000000000000000000023
:103da0000000000000000000000000000000000013
:103db0000000000000000000000000000000000003
:103dc00000000000000000000000000000000000f3
:103dd00000000000000000000000000000000000e3
:103de00000000000000000000000000000000000d3
:103df00000000000000000000000000000000000c3
:103e000000000000000000000000000000000000b2
:103e100000000000000000000000000000000000a2
:103e20000000000000000000000000000000000092
:103e30000000000000000000000000000000000082
:103e40000000000000000000000000000000000072
:103e50000000000000000000000000000000000062
:103e60000000000000000000000000000000000052
:103e70000000000000000000000000000000000042
:103e80000000000000000000000000000000000032
:103e90000000000000000000000000000000000022
:103ea0000000000000000000000000000000000012
:103eb0000000000000000000000000000000000002
:103ec00000000000000000000000000000000000f2
:103ed00000000000000000000000000000000000e2
:103ee00000000000000000000000000000000000d2
:103ef00000000000000000000000000000000000c2
:103f000000000000000000000000000000000000b1
:103f100000000000000000000000000000000000a1
:103f20000000000000000000000000000000000091
:103f30000000000000000000000000000000000081
:103f40000000000000000000000000000000000071
:103f50000000000000000000000000000000000061
:103f60000000000000000000000000000000000051
:103f70000000000000000000000000000000000041
:103f80000000000000000000000000000000000031
:103f90000000000000000000000000000000000021
:103fa0000000000000000000000000000000000011
:103fb0000000000000000000000000000000000001
:103fc00000000000000000000000000000000000f1
:103fd00000000000000000000000000000000000e1
:103fe00000000000000000000000000000000000d1
:103ff00000000000000000000000000000000000c1
:1040000000000000000000000000000000000000b0
:1040100000000000000000000000000000000000a0
:104020000000000000000000000000000000000090
:104030000000000000000000000000000000000080
:104040000000000000000000000000000000000070
:104050000000000000000000000000000000000060
:104060000000000000000000000000000000000050
:104070000000000000000000000000000000000040
:104080000000000000000000000000000000000030
:104090000000000000000000000000000000000020
:1040a0000000000000000000000000000000000010
:1040b0000000000000000000000000000000000000
:1040c00000000000000000000000000000000000f0
:1040d00000000000000000000000000000000000e0
:1040e00000000000000000000000000000000000d0
:1040f00000000000000000000000000000000000c0
:1041000000000000000000000000000000000000af
:10411000000000000000000000000000000000009f
:10412000000000000000000000000000000000008f
:10413000000000000000000000000000000000007f
:10414000000000000000000000000000000000006f
:10415000000000000000000000000000000000005f
:10416000000000000000000000000000000000004f
:10417000000000000000000000000000000000003f
:10418000000000000000000000000000000000002f
:10419000000000000000000000000000000000001f
:1041a000000000000000000000000000000000000f
:1041b00000000000000000000000000000000000ff
:1041c00000000000000000000000000000000000ef
:1041d00000000000000000000000000000000000df
:1041e00000000000000000000000000000000000cf
:1041f00000000000000000000000000000000000bf
:1042000000000000000000000000000000000000ae
:10421000000000000000000000000000000000009e
:10422000000000000000000000000000000000008e
:10423000000000000000000000000000000000007e
:10424000000000000000000000000000000000006e
:10425000000000000000000000000000000000005e
:10426000000000000000000000000000000000004e
:10427000000000000000000000000000000000003e
:10428000000000000000000000000000000000002e
:10429000000000000000000000000000000000001e
:1042a000000000000000000000000000000000000e
:1042b00000000000000000000000000000000000fe
:1042c00000000000000000000000000000000000ee
:1042d00000000000000000000000000000000000de
:1042e00000000000000000000000000000000000ce
:1042f00000000000000000000000000000000000be
:1043000000000000000000000000000000000000ad
:10431000000000000000000000000000000000009d
:10432000000000000000000000000000000000008d
:10433000000000000000000000000000000000007d
:10434000000000000000000000000000000000006d
:10435000000000000000000000000000000000005d
:10436000000000000000000000000000000000004d
:10437000000000000000000000000000000000003d
:10438000000000000000000000000000000000002d
:10439000000000000000000000000000000000001d
:1043a000000000000000000000000000000000000d
:1043b00000000000000000000000000000000000fd
:1043c00000000000000000000000000000000000ed
:1043d00000000000000000000000000000000000dd
:1043e00000000000000000000000000000000000cd
:1043f00000000000000000000000000000000000bd
:1044000000000000000000000000000000000000ac
:10441000000000000000000000000000000000009c
:10442000000000000000000000000000000000008c
:10443000000000000000000000000000000000007c
:10444000000000000000000000000000000000006c
:10445000000000000000000000000000000000005c
:10446000000000000000000000000000000000004c
:10447000000000000000000000000000000000003c
:10448000000000000000000000000000000000002c
:10449000000000000000000000000000000000001c
:1044a000000000000000000000000000000000000c
:1044b00000000000000000000000000000000000fc
:1044c00000000000000000000000000000000000ec
:1044d00000000000000000000000000000000000dc
:1044e00000000000000000000000000000000000cc
:1044f00000000000000000000000000000000000bc
:1045000000000000000000000000000000000000ab
:10451000000000000000000000000000000000009b
:10452000000000000000000000000000000000008b
:10453000000000000000000000000000000000007b
:10454000000000000000000000000000000000006b
:10455000000000000000000000000000000000005b
:10456000000000000000000000000000000000004b
:10457000000000000000000000000000000000003b
:10458000000000000000000000000000000000002b
:10459000000000000000000000000000000000001b
:1045a000000000000000000000000000000000000b
:1045b00000000000000000000000000000000000fb
:1045c00000000000000000000000000000000000eb
:1045d00000000000000000000000000000000000db
:1045e00000000000000000000000000000000000cb
:1045f00000000000000000000000000000000000bb
:1046000000000000000000000000000000000000aa
:10461000000000000000000000000000000000009a
:10462000000000000000000000000000000000008a
:10463000000000000000000000000000000000007a
:10464000000000000000000000000000000000006a
:10465000000000000000000000000000000000005a
:10466000000000000000000000000000000000004a
:10467000000000000000000000000000000000003a
:10468000000000000000000000000000000000002a
:10469000000000000000000000000000000000001a
:1046a000000000000000000000000000000000000a
:1046b00000000000000000000000000000000000fa
:1046c00000000000000000000000000000000000ea
:1046d00000000000000000000000000000000000da
:1046e00000000000000000000000000000000000ca
:1046f00000000000000000000000000000000000ba
:1047000000000000000000000000000000000000a9
:104710000000000000000000000000000000000099
:104720000000000000000000000000000000000089
:104730000000000000000000000000000000000079
:104740000000000000000000000000000000000069
:104750000000000000000000000000000000000059
:104760000000000000000000000000000000000049
:104770000000000000000000000000000000000039
:104780000000000000000000000000000000000029
:104790000000000000000000000000000000000019
:1047a0000000000000000000000000000000000009
:1047b00000000000000000000000000000000000f9
:1047c00000000000000000000000000000000000e9
:1047d00000000000000000000000000000000000d9
:1047e00000000000000000000000000000000000c9
:1047f00000000000000000000000000000000000b9
:1048000000000000000000000000000000000000a8
:104810000000000000000000000000000000000098
:104820000000000000000000000000000000000088
:104830000000000000000000000000000000000078
:104840000000000000000000000000000000000068
:104850000000000000000000000000000000000058
:104860000000000000000000000000000000000048
:104870000000000000000000000000000000000038
:104880000000000000000000000000000000000028
:104890000000000000000000000000000000000018
:1048a0000000000000000000000000000000000008
:1048b00000000000000000000000000000000000f8
:1048c00000000000000000000000000000000000e8
:1048d00000000000000000000000000000000000d8
:1048e00000000000000000000000000000000000c8
:1048f00000000000000000000000000000000000b8
:1049000000000000000000000000000000000000a7
:104910000000000000000000000000000000000097
:104920000000000000000000000000000000000087
:104930000000000000000000000000000000000077
:104940000000000000000000000000000000000067
:104950000000000000000000000000000000000057
:104960000000000000000000000000000000000047
:104970000000000000000000000000000000000037
:104980000000000000000000000000000000000027
:104990000000000000000000000000000000000017
:1049a0000000000000000000000000000000000007
:1049b00000000000000000000000000000000000f7
:1049c00000000000000000000000000000000000e7
:1049d00000000000000000000000000000000000d7
:1049e00000000000000000000000000000000000c7
:1049f00000000000000000000000000000000000b7
:104a000000000000000000000000000000000000a6
:104a10000000000000000000000000000000000096
:104a20000000000000000000000000000000000086
:104a30000000000000000000000000000000000076
:104a40000000000000000000000000000000000066
:104a50000000000000000000000000000000000056
:104a60000000000000000000000000000000000046
:104a70000000000000000000000000000000000036
:104a80000000000000000000000000000000000026
:104a90000000000000000000000000000000000016
:104aa0000000000000000000000000000000000006
:104ab00000000000000000000000000000000000f6
:104ac00000000000000000000000000000000000e6
:104ad00000000000000000000000000000000000d6
:104ae00000000000000000000000000000000000c6
:104af00000000000000000000000000000000000b6
:104b000000000000000000000000000000000000a5
:104b10000000000000000000000000000000000095
:104b20000000000000000000000000000000000085
:104b30000000000000000000000000000000000075
:104b40000000000000000000000000000000000065
:104b50000000000000000000000000000000000055
:104b60000000000000000000000000000000000045
:104b70000000000000000000000000000000000035
:104b80000000000000000000000000000000000025
:104b90000000000000000000000000000000000015
:104ba0000000000000000000000000000000000005
:104bb00000000000000000000000000000000000f5
:104bc00000000000000000000000000000000000e5
:104bd00000000000000000000000000000000000d5
:104be00000000000000000000000000000000000c5
:104bf00000000000000000000000000000000000b5
:104c000000000000000000000000000000000000a4
:104c10000000000000000000000000000000000094
:104c20000000000000000000000000000000000084
:104c30000000000000000000000000000000000074
:104c40000000000000000000000000000000000064
:104c50000000000000000000000000000000000054
:104c60000000000000000000000000000000000044
:104c70000000000000000000000000000000000034
:104c80000000000000000000000000000000000024
:104c90000000000000000000000000000000000014
:104ca0000000000000000000000000000000000004
:104cb00000000000000000000000000000000000f4
:104cc00000000000000000000000000000000000e4
:104cd00000000000000000000000000000000000d4
:104ce00000000000000000000000000000000000c4
:104cf00000000000000000000000000000000000b4
:104d000000000000000000000000000000000000a3
:104d10000000000000000000000000000000000093
:104d20000000000000000000000000000000000083
:104d30000000000000000000000000000000000073
:104d40000000000000000000000000000000000063
:104d50000000000000000000000000000000000053
:104d60000000000000000000000000000000000043
:104d70000000000000000000000000000000000033
:104d80000000000000000000000000000000000023
:104d90000000000000000000000000000000000013
:104da0000000000000000000000000000000000003
:104db00000000000000000000000000000000000f3
:104dc00000000000000000000000000000000000e3
:104dd00000000000000000000000000000000000d3
:104de00000000000000000000000000000000000c3
:104df00000000000000000000000000000000000b3
:104e000000000000000000000000000000000000a2
:104e10000000000000000000000000000000000092
:104e20000000000000000000000000000000000082
:104e30000000000000000000000000000000000072
:104e40000000000000000000000000000000000062
:104e50000000000000000000000000000000000052
:104e60000000000000000000000000000000000042
:104e70000000000000000000000000000000000032
:104e80000000000000000000000000000000000022
:104e90000000000000000000000000000000000012
:104ea0000000000000000000000000000000000002
:104eb00000000000000000000000000000000000f2
:104ec00000000000000000000000000000000000e2
:104ed00000000000000000000000000000000000d2
:104ee00000000000000000000000000000000000c2
:104ef00000000000000000000000000000000000b2
:104f000000000000000000000000000000000000a1
:104f10000000000000000000000000000000000091
:104f20000000000000000000000000000000000081
:104f30000000000000000000000000000000000071
:104f40000000000000000000000000000000000061
:104f50000000000000000000000000000000000051
:104f60000000000000000000000000000000000041
:104f70000000000000000000000000000000000031
:104f80000000000000000000000000000000000021
:104f90000000000000000000000000000000000011
:104fa0000000000000000000000000000000000001
:104fb00000000000000000000000000000000000f1
:104fc00000000000000000000000000000000000e1
:104fd00000000000000000000000000000000000d1
:104fe00000000000000000000000000000000000c1
:104ff00000000000000000000000000000000000b1
:1050000000000000000000000000000000000000a0
:105010000000000000000000000000000000000090
:105020000000000000000000000000000000000080
:105030000000000000000000000000000000000070
:105040000000000000000000000000000000000060
:105050000000000000000000000000000000000050
:105060000000000000000000000000000000000040
:105070000000000000000000000000000000000030
:105080000000000000000000000000000000000020
:105090000000000000000000000000000000000010
:1050a0000000000000000000000000000000000000
:1050b00000000000000000000000000000000000f0
:1050c00000000000000000000000000000000000e0
:1050d00000000000000000000000000000000000d0
:1050e00000000000000000000000000000000000c0
:1050f00000000000000000000000000000000000b0
:10510000000000000000000000000000000000009f
:10511000000000000000000000000000000000008f
:10512000000000000000000000000000000000007f
:10513000000000000000000000000000000000006f
:10514000000000000000000000000000000000005f
:10515000000000000000000000000000000000004f
:10516000000000000000000000000000000000003f
:10517000000000000000000000000000000000002f
:10518000000000000000000000000000000000001f
:10519000000000000000000000000000000000000f
:1051a00000000000000000000000000000000000ff
:1051b00000000000000000000000000000000000ef
:1051c00000000000000000000000000000000000df
:1051d00000000000000000000000000000000000cf
:1051e00000000000000000000000000000000000bf
:1051f00000000000000000000000000000000000af
:10520000000000000000000000000000000000009e
:10521000000000000000000000000000000000008e
:10522000000000000000000000000000000000007e
:10523000000000000000000000000000000000006e
:10524000000000000000000000000000000000005e
:10525000000000000000000000000000000000004e
:10526000000000000000000000000000000000003e
:10527000000000000000000000000000000000002e
:10528000000000000000000000000000000000001e
:10529000000000000000000000000000000000000e
:1052a00000000000000000000000000000000000fe
:1052b00000000000000000000000000000000000ee
:1052c00000000000000000000000000000000000de
:1052d00000000000000000000000000000000000ce
:1052e00000000000000000000000000000000000be
:1052f00000000000000000000000000000000000ae
:10530000000000000000000000000000000000009d
:10531000000000000000000000000000000000008d
:10532000000000000000000000000000000000007d
:10533000000000000000000000000000000000006d
:10534000000000000000000000000000000000005d
:10535000000000000000000000000000000000004d
:10536000000000000000000000000000000000003d
:10537000000000000000000000000000000000002d
:10538000000000000000000000000000000000001d
:10539000000000000000000000000000000000000d
:1053a00000000000000000000000000000000000fd
:1053b00000000000000000000000000000000000ed
:1053c00000000000000000000000000000000000dd
:1053d00000000000000000000000000000000000cd
:1053e00000000000000000000000000000000000bd
:1053f00000000000000000000000000000000000ad
:10540000000000000000000000000000000000009c
:10541000000000000000000000000000000000008c
:10542000000000000000000000000000000000007c
:10543000000000000000000000000000000000006c
:10544000000000000000000000000000000000005c
:10545000000000000000000000000000000000004c
:10546000000000000000000000000000000000003c
:10547000000000000000000000000000000000002c
:10548000000000000000000000000000000000001c
:10549000000000000000000000000000000000000c
:1054a00000000000000000000000000000000000fc
:1054b00000000000000000000000000000000000ec
:1054c00000000000000000000000000000000000dc
:1054d00000000000000000000000000000000000cc
:1054e00000000000000000000000000000000000bc
:1054f00000000000000000000000000000000000ac
:10550000000000000000000000000000000000009b
:10551000000000000000000000000000000000008b
:10552000000000000000000000000000000000007b
:10553000000000000000000000000000000000006b
:10554000000000000000000000000000000000005b
:10555000000000000000000000000000000000004b
:10556000000000000000000000000000000000003b
:10557000000000000000000000000000000000002b
:10558000000000000000000000000000000000001b
:10559000000000000000000000000000000000000b
:1055a00000000000000000000000000000000000fb
:1055b00000000000000000000000000000000000eb
:1055c00000000000000000000000000000000000db
:1055d00000000000000000000000000000000000cb
:1055e00000000000000000000000000000000000bb
:1055f00000000000000000000000000000000000ab
:10560000000000000000000000000000000000009a
:10561000000000000000000000000000000000008a
:10562000000000000000000000000000000000007a
:10563000000000000000000000000000000000006a
:10564000000000000000000000000000000000005a
:10565000000000000000000000000000000000004a
:10566000000000000000000000000000000000003a
:10567000000000000000000000000000000000002a
:10568000000000000000000000000000000000001a
:10569000000000000000000000000000000000000a
:1056a00000000000000000000000000000000000fa
:1056b00000000000000000000000000000000000ea
:1056c00000000000000000000000000000000000da
:1056d00000000000000000000000000000000000ca
:1056e00000000000000000000000000000000000ba
:1056f00000000000000000000000000000000000aa
:105700000000000000000000000000000000000099
:105710000000000000000000000000000000000089
:105720000000000000000000000000000000000079
:105730000000000000000000000000000000000069
:105740000000000000000000000000000000000059
:105750000000000000000000000000000000000049
:105760000000000000000000000000000000000039
:105770000000000000000000000000000000000029
:105780000000000000000000000000000000000019
:105790000000000000000000000000000000000009
:1057a00000000000000000000000000000000000f9
:1057b00000000000000000000000000000000000e9
:1057c00000000000000000000000000000000000d9
:1057d00000000000000000000000000000000000c9
:1057e00000000000000000000000000000000000b9
:1057f00000000000000000000000000000000000a9
:105800000000000000000000000000000000000098
:105810000000000000000000000000000000000088
:105820000000000000000000000000000000000078
:105830000000000000000000000000000000000068
:105840000000000000000000000000000000000058
:105850000000000000000000000000000000000048
:105860000000000000000000000000000000000038
:105870000000000000000000000000000000000028
:105880000000000000000000000000000000000018
:105890000000000000000000000000000000000008
:1058a00000000000000000000000000000000000f8
:1058b00000000000000000000000000000000000e8
:1058c00000000000000000000000000000000000d8
:1058d00000000000000000000000000000000000c8
:1058e00000000000000000000000000000000000b8
:1058f00000000000000000000000000000000000a8
:105900000000000000000000000000000000000097
:105910000000000000000000000000000000000087
:105920000000000000000000000000000000000077
:105930000000000000000000000000000000000067
:105940000000000000000000000000000000000057
:105950000000000000000000000000000000000047
:105960000000000000000000000000000000000037
:105970000000000000000000000000000000000027
:105980000000000000000000000000000000000017
:105990000000000000000000000000000000000007
:1059a00000000000000000000000000000000000f7
:1059b00000000000000000000000000000000000e7
:1059c00000000000000000000000000000000000d7
:1059d00000000000000000000000000000000000c7
:1059e00000000000000000000000000000000000b7
:1059f00000000000000000000000000000000000a7
:105a00000000000000000000000000000000000096
:105a10000000000000000000000000000000000086
:105a20000000000000000000000000000000000076
:105a30000000000000000000000000000000000066
:105a40000000000000000000000000000000000056
:105a50000000000000000000000000000000000046
:105a60000000000000000000000000000000000036
:105a70000000000000000000000000000000000026
:105a80000000000000000000000000000000000016
:105a90000000000000000000000000000000000006
:105aa00000000000000000000000000000000000f6
:105ab00000000000000000000000000000000000e6
:105ac00000000000000000000000000000000000d6
:105ad00000000000000000000000000000000000c6
:105ae00000000000000000000000000000000000b6
:105af00000000000000000000000000000000000a6
:105b00000000000000000000000000000000000095
:105b10000000000000000000000000000000000085
:105b20000000000000000000000000000000000075
:105b30000000000000000000000000000000000065
:105b40000000000000000000000000000000000055
:105b50000000000000000000000000000000000045
:105b60000000000000000000000000000000000035
:105b70000000000000000000000000000000000025
:105b80000000000000000000000000000000000015
:105b90000000000000000000000000000000000005
:105ba00000000000000000000000000000000000f5
:105bb00000000000000000000000000000000000e5
:105bc00000000000000000000000000000000000d5
:105bd00000000000000000000000000000000000c5
:105be00000000000000000000000000000000000b5
:105bf00000000000000000000000000000000000a5
:105c00000000000000000000000000000000000094
:105c10000000000000000000000000000000000084
:105c20000000000000000000000000000000000074
:105c30000000000000000000000000000000000064
:105c40000000000000000000000000000000000054
:105c50000000000000000000000000000000000044
:105c60000000000000000000000000000000000034
:105c70000000000000000000000000000000000024
:105c80000000000000000000000000000000000014
:105c90000000000000000000000000000000000004
:105ca00000000000000000000000000000000000f4
:105cb00000000000000000000000000000000000e4
:105cc00000000000000000000000000000000000d4
:105cd00000000000000000000000000000000000c4
:105ce00000000000000000000000000000000000b4
:105cf00000000000000000000000000000000000a4
:105d00000000000000000000000000000000000093
:105d10000000000000000000000000000000000083
:105d20000000000000000000000000000000000073
:105d30000000000000000000000000000000000063
:105d40000000000000000000000000000000000053
:105d50000000000000000000000000000000000043
:105d60000000000000000000000000000000000033
:105d70000000000000000000000000000000000023
:105d80000000000000000000000000000000000013
:105d90000000000000000000000000000000000003
:105da00000000000000000000000000000000000f3
:105db00000000000000000000000000000000000e3
:105dc00000000000000000000000000000000000d3
:105dd00000000000000000000000000000000000c3
:105de00000000000000000000000000000000000b3
:105df00000000000000000000000000000000000a3
:105e00000000000000000000000000000000000092
:105e10000000000000000000000000000000000082
:105e20000000000000000000000000000000000072
:105e30000000000000000000000000000000000062
:105e40000000000000000000000000000000000052
:105e50000000000000000000000000000000000042
:105e60000000000000000000000000000000000032
:105e70000000000000000000000000000000000022
:105e80000000000000000000000000000000000012
:105e90000000000000000000000000000000000002
:105ea00000000000000000000000000000000000f2
:105eb00000000000000000000000000000000000e2
:105ec00000000000000000000000000000000000d2
:105ed00000000000000000000000000000000000c2
:105ee00000000000000000000000000000000000b2
:105ef00000000000000000000000000000000000a2
:105f00000000000000000000000000000000000091
:105f10000000000000000000000000000000000081
:105f20000000000000000000000000000000000071
:105f30000000000000000000000000000000000061
:105f40000000000000000000000000000000000051
:105f50000000000000000000000000000000000041
:105f60000000000000000000000000000000000031
:105f70000000000000000000000000000000000021
:105f80000000000000000000000000000000000011
:105f90000000000000000000000000000000000001
:105fa00000000000000000000000000000000000f1
:105fb00000000000000000000000000000000000e1
:105fc00000000000000000000000000000000000d1
:085fd0000000000000000000c9
:020000040000fa
:020000040005f5
:045fe000cfff0000ef
:020000040000fa
:020000040005f5
:045fe400efff0000cb
:020000040000fa
:020000040005f5
:045fe800f9ff0000bd
:020000040000fa
:020000040005f5
:045fec0039ff000079
:020000040000fa
:020000040005f5
:045ff0007bff000033
:020000040000fa
:020000040005f5
:045ff400ffffff00ac
:00000001FF
